max-num-batched-tokens,max-num-seqs,swap-space,block-size,scheduler-delay-factor,gpu-memory-utilization,enable-chunked-prefill,enable-prefix-caching,disable-custom-all-reduce,use-v2-block-manager,latency_average,latency_p50,latency_p95,latency_p99,tokens_per_second_average,tokens_per_second_p50,tokens_per_second_p95,tokens_per_second_p99,time_to_first_token_average,time_to_first_token_p50,time_to_first_token_p95,time_to_first_token_p99,time_per_output_token_average,time_per_output_token_p50,time_per_output_token_p95,time_per_output_token_p99
5362,319,3,8,1.63,0.82,False,False,True,True,4.780091823339462,4.725412130355835,5.904793238639831,5.917714083194733,10.716608792952613,10.573421274225115,8.467697013165534,8.449208478550819,1.3026306927204132,1.057630181312561,2.015207958221436,2.0182355141639707,0.0959172785648061,0.094576768875122,0.1180958647727966,0.1183542816638946
5380,1484,8,8,1.09,0.76,False,True,False,True,4.449790633916855,4.61246657371521,5.01968504190445,5.023407657146453,11.505743475643712,10.835487177376663,9.960029223834685,9.952487928956836,0.9973529696464538,1.0856925249099731,1.592402493953705,1.5994760823249816,0.0893820481322473,0.0922893476486206,0.1004013118743896,0.1004773905277252
7870,1874,3,16,0.67,0.89,False,True,True,False,3.846215858459473,4.05274224281311,4.32445102930069,4.3509771299362185,13.359985912677962,12.3344708432746,11.560752527896938,11.49004794122908,0.6461222803592682,0.5719448328018188,1.0082759737968443,1.057784287929535,0.0773116034848349,0.0810736036300659,0.0864995594024658,0.0870318387985229
7706,64,2,16,1.77,0.76,True,False,True,False,4.832781193256378,4.371019124984741,8.126888978481293,8.143737244606019,10.917939705032929,11.438982123096466,6.152415781135648,6.1396873037436,1.679726275205612,1.386020541191101,4.61387004852295,4.625253934860229,0.0968587181670325,0.0874203824996948,0.1625377795696258,0.1628747448921203
7778,553,2,16,0.86,0.72,False,False,True,True,4.525877288579941,4.86003041267395,4.943855488300324,4.9883216547966,11.407919800885558,10.287107275477435,10.11336728418,10.020948552927328,1.2223439383506776,1.429733395576477,1.5548670291900637,1.5668882179260253,0.0905581692146218,0.0972090578079223,0.0988790352344513,0.0997909524440765
4140,1826,7,16,0.92,0.94,False,True,True,True,3.786885297298432,3.78620707988739,4.407851445674896,4.420433332920075,13.601867478652194,13.205828195108626,11.343395010077415,11.311108264102732,0.7883475065231323,0.6621320247650146,1.606982707977295,1.6098998951911927,0.075843350353837,0.0757241415977478,0.0881570289134979,0.0884086666584014
6563,997,6,16,1.56,0.75,False,True,False,False,3.87155524611473,3.864748954772949,4.775490021705627,4.792767291069031,13.4517250741652,12.93745129157291,10.47012977347616,10.432386376777387,0.7614404726028442,0.4318166971206665,1.734066092967987,1.740860242843628,0.0774734282233497,0.0772949790954589,0.0955098004341125,0.0958553458213806
5456,1439,8,8,1.56,0.78,False,False,True,False,4.550342689752579,4.809758186340332,5.153121757507324,5.160607018470764,11.319092302505078,10.395276911979789,9.698615341570871,9.688376547930204,1.188914439678192,1.193354606628418,1.8766785979270928,1.879847786426544,0.091539905815966,0.0961975336074829,0.1031075019836425,0.1032164698123931
4941,903,1,32,0.01,0.78,False,False,False,True,4.536948523521423,4.874926567077637,5.05348516702652,5.065131497383118,11.364868248329437,10.25606340938412,9.88062544588322,9.570164362100607,1.160154265165329,1.0625416040420532,1.548704838752747,1.556404972076416,0.0915200299603158,0.0975032973289489,0.1012081680297851,0.1044993751306566
4511,1878,7,32,0.58,0.98,True,False,True,True,4.449486569166184,4.787575125694275,4.868100774288178,4.888413057327271,11.57885569657237,10.442794953531422,10.261534059467037,10.1162970278142,1.0963282942771913,0.9943702220916748,1.5633974432945252,1.5657304525375366,0.089205709243432,0.0957598042488098,0.0974513165950775,0.0988515494358844
6942,1902,3,16,0.97,0.92,True,False,True,True,4.492007937431335,4.847373008728027,4.912642538547516,4.920027508735656,11.489717785899575,10.314462311589182,10.17588845188098,10.156760659642352,1.1889826595783233,1.2837263345718384,1.5870423913002014,1.59055184841156,0.0900452301502228,0.0969512486457824,0.0982715175151825,0.0984565881252288
5007,230,7,8,0.8,0.77,True,False,True,True,4.664754025936126,4.911458134651184,5.342006146907806,5.346205315589905,11.088187358047607,10.178855346896263,9.358461717698017,9.238494148388591,1.468499926328659,1.520674705505371,2.4049679040908813,2.4090250277519227,0.0945069308016035,0.0982428741455078,0.1068551681041717,0.1083956175804133
5373,1806,8,8,0.3,0.87,True,False,False,True,4.8311623358726505,4.92558228969574,5.7316186904907225,5.748787024021149,10.87107018703606,10.150219906907374,8.722549920269174,8.69427468333152,1.384209144115448,1.2982816696166992,2.07757904529571,2.383337450027466,0.0974009198904037,0.0985200333595275,0.1146453766822814,0.1150182214736938
5187,95,6,16,1.05,0.83,False,True,False,False,3.861101931333542,3.916717767715454,4.560869896411896,4.5646357822418215,13.391643646359851,12.76265850082426,10.961702665230224,10.942028682282135,0.70098091006279,0.5153645277023315,1.1813202500343325,1.1837670302391052,0.0777155370487886,0.0783535814285278,0.0912267036437988,0.0913964445562923
8173,858,7,8,0.95,0.98,False,False,False,True,4.560470312833786,4.896207094192505,5.050118637084961,5.059499707221985,11.23285688226042,10.206434681189656,9.894958377304222,9.374142584343918,1.2685681307315826,1.5256279706954956,1.5924218535423278,1.6114949679374695,0.0921613433181323,0.0979774117469787,0.1010615673065185,0.106687495032763
6379,712,6,16,1.8,0.79,False,True,False,True,4.107928607463837,4.143934845924377,5.194427359104156,5.212903869152069,12.666938822433645,12.065092730164457,9.620147598185946,9.590447277715484,0.8839452302455902,0.5697531700134277,2.1824246764183046,2.185173301696777,0.0825951486477484,0.0828837394714355,0.1039485092163085,0.1042704241275787
4773,187,4,16,0.29,0.73,True,False,False,True,4.459558298587799,4.784086465835571,4.828236746788025,4.836663298606872,11.521981147261602,10.451316127156172,10.3557473762708,10.337705338478646,1.1335441637039183,1.2350362539291382,1.5383108019828795,1.5463742446899411,0.0891911659717559,0.0956817293167114,0.0965647349357605,0.0967332659721374
5353,1740,1,16,1.47,0.74,False,True,True,True,4.060172290802002,3.771543145179749,5.218725764751435,5.224283921718597,13.04082907995803,13.25717537407977,9.580882821603268,9.570689691853577,0.8251741600036621,0.4558640718460083,1.8272667050361635,1.911908893585205,0.0812109796708944,0.0754308629035949,0.1043745152950286,0.1044856784343719
4131,1214,5,16,0.44,0.71,True,True,True,True,4.828497490286827,4.838883996009827,4.87353413105011,4.8879051637649535,10.35584289722484,10.332961081974949,10.259495200994104,10.229463453242769,1.1887464225292206,1.4155597686767578,1.5094496369361878,1.5142805337905882,0.0965699498057365,0.0967776799201965,0.0974706826210022,0.097758103275299
7780,905,5,32,0.58,0.84,True,True,False,True,4.857736757397651,4.885533809661865,4.914130127429962,4.921071763038635,10.245646863405913,10.23229835242802,10.173199094397468,9.900250458210772,1.295637345314026,1.5755479335784912,1.5956323146820068,1.597186381816864,0.0976309850414594,0.097729754447937,0.0982974963188171,0.1012898585319518
6333,2023,2,8,1.49,0.84,False,True,False,False,3.5173197412490844,2.7316778898239136,5.199990892410279,5.205033044815064,16.093462777819536,18.30155402874572,9.615401475398274,9.60608696002088,0.7814730501174927,0.2986923456192016,2.195174789428711,2.200966489315033,0.0706480766160815,0.0546401691436767,0.1039998178482055,0.1041006608963012
4888,1338,8,16,0.26,0.81,True,True,True,True,5.057206603884697,5.069334387779236,5.09873880147934,5.115276854038238,9.887440725275365,9.86322998020382,9.80634663815517,9.77468130777092,1.2402378112077712,1.2674733400344849,1.5850435256958009,1.5881908226013184,0.1011441320776939,0.1013866877555847,0.1019747760295867,0.1023055370807647
5433,568,7,8,0.77,0.75,False,False,False,False,4.505948438644409,4.755985736846924,4.978212523460388,4.98643741607666,11.370167990594666,10.512169515035474,10.041969493279572,10.022089048531678,1.1606006813049317,1.121720790863037,1.5290554761886597,1.5341482234001158,0.0906514462120392,0.0951278424263,0.0995820591449737,0.0997796026229858
5739,1573,2,16,1.22,0.94,False,False,False,True,4.428855465650559,4.707239508628845,4.844498205184936,4.8517288088798525,11.494486467101058,10.578731053921608,10.314529400683016,9.974599236370404,1.09194664478302,0.8674514293670654,1.6464702129364013,1.7047310924530028,0.0893832675402243,0.0945292997360229,0.0969506180286407,0.1003040938377378
5748,721,2,16,0.62,0.78,False,True,False,False,3.8346768450737,3.863049745559693,4.448509550094604,4.457484922409058,13.49868700547021,12.943141642736308,11.239719609511145,11.217088593659089,0.6941805624961853,0.511670708656311,1.181346094608307,1.1849035573005675,0.076693536901474,0.0772609949111938,0.088970191001892,0.0891496984481811
8074,949,8,32,1.81,0.97,False,True,False,True,4.66500815153122,4.979889631271362,5.475832664966584,5.4928218126297,11.071107037360258,10.038569031911903,9.125947281710232,9.102424978095156,1.308608899116516,1.503048539161682,1.871836483478546,1.9215176725387573,0.0938633728504181,0.0996157932281494,0.1095776660442352,0.109860835647583
4286,1088,8,32,0.17,0.92,False,True,True,False,3.925941964387894,3.911114692687988,4.678259456157685,4.686001238822937,13.305423800344672,12.784028547508168,10.687735603272934,10.670078272977715,0.6845215225219726,0.5254493951797485,1.2149008870124811,1.242128918170929,0.0786786542469455,0.0782226037979126,0.0935651891231536,0.0937200247764587
7557,776,5,32,1.26,0.81,False,False,False,False,4.44706854224205,4.604990005493164,5.046857273578643,5.053909604549408,11.554636366790303,10.85586802322717,9.90604923903995,9.87853264172132,1.2173534214496613,1.0569260120391846,1.8520779609680176,1.8562894582748413,0.0891200343117995,0.0921160793304443,0.1009484181404113,0.1012297640800476
6502,376,6,32,1.4,0.92,False,False,True,False,4.41661386847496,4.649753451347351,4.8492263674736025,4.856935188770295,11.53775904191978,10.753258348038942,10.31092306507798,10.294557793593516,1.264355273246765,1.1895262002944946,1.8337557196617127,1.8410505628585816,0.0883322773694991,0.092995069026947,0.096984527349472,0.0971387037754058
5912,1197,6,16,0.18,0.95,False,True,False,True,4.314089595079422,4.106697916984558,5.423781025409698,5.435396673679352,12.35677025288267,12.170929299725582,9.218661256383784,9.19896062862684,0.7843569564819336,0.5054301023483276,1.6301042318344114,1.6400761556625367,0.0864788469008037,0.0821629953384399,0.1084756205081939,0.108707933473587
6797,539,7,8,0.06,0.74,False,True,False,False,3.9223449456691744,3.910305976867676,4.551248550415039,4.561080021858215,12.981642806463212,12.781453640732646,10.981976761622654,10.95592072681239,0.7014966547489166,0.4668612480163574,1.358718109130859,1.4018490982055665,0.0790669316988724,0.078238365650177,0.091058287858963,0.0912749388694763
6531,1978,4,32,0.2,0.89,True,False,False,True,4.532869180440903,4.858986139297485,4.95021665096283,4.957839529514312,11.372024030464594,10.290212542164022,10.100568021696253,10.085038028397776,1.228969316482544,1.283331274986267,1.5825165033340454,1.6032533383369445,0.0906573836088179,0.0971797227859497,0.0990043330192565,0.0991567905902862
8151,897,3,8,0.5,0.9,True,False,True,True,4.759745000600815,4.907808423042297,5.606528961658478,5.617108929157257,10.971473943243105,10.183603588226712,8.915880950543498,8.88393363167773,1.4544937801361084,1.4629192352294922,2.199874830245972,2.24397097826004,0.0962778056966507,0.098197066783905,0.1121594161987304,0.1125937930780296
7615,966,2,8,0.6,0.87,False,False,True,True,4.678078883886338,4.95193076133728,5.251812136173248,5.272620310783386,11.058268563325848,10.097071717018752,9.520523336358828,9.482950994211604,1.2449693417549133,1.403549313545227,1.5869138360023498,1.5932195806503295,0.0938888173341751,0.0990386152267456,0.1050362427234649,0.1054524062156677
8004,1168,5,32,0.57,0.73,True,False,False,False,4.47565163731575,4.785444736480713,5.054315841197967,5.066203029155731,11.637455331945674,10.447186115891032,9.890179667740211,9.851029215896736,1.399859888553619,1.5272002220153809,1.6752212047576904,1.7326869511604308,0.0901020131410587,0.0957195544242859,0.1011103978157043,0.1015122365951538
4325,2001,5,8,1.92,0.94,True,False,False,False,4.641202639341355,4.767574071884155,5.4160833835601805,5.423495593070984,11.240623731793532,10.486842543699805,9.23021008304006,9.217680261931664,1.3523580503463746,1.4507960081100464,2.151361155509949,2.154238214492798,0.0933936547199884,0.0953575873374938,0.1083398959636688,0.1084872262954711
6095,199,2,32,0.58,0.78,False,True,False,False,3.91693587064743,3.9761710166931152,4.571854722499848,4.586899478435516,13.23194117345347,12.57316428129373,10.93648074999634,10.900609597281482,0.7159588980674744,0.5892149209976196,1.1683938384056092,1.2024078226089476,0.0786037638298102,0.0795344734191894,0.0914370944499969,0.0917379895687103
7205,1580,2,8,1.27,0.73,False,False,False,True,4.394828060865402,4.539578914642334,4.958692872524262,4.967957136631012,11.663932099329768,11.014237430422169,10.083302470262923,10.064499081858724,1.234218887090683,1.4489604234695437,1.6062866568565368,1.6285095024108889,0.087896561217308,0.0907915782928466,0.0991738574504852,0.0993591427326202
4709,2009,2,32,0.79,0.82,True,True,False,True,5.030626484751702,5.045963525772095,5.068366229534149,5.071342194080353,9.939619392914498,9.90891063379664,9.865111931325258,9.859323307208722,1.276659458875656,1.2102415561676023,1.628367292881012,1.6307055830955506,0.100612529695034,0.1009192705154418,0.1013673245906829,0.101426843881607
7582,1903,7,16,1.41,0.86,True,False,False,False,4.480593252182007,4.794297337532044,4.894536328315735,4.902570252418518,11.45918416837582,10.429056958193218,10.215472247138258,10.19873199533775,1.2770287525653838,1.3790568113327026,1.6455431580543518,1.6486006689071655,0.0897688413644658,0.0958859467506408,0.0978907265663147,0.0980514050483703
6101,1982,7,32,1.95,0.95,False,True,False,True,4.087097935676574,4.178041815757752,5.2123272061347965,5.2314521288871765,12.62548842898958,11.96427900164684,9.590332775271206,9.553460740495206,0.941248869895935,0.8176784515380859,2.265617537498474,2.270715370178223,0.0821729520003001,0.0835821366310119,0.1042716689109802,0.1046741106986999
4105,405,6,8,1.08,0.83,False,False,True,True,4.523483046293259,4.7620344161987305,5.043334126472473,5.04923513174057,11.3673627917873,10.495555977434371,9.913440558652717,9.89516098801941,1.1156996822357177,1.1974481344223022,1.5435646772384644,1.5506890273094178,0.0907693123872462,0.0952784323692321,0.1008731524944305,0.1010594989776611
5400,810,6,32,1.09,0.73,True,True,False,True,4.558164250850678,4.580222725868225,4.617313265800476,4.62413001537323,10.855593105314846,10.915943425455936,10.826216443148107,9.878603708876993,1.2345526814460754,1.3427189588546753,1.5493634223937989,1.5546892976760864,0.0924589955876855,0.0916091227531433,0.0923683733940124,0.106048519061593
4023,1552,3,32,0.44,0.91,True,False,True,True,4.487906820774079,4.821914315223694,4.905860936641693,4.95511789560318,11.45083727003399,10.367624034716094,10.191305316915775,10.089867051522717,1.0900318026542664,0.9747530221939088,1.5553904533386231,1.5659561419487,0.0902725453755435,0.0964541149139404,0.0981228575706481,0.0991093338489532
4564,1929,3,16,0.99,0.92,False,True,True,True,4.015473297834396,3.841938972473145,4.958856439590454,4.96543796300888,13.07246999182285,13.013032017205743,10.08296985949334,10.069605240523638,0.7505762636661529,0.5319101810455322,1.5904657959938049,1.5941376662254334,0.0806168826117234,0.0768460416793823,0.099177128791809,0.0993087592601776
6028,700,6,8,0.46,0.77,True,False,True,True,4.830469045639038,4.942339181900024,5.610689687728882,5.62380234003067,10.828720440317294,10.116667760377664,8.911560441718077,8.890781933790747,1.5379797112941742,1.5444388389587402,2.354541301727295,2.359349961280823,0.0966093809127808,0.0988467836380004,0.1122137937545776,0.1124760468006134
5683,1842,3,32,0.29,0.83,True,True,True,True,4.906992283463478,4.930933356285095,4.966158294677735,4.973177421092987,10.136402585440432,10.134268273946615,10.067552512024632,9.689681680059902,1.2976327121257782,1.3272942304611206,1.5945178747177124,1.5986923599243164,0.0986992379849956,0.0986751174926757,0.0993290076255798,0.1036661155177699
5363,1141,1,32,0.44,0.8,True,False,True,True,4.223835929632187,4.449093341827393,4.695691430568695,4.708906199932098,12.176452270077764,11.238244774506354,10.64805913881458,10.618177105099656,1.093509432077408,1.1809163093566897,1.6872634172439576,1.6939797234535217,0.0844767185926437,0.0889818668365478,0.0939138286113739,0.0941781239986419
6940,195,7,16,1.27,0.84,False,True,False,True,4.048076856136322,3.968224287033081,4.98602294921875,4.994692742824554,13.044178195408216,12.596839073098028,10.02796087653528,10.002181027546277,0.8114429187774658,0.5460104942321777,1.632466185092926,1.661888508796692,0.0811608120954953,0.0793849945068359,0.0997211709022522,0.0999781952857971
6562,1066,4,16,0.53,0.89,False,True,False,False,3.771155942678452,3.730468273162842,4.491378951072693,4.501535403728485,13.728584232533269,13.40128945245446,11.128437302958146,11.106246978552615,0.6235170030593872,0.453639268875122,1.0853278517723084,1.130244460105896,0.0758484328830943,0.0746196866035461,0.0898598766326904,0.0900394167900085
8012,1753,4,8,1.37,0.87,False,True,True,True,4.375971729755402,4.766340255737305,4.895942902565002,4.936712272167206,12.03866451387626,10.490228837721656,10.21255542442844,10.128198149997743,1.179430304765701,1.3741830587387085,1.4981075167655875,1.8892193555831909,0.0875194345951079,0.095326805114746,0.0979188580513,0.0987342454433441
5028,1700,5,16,1.26,0.83,False,False,False,False,4.471372981071472,4.801968812942505,5.04606271982193,5.063228642940521,11.51246361490687,10.41197838920852,9.907844703153197,9.867184570112087,1.058313901424408,1.2994439601898191,1.6016210913658142,1.605143721103668,0.089860540819168,0.0960432267189025,0.1009301249980926,0.1013460510253906
7833,1543,8,16,0.02,0.92,True,True,False,True,5.200145661830902,5.215170860290527,5.23415367603302,5.245193815231323,9.61547995879774,9.587413777774415,9.552642734891576,9.532536372652054,1.5149170607328415,1.5110740661621094,1.5752146244049072,1.5857727003097537,0.104002913236618,0.1043034172058105,0.1046830735206604,0.1049038763046264
6516,1424,7,32,1.11,0.75,False,False,False,False,4.4991788947582245,4.861619710922241,4.924277150630951,4.932526106834412,11.418128851054805,10.281616508836724,10.152008188930054,10.081100507020722,1.19366198182106,1.167287826538086,1.5869366765022277,1.591605110168457,0.0904958726659654,0.0972609710693359,0.0985026786327362,0.0991955718570285
4013,1701,4,32,1.11,0.89,False,True,True,False,3.842142288684845,3.919908046722412,4.468332707881928,4.480002460479736,13.471120100692422,12.752313884007636,11.189506249120342,11.15757711105846,0.6639955496788025,0.5215897560119629,1.1749993562698364,1.180323612689972,0.0770646390493099,0.0784171414375305,0.0893694484233856,0.0896251950740814
7875,1106,4,32,1.26,0.81,False,True,False,False,3.800638107061386,3.892118453979492,4.402902269363404,4.413597028255462,13.588047278554624,12.846474752051778,11.356145774652838,11.328628282982857,0.6442228746414185,0.4938172101974487,1.1584656476974486,1.1637630891799926,0.0760900687098503,0.0778423690795898,0.088058045387268,0.0882719405651092
7464,465,4,8,0.24,0.72,True,False,False,True,4.84715090751648,5.133140802383423,5.462141621112823,5.472091624736786,10.74958105829684,9.7406250725371,9.153918668366815,9.137273904874126,1.6071444880962371,1.7154209613800049,2.0919865727424622,2.1034325432777403,0.0969970722788856,0.1026628160476684,0.1092428324222564,0.1094418324947357
8020,1839,3,8,1.44,0.99,True,True,False,True,4.588660925626755,4.595323801040649,4.630637729167939,4.641137228012085,10.896881895339712,10.8806263361788,10.797649054374448,10.773225164713429,2.034286627173424,2.1885906457901,2.2072304844856263,2.250386817455292,0.091773218512535,0.0919064760208129,0.0926127545833587,0.0928227445602417
7563,1619,7,8,0.98,0.9,False,True,True,True,4.93977223277092,4.896318793296814,6.105027997493744,6.11459035396576,10.830139734384426,10.211163203683592,8.187689309513322,8.127957634836992,1.5848765659332276,1.4553191661834717,2.63990261554718,2.669276990890503,0.0993430647114979,0.0979320359230041,0.1221345806121826,0.1230343111271081
7421,703,3,8,0.07,0.96,False,False,False,True,4.57772837638855,4.911094427108765,5.000695157051086,5.01758421421051,11.277849121895096,10.18103006272722,9.998609879410836,9.96495482057883,1.2571523225307464,1.3948129415512085,1.604820144176483,1.6411528038978576,0.0915545675277709,0.0982218885421752,0.1000139031410217,0.1003516842842102
6625,107,6,16,1.84,0.81,True,True,False,True,4.802667552232743,4.846138000488281,4.87251068353653,4.887694118022918,10.299713434070837,10.316664205024823,10.251657871653496,9.434125611176208,1.260311061143875,1.212233304977417,1.428748905658722,1.4336201238632202,0.0973505662232637,0.0969305562973022,0.0975451984405517,0.1094988551259037
5194,1570,7,32,0.56,0.9,True,False,False,True,4.3625184452533725,4.696937918663025,4.823125600814819,4.835463581085205,11.812275860590866,10.640218503323132,10.364503352333536,10.326020101179097,1.0200939404964446,1.015469670295715,1.5006603479385376,1.5047180891036986,0.0879418188692448,0.0939830327033996,0.0964831566810607,0.0968457331217251
7501,1578,7,32,1.14,0.8,False,True,False,False,3.884357019662857,3.850698232650757,4.569895112514496,4.6034721398353575,13.373195363933894,12.98465977407113,10.941170486926424,10.86136694271426,0.8297023916244507,0.6009985208511353,1.341409420967102,1.4454607677459717,0.0776871403932571,0.0770139646530151,0.0913979022502899,0.0920694427967071
4651,1555,1,32,0.77,0.72,False,True,False,False,2.945054250955581,2.8364094495773315,3.5171995401382445,3.52673853635788,17.529969438887214,17.627920548481256,14.215855575120566,14.177404930048793,0.6692426407337189,0.5149306058883667,1.149552083015442,1.1579581785202029,0.0589786307912884,0.0567281889915466,0.0703439908027648,0.0705347707271576
6719,1803,1,32,0.67,0.8,False,True,False,True,4.031252954006195,3.970116138458252,4.84069961309433,4.846052086353302,12.938373330542952,12.594090013391208,10.329085466372488,10.317676972291949,0.8101207685470581,0.604451060295105,1.4488497614860534,1.4570451259613038,0.0808597409037982,0.079402322769165,0.0968139922618866,0.096921041727066
4423,338,2,32,1.95,0.76,False,True,False,True,4.583663437366486,4.629204154014587,5.61190676689148,5.620497839450836,11.284684431774048,10.783666270837069,8.90962775614904,8.896009114596191,1.1458095264434816,0.9421262741088868,2.0209572196006773,2.024175269603729,0.0918261486325945,0.0927330350875854,0.1122381353378295,0.1124099567890167
7978,1910,4,32,0.6,0.9,False,False,False,True,4.505555642843246,4.890876293182373,4.929111289978027,4.939783806800842,11.387313109085724,10.219108886139177,10.140172958067332,10.08199924384554,1.1960941934585572,1.3074074983596802,1.4857903838157651,1.492732334136963,0.0910700985436838,0.0978558945655822,0.0986176474094391,0.0993350999982729
7179,259,1,16,0.45,0.92,False,False,True,True,4.446105499267578,4.80806303024292,4.85813821554184,4.869308557510376,11.572162010600447,10.39549972828666,10.290843172835675,10.236554158130271,1.1772080254554749,1.3060578107833862,1.524090576171875,1.5251542115211487,0.0893951740721576,0.0961954736709594,0.0971737673282623,0.0976944911078402
4627,295,5,32,1.39,0.76,False,False,True,False,4.501978975534439,4.705846667289734,5.261082231998444,5.290428287982941,11.40980792805174,10.623407555258108,9.503748329384573,9.451030717580933,1.218314791917801,1.0420730113983154,1.8917267441749568,1.892868804931641,0.0902361327686618,0.0941317558288574,0.1052216446399688,0.1058085657596588
4113,1159,6,16,1.43,0.98,False,False,True,True,4.47513669013977,4.789245843887329,4.919984006881714,4.930069599151612,11.414545319114884,10.439402012075348,10.161443360444208,10.137957591696203,1.1798286306858063,1.0787407159805298,1.6866753458976746,1.7115404200553894,0.0899657013575236,0.0957909274101257,0.0984112162590026,0.0986392511367797
7252,695,5,8,1.14,0.87,False,True,True,False,4.086912853717804,3.866547107696533,5.062442350387573,5.067846205234528,12.877921118490896,12.931434600636068,9.87665568114508,9.866124230475826,0.8290760564804077,0.5817588567733765,1.83045392036438,1.8370848989486688,0.081738257074356,0.0773309421539306,0.1012488470077514,0.1013569241046905
6846,554,5,8,0.57,0.86,False,True,True,True,4.286478033065796,4.586532831192017,4.866867399215698,4.874061632156372,12.239865922944457,10.890652120559814,10.273068847372118,10.258351389525236,0.9802086758613586,1.0358515977859497,1.5150966763496398,1.517881841659546,0.0860035231851703,0.0918218660354614,0.0973418974876403,0.0974815506458282
6336,534,8,32,0.21,0.71,True,True,False,True,4.992911288142205,5.034156203269959,5.056668424606324,5.061626453399658,9.910720890162086,9.93123157186652,9.886436888507752,9.088493484045578,1.3555050373077393,1.5796207189559937,1.5956250071525573,1.6003867673873902,0.1011979051442707,0.100692446231842,0.1011486759185791,0.1141622631746176
7822,1375,1,16,1.56,0.73,False,False,False,False,4.4786596357822415,4.757773518562317,5.050159120559693,5.483768489360809,11.495686054623356,10.509117303865262,9.900678143271724,9.1178175111805,1.3525306153297425,1.4550321102142334,1.8499698519706729,2.087744996547699,0.0895731927156448,0.0951554703712463,0.1010031824111938,0.1096753697872161
5665,305,2,8,1.54,0.92,True,True,True,True,5.410164833068848,5.41134250164032,5.449128723144531,5.452322330474853,9.24209967127126,9.239851294010888,9.175778925803938,9.170404322799389,1.7803459912538528,1.569054365158081,2.0671496748924256,2.078369007110596,0.1082032966613769,0.1082268500328064,0.1089825744628906,0.109046446609497
7061,1447,1,8,1.92,0.89,False,False,False,True,4.567683033943176,4.5868037939071655,6.3327778577804565,6.370464270114899,11.280942858964512,10.893308136956035,7.89349226000396,7.843307252579622,1.3222066402435302,1.2305315732955933,2.3180944442749025,2.3238526034355163,0.0920120270228811,0.0917994785308838,0.1266866390705108,0.127497236585617
6982,1507,5,8,1.12,0.7,True,False,False,True,4.6894519019126895,4.874374151229858,5.447630858421325,5.458243219852448,11.069058709610951,10.256917654233806,9.177708162301077,9.156356258625014,1.373547693490982,1.326588749885559,2.1403783917427064,2.1518348908424376,0.0946939189561749,0.0974951767921447,0.1089596648216247,0.1092137506008148
6197,884,8,32,1.64,0.9,False,True,False,True,4.485246021747589,4.659082889556885,5.709774887561798,5.72225088596344,11.503922584375518,10.726652798622217,8.756912705866283,8.737820337108605,1.0859817802906035,0.934173822402954,2.00019006729126,2.00609043598175,0.0899301435947418,0.0932257294654846,0.1141954977512359,0.1144450177192688
6839,1769,8,16,0.95,0.73,False,False,True,False,4.464662985801697,4.907658100128174,4.995020818710327,5.00238068819046,11.442663391323132,10.183991529748512,9.99687433510264,8.126577249989257,1.170290055274963,1.283413290977478,1.4883783817291258,1.4939227819442749,0.0915616540764431,0.0981933259963989,0.1000312664508819,0.1231100534925271
4903,699,6,8,1.31,0.85,True,False,False,False,4.695645402669907,4.811631560325623,5.440662264823914,5.4444634413719175,11.045186109457312,10.388248664680116,9.18935797716304,9.176786098879926,1.3924118232727052,1.5291963815689087,2.103559505939484,2.104588177204132,0.0942995695637805,0.096262617111206,0.1088215305805206,0.1089708802998065
4821,1658,7,16,1.94,0.85,True,False,False,False,4.727083916664124,4.744983911514282,5.180433988571167,5.204446749687195,10.630010609922447,10.53519274447552,9.649048338347052,9.595963416576115,1.1559784162044524,1.0248864889144895,1.5381069540977477,1.5526722955703736,0.0951056392272313,0.0949199533462524,0.1036371638774871,0.1042104854106903
5052,1881,5,16,1.36,0.89,True,False,False,False,4.090904773473739,4.184218883514404,4.588849365711212,4.592775478363037,12.51487850808336,11.949661670950825,10.89597762914574,10.886663256860682,1.0983004367351532,1.011190414428711,1.5080103874206543,1.511431086063385,0.0818180954694747,0.083684377670288,0.0917769873142242,0.0918555095672607
6727,485,3,32,0.04,0.86,False,True,True,False,3.656287299394608,3.8892608880996704,3.9760215163230894,3.982997734546661,14.004819876838942,12.85591313017814,12.5753846654146,12.553359205141929,0.7438272964954377,0.5839855670928955,1.2817347764968872,1.2854029846191406,0.0731257459878921,0.0777852177619934,0.0795204303264617,0.0796599546909332
7548,115,6,8,1.53,0.98,False,True,False,False,4.154697262048721,3.8564727306365967,5.421364903450012,5.436143290996552,12.789448735196508,12.96299628106995,9.22189229599478,9.194891230999472,0.8535022115707398,0.4989609718322754,2.421414983272552,2.429895577430725,0.0833699925792628,0.0771426606178283,0.108437616109848,0.1087560473442077
7085,1720,3,32,1.45,0.8,True,False,True,False,4.031648471355438,4.265729427337647,4.765862679481506,4.7773861622810365,13.098586213756771,11.717993429618256,10.487484878235602,9.98549228320734,1.070354963541031,1.286917805671692,1.4529371500015258,1.5244707679748537,0.0820703400456243,0.0853388428688049,0.0953517551422119,0.1003146820465719
6551,1805,2,8,1.27,0.82,True,False,False,False,4.697503217458725,4.92246949672699,5.419798970222473,5.437635900974274,11.110901294575749,10.156749913856135,9.220238523465838,9.156499031821133,1.3823455560207367,1.369442582130432,2.03493709564209,2.04125613451004,0.0945977978623274,0.0984566926956176,0.1084570677280425,0.1092127167853442
6905,1010,8,32,0.62,0.95,True,False,False,False,4.372279077768326,4.709807872772217,4.7491175651550295,4.763912971019745,11.743435111315476,10.616144300676703,10.528271687173335,10.495573765596944,1.18270690202713,1.2512729167938232,1.504142904281616,1.520694432258606,0.0877565824031829,0.0941961574554443,0.0949823513031005,0.0952782594203949
4480,300,5,16,0.2,0.92,True,False,False,True,4.46920727610588,4.812175154685974,4.924165117740631,4.933103940486908,11.466394426064111,10.388568467525118,10.150053465861834,10.105392016518731,1.1130058860778809,1.0583933591842651,1.553816604614258,1.6270332670211791,0.0901869306404724,0.0962596535682678,0.0985216491222381,0.0989691144440624
5959,2029,7,16,0.74,0.99,True,True,True,True,4.722433826327324,4.742052793502808,4.7647471070289615,4.772119154930115,10.588740088555422,10.543957212426116,10.493736370898876,10.4775304900502,1.2767258614301682,1.2843132019042969,1.559325349330902,1.5649233531951905,0.0944486765265464,0.0948410558700561,0.0952949421405792,0.0954423830986023
8119,1303,5,16,1.79,0.74,False,True,False,True,4.057753623723984,4.002959609031677,5.194714057445526,5.212580296993256,12.81329706313848,12.47707510404095,9.625168936925144,9.592178375377514,0.8874013566970825,0.5986286401748657,2.138860547542572,2.1410567140579224,0.0818174603029301,0.0801470136642456,0.1038942811489105,0.1042516059398651
5582,1944,6,16,1.69,0.9,False,False,True,False,4.6817616367340085,5.229185104370117,5.437567281723022,5.442748427391052,11.060204746633362,9.561719598466537,9.195288520315112,9.186535200202853,1.2535703909397125,1.57940411567688,1.7948479652404783,1.8114409947395325,0.0937017637929251,0.1045837020874023,0.1087513456344604,0.108854968547821
5247,1939,8,16,0.86,0.99,True,False,False,True,4.393143535852432,4.733500599861145,4.793076658248902,4.799835000038147,11.613761045792405,10.559828275902486,10.42876464334152,10.360159369246247,1.067352366447449,1.075750470161438,1.4960865020751952,1.5057682037353517,0.0888623075849869,0.0946985125541687,0.095888634443283,0.096716136988471
7868,616,6,8,1.42,0.93,True,False,True,False,4.588755066394806,4.709988474845886,5.319714283943176,5.32771858215332,11.301196252026704,10.615737381470344,9.399001024080611,9.384880165842317,1.5048599016666413,1.4206628799438477,2.1713446021080016,2.212332582473755,0.0920896066516638,0.0941997694969177,0.1063942856788635,0.1065543716430664
5688,1514,3,8,1.88,0.79,True,False,True,True,4.605428314208984,4.807777166366577,5.344432008266449,5.3536760306358335,11.260805145086309,10.395876221175302,9.346519229393303,9.309507321712088,1.293670700788498,1.1603609323501587,2.114462912082672,2.12019778251648,0.0932082693169489,0.096191987991333,0.1069917020797729,0.1074870885321965
5001,637,6,32,0.42,0.88,True,False,False,True,4.256442993879318,4.606086730957031,4.844501984119416,4.854180612564087,12.277203361796312,10.85412007433251,10.307115315740411,9.087714204521104,1.080377835035324,1.0092071294784546,1.472205376625061,1.480021550655365,0.08633618366367,0.092130913734436,0.0970203564167022,0.1100974725163169
4095,84,6,32,0.91,0.78,False,True,True,False,3.8198450875282286,3.9092652797698975,4.355350768566131,4.362056984901428,13.39845057025036,12.788368012414765,11.475807374445557,11.461786122923804,0.7138690626621247,0.5852433443069458,1.1648272395133972,1.1931213808059693,0.0768435143195666,0.0781960606575012,0.0871398384571075,0.0872464369297027
5859,180,3,32,0.6,0.97,True,True,False,True,4.71999343931675,4.811993360519409,4.837387359142303,4.845083327293396,10.256477401812862,10.388572068099052,10.321542833660718,6.33336176017076,1.283964455127716,1.5004725456237793,1.5788079261779786,1.581689989566803,0.0984088358949212,0.0962596201896667,0.0968847460746765,0.1580011577045215
7922,1200,6,32,0.15,0.95,False,True,True,False,3.7745820021629335,3.853406667709351,4.415747439861297,4.424509828090668,13.624060213042323,12.96785079291782,11.316135005899168,11.281287827804231,0.6703437662124634,0.551128625869751,1.1568317651748656,1.1789407777786254,0.0763865049084027,0.0771137809753418,0.0883693950176239,0.0886658010005949
4666,1494,4,8,0.92,0.73,False,True,False,False,3.561339474916458,3.506910562515259,4.158509087562561,4.163855891227723,14.419033876432774,14.255131637482856,12.023539927264244,12.008100515457102,0.7042369294166565,0.4739049673080444,1.350668740272522,1.3550302600860595,0.0713399407080241,0.0701501774787902,0.0831701817512512,0.0832771178245544
7170,308,5,16,0.58,0.86,True,False,True,False,4.336873253583908,4.631336092948914,4.755466592311859,4.766642837524414,11.895119763089829,10.79602078856798,10.51421538713382,10.489562972740378,1.1783212578296662,1.2809444665908811,1.4555095195770262,1.4816860723495482,0.0867374650716781,0.0926267218589782,0.0951093318462371,0.0953328567504882
6487,405,8,16,1.68,0.91,False,True,True,False,3.5672549951076507,3.692137479782105,4.157447969913482,4.178358087539673,14.330375260818723,13.542291014660146,12.026609317692683,11.966422931005248,0.7003114438056945,0.5152037143707275,1.3173635244369506,1.3224282574653623,0.071345099902153,0.073842749595642,0.0831489593982696,0.0835671617507934
5378,804,1,8,0.28,0.87,False,True,False,True,4.257442314624786,4.461069345474243,4.922020268440247,4.933154683113099,12.336642998232191,11.2080751385825,10.158430338131192,10.13550217277691,0.9338567411899568,1.0088036060333252,1.4584451556205749,1.4637202334403991,0.0853622935563326,0.0892213869094848,0.0984404053688049,0.0986630936622619
5371,368,2,8,1.45,0.94,False,True,True,True,5.1575805282592775,4.919524669647217,6.461488807201386,6.474205725193023,9.844043710654198,10.13339361083698,7.73656414743004,7.721969169286876,1.4984123194217682,1.423228740692139,2.354475104808808,2.3685947108268737,0.10408397561974,0.0986836290359497,0.1292563474178314,0.1295006472587585
5115,113,7,8,1.19,0.99,False,False,False,True,4.15637010216713,4.391315937042236,4.564926648139954,4.570919406414032,12.198882260914338,11.384597674647624,10.95250657988394,10.935446004972697,1.1262931060791015,1.176194190979004,1.5745043396949767,1.5816028571128844,0.0860050992329915,0.087837975025177,0.0913033006191253,0.0914457448482513
4922,976,5,8,0.86,0.76,False,True,False,False,4.055448273420334,3.882741928100586,4.952125215530396,4.975920493602753,12.94385010219037,12.877497645149417,10.096675287902372,10.048392064876335,0.7648644530773163,0.5133457183837891,1.5110759139060974,1.512644543647766,0.0811089654684067,0.0776548385620117,0.0990425043106079,0.099518409872055
4323,913,7,8,1.85,0.89,False,False,False,True,4.8967511844635006,4.674610257148743,5.892609977722168,5.898853974342346,10.520468606244084,10.696078872087387,8.485204382497797,8.476222721903518,1.3363995790481566,0.9596670866012572,1.974287700653076,2.016532952785492,0.09793502368927,0.0934922051429748,0.1178521995544433,0.1179770794868469
4554,1759,5,32,0.42,0.91,True,True,False,True,4.267571321129799,4.27084743976593,4.303566670417785,4.307677190303802,11.71669178894377,11.707278630139609,11.618270107733062,11.607189598058625,1.1923531234264373,0.9865461587905884,1.4661386132240295,1.4690195655822753,0.0853514264225959,0.0854169487953186,0.0860713334083557,0.086153543806076
4041,1556,5,16,1.1,0.78,True,False,False,True,4.461849144697189,4.753444314002991,4.909203958511353,4.91489711523056,11.532420511201376,10.518422331009312,10.184100552317751,10.160020607652028,1.1060834169387816,0.9848381280899048,1.5769303202629088,1.5865341424942017,0.0894732530991236,0.0950712919235229,0.0981922748088836,0.0984250099182128
6636,2009,2,16,0.03,0.98,False,True,True,True,4.027850104570389,3.961828589439392,4.86003999710083,4.867928981781006,12.989312421457418,12.620434951108498,10.28798117544541,10.27130849043374,0.7721792852878571,0.5007848739624023,1.4987919688224791,1.503369278907776,0.0807445429325103,0.0792365717887878,0.0972007999420166,0.0973585796356201
5375,853,3,16,0.07,0.82,False,False,True,False,4.445232245922089,4.761111736297607,4.908388066291809,4.914004821777343,11.56419613060734,10.500896518490562,10.185927926865002,10.15544418323659,1.1227709829807282,1.1378707885742188,1.5380031704902648,1.5451679587364198,0.089580238050573,0.0952299642562866,0.0981746590137481,0.0984861151218413
4562,1150,3,16,1.21,0.86,False,False,False,True,4.526710306406021,4.84335720539093,4.989437913894653,4.999321675300598,11.344598965188029,10.321277097785512,10.02108710149349,10.000239589691056,1.18139803647995,1.0257885456085205,1.67311794757843,1.6811374640464782,0.0910792955791248,0.0968872356414795,0.0997895727157592,0.0999976048469543
4360,1796,6,8,0.75,0.99,True,False,True,True,4.588414914608002,4.814056873321533,5.24848724603653,5.255048880577087,11.161095980706088,10.37754775442327,9.521418941573012,6.3710850746089545,1.293369127511978,1.4314600229263306,2.005403220653534,2.0079234933853147,0.0936693924215577,0.096361882686615,0.1050263636112213,0.1569617511544908
5581,126,5,8,0.55,0.76,False,True,False,False,3.587873945236206,3.6404831409454346,4.05598566532135,4.061388864517212,14.245958212315127,13.734441471019569,12.327459806377258,12.311059509496896,0.7745712804794311,0.4253286123275757,1.492871844768524,1.495176215171814,0.0718520788987477,0.0728096628189086,0.081119713306427,0.0812277772903442
6827,1887,8,16,0.11,0.74,False,True,False,True,4.028312395811081,3.964761972427368,4.862075698375702,4.868716268539429,12.966418254080809,12.61010040282104,10.28141253171102,10.26642685993024,0.7767271828651429,0.5505244731903076,1.4818714737892151,1.4866766262054445,0.0811104457974433,0.0793015098571777,0.0972629001140594,0.09740487408638
7164,729,2,16,1.96,0.78,False,True,False,False,3.8403820979595182,3.8468559980392456,4.675119018554687,4.683628208637238,13.463424616055883,12.98551486509727,10.693623859733968,10.6655634657658,0.7023416256904602,0.5025933980941772,1.3427716612815856,1.3654693222045895,0.0775405844332424,0.0770088839530944,0.0935136694908142,0.0937597009658813
7872,1589,6,16,1.63,0.86,False,False,True,True,4.366927481889725,4.646324872970581,5.195691978931427,5.449237020015716,11.94005605053004,10.758174381916774,9.61888737075277,9.175596510783269,1.2997205281257629,1.3521745204925537,1.9244308948516848,2.0806232857704163,0.0874986444302967,0.0929525756835937,0.1039621291160583,0.1089847404003143
7564,1016,4,32,1.55,0.76,True,True,True,True,4.82335085272789,4.849571108818054,4.881327021121979,4.887337160110474,10.30901930097586,10.309640945522991,10.241484115932275,9.895111603936837,1.331655728816986,1.5776736736297607,1.6026593804359437,1.6354406762123108,0.0970457716782888,0.0969965887069702,0.0976420984268188,0.1015394655704497
8023,510,1,8,1.17,0.81,False,True,False,True,4.390632190704346,4.781872034072876,4.895260882377625,4.938325893878937,12.010145496000185,10.456156030158722,10.213960411841612,10.124888693515295,1.1265093660354617,1.2705702781677246,1.4185427069663958,1.664084062576294,0.0878126438140868,0.0956374406814575,0.0979052176475525,0.0987665178775787
5964,909,6,32,1.69,0.73,False,False,True,False,4.587923300266266,4.814942836761475,5.679997265338898,5.715037786960601,11.137740122521034,10.37625700116281,8.799164784955032,8.727511674524504,1.321143344640732,1.1872378587722778,2.024680340290069,2.0320513892173766,0.0925344585970043,0.0963738679885864,0.1136471564769744,0.1145801970481872
4626,1800,8,8,0.26,0.74,False,False,False,False,4.538337733745575,4.878215670585632,4.923666083812714,4.927505352497101,11.351225113038682,10.24964937667708,10.155034733379267,10.147122412621613,1.1556371307373048,1.2477517127990725,1.60188946723938,1.6069613218307497,0.0907667546749115,0.0975643134117126,0.0984733216762542,0.098550107049942
5464,1494,8,16,1.57,0.78,True,False,False,False,4.289549571275711,4.517434000968933,4.792648696899414,4.802901217937469,11.878195625370926,11.06651551809735,10.430957842535994,9.619878367136431,1.14275582075119,1.2238142490386963,1.535163164138794,1.5382167100906372,0.0867191321698003,0.0903626799583435,0.0958684730529785,0.1039581758320867
4988,1922,4,32,0.23,0.73,True,True,False,True,4.169592297077179,4.179062247276306,4.203050422668457,4.206505508422851,11.98912127638425,11.964406789950257,11.895482306453616,11.83995285635106,1.154707393050194,1.1332979202270508,1.476311457157135,1.480191900730133,0.0834132158817077,0.0835812449455261,0.084065529346466,0.0844630207129887
6888,1374,2,32,1.39,0.74,False,False,True,True,4.533940794467926,4.8701618909835815,5.220513331890106,5.231667578220367,11.502092765210406,10.264767792693188,9.575459597814032,9.552607094739663,1.231721307039261,1.584726095199585,1.63433358669281,1.643945209980011,0.090885864033508,0.0974206161499023,0.1044336295127868,0.1046834646701812
4946,459,5,8,0.7,0.82,False,False,False,True,4.629205273389816,4.97447669506073,5.087063705921173,5.105013287067413,11.127937038468458,10.05085570896994,9.828340017580176,9.79038331713476,1.2087372243404388,1.0827858448028564,1.6600868463516236,1.661611144542694,0.0931165219082551,0.0994940161705017,0.1017465817928314,0.1021410468578338
7172,1107,7,16,1.37,0.95,False,False,True,True,4.540666913986206,4.940917611122131,5.013726711273193,5.107323875427246,11.337904810153251,10.118489224563271,9.969097344849468,9.785227547333117,1.2262363457679748,1.460016846656799,1.626953613758087,1.6822666335105896,0.091106738114357,0.0988289833068847,0.1003099846839904,0.1021948642253875
6958,1953,3,16,1.73,0.98,True,False,False,True,4.291051107645035,4.478142261505127,4.740894520282746,4.753501405715943,11.870517640765753,11.16506963369854,10.54594886841994,10.516752714445364,1.1853439176082612,1.24546480178833,1.5456374764442444,1.550695559978485,0.0861858159482478,0.0895650482177734,0.094823141336441,0.0950863883972168
6255,1156,7,16,1.3,0.95,False,True,True,False,3.4824210464954377,3.4031165838241577,4.219362962245941,4.227704136371613,14.750963338785896,14.686843961266508,11.849390247415958,11.826387762856132,0.5590837550163269,0.4077335596084595,0.9967411398887634,1.0215760827064515,0.0702789904320731,0.0680881476402282,0.0843925297260284,0.0845566727638244
5307,196,4,16,0.03,0.85,True,False,True,False,4.305279117822647,4.599108576774597,4.77727062702179,4.785350666046143,11.831829881199154,10.86802125723916,10.463760211468472,10.296658119898138,1.1024961686134338,1.0622869729995728,1.5397029280662538,1.5416021060943603,0.0873304406623768,0.0920130729675293,0.0955679395198822,0.0973025791274171
4774,1996,8,8,0.25,0.96,False,True,True,True,4.204884831905365,4.520839333534241,4.7915233135223385,4.7992066645622256,12.420689761267893,11.059288625513936,10.43193694736562,10.372080887709505,0.9210429584980012,0.9951353073120116,1.510714769363403,1.516862199306488,0.085056068176031,0.0904217290878295,0.0958594751358032,0.0965003085494038
5863,224,6,16,0.33,0.76,True,False,False,True,4.507607131004334,4.857689023017883,4.906615316867828,4.916689224243164,11.391678771422464,10.29296024727722,10.19032403854805,10.169444870818769,1.2106284749507903,1.178186058998108,1.5886930704116822,1.5940958309173583,0.0904790282875299,0.0971537804603576,0.0981323063373565,0.0983337844848632
6860,586,7,16,1.68,0.73,False,True,False,False,4.077701219320297,3.75874376296997,5.909926676750184,5.9493303394317625,12.984841190943918,13.302316743736167,8.460341855218632,8.404307267960336,1.0566337096691132,0.4723639488220215,2.754842662811279,2.7607810831069948,0.0818231278726032,0.0751748752593994,0.1181985335350036,0.1189866067886352
4221,2000,4,32,1.5,0.97,True,False,False,True,4.370402843952179,4.719509363174439,4.821835482120514,4.8332832598686215,11.684441889464114,10.593059751882516,10.35675317559425,8.727976442051334,1.0839510309696196,0.9600510597229004,1.4865548610687256,1.5590542006492614,0.0892561525236992,0.0944014310836792,0.0965553569793701,0.1145765556437628
4526,445,5,8,0.54,0.78,True,True,True,True,5.133621236681938,5.14727795124054,5.184387123584747,5.209118278026581,9.717339974947114,9.713394349569723,9.630638392986963,9.415037239574191,1.9977267861366272,1.8418391942977903,2.3308747887611387,2.334000971317291,0.1029252977734659,0.1029506230354309,0.1038352880477905,0.1063019567396582
4858,1928,8,16,0.11,0.7,True,False,True,True,5.160756741762161,5.279483318328857,5.909540736675263,5.91963294506073,9.929532834994683,9.469357943919295,8.459267062512676,8.369707295717811,1.4161780381202698,1.6034027338027954,2.151652491092682,2.1564022970199583,0.1041730956200397,0.1056037807464599,0.1182135512828826,0.1194792528239163
7391,1375,5,8,1.21,0.73,True,False,True,True,4.715096378326416,4.839025735855103,5.419138741493225,5.430993118286133,11.027332245113016,10.332658418093152,9.226558386566197,9.206419364398794,1.4242085599899292,1.4313230514526367,2.0231897711753843,2.024740197658539,0.0943019275665282,0.096780514717102,0.1083827748298645,0.1086198623657226
7997,340,4,16,0.72,0.74,True,False,False,True,4.395600410699845,4.642455697059631,4.847562289237976,4.855278789997101,11.712474870723398,10.770162173587613,10.314462728371405,10.298069899738602,1.2429184997081757,1.431850790977478,1.531505465507507,1.5364403080940248,0.0879120082139969,0.0928491139411926,0.0969512457847595,0.097105575799942
5987,1402,1,32,0.66,0.83,True,False,True,False,4.416314152479171,4.7828251123428345,4.8192642569541935,4.828380110263825,11.65702829563693,10.449222773267918,10.3698946020338,10.346713338915192,1.1644550132751466,1.1598362922668457,1.5376593351364136,1.5412684535980223,0.0889312985907582,0.0957008981704712,0.0964329957962036,0.0966507904410361
8081,1575,3,16,0.06,0.89,True,True,False,True,4.878543508052826,4.9350374937057495,4.974296021461487,4.981505274772644,10.08629530153327,10.129382249903657,10.045752456677358,8.000743946134653,1.396422842144966,1.639594554901123,1.6951118230819702,1.7019205737113952,0.0994806722227265,0.0987227034568786,0.0995445628166198,0.1269030072128069
4229,567,2,16,0.59,0.75,False,True,False,False,43.7560393505908,31.58358597755432,75.59073951244355,83.43944988727569,5.911846689165249,1.5831007927831175,0.6614566854830013,0.6038470862819394,18.689139548768388,16.105318784713745,30.06435284614563,62.054621748924205,0.8751207870118161,0.6316717195510865,1.511814790248871,1.6687889977455137
6775,1939,5,8,1.87,0.82,False,False,True,False,4.584939525127411,4.644621253013611,5.28972556591034,5.337346987724304,11.092413074322394,10.765140747279542,9.452286206254078,9.367950067274467,1.3988736426830293,1.7084532976150513,1.7672544240951538,1.9177601027488709,0.0918733185233741,0.0928924250602722,0.1057945113182067,0.106746939754486
5180,1758,3,8,1.82,0.88,True,False,True,True,4.754486194849014,5.053215503692627,5.40470107793808,5.410988302230835,10.906692066800916,9.89380639149741,9.247146624911824,9.240148011897132,1.3309118831157685,1.4616349935531616,2.047499489784241,2.050146961212158,0.0959023384071416,0.1010733342170715,0.1081414668560028,0.1082233752727508
4122,1421,7,8,0.9,0.99,False,False,False,True,4.549632363319397,4.903906583786011,4.997429871559143,5.0074230217933655,11.306401271627925,10.194674021348924,9.997837520525689,9.961741686137191,1.1045249998569489,1.218309760093689,1.504157781600952,1.5806485390663148,0.0914774597545246,0.0980904340744018,0.1000216295719146,0.1003842021192823
7267,487,4,16,1.05,0.94,True,True,False,True,4.758423221111298,4.813768625259399,4.843076872825622,4.846334073543549,10.346996910020652,10.377977879261774,10.318789351552418,8.660333415816522,1.3334478259086608,1.3038228750228882,1.4720929145812989,1.4806857490539551,0.0969343971201416,0.0963578939437866,0.096910593509674,0.1178290840667302
6465,1682,2,32,0.62,0.72,False,False,False,False,4.399819207191468,4.733794450759888,4.79889794588089,4.804233994483948,11.621106469424763,10.5610836095044,10.418945522101344,10.39783501470102,1.1700517630577087,1.1748549938201904,1.474361348152161,1.487361776828766,0.088656073519262,0.0946872544288635,0.0959790027141571,0.0961738689899444
6984,853,7,8,1.52,0.91,True,True,True,True,5.458145585656166,5.475360631942749,5.497206842899322,5.5108554697036745,9.161028053867508,9.131818609487414,9.095528276445537,9.073001519836374,1.876797142624855,1.825369358062744,2.0585053086280825,2.064166209697724,0.1091629117131233,0.1095072126388549,0.1099441368579864,0.1102171093940734
6075,826,7,32,0.33,0.71,True,True,True,True,4.985439422726631,5.006765007972717,5.031817555427551,5.035464673042298,10.000638597006684,9.984612164930413,9.936322766810438,9.78580760612324,1.3582602322101591,1.1524065732955933,1.668900156021118,1.6702401542663574,0.100005698790917,0.100154116153717,0.1006408531665802,0.1022698667416205
6531,1788,3,16,0.97,0.76,False,False,False,False,4.394962207078934,4.712153911590576,4.76362053155899,4.77523826122284,11.623111078910712,10.609020048765416,10.49145883662644,10.469451736727327,1.1686210489273072,1.3111891746520996,1.480703091621399,1.4885579776763915,0.0884416575878859,0.0942594146728515,0.0953156292438507,0.0955159856319427
6774,498,3,8,1.04,0.76,True,True,True,True,5.42631796002388,5.465061783790588,5.4930789232254025,5.497652952671051,9.119035998059996,9.14856303613696,9.09885655838962,8.314267593750134,1.8592670649290084,1.8011040687561035,2.0460777044296266,2.0507039427757263,0.1100534517414429,0.1093067836761474,0.1099039199352264,0.1257963728259586
5938,296,6,8,0.15,0.95,False,False,True,False,4.370185502767563,4.702014446258545,4.742260098457336,4.747289597988129,11.755513419105965,10.631268799457244,10.541791050993105,10.52922661225839,1.1130951392650603,1.1210534572601318,1.4326411962509156,1.4374860501289368,0.087537324558722,0.0940621542930603,0.0948605408668518,0.0949737384796142
7733,654,1,8,0.18,0.89,True,False,False,True,4.68053759932518,4.8472923040390015,5.338822674751282,5.344670262336731,11.112483098409983,10.31503711020432,9.36536069743248,9.355114091368272,1.4931567573547364,1.4483455419540403,2.0462172985076905,2.054462077617645,0.0936107519865035,0.09694584608078,0.1067764534950256,0.1068934052467346
5372,1564,6,16,1.63,0.83,False,True,True,True,4.558207652568817,4.633454322814941,5.738916432857513,5.773614432811737,11.291141988731926,10.756353201040277,8.712446084010354,8.660086441060937,1.15738064289093,1.0130350589752195,1.90318011045456,1.906302597522736,0.0913301896459916,0.0929692459106445,0.1147783286571502,0.1154722886562347
5596,921,8,16,0.5,0.91,True,True,False,True,4.580445131659507,4.58099639415741,4.613597178459168,4.632079784870148,10.916262543233753,10.914656076043826,10.83753050033719,10.794385852142987,1.216725406050682,1.0959867238998413,1.4419605135917664,1.446231396198273,0.0916089026331901,0.0916199278831482,0.0922719435691833,0.0926415956974029
7058,1771,4,32,0.38,0.71,False,True,True,False,3.9774331986904143,3.943158268928528,4.764377367496491,4.777121472358703,13.104216249435348,12.6789924271349,10.492647696821432,10.451334891634112,0.8205572283267974,0.5641220808029175,1.4169715762138366,1.4245240664482115,0.0799063638091087,0.078870620727539,0.0953048295974731,0.0956815577030181
6815,1595,2,8,1.84,0.76,False,False,False,True,4.72746579170227,4.743960499763489,6.348467326164245,6.372408530712128,10.623047126852413,10.502497137922235,7.875916726448736,7.846326828774579,1.4641469752788543,1.166076898574829,2.2912943959236145,2.298124847412109,0.0965517163939777,0.0952154636383056,0.1269693465232849,0.1274481706142425
8159,1697,6,8,0.56,0.87,True,False,True,False,4.658285664319992,4.81612765789032,5.420735931396484,5.428337168693543,11.140730772143256,10.3678577730043,9.218211331163372,9.142417214267002,1.4465466713905335,1.5035938024520874,2.1487436294555664,2.1503400778770447,0.0940240359086257,0.0964519476890564,0.10848091506958,0.1093873325563393
4070,1584,3,32,0.81,0.74,False,False,True,True,4.578998372554779,4.957233428955078,5.021939945220947,5.03945080280304,11.215298433924588,10.082832858829423,9.955572390280166,9.84845176530175,1.1116736948490142,1.0303690433502195,1.5482996463775636,1.5907434439659118,0.0926408407215486,0.0991784763336181,0.1004462587833404,0.1017002019731617
5663,381,7,32,1.57,0.76,True,False,True,False,4.355905698537827,4.668532371520996,4.820442199707031,4.829273335933685,11.868025354574488,10.70855010731574,10.367927710759414,10.351641395525093,1.1603287661075592,1.1712315082550049,1.5459767937660218,1.5493486070632934,0.0873376965864284,0.0933833241462707,0.0964512898921966,0.0966031019210815
4409,1523,2,8,1.22,0.98,True,False,False,False,4.194021054506302,4.412577748298645,4.592539179325104,4.595972468852997,12.12991184743282,11.323799726358692,10.886346755647878,10.876618882987406,1.3194365775585175,1.2441743612289429,2.0548896551132203,2.062890784740448,0.08438115811944,0.0883095812797546,0.0918581800460815,0.091940336561203
6856,270,6,8,1.12,0.98,True,False,False,False,4.724184799194336,4.852567315101624,5.44728946685791,5.4548640012741085,10.973843890628702,10.303824096244837,9.178877002586498,9.166131462120251,1.4219200253486632,1.371708869934082,2.167717146873474,2.1731211829185484,0.0947109833624052,0.0970513463020324,0.1089457893371582,0.1090972800254821
4324,1156,6,32,1.26,0.88,False,False,True,True,4.45306890130043,4.801621794700623,4.930531692504883,4.936622965335846,11.512151974966873,10.412513695393017,10.136296456815964,10.12087864856442,1.083786872625351,1.0544345378875732,1.582140278816223,1.5855456590652466,0.0900728971103737,0.0960382890701294,0.09865536236763,0.0988057987213134
5453,339,4,16,1.73,0.76,True,False,False,True,4.35901816368103,4.639715433120728,4.755921125411987,4.766790900230408,11.71549039192772,10.775296878332092,10.509056007049574,10.47469074215326,1.168133863210678,1.0825482606887815,1.582073187828064,1.5865496373176575,0.0876159952929145,0.0928048682212829,0.0951560254096984,0.0954682123661041
4685,1020,5,32,0.96,0.92,False,True,True,False,3.862465909719467,3.97818922996521,4.458992385864258,4.468740546703339,13.326611991388646,12.566158193237358,11.212993446968552,11.186173952362362,0.7163246738910675,0.6015228033065796,1.16079021692276,1.1678056907653809,0.0778638236294273,0.0795788168907165,0.0891822516918182,0.0893960716247558
4568,156,6,16,1.67,0.95,False,False,False,False,4.641587648391724,4.619574308395386,5.627177262306214,5.633779573440552,10.91407959354014,10.819658286993263,8.878369382166701,6.796635956571402,1.1907221400737762,0.933889389038086,1.8796544313430783,1.8821433806419368,0.0945566669915731,0.09242436170578,0.1126332952976226,0.1471521068880189
7043,1747,2,16,0.96,0.93,False,True,False,True,3.9952106034755706,3.8905924558639526,4.83998851776123,4.848792572021484,13.14484655164116,12.851513255676284,10.330603023717485,10.311845601878328,0.7659953081607819,0.5446987152099609,1.5168821454048156,1.5225133466720582,0.0799042120695114,0.077811849117279,0.0967997703552246,0.0969758514404296
4389,1023,6,32,0.57,0.94,False,True,False,False,3.843499072790146,3.870113492012024,4.535600805282593,4.547072930335999,13.41722457044112,12.905323310895962,11.020132864196318,10.984877138557662,0.6714219987392426,0.5256131887435913,1.153051781654358,1.1553158402442931,0.0776574312689759,0.077487404346466,0.090743010520935,0.0910346994837125
5924,715,5,16,0.46,0.8,False,False,False,False,8.800701308250428,4.74844217300415,15.77759371995926,15.783917191028594,8.750628098904667,10.529437426994742,3.1690510536939773,3.1677814445606143,5.5629264414310455,1.4534813165664673,12.550453913211822,12.554653570652007,0.1761763367789133,0.0949718356132507,0.3155518743991851,0.3156783438205718
7199,93,6,16,0.03,0.88,False,True,True,True,65.95584936702953,62.58327507972717,82.71327304840077,119.87022716760636,0.7764413865185908,0.798935499898794,0.6642759520922399,0.4171177547298511,60.39418339729309,60.402429819107056,60.44726380109787,60.45202872514725,1.3191169873405908,1.2516655015945433,1.6542654609680152,2.397404543352127
5773,339,5,32,1.45,0.91,False,True,False,False,11.946420010328293,3.963708996772766,24.673866760730743,24.68349721431732,9.624673800402416,12.613862020072286,2.02643551944128,2.0256448900202924,7.160014562606811,0.5896824598312378,17.406024789810182,17.41301852464676,0.2390828701865288,0.0792778611183166,0.4934773352146149,0.4936699442863464
7776,1250,1,32,0.24,0.96,False,False,False,False,4.429601913690567,4.743506193161011,4.802404832839966,4.812750525474549,11.597651696354086,10.54072622956348,10.411450514373277,10.38906976061758,1.2755720329284668,1.3786911964416504,1.485049319267273,1.4936558485031128,0.0885920382738113,0.0948701238632202,0.0960480966567993,0.0962550105094909
7067,400,1,16,1.7,0.96,False,True,False,True,4.6240490889549255,4.62273645401001,6.176109957695007,6.202484138011933,11.154754510982071,10.80412961932417,8.095713192364917,8.061286238234654,1.2523720705509185,1.2424198389053345,2.201046514511108,2.205480542182922,0.0926292566921975,0.0925572037696838,0.1235221991539001,0.1240496827602386
5741,1212,8,16,1.12,0.78,False,False,False,True,4.603850305080414,4.928271412849426,5.111704516410828,5.128554599285126,11.218393010179058,10.14554520757362,9.781473238256437,9.749335616098463,1.2279228162765503,1.2958427667617798,1.66271413564682,1.667418384552002,0.0924017177283763,0.0985654282569885,0.1022340903282165,0.1025710919857025
5979,1073,5,32,1.94,0.72,False,True,True,True,4.130240186452865,3.926945090293884,5.220999050140381,5.227502436637878,12.817795347270604,12.732543722786342,9.576711189623754,9.564797166737726,0.8867049062252045,0.5641165971755981,2.0386965751647947,2.0460598397254945,0.0826048037290573,0.0785389018058776,0.1044199810028076,0.1045500487327575
5993,2007,1,16,0.14,0.96,True,False,True,False,4.38514673948288,4.726144790649414,4.767738914489746,4.779141843318939,11.752341266150747,10.578133018466357,10.486471745675354,10.46094877425511,1.155276757478714,1.235758900642395,1.5310800671577454,1.5374165558815005,0.0878151023008885,0.0945346403121948,0.0953609588146209,0.095593623638153
4384,1704,7,8,0.53,0.87,False,True,False,True,4.287362688779831,4.493091821670532,4.955795121192932,4.962201964855194,12.22514249648798,11.12688145832792,10.088251783608769,10.074781358798957,0.9303996694087984,0.9700304269790648,1.4576025009155271,1.4858253359794618,0.0862073690086602,0.089872441291809,0.0991252024173736,0.0992577398300171
6551,917,4,32,0.26,0.93,True,False,True,True,4.44383042216301,4.795632004737854,4.836829423904419,4.867421629428864,11.599455160668938,10.425170994055726,10.33578127599207,10.2711127689158,1.187447303533554,1.2268966436386108,1.5373635649681092,1.54640394449234,0.0891958122730255,0.0959216880798339,0.0967512736320495,0.0973604356288909
4696,1103,8,32,0.14,0.87,False,True,True,True,3.994675635099411,3.9081878662109375,4.817695510387421,4.829147350788117,13.0552708261517,12.792707723274304,10.378406004887069,10.353794649160928,0.7285133790969849,0.5253019332885742,1.4910608768463134,1.4978307151794434,0.0802063450967564,0.0781695342063903,0.0963539102077484,0.0965829470157623
6977,458,7,16,1.09,0.72,False,False,False,True,4.264657428264618,4.495783448219299,4.848522973060608,4.854222400188446,12.035290635532151,11.120753348076434,10.309802599080491,10.278501755457754,1.129223769903183,1.294986367225647,1.4373118996620171,1.486715497970581,0.086282174094518,0.08992196559906,0.0969950675964355,0.0973181512355802
4474,158,2,16,0.85,0.85,True,False,False,False,4.76067667722702,4.866044282913208,5.561077761650085,5.571785035133362,10.834932484113857,10.269946168609296,8.98266192404692,8.881063242870413,1.4580302667617795,1.5229393243789673,2.3501754283905028,2.3533269357681275,0.0964388909795012,0.09737149477005,0.1113255748748779,0.1126044114351271
5848,535,8,8,1.01,0.91,False,True,True,True,52.815764032561205,62.220731258392334,78.5555314064026,78.58144256591797,4.391945811296221,0.8035906841460658,0.6364924165189025,0.6362825662134403,42.85201341530372,60.34061622619629,60.37354664802551,60.398392057418825,1.0563152806512242,1.2444146251678467,1.5711106281280518,1.5716288513183594
7708,1218,1,32,1.98,0.76,False,True,True,True,90.93392237027486,119.99784684181212,122.61413252353668,122.62109599113464,4.57819948452877,0.416674143044523,0.4077833360267463,0.4077601787897577,66.753777889105,61.06515312194824,120.18045618534089,120.18722920417784,1.818678447405497,2.399956936836243,2.4522826504707336,2.452421919822693
4955,1853,2,8,1.0,0.87,False,True,False,False,113.78014297978632,120.03915524482728,179.87723751068114,179.89548520088195,1.853905906133344,0.4165127060027645,0.2779644935573322,0.2779344532593371,73.85990706476672,60.31892538070679,120.14486351013184,120.16042052268982,2.301465168628726,2.400887141227722,3.5975817890167234,3.5979706308364867
7176,698,2,16,1.79,0.97,True,False,True,False,111.36904854774475,123.32355332374571,123.3409724354744,123.34362372398375,0.4817275340704012,0.4054375555400384,0.4053802966939693,0.4053715830048907,109.04289422035215,120.99563109874724,121.00994482040406,121.01055171012878,2.227380970954895,2.4664710664749148,2.466819448709488,2.466872474479675
6827,720,2,32,1.16,0.77,False,False,False,False,119.20306508969038,124.138814330101,132.56278879642483,132.5730545592308,0.4964848429685886,0.4027749118816485,0.3771797534937524,0.3771505467161648,94.48742236846532,73.58919501304626,120.89336550235748,120.90316060781478,2.385566208247956,2.4827762866020207,2.6512557759284974,2.651461091184616
5810,1963,5,8,1.45,0.82,True,True,True,True,18.8955180644989,18.8955180644989,18.8955180644989,18.8955180644989,0.8467616471474771,0.8467616471474771,0.8467616471474771,0.8467616471474771,17.61298394203186,17.61298394203186,17.61298394203186,17.61298394203186,1.1809698790311811,1.1809698790311811,1.1809698790311811,1.1809698790311811
4049,175,4,32,1.64,0.81,True,False,True,False,63.61426051457723,76.245570063591,76.2722084403038,76.27850281953812,2.909468407498488,0.6557758038729053,0.6555467716395682,0.6554926770492122,21.48584959052858,17.31665873527527,60.48325518369675,60.50885412693024,1.2722852102915445,1.52491140127182,1.525444168806076,1.5255700563907624
6364,1158,6,32,0.47,0.8,False,True,False,False,3.904567714929581,3.867208361625672,4.637434732913971,4.650460741519928,13.284480359259682,12.929223275434884,10.781823105251776,10.751622856753905,0.767404533624649,0.5513070821762085,1.3475445985794068,1.3529089164733887,0.0783357760588328,0.0773441672325134,0.0927486946582794,0.0930092148303985
5854,1063,5,32,1.02,0.84,True,False,False,True,4.706870023012161,4.854810118675232,5.427724730968476,5.43785475730896,11.067467301278745,10.297180591382672,9.20857560126874,9.192276733348551,1.3697011148929596,1.4321317672729492,2.0897882699966432,2.094696741104126,0.0942534295856951,0.0971139621734619,0.1085944280624389,0.108787025308609
7943,1450,5,32,0.49,0.74,False,False,False,True,4.4523920094966885,4.757968068122864,4.902540683746338,4.911082420349121,11.540777321205027,10.508687592369627,10.198793529777184,10.1810549863589,1.2542151534557342,1.4228962659835815,1.4825408458709717,1.4931721925735473,0.089361365622282,0.0951593613624572,0.0980508136749267,0.0982216484069824
5913,329,6,8,0.33,0.87,False,False,False,True,4.477186361551285,4.770992636680603,4.901464462280273,4.910120894908905,11.51148696902757,10.479999452655411,10.20103285151859,10.183048665319191,1.1434429264068604,1.1262052059173584,1.5124918818473816,1.5170137095451357,0.0895437272310256,0.095419852733612,0.0980292892456054,0.0982024178981781
7832,447,4,32,1.58,0.81,False,False,True,False,55.19837511552347,80.75031352043152,80.76923189163207,80.77190053939819,5.470676257978329,0.619192642358583,0.6190476105022295,0.6190271576064588,22.399392263309377,21.93011975288391,60.32171683311462,60.33001547813416,1.1039675023104696,1.6150062704086303,1.6153846378326415,1.6154380107879638
4597,853,2,8,0.23,0.78,False,True,False,False,30.89661918580532,9.638335585594175,62.29918001890182,62.31094168424606,11.12305071821685,11.659263054615256,0.8025787817825988,0.8024273001277038,28.85434388369322,7.060966849327087,60.3043719291687,60.31554401397705,0.6220441846383943,0.2585555264684889,1.2459836003780365,1.2462188336849214
5267,1373,4,8,0.14,0.81,True,True,False,True,19.331570625305176,19.331570625305176,19.331570625305176,19.331570625305176,0.7759328142931585,0.7759328142931585,0.7759328142931585,0.7759328142931585,17.85020399093628,17.85020399093628,17.85020399093628,17.85020399093628,1.2887713750203451,1.2887713750203451,1.2887713750203451,1.2887713750203451
8168,296,2,8,0.15,0.79,True,False,False,True,85.07862111673516,60.12739562988281,179.8018099784851,179.81882271766662,0.6844722078026566,0.8315676984876826,0.2780839637061675,0.2780576556450838,40.00175691863238,2.4005346298217773,120.45422613620758,120.47199937343598,1.701572422334703,1.202547912597656,3.596036199569702,3.5963764543533325
7354,1730,2,8,0.89,0.79,False,True,False,True,70.66464492456237,76.17211055755615,76.21574265956879,76.2340429019928,0.7142797756442307,0.6564082265020039,0.6560324669224576,0.6558749622521506,34.536558699252,17.22789216041565,60.2274585723877,60.23184969425201,1.413292898491247,1.523442211151123,1.5243148531913755,1.524680858039856
5630,1692,8,32,0.65,0.99,True,False,True,False,113.17379513405662,76.24285745620728,179.96973156929016,179.9787728071213,2.9740470794935936,0.6557991353972958,0.2778244961834559,0.2778105396552538,63.60149615229541,17.097996950149536,121.08314001560213,121.09960663318634,2.2634759026811326,1.5248571491241456,3.5993946313858034,3.5995754561424254
7316,877,4,16,0.56,0.99,False,False,True,True,6.720320224761963,3.5568394660949707,9.598263478278986,52.783059258461016,13.341864175129936,14.057423866502091,12.57733944274942,3.144603885575309,4.728884834992258,1.5673587322235107,7.603872656822077,50.79650065898897,0.1344064044952392,0.0711367893218994,0.1919652695655797,1.0556611851692204
4530,1513,7,32,0.84,0.85,False,False,False,False,117.24950736761092,120.07460498809814,179.91519792079924,179.92154803991318,1.4941668162693584,0.4164077825820482,0.2779083378733267,0.2778973615301751,67.32577137689333,61.38886034488678,121.15884538888932,121.18467470407488,2.359143806526491,2.401492099761963,3.598308736085892,3.5984508615016937
6469,1380,6,32,1.75,0.93,False,True,True,False,61.17291234635018,62.40478706359863,62.44009594917297,62.44862416267395,0.8006595295121344,0.8012044442985715,0.8007307027389363,0.4666447884932505,59.19740577646204,60.37344408035278,60.41047530174255,60.41878764152527,1.2982486802677529,1.2481208848953247,1.2488593273162842,2.7452515780505027
5913,1528,4,8,1.76,0.86,False,False,False,False,63.01794736981392,63.05334186553955,63.12297768592835,63.12896183252335,0.7796155351808538,0.7929406148885796,0.7920670783797329,0.4675864412164042,60.73014834523201,60.73537397384644,60.80440970659256,60.80927973985672,1.325700245261192,1.2611284899711608,1.2625193340778351,2.8370216838836657
8144,89,2,32,0.25,0.77,False,False,False,False,4.498190762996674,4.862037539482117,4.979327464103699,4.991806197166443,11.451538711721309,10.283029345224207,10.036404430325376,9.98495844498754,1.2474052047729491,1.4259169101715088,1.5213701844215393,1.5338423299789428,0.0907981132447719,0.0972476077079773,0.0996372761726379,0.1002383102615671
7447,861,2,16,1.86,0.89,False,False,True,True,4.636206276416779,4.706364512443543,5.254857313632965,5.264870717525482,10.955510097503891,10.62391151684567,9.515006215584462,9.496909363962498,1.4760874605178833,1.2913212776184082,2.0835782408714296,2.088966987133026,0.0927241255283355,0.0941272902488708,0.1050971462726593,0.1052974143505096
7820,1405,5,8,0.57,0.82,False,True,False,True,4.168535923957824,4.417146921157837,4.9808157086372375,4.989030752182007,13.245770533834396,11.31952387083011,10.038516368038357,10.021986732377968,1.02244420170784,1.102550745010376,1.5175429821014403,1.5214712643623352,0.0833707184791565,0.0883429384231567,0.0996163141727447,0.0997806150436401
7685,1853,4,8,1.55,0.93,False,True,True,False,4.083497748374939,3.84432053565979,5.205602443218231,5.2092700505256655,12.904410610821412,13.002309840228754,9.605036243406737,9.5982737544082,0.8302748942375183,0.469032883644104,1.8756379246711727,1.8784261393547057,0.0818119983196258,0.0769094133377075,0.1041120488643646,0.1041854010105133
7377,1631,4,8,0.75,0.8,True,False,True,True,3.8226522541046144,3.846814513206482,4.510014533996582,4.519400403499604,13.568448833062009,12.99776746554782,11.076703072858248,10.873724465094794,1.349830687046051,1.3430793285369873,2.077291417121887,2.080902519226074,0.0767993710723022,0.0769362902641296,0.0902795729637146,0.0919705310926144
7576,1740,1,16,1.37,0.82,True,True,False,True,4.916158285737038,4.928062438964844,4.954943704605102,4.966334903240204,10.171017794951233,10.145975345162976,10.090932002862932,10.067788025467118,1.2839483499526978,1.5767314434051514,1.5902377843856812,1.5967327952384949,0.0983231657147407,0.0985612487792968,0.099098874092102,0.099326698064804
5121,1555,8,16,1.51,0.98,False,False,False,True,4.654167038202286,4.706891298294067,5.582139396667481,5.595453858375549,11.007162036696707,10.610854366652363,8.955077874694627,8.922208697472158,1.2529885685443878,0.9918701648712158,1.839223611354828,1.8683290147781373,0.0938318099240894,0.0942431187629699,0.1116684873104095,0.1120798710346221
6210,1748,4,8,1.8,0.72,False,True,True,True,4.448245041370392,4.884923219680786,5.334669995307922,5.355502500534057,11.83310686785371,10.23347768679147,9.371838379684991,9.334444155460652,1.1144292259216309,1.1721559762954712,2.155135703086853,2.1598513293266297,0.0896919952124357,0.0977184915542602,0.1067026510238647,0.1071301076412201
5345,1579,7,16,1.85,0.85,False,False,False,True,4.533540499210358,4.910750508308411,5.330184030532837,5.718247075080871,11.29618237475162,10.179412006789342,9.377419183444037,8.740238959315697,1.2293399858474732,1.1420036554336548,1.9341555953025813,1.9392701888084407,0.0913998475824246,0.0982375025749206,0.1066391558647155,0.1144133600711822
8126,783,6,32,0.69,0.78,True,True,True,True,4.801717084646225,4.804285049438477,4.835391819477081,4.84062486410141,10.413381575459375,10.40737580839314,10.340423668144483,10.329245410280688,1.408356523513794,1.4076764583587646,1.4516244888305665,1.4594427371025085,0.0960343416929244,0.0960857009887695,0.0967078363895416,0.0968124972820282
4544,1347,3,8,0.33,0.78,True,False,True,False,4.507036794424057,4.762741446495056,5.0389884352684025,5.057290971279144,11.434906809569028,10.497828044640128,9.92242088051587,9.885164270737064,1.359406422376633,1.4680522680282593,2.133440542221069,2.135630598068237,0.0906399997353552,0.0952577996253967,0.1007818567752838,0.1011617762088775
4727,1861,1,32,0.94,0.94,False,True,True,False,3.959985927343368,4.072988986968994,4.629252815246582,4.641058652400971,13.000470355056558,12.272455571942611,10.79707933249794,10.749130789200684,0.7354734635353088,0.5291447639465332,1.308689045906067,1.311806676387787,0.0801485174028813,0.0814832854270935,0.0926176395416259,0.093033161685046
4710,1479,6,16,1.56,0.75,False,False,False,False,4.660380798578262,5.068554401397705,5.239363944530487,5.2562011218070985,11.056805693199586,9.864745658262724,9.543143124124756,9.512573601354877,1.2290037631988526,1.4474307298660278,1.80458242893219,1.8128078389167783,0.0932076159715652,0.1013710880279541,0.1047872788906097,0.1051240224361419
6286,926,5,32,0.8,0.99,True,True,True,True,4.910211199522019,4.936877012252808,4.956211721897125,4.964223494529724,10.157089042797253,10.126615095953714,10.081693927664125,9.96465860798432,1.278603446483612,1.1811081171035769,1.5110963702201845,1.5174430966377257,0.0984628701657057,0.098749680519104,0.0991896805763244,0.1003792237639426
5820,1679,6,16,0.04,0.93,False,False,True,True,4.264806681871415,4.37045693397522,4.897790503501892,4.908691697120666,11.952320063563487,11.434543416332255,10.207084271877012,10.13914521483396,1.0917690670490263,1.1851356029510498,1.4691452145576478,1.4741187715530395,0.0863621560346099,0.0874543023109436,0.0979711713790893,0.0987176120180829
4977,1260,6,32,0.19,0.98,False,True,True,True,3.638574053049088,3.636944532394409,4.231534314155579,4.23699691772461,14.20142191210862,13.74780413230242,11.81604502968179,11.80081104747238,0.7288039660453797,0.4706802368164062,1.521388554573059,1.5239449787139892,0.0727714810609817,0.0727388906478881,0.0846306862831115,0.0847399383544921
4971,453,1,32,1.39,0.75,False,True,True,False,3.730750659704208,3.7728030681610094,4.487416684627533,4.496285367012024,13.939778521821882,13.252745805059876,11.142268161468271,11.120290627772196,0.717290290594101,0.401631236076355,1.517147696018219,1.5208683967590333,0.0747172497883438,0.0754560613632202,0.0897483336925506,0.0899257073402404
7888,483,7,8,1.49,0.92,False,True,False,True,5.272715641260147,5.070381045341492,6.578129148483276,6.58586407661438,9.689504943712556,9.859396274508658,7.599481765781989,7.572782325715664,1.5920482981204986,1.4899383783340454,2.4072066664695737,2.4474332976341246,0.1074914277364681,0.101426088809967,0.1315879201889038,0.1321201115471973
5963,550,8,32,0.51,0.75,False,False,True,True,4.522018535137176,4.801079392433167,4.972573006153107,4.985644326210022,11.382762844343006,10.41432477584786,10.05515654433424,10.028794252604907,1.1636630606651306,1.1832858324050903,1.5707961797714234,1.578303782939911,0.0904403707027435,0.0960215878486633,0.0994514601230621,0.0997128865242004
8118,517,3,8,1.31,0.93,False,True,True,True,4.373848372697831,4.673708200454712,4.930656731128693,4.971338009834289,11.991055884267643,10.698143285136162,10.140637885846171,10.057654515031418,1.154602599143982,1.3444386720657349,1.41528662443161,1.7065293407440183,0.0874769674539566,0.0934741640090942,0.0986131346225738,0.0994267601966857
6356,2009,6,8,0.14,0.79,False,True,True,False,4.040964430570602,3.779059290885925,5.069169425964356,5.077568233013153,13.124743430417752,13.230805971571096,9.863548798541366,9.847233507405845,0.7288919687271118,0.4258520603179931,1.685008978843689,1.6915405011177065,0.080819288611412,0.0755811858177185,0.1013833885192871,0.101551364660263
6540,1858,7,8,0.31,0.88,False,True,True,True,4.309295511245727,4.443867325782776,5.069222831726075,5.075728781223297,12.20927597626234,11.248794292548071,9.860669634166516,9.84857180818873,0.95040265917778,0.9704748392105104,1.5238179087638857,1.5290109515190125,0.0866717777887979,0.0888984203338623,0.1014129910469055,0.1015375649929046
6706,1788,5,32,1.56,0.99,False,True,False,False,3.89808242559433,3.931202054023743,4.727775001525879,4.738387596607208,13.326441482027793,12.714214579798693,10.57147745760001,10.552030371328538,0.729021099805832,0.5665298700332642,1.3430541515350345,1.3458304452896117,0.0782783327619234,0.0786521339416503,0.0945941576957702,0.0947684919834137
4294,1928,2,16,1.52,0.77,True,False,True,False,4.398010286092759,4.713331460952759,4.752966248989106,4.770779588222504,11.684084710533025,10.608207892293365,10.519746487685689,10.480467439624949,1.1119508504867557,0.9443846940994264,1.4623541831970213,1.5085373759269711,0.0879602057218551,0.0942666292190551,0.0950593249797821,0.09541559176445
7044,1861,7,16,1.68,0.85,True,True,True,True,4.322751191258431,4.353658437728882,4.393580436706543,4.408273589611054,11.42596621138483,11.484370206187284,11.378068582513096,10.167882394389176,1.3281466245651246,1.5516328811645508,1.5706156015396118,1.608583438396454,0.0880434352709696,0.0870748662948608,0.0878883824348449,0.1058323472206403
4772,2017,4,32,1.63,0.95,False,True,False,True,4.657507163286209,4.756410002708435,5.7576152086257935,5.785824542045593,11.179815097685111,10.512170202194197,8.684151022741823,8.641810638921203,1.146196768283844,0.8960261344909668,1.8437967658042904,1.8908482265472413,0.0933053886493047,0.0951282000541687,0.1151523041725158,0.1157164908409118
6842,965,3,16,0.61,0.8,True,False,False,True,4.273614900112152,4.678537130355835,4.799594449996948,4.814757604598999,12.37208577597382,10.68153040156826,10.410976882337089,10.372259048685398,1.165028727054596,1.2590376138687134,1.4861421227455138,1.495719826221466,0.0858219168991577,0.0936195445060729,0.0960524713993072,0.0964126653613113
4391,755,4,16,1.18,0.85,True,False,False,False,3.617794672250748,3.756418228149414,4.057251560688019,4.077772588729858,14.2293074228371,13.310551967630868,12.323613474576543,12.261597102809215,1.121722947359085,0.988296389579773,1.5334774017333983,1.5843655371665957,0.072355893445015,0.0751283645629882,0.0811450312137603,0.0815554517745971
8026,533,5,8,0.29,0.96,True,False,False,True,4.745115597248077,5.018436074256897,5.341348433494568,5.348830819129944,10.961480286453687,9.96326331551198,9.360932100536717,9.347837254915037,1.462477858066559,1.4624874591827393,2.068987727165222,2.0722111320495604,0.0950323719650506,0.1003687214851379,0.1068269686698913,0.1069766163825988
7435,1334,4,32,0.58,0.71,False,False,False,True,4.444019832611084,4.802619338035584,4.8493656873703,4.854781143665313,11.518523175397831,10.407521336861388,10.309488641296864,10.258777331568568,1.24183247089386,1.3433822393417358,1.4875750541687012,1.4994168090820312,0.0899203546058563,0.0960843586921691,0.0969980218410491,0.0976207229228242
7188,794,2,8,0.44,0.86,True,False,False,True,4.833518468141556,4.885873198509216,5.76438056230545,5.76921641588211,10.95597181545114,10.23358527374354,8.673958915550722,8.666688236337375,1.444092231988907,1.3761547803878784,2.520454478263855,2.526883890628815,0.096670369362831,0.0977174639701843,0.115287611246109,0.1153843283176422
4336,1491,1,32,1.79,0.77,True,True,False,True,4.27964508831501,4.308996438980103,4.360154533386231,4.370992228984832,11.587042600622102,11.602954869853496,11.465977415780095,10.79459023198788,1.1145937889814377,1.2067700624465942,1.4690688252449036,1.4741226291656493,0.0864033069664782,0.0861849427223205,0.0872145447731018,0.0938057582811874
4206,403,1,16,1.27,0.76,True,False,False,True,4.487067822217941,4.823755025863648,4.91679368019104,4.934957599639892,11.504615824180275,10.364184237568054,10.16260080558723,10.12027688935929,1.0817752826213836,0.9581029415130616,1.4749874591827392,1.524778549671173,0.0898217191230683,0.0964861273765564,0.0984000079631805,0.0988116040229797
4714,403,3,32,1.49,0.75,False,False,False,False,4.470412627458573,4.66350519657135,5.053059780597687,5.060675709247589,11.490157809402124,10.721551181632488,9.894994751360372,9.880103547319932,1.24378732919693,1.286761999130249,1.8309167742729189,1.8336591935157776,0.0895872162509847,0.093270103931427,0.1010611956119537,0.1012135141849517
8098,1817,8,32,0.61,0.97,False,True,True,True,4.065516262054444,4.031077027320862,4.878814768791199,4.888223533630371,12.847648548897588,12.401615880738484,10.248390719838284,10.228664802094183,0.8806835865974426,0.606582522392273,1.5543865799903869,1.5605630707740783,0.0815877531101828,0.0806346535682678,0.0975762953758239,0.0977644706726074
5918,1163,3,8,1.64,0.97,False,True,False,False,3.9906992292404175,3.931596875190735,5.154859507083893,5.169450042247772,13.273395322652162,12.71747882426715,9.699585417219192,9.672208803177073,0.811220144033432,0.5043262243270874,2.206348884105682,2.213665487766266,0.0798139845848084,0.0786319375038147,0.1030971901416778,0.1033890008449554
6987,1754,1,32,0.99,0.83,False,True,False,False,3.798498842716217,3.871158003807068,4.412321102619171,4.422600355148315,13.589751686030024,12.9125797312307,11.330547243576609,11.305014663726324,0.7629717767238617,0.5475864410400391,1.2837778687477113,1.2900547409057617,0.0764603233665228,0.0774438595771789,0.0882569925785064,0.0884563206195831
6035,1639,1,16,0.68,0.79,True,False,True,True,4.416369830369949,4.7399516105651855,4.859501767158508,4.874895422458649,11.571823283685832,10.54493342257438,10.28711219401036,10.203137693324772,1.1425970089435578,1.178590178489685,1.4707274913787842,1.4832107138633728,0.0893306604163514,0.094832272529602,0.0972090108394622,0.0981716544363229
5945,753,4,8,1.0,0.91,False,False,False,False,4.462927284240723,4.814293622970581,4.876991164684296,4.884958825111389,11.558809315527505,10.383292978601606,10.251696220554644,10.235415269381935,1.1350823438167572,1.2546579837799072,1.5566856741905213,1.559891939163208,0.0895175513012068,0.0963085651397705,0.0975448334217071,0.0976999934196472
6997,1915,4,32,0.35,0.71,False,True,True,False,3.7493274974823,3.689090251922608,4.488533091545105,4.497060832977295,13.84942793805268,13.551200734400414,11.137581682870994,11.114877844204834,0.680048600435257,0.55153489112854,1.082157516479492,1.0884939002990723,0.0754444733589887,0.0737942004203796,0.0897860980033874,0.0899695031166076
6439,1679,5,32,1.77,0.73,False,True,True,False,3.929432120323181,3.950355887413025,5.0448926329612735,5.077001738548279,13.178330558359244,12.65708757938279,9.911013819075691,9.848332275009236,0.8957259356975555,0.6778073310852051,1.8688540220260617,1.873945770263672,0.0785886424064636,0.0790071177482605,0.1008978526592254,0.1015400347709655
7789,1028,5,32,1.77,0.92,False,False,False,False,4.518017611503601,4.72896945476532,5.077956807613373,5.131449975967407,11.208932003977068,10.571873280526084,9.83900834495334,9.74020382947141,1.4484360587596894,1.3712847232818604,2.275183999538421,2.288209445476532,0.0908173208849771,0.0945906162261962,0.101636284828186,0.1026672611236572
6409,754,1,32,1.92,0.98,False,False,False,False,4.773952873945237,4.61052405834198,5.784411656856537,5.796229162216187,10.783865595391172,10.841393557657144,8.640565126059487,8.62271669458329,1.3561969709396362,0.9422664642333984,2.1097942113876345,2.1148119521141053,0.0962612123313877,0.092239065170288,0.115733172416687,0.1159727312088012
4092,1087,7,8,1.03,0.92,True,False,True,True,4.731600860357284,4.938079833984375,5.415372037887574,5.423120996952057,10.994095808693444,10.12539320620604,9.23297599357942,9.21978324026349,1.3147238028049468,1.4326549768447876,1.9442935347557069,2.036056890487671,0.094800935951301,0.0987615966796875,0.1083074407577514,0.1084624199390411
7016,147,8,16,0.06,0.73,False,True,False,True,4.047558178901673,3.831233978271485,5.091864275932312,5.118567869663239,13.030981556588522,13.050053408638306,9.818189578557218,9.764362727992165,0.7336747217178344,0.4427595138549804,1.4586709022521973,1.466022572517395,0.0816202741549564,0.0766280388832092,0.1018517713546753,0.1024132384777069
6868,81,3,32,1.64,0.82,False,True,False,True,4.166811963319779,4.196853518486023,5.973352766036987,5.993742413520813,12.754973337151707,11.905132337888276,8.36752677837445,8.337213940531335,1.189437257051468,1.2289526462554932,2.063791561126709,2.070412628650665,0.08371533325806,0.0839973998069763,0.119509628534317,0.1199441460132598
5387,1787,1,8,1.34,0.98,True,True,False,True,5.49531891644001,5.510331273078919,5.532347285747528,5.53660413980484,9.0989808395265,9.07386469431955,9.037755119573182,9.030806383332022,1.8439214706420897,1.6502125263214111,2.1398058891296388,2.1433930373191834,0.1099063783288002,0.1102066254615783,0.1106469457149505,0.1107320827960968
5798,1070,4,16,0.09,0.75,True,False,False,False,4.375934036970139,4.709424734115601,4.790003728866577,4.8079135656356815,11.795997545987674,10.616519972932045,10.433975561261027,10.397659323250386,1.1676922357082369,1.1766154766082764,1.52900366783142,1.582798204421997,0.0875675611310534,0.0941928243637084,0.0958407468795776,0.0961754923343658
7156,266,7,32,0.5,0.75,True,False,True,False,4.343480072021484,4.670449495315552,4.754935085773468,4.75999189376831,11.800633399302388,10.701126525806462,10.514496645237053,10.501060543319907,1.1907908141613006,1.2692270278930664,1.4930842161178588,1.533809370994568,0.0875744267940521,0.09344810962677,0.0951067876815796,0.0952284773826599
5800,489,5,8,0.1,0.78,False,True,False,False,3.5073023581504823,2.7970001697540283,4.990206718444824,5.001346549987793,16.065826461976556,17.876294963923172,10.019625001994171,9.997307628858596,0.7315402197837829,0.4218189716339111,1.684944474697113,1.6881864547729493,0.0702144299198599,0.0559400033950805,0.0998041343688964,0.1000269309997558
4355,1402,2,8,0.63,0.89,True,False,False,True,4.863142914772034,5.186582088470459,5.492463195323944,5.508634884357452,10.696125235621643,9.639705242240904,9.102674316921489,9.075871746278676,1.377529293298721,1.4987443685531616,2.049622142314911,2.0896844267845154,0.0978661147564649,0.1037376117706298,0.1098578248023986,0.1101823043823242
7446,212,7,16,1.97,0.96,False,True,False,False,3.867366701364517,3.827526926994324,5.263902163505554,5.298172810077667,13.55119702407708,13.060462088066842,9.498656851323402,9.437215771308,0.8436484384536743,0.5008512735366821,2.2091981053352354,2.2154108357429503,0.0775451409662554,0.0765669727325439,0.105278043270111,0.1059634562015533
5075,122,3,32,1.36,0.95,False,False,True,False,4.102908102273941,4.154680609703064,4.730618619918824,4.743250811100007,12.473737541524631,12.0322134730841,10.569442211352625,10.541293722959743,1.1597860085964202,0.9933326244354248,1.7299933195114137,1.7333818864822388,0.0823200395722138,0.0831102275848388,0.0946123723983764,0.0948650162220001
4133,1899,8,32,0.09,0.8,False,False,False,False,4.445928715467453,4.797380328178406,4.83042973279953,4.841415519714356,11.53934794614358,10.42074860984703,10.349853384251857,10.32733109874005,1.0978932356834412,0.9390040636062622,1.48585946559906,1.4940689182281492,0.0894275389741449,0.0959623956680297,0.0966197261810302,0.0968304386138916
7942,917,1,16,1.58,0.71,False,False,True,True,4.472576643228531,4.703014969825745,4.997233986854553,5.014731492996216,11.375730757395784,10.631477960774706,10.00553510570907,9.97062364317778,1.317907373905182,1.2179546356201172,1.9730928897857667,1.97988510131836,0.0894515328645706,0.0940602993965148,0.099944679737091,0.1002946298599243
5203,269,3,32,1.62,0.83,False,True,False,True,4.021515455245972,3.895850896835327,4.927523505687714,4.959529218673706,13.00803831967973,12.834166838879309,10.147085044805053,10.081602067428674,0.7593257641792297,0.5033034086227417,1.6437183260917665,1.6508853268623351,0.0804303091049194,0.0779170179367065,0.0985504701137542,0.0991905843734741
4974,321,4,32,1.61,0.96,False,True,False,True,3.708074368238449,3.2540056705474854,5.013892531394959,5.019424693584442,14.587049926804434,15.358276459458317,9.972291939493058,9.96130098883958,0.7541047620773316,0.3980720043182373,1.82093368768692,1.826912875175476,0.0742710730258156,0.0651114797592163,0.1002778506278991,0.1003884938716888
7859,590,2,16,1.69,0.85,False,True,False,False,3.840490404367447,3.630335569381714,5.182134413719178,5.209321179389954,13.603801134242037,13.772832007860348,9.648533985934987,9.598179551759722,0.8369998705387115,0.489059567451477,2.0638341426849367,2.0745196866989137,0.0768098080873489,0.0726067113876342,0.1036426882743835,0.104186423587799
6281,77,1,16,0.35,0.72,False,True,False,True,3.78866778254509,3.357423424720764,4.761914157867432,5.619639558792099,13.95085094792058,14.88768435133366,10.498178905278913,6.857496946832748,0.8131267833709717,0.5007489919662476,1.4222370266914368,2.6312339973449523,0.0762545692892635,0.0671696162223815,0.0952546160221099,0.1458258114506216
4092,1670,8,16,1.38,0.73,False,False,False,False,4.649675874710083,4.6715556383132935,5.476464378833771,5.482936940193176,11.074334061959672,10.701960521492673,9.129978135893303,9.119200267379693,1.126235944032669,0.9173802137374878,1.7689865112304688,1.77292512178421,0.0930894925850194,0.0934408235549926,0.1095292875766754,0.1096587388038635
4675,1140,4,16,0.65,0.84,False,True,False,False,3.691851222515106,3.571315288543701,4.464490604400635,4.474482245445252,14.01543410440686,13.993260816181447,11.19553138669102,11.1742886193705,0.6464067149162293,0.4131354093551636,1.1821110606193543,1.18548921585083,0.0743219384171809,0.071462972164154,0.089321352481842,0.0894911559581756
8011,463,4,16,0.77,0.72,False,False,False,False,4.440763988494873,4.797750949859619,4.835774672031403,4.858799510002136,11.52975767685384,10.418968726021966,10.338650262166327,10.263495424533351,1.2519924819469452,1.3782727718353271,1.5532700061798097,1.5601668024063111,0.0895677359842452,0.0959787893295288,0.0967244250774383,0.097460376702036
4767,800,6,8,1.34,0.79,False,False,False,True,4.87948992729187,5.352369666099548,5.662277019023895,5.666076729297638,10.657696397661809,9.340276816844232,8.830276905015221,8.821620520867404,1.3405658185482026,1.3528624773025513,1.9736209154129027,2.0206793332099915,0.0979522370432335,0.1070632100105285,0.1132467317581176,0.1133578687191009
6853,969,4,16,1.33,0.97,False,True,True,False,3.863066433668136,3.952633500099182,4.5620528101921085,4.624420850276947,13.365391386503852,12.647471906344556,10.958375081424784,10.811723291388295,0.7636278200149537,0.4995745420455932,1.5660754203796388,1.5753340935707092,0.0777783899680701,0.0790671849250793,0.091254405260086,0.0924921973228454
5313,496,4,16,0.54,0.73,True,True,True,True,4.684647727012634,4.712992072105408,4.745619559288025,4.765972349643707,10.600174335471776,10.605629085812549,10.530719077657311,9.861646911375372,1.206097337603569,1.0525764226913452,1.46346515417099,1.467016234397888,0.0943589036864238,0.0942895531654357,0.0949603033065795,0.1014158213321979
7335,693,8,16,0.21,0.72,False,True,False,True,4.098214330673218,4.115437746047974,4.860146808624267,4.867167918682099,12.80049317847156,12.149375918740418,10.287755076852031,10.272914524861012,0.7604734647274017,0.5406795740127563,1.5279160380363463,1.5554757022857666,0.0819642866134643,0.0823087549209594,0.0972029361724853,0.0973433583736419
5628,820,1,8,0.08,0.8,False,False,True,True,4.624737678766251,4.903487801551819,5.138495481014251,5.149898195266724,11.125160063324303,10.196304281215514,9.728393300321471,9.693394398243372,1.1870613539218902,1.1399973630905151,1.5476956605911254,1.5570601749420163,0.0930175412009744,0.0980747509002685,0.1027918977737426,0.1031630364894866
6932,1888,1,8,1.33,0.81,False,False,False,False,4.132199617624283,4.397398114204407,4.869014585018158,4.880026369094849,12.680951850967512,10.792245970544007,10.268215165095691,10.24481480533859,1.179522888660431,1.2218658924102783,1.8034767389297488,1.8083341813087463,0.0828638912646779,0.0926591753959655,0.0973879086971283,0.0976103556632995
4404,1471,7,16,1.89,0.8,False,True,False,False,3.606491621732712,3.2363916635513306,4.830946362018585,4.838854448795319,14.386511547706748,15.448419598074803,10.34993896705957,10.333024202931094,0.7149090588092804,0.4092326164245605,1.52117463350296,1.5230701875686643,0.0723483726619731,0.0647315406799316,0.0966189272403717,0.0967770889759063
6266,1564,5,32,1.81,0.71,False,True,True,False,3.678292275667191,3.70665431022644,4.421886813640595,4.4490298080444335,13.943592111139507,13.487447008364532,11.300901230819855,11.236187408709611,0.7357018756866455,0.5278723239898682,1.4538074731826782,1.4917188000679016,0.0738688680758574,0.0741430163383483,0.088488517999649,0.0889981613636016
5375,893,5,8,0.91,0.7,True,False,False,False,4.610058674812317,4.827094912528992,5.237212383747101,5.245951514244079,11.230494501013077,10.357522486621765,9.545243206426417,9.526721015445386,1.3710136961936952,1.5402477979660034,2.0428901314735413,2.046280035972595,0.0927450637459755,0.0965481853485107,0.1047642242908477,0.1049679881572723
6962,1388,7,32,0.72,0.72,True,False,True,False,4.31419385433197,4.571522235870361,4.805733561515808,4.827830166816711,11.853769822671463,10.925298869885012,10.39950616593642,10.34216377209936,1.1551616847515107,1.2747116088867188,1.5278600573539731,1.5312414264678955,0.0868138518875128,0.0915306782722473,0.0961584124565124,0.0966920057272299
5818,1842,2,8,1.06,0.79,False,False,False,True,4.5439350938797,4.769628047943115,5.049207711219788,5.05393322467804,11.326776357137264,10.482997735077436,9.902543699936045,9.893284688227968,1.1859717905521392,1.279215931892395,1.5404077649116517,1.556873083114624,0.0908787018775939,0.0953925609588623,0.1009841542243957,0.1010786644935607
7095,868,7,8,1.46,0.99,False,False,True,False,4.1019902074337,4.149996042251587,4.731809318065643,4.751200821399689,12.386480716911674,12.020701786037636,10.561236816162133,10.480659018771128,1.1556808853149414,1.2363680601119995,1.822698175907135,1.8263022375106808,0.08287961532336,0.0831898188591003,0.0946858804225921,0.0954769934030677
5939,395,5,8,1.88,0.98,True,False,True,False,4.650081566572189,4.815614938735962,5.469978260993957,5.479508244991303,11.350387537740009,10.382890017624804,9.140804154145249,9.124906428096892,1.2526512324810029,1.1432533264160156,2.146410596370697,2.157597682476044,0.0930016313314437,0.0963122987747192,0.1093995652198791,0.109590164899826
7476,177,7,16,1.74,0.74,True,True,True,True,4.91772708594799,4.936870694160461,4.962581539154053,4.970407633781433,10.149335631272637,10.126314804285794,10.075000983653142,9.989067262372371,1.2037926971912385,1.4837548732757568,1.4951589226722717,1.500865406990051,0.0985339325943658,0.0987526106834411,0.0992555735111236,0.100124286640522
7900,1223,6,16,1.26,0.93,True,False,False,True,4.514524879455567,4.82957911491394,4.9225807905197145,4.92698903799057,11.412091251469974,10.352869020577062,10.15727361880939,10.14818576109234,1.243794597387314,1.373946189880371,1.6042407512664796,1.6083393025398254,0.0902904975891113,0.0965915822982788,0.0984516158103942,0.0985397807598114
7229,1502,7,16,0.45,0.9,False,True,False,True,4.073522429466248,4.150485038757324,4.833539819717407,4.840872657299042,12.795737479059746,12.042015953729456,10.34208878382934,10.285736726534228,0.7522207725048066,0.4813529253005981,1.3698287367820738,1.396727900505066,0.0821799243364264,0.083042573928833,0.0966922662258148,0.0972252756960251
4162,1777,8,32,0.86,0.96,False,True,True,True,3.6285969746112814,3.4128172397613525,4.42183803319931,4.427734661102295,14.252666762243168,14.648521122187766,11.305644187287829,11.278306976110567,0.7264521431922912,0.5498001575469971,1.4929127097129822,1.5008620619773865,0.0730586800378911,0.0682662773132324,0.08845139503479,0.0886657905101776
7433,896,2,8,1.68,0.93,False,True,False,False,4.121672384738922,3.936981558799744,5.42759917974472,5.444319746494293,12.812010834741995,12.69963652853004,9.212176203492202,9.18388381593308,0.8781582367420196,0.557772159576416,2.4641079664230348,2.4722904706001283,0.082731541587177,0.0787424111366272,0.1085519835948944,0.1088863949298858
6035,1400,8,32,0.88,0.78,True,True,True,True,4.7992451131343845,4.812960267066956,4.841146206855774,4.844625041484833,10.418847399866763,10.388616826310605,10.32813262034854,10.32071684204289,1.2522717237472534,1.1382813453674316,1.5045705676078795,1.5063767790794371,0.0959849022626877,0.0962592053413391,0.0968229241371154,0.0968925008296966
6575,748,1,8,1.01,0.99,True,True,True,True,5.530728968706998,5.553887605667114,5.57226026058197,5.575373923778534,9.040951427570644,9.002702899742633,8.973019616382995,8.96800836975307,1.8000005230759129,1.8737646341323853,1.9168426990509035,1.9230323791503907,0.1106145793741399,0.1110777521133422,0.1114452052116394,0.1115074784755706
5327,1803,8,16,0.47,0.8,False,True,True,False,3.7487121975421904,3.798869371414185,4.324398648738861,4.343640372753144,13.784881018458446,13.161811001062642,11.562301273457283,11.511081885109256,0.609726482629776,0.5071830749511719,0.9709162592887878,1.008173143863678,0.0749742439508438,0.0759773874282837,0.0864879729747772,0.0868728074550628
7383,1092,6,8,1.37,0.95,False,False,False,True,4.529909013509751,4.819183349609375,5.626750957965851,5.653219671249389,11.3311429033773,10.372176632085631,8.88561710670674,8.842630083805672,1.23947193980217,1.3156644105911257,1.7576916575431825,1.7663398671150208,0.091219891608315,0.0964117789268493,0.112541425704956,0.113088526058197
6361,878,8,32,1.63,0.91,False,False,False,False,4.584286735057831,4.640866637229919,5.404685425758362,5.432511625289917,11.18351367560485,10.768766871262834,9.247353169933014,9.199402043020696,1.290013837814331,0.9272645711898804,1.928687846660614,1.9347904396057125,0.0923364354663425,0.0928611469268798,0.1081390514373779,0.1087027204990387
6837,1620,3,16,1.85,0.73,True,False,True,True,4.458189761638641,4.785603046417236,4.876347768306732,4.887846028804779,11.576900298243638,10.448004345788569,10.2535755346192,10.22945479722385,1.198990169763565,1.238856077194214,1.521721088886261,1.5309471940994264,0.0891957332134247,0.0957120609283447,0.0975269553661346,0.0977569205760955
4103,395,6,16,1.42,1.0,False,False,False,True,4.778188058137894,4.7875224351882935,5.620655202865601,5.628565609455109,10.746256037861547,10.438130906989135,8.895760050516776,8.883257946412717,1.1870644342899324,1.0642435550689695,1.7112407207488998,1.809748675823212,0.095913644930412,0.0958026194572448,0.112413104057312,0.1125713121891021
5800,103,1,16,0.47,0.85,True,True,True,True,4.70486153960228,4.710419058799744,4.747214794158936,4.749712891578675,10.627855672181612,10.614766861471844,10.532491614367313,10.52695667100074,1.2722962737083434,1.2571797370910645,1.5333336472511292,1.5374857044219972,0.0940972307920456,0.0942083811759948,0.0949442958831787,0.0949942578315734
6679,168,5,32,1.62,0.82,False,False,True,False,4.529837820529938,4.715914607048035,5.484339118003845,5.488459780216217,11.40209409533944,10.598470727019594,9.116451089142403,9.101362885780082,1.301197842359543,1.5590656995773315,1.8178568840026856,1.8230596852302552,0.0908295747187829,0.0943532371520996,0.1096918077468872,0.1098736544132232
7784,489,2,8,0.61,0.76,True,False,True,False,4.582177398204803,4.708650827407837,5.33968288898468,5.360372407436371,11.461178632588132,10.618753039069006,9.363851977201431,9.327710278680469,1.4833535611629487,1.371503829956055,2.1641828298568724,2.213549587726593,0.091643547964096,0.0941730165481567,0.1067936577796936,0.1072074481487274
7267,934,4,16,0.68,0.72,True,False,False,False,4.344975376129151,4.674258232116699,4.825784540176391,4.831333310604095,11.87264015236987,10.69601068084916,10.35999668896666,10.315119971422137,1.1473660016059877,1.298815369606018,1.4722915649414063,1.4798579382896424,0.0873900276268229,0.0934928011894226,0.0965251274108886,0.096945070695877
5936,1183,4,32,1.26,0.92,False,True,False,False,3.8029916751384736,3.8756940364837646,4.403053617477417,4.414442503452301,13.59180506504649,12.900915280066062,11.355755447194802,11.326458543703495,0.692031239271164,0.5025531053543091,1.2419718384742735,1.2489395785331725,0.0760598335027695,0.0775138807296753,0.0880610723495483,0.088288850069046
6272,1467,7,16,1.57,0.96,True,False,False,False,4.3815100121498105,4.698736071586609,4.824896740913391,4.846864993572235,11.668655842548684,10.640319713667736,10.3515108752168,10.279632706643458,1.1517674458026883,1.189938187599182,1.5502721548080445,1.5831979322433472,0.0882914106969481,0.093982138633728,0.0966042611598968,0.0972963851292926
7105,1997,3,16,1.5,0.94,True,False,True,False,4.211348257064819,4.250163197517395,4.796048772335053,4.814300153255463,12.102743942073271,11.763113239359402,10.425248449216443,10.385725554190635,1.213092657327652,1.2916918992996216,1.5266241073608398,1.5320483350753784,0.0845965536884802,0.0850115084648132,0.095920975446701,0.0962860030651092
4942,1777,8,32,0.65,0.94,False,False,True,False,4.204211983680725,4.357785940170288,4.671626305580139,4.675958325862885,12.174912674648544,11.470895726827465,10.702663837692164,10.68310125762328,1.0928031647205352,1.0715638399124146,1.4974509239196778,1.5023023486137388,0.0841317721234427,0.0871771502494812,0.0934346833229065,0.0936057883739471
6410,345,4,8,0.81,0.95,True,True,False,True,6.004457005858422,6.028189897537232,6.05672322511673,6.059459455013275,8.285795909622605,8.293150370479019,8.254727095748514,7.94645603879631,1.869986963272095,2.108713865280152,2.138134515285492,2.1410895681381223,0.1207482071518897,0.1205814385414123,0.1211427087783813,0.1265859223842619
6908,504,8,16,1.18,0.73,False,True,False,True,4.149999511241913,4.011906147003174,5.167663145065307,5.174809703826904,12.623844336352336,12.45944108540899,9.671163880247086,9.660600850285087,0.7882267832756042,0.5319619178771973,1.6241264820098875,1.6270428562164307,0.0839572841471317,0.0802604222297668,0.1034001715183258,0.1035132304668426
7822,1732,3,16,0.24,0.75,True,True,True,True,4.873217422668248,4.9485180377960205,4.968891668319702,4.97261754989624,10.033434100640662,10.10227949097836,10.060492369679244,6.537972873884039,1.4094755061685222,1.4672555923461914,1.4808537006378173,1.4868601417541505,0.1001975357108774,0.0989875602722167,0.099398715019226,0.1529594253091251
7288,1159,5,32,0.75,0.75,False,False,True,True,4.479425990581513,4.83866286277771,4.898706698417664,4.90961508512497,11.501680929774457,10.332795656955636,10.19919827843032,10.16946266062692,1.1841121184825898,1.3376201391220093,1.5253140091896056,1.5391021966934204,0.0901064377237769,0.0967792296409607,0.0980469222068786,0.0983336274147033
5180,467,1,8,0.22,0.81,False,False,False,False,4.457312179803848,4.814666748046875,4.895525252819061,4.9053430128097535,11.551662305439422,10.38189653381876,10.208322516934109,10.1686893917597,1.1390458595752715,1.0830378532409668,1.54001989364624,1.550493347644806,0.0896206399998868,0.0963215160369873,0.0979592876434326,0.0983518521036419
4488,285,2,16,1.73,0.83,False,False,True,False,4.466227451562881,4.841751575469971,4.935416913032531,4.956483767032624,11.482592016570369,10.32507613443876,10.11194349161952,10.054807072207511,1.196636939048767,1.1642472743988037,1.8594860911369324,1.862325794696808,0.0901434382746617,0.0968515872955322,0.0988929579257965,0.0994922032197314
4584,1799,4,32,1.46,0.87,False,False,True,False,4.476377568244934,4.7707929611206055,5.191304886341095,5.202615478038788,11.498461299653934,10.48043991001952,9.63148982837792,9.610550733968369,1.2117399787902832,1.5055549144744873,1.6838074803352356,1.6899904274940492,0.0895275513648986,0.0954158592224121,0.1038260977268219,0.1040523095607757
7860,700,1,16,0.88,1.0,True,True,False,True,4.650439250469208,4.7018115520477295,4.727583730220795,4.731519739627839,10.606213760720824,10.631757174893911,10.568892721684238,8.718423204802331,1.58958181142807,1.5869323015213013,1.663712501525879,1.6711397457122803,0.0944536693464975,0.0940578293800354,0.0946172912120819,0.1152264448240004
5223,1819,4,8,0.65,0.84,False,True,True,True,4.143010094165802,4.192089200019836,4.911890852451324,4.9186470079422,12.62559436545287,11.926446080431017,10.178747607214763,10.154897554245236,0.9259254944324492,0.9669575691223145,1.442241632938385,1.4465560460090636,0.0832352351721595,0.0838472747802734,0.0982439136505126,0.0984746532917022
8037,1386,4,8,1.76,0.9,True,False,False,True,4.56194684624672,4.7608643770217896,5.241659450531006,5.250696206092835,11.3701017971397,10.501145495712372,9.53730973852218,9.521693257177406,1.436065046787262,1.3966712951660156,2.034483861923218,2.0402727365493774,0.0918894789064631,0.0952277064323425,0.1048513710498809,0.1050233371734619
4639,615,3,32,1.02,1.0,True,False,True,True,4.39454871058464,4.734671831130981,4.849304401874543,4.857112529277801,11.704705086106594,10.55746423679976,10.308079759232394,10.262486760116031,1.098693721294403,1.0055577754974363,1.557095181941986,1.5601798796653747,0.0885795858918239,0.0947197151184082,0.0970112788677215,0.0974566794063104
5148,255,6,16,0.73,0.77,True,True,True,True,4.907150423526764,4.905592441558838,4.960338926315307,4.968863995075226,10.189761508667951,10.19244886084001,10.0799563916821,10.062698698054964,1.18431476354599,1.2612409591674805,1.505892038345337,1.5074294996261597,0.0981430084705352,0.0981118488311767,0.0992067785263061,0.0993772799015045
4825,1481,7,16,1.08,0.93,False,False,False,True,4.527999693155289,4.848206520080566,4.9376843810081485,4.954399001598358,11.366082634402892,10.311913518708884,10.122743249180552,10.090931591185688,1.196007605791092,1.1026971340179443,1.581152319908142,1.593211178779602,0.0906872083751778,0.0969752120971679,0.0987874517440795,0.0990988827228546
4859,1763,6,8,0.43,0.89,False,False,False,True,4.569711954593658,4.866915464401245,5.072278654575348,5.084569730758667,11.238506644469398,10.270312236160418,9.853387281962188,9.820705737241347,1.098270754814148,1.0386399030685425,1.4659380912780762,1.4781431865692138,0.0919144740182246,0.0973680233955383,0.1014879426956176,0.1018303774858775
6624,235,7,16,1.56,0.96,True,True,False,True,4.811307355761528,4.859499931335449,4.885440182685852,4.889428601264954,10.264817870661693,10.2874041885165,10.231705257172544,9.229832393479716,1.3000369995832444,1.2275382280349731,1.5092812061309815,1.5135509753227234,0.097707682118497,0.0972062516212463,0.0977354190349578,0.1120011123608455
5594,822,7,16,0.55,0.92,False,True,False,False,3.743375561237335,3.776643991470337,4.34195522069931,4.348529102802277,13.790467940372045,13.23926759874244,11.515549440530696,11.49814085723125,0.5895306241512298,0.4591933488845825,0.9757221460342408,1.0147103571891785,0.0749417344927787,0.0755328798294067,0.0868391044139862,0.0869705820560455
6488,1158,3,32,0.44,0.8,False,True,True,False,3.889134268760681,3.949004411697388,4.707647788524628,4.735702965259552,13.737402377280295,12.66051685060351,10.621015476475014,10.55809462353338,0.7952526092529297,0.6130430698394775,1.3011557698249816,1.3067325115203858,0.0779774156093597,0.0789857172966003,0.0941529557704925,0.094714059305191
4538,1182,2,8,1.74,0.88,False,True,True,True,4.914635605812073,4.835470080375671,6.011784648895263,6.018840050697326,10.406064786847097,10.336216575568432,8.316668062250894,8.303860563077228,1.2995993173122409,0.9557540416717528,2.006468772888184,2.033354151248932,0.0992551014430846,0.0967472028732299,0.1202404608726501,0.1204259142398834
7059,1169,4,32,0.54,0.73,True,True,True,True,4.642201521992684,4.64967405796051,4.679606878757477,4.6840980434417725,10.771288171986695,10.753442063560112,10.684658228701707,10.674414026538685,1.381462928652763,1.5272387266159058,1.5678714752197265,1.5766992306709289,0.0928440304398536,0.0929934811592102,0.0935921375751495,0.0936819608688354
6247,1217,7,16,0.8,0.74,True,True,False,True,4.736445432901382,4.803867340087891,4.824968051910401,4.83129225730896,10.348746920829972,10.40148947333724,10.35030669093992,8.357598205250454,1.2117191761732102,1.4613507986068726,1.474649083614349,1.4805635666847228,0.0969484278083274,0.0961400771141052,0.096615496635437,0.1215898845657223
6111,1719,8,16,1.98,0.71,True,False,False,True,4.254223401546478,4.328017950057983,4.848568964004516,4.857579083442688,12.095121225304975,11.551908778283904,10.31232110975934,10.293193208760432,1.1361319541931152,1.1674504280090332,1.5526132583618164,1.5571481227874755,0.0851897679769075,0.0865657806396484,0.0969713792800903,0.0971515816688537
6699,1276,3,32,1.09,0.82,False,True,False,True,3.998414746522904,3.97021746635437,4.791698324680328,4.796010408401489,13.03047615528986,12.59238599321285,10.434713668344378,10.425331836764524,0.8101025176048279,0.6499682664871216,1.530094027519226,1.533278591632843,0.0801709262422151,0.0794130682945251,0.0958339664936065,0.0959202081680297
5935,1462,8,32,0.61,0.72,True,True,False,True,4.676482820510865,4.6858391761779785,4.717678630352021,4.719892206192017,10.692324338731105,10.67044783397558,10.59843281858648,10.593462316527594,1.2102833539247513,1.069008708000183,1.449654710292816,1.451830463409424,0.0935296564102172,0.0937167835235595,0.0943535726070404,0.0943978441238403
4689,1468,6,16,0.6,0.88,True,False,True,False,4.331148793697357,4.677741289138794,4.731474268436432,4.738899812698365,11.773779478742586,10.683011429387824,10.560428248074755,9.866464037717062,1.1349503529071807,0.996790885925293,1.568398928642273,1.5712845635414123,0.0876182934510402,0.0936065649986267,0.0946931295394897,0.1013559123185964
5756,1225,1,32,1.4,0.82,False,True,True,True,4.04693361878395,4.014516830444336,4.90355658531189,4.9116361665725705,12.806136157248432,12.453192575079026,10.195321796521,10.173412661310971,0.8703909075260162,0.6797441244125366,1.8360576391220087,1.8420465230941767,0.0816938649944322,0.0803006935119629,0.0980842018127441,0.0982954333305358
4747,1629,5,16,1.21,0.82,False,False,False,False,4.391440461874009,4.727751851081848,4.801818788051605,4.811451005935669,11.601969977113228,10.56049748226004,10.405825372246293,8.832326463836544,1.1461646366119385,1.016624093055725,1.673942232131958,1.6767517566680907,0.0891270728194811,0.0946925210952758,0.0961000175476074,0.1133297874443441
4757,959,6,8,0.68,0.71,True,False,False,True,4.764300973415375,5.088661551475525,5.383556973934174,5.392040095329285,10.869809145954385,9.824257495244652,9.2854201630165,9.245899020344313,1.317555935382843,1.3245184421539309,2.1134238719940184,2.1238569164276124,0.0963970446502461,0.1017888641357421,0.1076957194805145,0.1082746672602257
7544,1849,8,16,0.18,0.72,True,False,True,False,4.095033371448517,4.325404644012451,4.475705802440643,4.485485646724701,12.441918085907089,11.559065158178646,11.169193662240096,11.1232232099598,1.2499484968185426,1.333365797996521,1.6055763721466063,1.6426721334457397,0.0822128945469856,0.0865121865272522,0.089531977891922,0.0899019990444183
6987,2031,1,8,1.74,0.86,False,True,False,False,3.8457212913036334,3.608876943588257,4.966679692268372,4.993065211772919,13.518438777983818,13.8547256932398,10.047981053073814,10.013888872975716,0.8712638485431671,0.5555671453475952,2.4357352256774902,2.4430528926849364,0.0771103673293615,0.0721775388717651,0.0995224814414977,0.0998613042354583
5463,878,6,16,1.22,0.94,False,False,False,False,4.422734158039093,4.622187614440918,5.235676348209381,5.242422075271606,11.680698038071894,10.816371045090794,9.549484167235772,9.537302682548072,1.0875908052921297,1.4556410312652588,1.554242479801178,1.565382580757141,0.0889800107161204,0.0924524497985839,0.104717698097229,0.1048514484405517
6286,465,7,8,1.93,0.7,True,False,True,True,4.785457084178924,4.881079792976379,5.631712508201599,5.641897418498993,10.893025980124555,10.240955510033697,8.877243946617865,8.86197113025749,1.3652612006664275,1.4227728843688965,2.0526777267456056,2.0560536050796507,0.0964965439427258,0.0976471400260925,0.1126475746631622,0.1128417159080505
8014,454,8,32,0.57,0.71,True,True,True,True,4.776215371489525,4.807461500167847,4.840915155410767,4.844300329685211,10.37804521379759,10.399904640819823,10.327833055790364,9.734134313939787,1.3627692222595216,1.3577029705047607,1.431487512588501,1.4373680210113526,0.09648702166194,0.096154727935791,0.0968257324695587,0.1044371414661405
5106,1315,8,8,1.11,0.92,False,False,False,True,4.56884703874588,4.866511225700378,4.95917638540268,4.969623596668243,11.158188533090074,10.27369376307297,10.082021293432984,10.058744332576614,1.1538890993595123,1.125377893447876,1.5336814880371097,1.5440301203727722,0.0917326996237039,0.0973359751701355,0.0991864600181579,0.0994159890174865
7719,1935,7,8,1.58,0.72,False,True,False,False,4.052770581245422,3.876022338867188,5.072643136978149,5.079643228054047,12.967097937885336,12.89982338162172,9.856794325294146,9.843210996088873,0.8252147340774536,0.4835101366043091,1.70832622051239,1.7120050859451297,0.0810554116249084,0.0775204467773437,0.1014528627395629,0.1015928645610809
4130,633,6,8,0.63,0.86,False,True,False,False,4.048226613998413,3.926704525947571,4.919426906108856,4.930269646644592,12.907187801114114,12.73332375661088,10.163785549711156,10.141433149356546,0.7460219419002533,0.447514533996582,1.4340560793876649,1.436358149051666,0.0811735474461003,0.0785340905189514,0.0983885381221771,0.0986053929328918
5905,620,1,8,0.76,0.87,True,False,False,True,4.826607918739319,4.913935780525208,5.737770187854767,5.751682615280151,10.76282647210687,10.174028282965152,8.711555969367769,8.645153466548313,1.4518080246448517,1.4234195947647097,2.268878424167633,2.3183134102821352,0.0979898719002956,0.0982894849777221,0.1147900564670562,0.1158920560359949
5796,1734,2,32,0.57,0.93,True,True,False,True,4.904240280389786,4.917327284812927,4.943292772769928,4.950999813079834,10.195824946327374,10.16812534509708,10.114715504256642,10.09897399089682,1.2609487742185592,1.2968852519989014,1.5706942915916442,1.5767539358139038,0.0980848056077957,0.0983465456962585,0.0988658554553985,0.0990199962615966
6122,1217,2,16,0.61,0.98,False,False,True,False,4.474158600568772,4.812203288078308,4.922947371006012,4.927589983940124,11.530288069203635,10.390250994754876,10.156517274695783,10.146948140547549,1.1499671339988708,1.5057178735733032,1.5426715731620788,1.5644640111923218,0.0897328119993209,0.0962440657615661,0.0984589474201202,0.0985517996788025
6044,828,4,8,1.4,0.84,True,False,True,False,4.667498337030411,4.807175159454346,5.379354441165924,5.387797956466675,11.1587117882781,10.401118828752686,9.294795603798056,9.280229215032668,1.413550021648407,1.3991913795471191,2.101087760925293,2.104757568836212,0.0933821235683229,0.0961435031890869,0.1075870888233184,0.1077559591293335
7201,281,3,8,1.38,0.96,True,False,True,False,4.478326025009156,4.393998861312866,5.386537396907807,5.405737636089325,11.65898445213533,11.37810993551708,9.28063986860691,9.241859743344946,1.4037619090080262,1.305972695350647,2.093634533882141,2.135162296295166,0.0898323945681254,0.0878880596160888,0.1077511911392211,0.1082033314704895
7991,163,3,32,0.34,0.94,True,False,True,False,4.327967441082,4.642345547676086,4.835186696052551,4.843653109073639,11.905363745660646,10.767412964609733,10.339885056885098,10.286774951417774,1.1770392274856567,1.3461765050888062,1.5755365014076232,1.6063551330566406,0.0874730467253372,0.0928728199005126,0.0967128739356994,0.097338248464039
6181,1383,4,8,1.95,0.76,False,True,False,True,4.761100729703903,4.783920884132385,6.84040185213089,6.866988921165467,10.955012852005604,10.4441505090531,7.305924797864555,7.280047446021988,1.4285746252536773,1.4503504037857056,2.361757588386536,2.3885154843330385,0.0960656719582422,0.0957473826408386,0.1368752112388611,0.1373617421627044
5413,1583,3,32,1.1,0.75,False,False,False,False,4.223597136735916,4.369237661361694,4.6954472184181215,4.700876848697662,12.104916341728469,11.443644005412931,10.648612938264364,10.636313528359132,1.1099095630645752,1.0610474348068235,1.5531510949134826,1.5561441779136658,0.0844719427347183,0.0873847532272338,0.0939089443683624,0.0940175369739532
4305,1496,5,32,1.58,0.97,False,False,False,False,4.416568433046341,4.724072575569153,4.920436608791351,4.9242797327041625,11.622534047708864,10.580810601674306,10.161679746706104,10.152569040362966,1.130915924310684,1.1306767463684082,1.792011761665344,1.7970714473724363,0.0888484643191098,0.0945107173919677,0.0984089269638061,0.0984972371578216
4830,252,8,8,1.94,0.96,False,False,False,False,4.451562070846558,4.772427439689636,4.969985496997833,4.977802655696869,11.54375994873834,10.476848678679056,10.060391553431664,10.044592703318663,1.1580385875701904,1.2034764289855957,1.937419068813324,1.9416343832015992,0.0890312414169312,0.0954485487937927,0.0993997099399566,0.0995560531139373
7769,1810,1,16,0.63,0.82,False,True,False,False,3.674886758327484,3.797800302505493,4.161301589012146,4.1680424284935,13.96145445492991,13.161208332819555,12.014688047038222,11.988255898230424,0.564061758518219,0.4844717979431152,0.8780307650566102,0.923333535194397,0.073757616686821,0.0759808731079101,0.0832314577102661,0.0834149713039398
7411,892,5,16,1.24,0.89,True,False,True,True,4.502817416191101,4.838369965553284,4.911954593658447,4.923145396709442,11.445719097688468,10.334059084197662,10.179247192777376,10.15610874222464,1.2557529711723328,1.3323607444763184,1.5019790530204773,1.5213809871673585,0.0901170036885797,0.0967673993110656,0.0982390918731689,0.0984629079341888
7334,663,5,8,1.24,0.71,False,True,True,False,3.93431290268898,3.796104550361633,4.917310905456543,4.92794709444046,13.349852880428802,13.17139808071676,10.168159175622096,10.146213021976006,0.772565152645111,0.44733726978302,1.6159540057182311,1.624169909954071,0.0791180775513251,0.0759220910072326,0.0983462181091308,0.0985589418888092
7283,657,5,32,0.01,0.82,False,True,True,False,3.5691003894805906,3.186257004737854,4.53380697965622,4.542511909008026,14.7598880781977,15.692393909880732,11.028259523956088,11.007125795628127,0.6964026522636414,0.5154057741165161,1.2035546779632569,1.2119413709640503,0.0713820077896118,0.063725140094757,0.0906761395931243,0.0908502381801605
6639,2036,3,16,1.88,0.76,False,True,False,False,3.767524701356888,3.754618167877197,4.568409526348114,4.575017337799072,13.81740040770712,13.31693340288382,10.944728079796349,10.928920335850924,0.6743161952495575,0.4726951122283935,1.241610085964203,1.2674306535720825,0.0753504940271377,0.0750923633575439,0.0913681905269622,0.0915003467559814
5671,141,1,8,1.68,0.71,False,True,False,True,5.094840543270111,5.0094910860061646,6.111997652053833,6.125173263549804,10.12060937329819,9.980890146173564,8.180631438362038,8.16303451116922,1.4273927640914916,1.0989476442337036,2.4176214933395386,2.450698704719543,0.1021007762446998,0.1001914644241332,0.1222399530410766,0.122503465270996
5437,356,8,16,0.05,0.99,False,True,False,False,3.2270782995224,2.8220677375793457,4.222785234451294,4.232031717300415,16.51078420666983,17.717505306529752,11.840526388268657,11.814656268126308,0.571595447063446,0.5052875280380249,0.8821597576141357,0.927637631893158,0.064634316432887,0.0564413547515869,0.0844557046890258,0.0846406343460083
5374,919,2,32,1.65,0.86,False,False,False,False,4.4694651055336,4.622579336166382,5.050449693202973,5.060159659385681,11.352476893993195,10.81647207062908,9.900108532009677,9.881111169588104,1.3820322835445404,1.228596806526184,1.965633261203766,1.9706984782218933,0.089389302110672,0.0924515867233276,0.1010089938640594,0.1012031931877136
5855,1815,1,16,0.56,0.79,True,False,False,True,4.131883809566498,4.423336029052734,4.462562501430512,4.475075118541717,12.340699712266645,11.301872261105364,11.202700954100788,11.16250917151472,1.1513439953327178,1.2412139177322388,1.5904521703720094,1.596163308620453,0.0832169248739878,0.0884809160232543,0.0892641878128051,0.0895855927944183
4674,1376,4,16,1.5,0.78,True,True,True,True,4.838233962655067,4.866198301315308,4.8849365234375,4.8878695678710935,10.30513843970147,10.274590204436512,10.23379516262026,10.099035980342409,1.2352744847536088,1.5153756141662598,1.5289927959442138,1.534434106349945,0.0970501798819273,0.0973274827003479,0.0977154598236084,0.0990776061571561
6423,67,3,16,1.57,0.82,False,True,False,True,4.606276104450226,4.2922422885894775,8.13762137889862,8.175715301036835,11.32437980132323,11.642758961003764,6.133718792328035,6.114258074623991,1.3564491474628448,0.9426380395889282,4.728578937053681,4.738584809303283,0.0928268255603474,0.0858902955055236,0.1630332379341125,0.1635521412849426
8078,823,8,16,1.83,0.87,False,False,True,True,4.561148413419724,4.7700687646865845,5.168725001811976,5.520379722118378,11.180685139342824,10.482029185539789,9.67536222722738,9.057348569507225,1.419793449640274,1.388824701309204,2.0990459918975795,2.300094780921936,0.0912229682683944,0.0954013752937316,0.1033745000362395,0.1104075944423675
7435,2047,7,32,0.55,0.73,False,False,True,True,4.442537176609039,4.7806785106658936,4.878774273395538,4.896147570610046,11.56535787804286,10.457646187074896,10.24702646544622,10.204033360356402,1.203184143304825,1.3029818534851074,1.4194575428962708,1.4317432427406311,0.0894327152642336,0.095623812675476,0.0975892870426178,0.0980014229362661
5873,457,8,16,0.4,0.76,True,False,False,False,4.324990794658661,4.693152546882629,4.723132741451264,4.732554399967194,11.934386377668272,10.653819476272488,10.58619411363224,10.56511896987338,1.0516422283649445,1.1233867406845093,1.5719590544700623,1.5788118577003478,0.0865829022033794,0.0938630509376525,0.0944626548290252,0.0946510879993438
5065,511,3,8,1.03,0.87,False,False,True,False,4.439857705831527,4.754550814628601,4.888470780849457,4.905275704860687,11.579394013285334,10.514609208500772,10.224989972047643,10.171358310997018,1.1573187232017517,1.1590907573699951,1.5661970019340514,1.5773894715309142,0.0893121380287058,0.0951057696342468,0.0977996091842651,0.0983152892112732
4822,2040,2,16,0.4,0.91,False,False,True,False,4.442715210914612,4.739506244659424,4.827292513847351,4.861947441101075,11.560142809490417,10.549622139886257,10.357772987507712,10.283945018544175,1.185038996934891,1.0499085187911987,1.5673696994781494,1.569950261116028,0.0888543042182921,0.0947901248931884,0.096545850276947,0.0972389488220214
4594,1276,8,32,0.01,0.91,False,True,True,True,3.91458753824234,3.6884125471115112,4.801226532459259,4.819519224166871,13.342500020403545,13.55596754890694,10.414005612073584,10.374478809709691,0.7734858310222625,0.6630346775054932,1.442984163761139,1.4458740258216858,0.0782917507648468,0.0737682509422302,0.0960245306491851,0.0963903844833374
5125,1764,5,8,0.07,0.74,False,True,False,True,4.464079180955887,4.642222046852112,5.314547479152679,5.320975992679596,11.86713996529709,10.766861492820064,9.404368819172744,9.372571716538198,1.0103144001960755,1.0951772928237915,1.5787519693374634,1.5835853099822998,0.0902478814515294,0.0928775763511657,0.1063335583209991,0.106763248266893
6130,190,1,8,0.54,0.78,True,False,True,False,4.586269527673721,4.761340379714966,5.225386202335358,5.237495849132538,11.339740982225754,10.501244610671431,9.568670744713618,9.546546947620216,1.3844847881793976,1.3763176202774048,2.0521907806396484,2.058981828689576,0.0917253905534744,0.0952268075942993,0.1045077240467071,0.1047499169826507
7650,1319,2,8,0.97,0.92,True,True,True,True,5.494840213656426,5.509601473808289,5.526379895210266,5.528772211074829,9.099747517153356,9.075066547924434,9.047514101450629,9.043599706275105,1.9411698192358016,1.9101179838180544,2.1017065048217773,2.105922904014588,0.1098968042731284,0.1101920294761657,0.1105275979042053,0.1105754442214965
7322,291,2,32,1.18,0.98,False,False,True,True,4.627646788358688,4.831754565238953,5.2617027759552,5.269555058479309,11.18999268083622,10.34820774493313,9.50262727269929,9.488467152712222,1.404853754043579,1.5044541358947754,2.1651167273521423,2.1774474692344667,0.0925529357671738,0.096635091304779,0.105234055519104,0.1053911011695861
4165,1398,2,32,0.08,0.74,True,True,False,True,4.701293563842773,4.7105042934417725,4.742044341564179,4.759804441928863,10.635835071669186,10.614574783287791,10.543975635611254,10.504807941651933,1.1387131989002228,1.3672329187393188,1.4449289560317993,1.4501008081436155,0.0940258712768554,0.0942100858688354,0.0948408868312835,0.0951960888385772
6005,1250,8,32,1.7,0.87,True,True,True,True,4.344608035683632,4.373673319816589,4.399830174446106,4.404607970714569,11.420980771725748,11.430206117740678,11.355441819960271,10.683573191999937,1.2561732918024062,1.0146808624267578,1.5583406209945678,1.558980257511139,0.0876858388384183,0.0874874877929687,0.0880635044574737,0.095266923189163
5451,158,6,8,1.74,0.84,True,False,False,True,4.083224997520447,3.90829873085022,5.010110473632812,5.0163367748260494,12.906080683236132,12.79329025235974,9.979819861204565,9.96743298319348,1.3756430995464326,1.534231424331665,2.0470186948776243,2.0514718961715697,0.0816644999504089,0.0781659746170043,0.1002022094726562,0.1003267354965209
5244,1547,7,16,0.85,0.76,True,True,True,True,4.698396673798561,4.713450193405151,4.734646224975586,4.750726861953735,10.642457800101475,10.60794068165971,10.560451275908228,10.524705281049998,1.167214885354042,1.030829668045044,1.4103086471557618,1.4131542468070983,0.0939679334759712,0.094269003868103,0.0946929244995117,0.0950145372390747
6370,727,1,8,1.75,0.93,True,False,False,False,4.617236683368683,4.737347006797791,5.380083155632019,5.405824935436248,11.27443240394244,10.554017852142518,9.293166136272353,9.248594273964642,1.354817031621933,1.2804570198059082,2.083158373832702,2.0910147190093995,0.093057890343666,0.094750645160675,0.1076059532165527,0.1081245399951934
6099,1140,6,16,1.29,0.82,False,False,False,True,4.583482000827789,4.970160484313965,5.1179749965667725,5.129214608669281,11.214724110693266,10.056918903041588,9.764478202920458,9.713477945480316,1.1195924043655396,1.319851636886597,1.619886577129364,1.6253874135017394,0.0926090908828903,0.0994340324401855,0.102412026643753,0.1030914132356639
4511,390,8,16,0.3,0.88,False,True,True,False,3.31574383020401,3.167256593704224,3.970215928554535,3.975636074542999,15.486928441721096,15.78626717948693,12.593773471214808,12.57660385973558,0.5770877468585968,0.4397417306900024,0.9449373126029968,0.9495627331733704,0.0666020909275327,0.063346197605133,0.0794043185710906,0.0795127214908599
5630,532,1,32,0.22,1.0,False,False,True,True,3.9350576174259184,3.856953263282776,4.722359812259674,4.731836323738098,13.264637891472342,12.963600378723516,10.58792679703626,10.56672236532905,1.1356776666641235,1.116464614868164,1.518286955356598,1.521006414890289,0.0787011523485183,0.0771390652656555,0.0944471962451934,0.0946367264747619
6259,1914,1,16,0.8,0.77,True,False,True,False,4.2928810155391695,4.607578158378601,4.86297093629837,4.872375366687774,12.040848901175345,10.848537820786428,10.279288487213345,10.204016952007114,1.0314093363285064,1.1615819931030271,1.575842237472534,1.5827185940742492,0.0865555176630616,0.0921783208847046,0.0972829980850219,0.098002053669095
6941,1248,4,16,1.0,0.75,False,True,False,True,3.854986255168914,3.663039207458496,4.751866590976715,4.762920482158661,13.52756673567708,13.64790305383623,10.521978852978537,10.496944117924254,0.7659746599197388,0.5018633604049683,1.4698602914810182,1.4718981552124022,0.0774568950448717,0.0732713294029235,0.0950391571521759,0.0952658210754394
8125,792,3,8,0.53,0.78,False,True,True,True,4.257873216867447,4.622561573982239,4.745307874679566,4.760063922405243,12.235903056571145,10.815534867159798,10.536133888430546,10.501075141645368,1.0287765097618102,1.0957095623016355,1.5619166374206543,1.5921668601036072,0.085694764778018,0.0924595975875854,0.0949114742279052,0.0952283443927765
5367,1630,4,32,1.01,0.88,False,True,True,False,3.823515644073487,3.7498624324798575,4.517447376251221,4.522801923751831,13.533981727665507,13.333822489079292,11.068197633525216,11.055094043479333,0.6808917248249053,0.5697047710418701,1.1526498317718503,1.1586538887023925,0.0764703128814697,0.0749972486495971,0.0903489475250244,0.0904560384750366
8044,1636,5,16,1.79,0.74,False,False,False,False,4.291979790925979,4.429251074790955,4.7552171587944025,5.019721050262451,11.852726329970446,11.288590142446765,10.514768441435583,9.960712905629023,1.420408058166504,1.348005294799805,2.193656849861145,2.259683303833008,0.0858395958185196,0.0885850214958191,0.095104343175888,0.100394421005249
5520,1088,6,32,0.13,0.84,True,True,False,True,4.838002371788025,4.859673857688904,4.88856143951416,4.923284602165222,10.287209070447432,10.288125625994349,10.19338241482063,9.873746359614016,1.239014282822609,1.4177807569503784,1.5130597233772278,1.5231919145584103,0.0972405886270783,0.0971994352340698,0.098102878332138,0.1015966545885258
7242,1119,8,16,1.67,0.93,False,True,False,False,3.821039603948593,3.813184142112732,4.656850349903107,4.665285673141479,13.565487757994894,13.111413681547589,10.73631913625011,10.713707007295628,0.6777281308174133,0.4523782730102539,1.3154190063476563,1.3649066877365112,0.0766635520502925,0.0762694263458252,0.0931417920589447,0.0933383749485015
7147,878,1,32,1.43,0.8,False,False,True,False,4.400238473415374,4.657060146331787,4.834334027767182,4.845421578884125,11.67899794674496,10.736387016953168,10.342686249158952,10.319019734141808,1.205894718170166,1.254601001739502,1.7644105672836303,1.7729844045639038,0.0880047694683075,0.0931412029266357,0.0966866805553436,0.0969084315776825
7754,1320,2,32,1.79,0.75,True,True,False,True,4.648384538292885,4.683706521987915,4.711389517784118,4.715519058704376,10.645902323278534,10.674954082603763,10.610857461590992,9.828774150935152,1.3727716654539108,1.367356777191162,1.4462218523025512,1.4509881114959715,0.094155300708378,0.0936772179603576,0.0942430908679962,0.1047943299349613
7282,543,3,16,1.97,0.96,False,True,False,False,3.6903844046592713,3.706922054290772,4.420997738838196,4.430389301776886,13.922244832944225,13.480045852177906,11.309664233368508,11.2856899510812,0.6885889339447021,0.6060851812362671,1.206014919281006,1.2097780871391297,0.0740677428960799,0.0741837239265441,0.0884199547767639,0.0886077860355377
4896,1774,1,16,0.15,0.78,False,True,False,True,4.039265950918198,3.997503876686096,4.891941428184509,4.8986568665504455,12.938294240553228,12.506687881195797,10.220138750430378,10.205671639909276,0.7178502559661866,0.5280507802963257,1.428198516368866,1.4311465859413146,0.0814066707402697,0.0799572205543518,0.0978460299968719,0.0979847324371337
4782,1147,6,16,1.31,0.8,False,True,True,False,3.470826847553253,3.0580735206604004,4.435001945495605,4.442683174610138,14.930814146004565,16.347481607915093,11.265371425731084,10.873841868316036,0.6262266457080841,0.3422741889953613,1.232123112678528,1.2355719304084778,0.0700563891682546,0.0611715030670166,0.0887676014900207,0.0919640375108192
4768,1781,4,8,0.04,0.85,True,False,False,True,4.788244605064392,4.852455496788025,5.517661881446839,5.524698920249939,10.727541097851692,10.30095145620438,9.061166042804926,9.049781731996584,1.4067974185943604,1.4085482358932495,2.0352227330207824,2.134047632217407,0.096335197039114,0.0970784163475036,0.1103610725402832,0.1104999027252197
7827,683,6,32,0.63,0.84,True,False,True,True,4.104450805187225,4.122580409049988,4.724418699741364,4.732688667774201,12.51154031472948,12.127686200599827,10.583312611760247,10.564819217970216,1.2570755410194396,1.3951841592788696,1.569582211971283,1.6157195925712584,0.0821856770026378,0.0824559593200683,0.0944883739948272,0.094653773355484
5920,2029,7,32,0.85,0.98,False,True,True,True,4.045605108737946,3.991635799407959,4.880612146854401,4.884218723773956,12.793012215098244,12.520047340030798,10.24406333749764,10.233454094605031,0.7763548469543458,0.5834064483642578,1.4886514663696289,1.520005373954773,0.0817067391592915,0.0798719024658203,0.0976175143718719,0.0977187180995941
8118,213,7,32,1.25,0.75,True,False,True,True,4.259163929224014,4.29892885684967,4.867065358161926,4.876665840148926,11.997425760070614,11.627274250558036,10.27313100172208,10.252906742222628,1.258584840297699,1.2946717739105225,1.527782666683197,1.5552044439315795,0.0855316293590598,0.086004683971405,0.0973413071632385,0.0975333168029785
4265,95,3,32,1.3,0.78,True,True,True,True,4.863801330327988,4.861125946044922,4.900698697566986,4.920623321533203,10.28045576936741,10.285682915592428,10.20262683057378,10.161450407605235,1.1928856045007703,1.4221696853637695,1.522270107269287,1.5280225777626038,0.0972760266065597,0.0972225189208984,0.0980139739513397,0.098412466430664
5438,1503,3,32,1.95,0.76,False,True,False,True,4.122252134084701,4.182677984237671,5.244920217990876,5.259042265415192,12.67847051117164,11.954063934407197,9.533033472748317,9.507434534248922,0.9872932982444764,0.7414809465408325,2.2826776027679445,2.28487631559372,0.0824450426816939,0.0836535596847534,0.1048984043598175,0.1051808453083038
4037,1088,1,16,0.01,0.78,False,False,True,False,4.531802738904953,4.883089303970337,4.917554438114166,4.923517789840698,11.337610589275842,10.238173349972062,10.166922298036914,10.152421471078632,1.1336347115039829,0.9944195747375488,1.504692566394806,1.5264227128028869,0.0909147117791352,0.0976736736297607,0.0983581833839416,0.09849866938591
5528,1574,1,32,0.56,0.88,False,True,True,True,4.103211793899536,3.994447588920593,4.981758558750153,5.0055618095397945,12.724821943499906,12.514774905585668,10.03272691455177,9.98017949186103,0.7858450698852539,0.5495705604553223,1.5455270886421204,1.5487148785591125,0.082426666560769,0.0799055528640747,0.0996737992763519,0.1001985987186431
4162,1852,2,32,1.87,0.83,False,True,False,False,3.915254431962967,3.8343135118484497,4.975646722316742,4.985549821853637,13.282831885797544,13.04014412902074,10.048945029987168,10.028984152268814,0.775838874578476,0.5176297426223755,1.60016348361969,1.611265528202057,0.0783050886392593,0.076686270236969,0.0995129344463348,0.0997109964370727
5832,1281,8,8,0.27,0.88,False,False,True,False,4.434968328475952,4.775798797607422,4.816527152061463,4.8287348294258114,11.604490844758914,10.466343650431313,10.375942555228647,10.353247517274458,1.1878224337100982,1.1522430181503296,1.5148596167564392,1.5200897765159609,0.0888488289541668,0.0955443501472473,0.0963767867088317,0.0965880511283874
6492,839,6,32,0.38,0.97,False,True,False,False,3.851767473220826,3.861428260803223,4.535240864753723,4.542939724922181,13.499877200097163,12.948003911589602,11.024772922986704,11.006089286292337,0.7280796825885772,0.5621610879898071,1.2324690103530884,1.236083745956421,0.0771544813053948,0.0772319817543029,0.0907048172950744,0.0908587944984436
4358,1721,7,16,1.25,0.82,True,False,False,False,4.378470817804336,4.671032667160034,4.807536149024964,4.822409062385559,11.759287082898611,10.703634351037598,10.400231744299932,10.35358083955332,1.131170084476471,1.015424370765686,1.5240420699119568,1.6229585337638854,0.0877191720088323,0.0934262108802795,0.0961517035961151,0.0965849415302276
4402,1542,4,8,1.67,0.97,False,False,True,True,4.790817790031433,4.721463561058044,5.670529139041901,5.679861352443695,10.62662559237905,10.58916665792886,8.81701233156521,8.800676186637583,1.2954915356636048,1.062351942062378,1.833844792842865,1.842441942691803,0.096398094856739,0.094436137676239,0.1134171035289764,0.1136276345729827
6444,65,6,32,0.51,0.79,True,True,False,True,4.431267949770081,4.46479344367981,4.496017456054688,4.512294511795044,11.22085485150744,11.193982568223769,11.083791575682536,10.684058114029146,1.2033905128263078,1.198376178741455,1.231294584274292,1.2483246898651124,0.0891404496948673,0.0893337106704711,0.0902218341827392,0.0937364017486572
7476,2035,3,16,0.23,0.73,True,False,True,False,4.054963699579239,4.188080191612244,4.716255295276642,4.729353051185608,12.91630836562226,11.938644369998844,10.601631405989403,10.572270680231425,1.248444082736969,1.338001370429993,1.5258201956748962,1.5329783153533936,0.0812079393580556,0.0837616038322448,0.0943251059055328,0.0945870610237121
8002,519,7,32,0.98,0.81,False,True,True,True,4.0281821370124815,3.965240359306336,4.837137711048126,4.843364217281342,12.98916775216318,12.608176359147752,10.336691449426086,10.323402866866395,0.8107028043270111,0.6776821613311768,1.4897421956062318,1.4928077673912048,0.080694030786963,0.0793136119842529,0.0967427542209625,0.0968672843456268
5063,1731,7,32,0.92,0.8,False,True,False,True,4.066488192081452,4.084864974021912,4.84155524969101,4.8532896018028255,12.79161151947582,12.239393000122838,10.325361510891268,10.29412889216641,0.8084484601020813,0.6337497234344482,1.4785865545272827,1.4840832686424257,0.0818764589074862,0.0817033982276916,0.0968489096164703,0.0971427510261535
4468,1047,8,16,0.77,0.75,True,True,False,True,4.764055469632149,4.806526064872742,4.828377151489258,4.845536403656006,10.382346391212684,10.399325325775775,10.349368652981132,9.390712043384966,1.2606933563947678,1.520639419555664,1.5352232217788695,1.5406733965873718,0.0966505095511675,0.0961600875854492,0.0966242516040802,0.1110033654332157
6473,1010,6,8,1.07,0.96,True,False,True,False,4.57316326379776,4.720122933387756,5.309552156925202,5.321352517604828,11.40648711650427,10.592380791800132,9.41505385971093,9.39024951124997,1.3143815791606903,1.4254908561706543,2.057994198799133,2.0658553314208983,0.0919830560028553,0.0944074821472168,0.106212881565094,0.1064934433460235
7257,980,5,32,1.61,0.81,False,True,True,False,3.855917911529541,3.903281569480896,4.775920808315277,4.800918831825256,13.362695813362851,12.802450121003098,10.450103283587064,10.405057255100049,0.8315062952041626,0.5807428359985352,1.8781004548072813,1.8868001770973208,0.077866599288708,0.0781100487709045,0.0956928341388702,0.0961097850350772
4637,1206,6,16,0.75,0.86,False,True,True,True,4.234931399822235,4.303404331207275,5.064008915424347,5.077877147197723,12.46328784405768,11.616540156006456,9.8692275539105,9.845441549510172,0.7625316596031189,0.5545227527618408,1.4905154347419738,1.5800751209259032,0.0852284541214213,0.0860841512680053,0.1013250524997711,0.1015698479175567
6588,1209,5,16,0.44,0.88,False,True,True,False,3.810398454666138,3.7155020236968994,4.588115215301514,4.59728819847107,13.612031444988505,13.451470541631164,10.896714074342242,10.871150369763669,0.6996330749988556,0.4634484052658081,1.2070585489273071,1.214513328075409,0.0766537027359009,0.0743413162231445,0.0917707848548889,0.0919865852355957
4201,345,7,32,1.19,0.92,False,False,False,True,4.3672612392902375,4.466284155845642,4.996454453468322,5.007749869823456,11.740343458614626,11.194408304648828,10.005104985180074,9.98237407442805,1.080869610309601,1.004294753074646,1.5223562002182007,1.526444227695465,0.087734749991837,0.0893303132057189,0.0999489769935607,0.1001765705108642
6400,254,6,32,1.16,0.81,False,True,True,True,3.83039628982544,3.6382046937942505,4.898825991153717,4.906094574928284,14.012797257914531,13.742372022421726,10.203731539438724,10.172947787313367,0.7856101465225219,0.5983083248138428,1.6181583285331729,1.621739225387573,0.0770436664753363,0.072767641544342,0.0980033626556396,0.0983042393181058
5872,697,6,8,0.04,0.75,True,True,False,True,5.450322476029396,5.45312774181366,5.492305409908295,5.504845774173736,9.174113362324054,9.16904985072996,9.103645246435786,9.083006840489633,1.8347008585929871,1.6600180864334106,2.126242363452912,2.12986332654953,0.109006449520588,0.1090625548362732,0.1098461081981658,0.1100969154834747
4233,983,1,8,1.4,0.84,False,True,True,True,5.045713521242142,4.924140214920044,6.166077494621277,6.171753804683686,10.13034945565708,10.145210656152836,8.106841978319435,5.51107638609584,1.3164051568508148,1.191825270652771,2.0192884325981137,2.034387671947479,0.1054631369951801,0.0985686779022216,0.1233525962829589,0.1817094935982984
7345,1406,1,8,1.52,0.95,True,False,False,False,4.662384676933288,4.818870782852173,5.364841139316559,5.376826643943787,11.191080332071715,10.375875303811137,9.319940463917808,9.29916550514796,1.4777557027339936,1.449257493019104,2.0748303532600403,2.082674441337585,0.0932476935386657,0.0963774156570434,0.1072968227863311,0.1075365328788757
7686,1898,2,16,1.68,0.78,False,False,True,False,4.3737733578681945,4.601577162742615,4.921248269081116,5.278792600631713,11.726806988983029,10.86583974490754,10.160024212488494,9.471863274718666,1.3248886823654176,1.4256130456924438,1.7611863136291503,2.108244724273681,0.0874754671573639,0.0920315432548523,0.0984249653816223,0.1055758520126342
5315,1379,1,32,1.04,0.74,False,False,True,True,3.94270370721817,4.130419731140137,4.28518922328949,4.2923468708992,12.908167846889066,12.105307329853431,11.668096181892036,11.64863919546634,1.0515487575531006,1.1211891174316406,1.5505770206451417,1.5570043516159058,0.0788540741443634,0.0826083946228027,0.0857037844657897,0.085846937417984
5133,1567,4,16,0.79,0.9,True,True,False,True,4.837323334813118,4.868195652961731,4.899322605133056,4.920695223808289,10.229742480014306,10.265387301266577,10.184735101370244,9.33318744841765,1.2694491654634477,1.0748780965805054,1.5766178846359251,1.5786081099510192,0.0980262817389824,0.0974147534370422,0.0981861581802368,0.1107902639220739
5103,1920,4,32,0.57,0.94,False,True,True,True,4.107449215650559,4.051177263259888,4.950061786174774,4.974505975246429,12.77616910401498,12.342091394647838,10.099148768720884,10.050756402769457,0.7914979994297028,0.6405771970748901,1.4969184160232545,1.5042487168312073,0.0822517255306243,0.0810235452651977,0.0990182480812072,0.0994949994087219
5265,216,1,16,0.98,0.85,False,False,True,False,4.172390201091766,4.283212661743164,4.7840481996536255,4.794827740192413,12.310999837790732,11.671000048409663,10.44948969941616,10.295977312588816,1.0698207271099092,1.091453194618225,1.4399665236473085,1.447053344249725,0.084271987931224,0.0856824612617492,0.0956984531879425,0.0971359415188468
7501,1899,3,32,0.2,0.86,True,True,True,True,4.819207981654576,4.827573180198669,4.856325161457062,4.858556873798371,10.37554166816079,10.35717729487601,10.295852129639927,10.291121689555036,1.355144327027457,1.409274697303772,1.4372954368591309,1.4391715788841248,0.0963841596330915,0.0965514636039733,0.0971265032291412,0.0971711374759674
5272,1596,8,8,0.8,0.99,False,False,False,False,4.462759169340134,4.79820728302002,4.917835402488708,4.930748209953308,11.54785399573419,10.417921182532936,10.165214393661666,10.127526899693429,1.1372543168067932,1.089396595954895,1.5534401297569276,1.559721791744232,0.0898097608923912,0.0959884405136108,0.0983747084140777,0.0987407922267913
5805,427,2,16,1.84,1.0,True,False,False,True,4.426284440755844,4.784236550331116,4.844867753982544,4.854227225780488,11.634081623795868,10.450582831099789,10.317072537398246,10.296211513189483,1.128906022310257,1.16341233253479,1.519891345500946,1.5329311466217042,0.0888972918644373,0.0956884431838989,0.0969267199039459,0.097123101902008
5632,275,3,32,1.03,0.97,False,False,False,True,4.678611422777176,4.805784821510315,5.360330164432526,5.369860064983368,11.085214083657434,10.40412792658075,9.327783638683762,9.311229632818405,1.3522594380378723,1.315574288368225,1.95066990852356,1.957084882259369,0.0935722284555434,0.0961156964302062,0.1072066032886505,0.1073972012996673
6798,371,6,32,1.92,0.85,False,False,False,True,4.764130071401596,4.724821448326111,5.316425013542175,5.381886632442471,10.710018935429137,10.582414335637496,9.404816442318948,9.29097556189125,1.6668898749351502,1.3325549364089966,2.5438082218170166,2.60788960456848,0.0952826014280319,0.0944964289665222,0.1063285002708435,0.1076377326488494
6740,1488,5,16,0.78,0.72,False,True,True,True,4.064373445510864,3.932694673538208,4.983907341957092,5.0042862224578855,12.91011286001405,12.713808157089677,10.031991785656905,9.976045660216736,0.7966399729251862,0.567139744758606,1.601194155216217,1.602637279033661,0.0816361218363046,0.0786546397209167,0.0996811025142669,0.1002401197910308
5230,1627,2,8,1.82,0.93,False,False,True,False,4.706679354906083,4.580058336257935,5.926567649841308,5.952679705619812,10.737867307342196,10.883372870309984,8.430366855354857,8.372719530424618,1.3791998732089996,1.2196500301361084,2.113439333438873,2.1171718049049377,0.0954259538233279,0.0918836426734924,0.1186188297271728,0.1195008986353871
7890,904,2,8,0.94,0.73,False,True,True,True,4.282070393562317,4.50527811050415,4.897014939785004,4.9041814661026,12.260724935233691,11.098094007706475,10.21030170723956,10.19538129809342,1.03855544090271,1.141034722328186,1.48221138715744,1.4871055006980896,0.0856414078712463,0.090105562210083,0.0979402987957,0.098083629322052
7863,308,2,32,0.92,0.9,False,False,False,False,4.4350122344493865,4.761215329170227,4.839330732822418,4.854722514152527,11.551891066529542,10.501240408432093,10.331643675285024,10.294923509007816,1.2656897938251497,1.3715336322784424,1.4762783765792846,1.5130263304710387,0.089249437072873,0.0952268457412719,0.0967900202274322,0.0971352573871612
6813,1911,6,16,0.81,0.8,True,True,False,True,4.81756973862648,4.831803202629089,4.863214576244355,4.868039829730988,10.379452754653933,10.348103584271916,10.281265495480236,10.27107725384106,1.2626899927854538,1.0918240547180176,1.5365360021591186,1.5389559364318848,0.0963513947725296,0.0966360640525818,0.097264291524887,0.0973607965946197
8182,177,8,32,0.2,0.78,False,True,False,False,3.89753557920456,3.89818811416626,4.62189028263092,4.629951484203339,13.324812408480526,12.824473184318707,10.817760726605623,10.795263706825263,0.7716699075698853,0.6176645755767822,1.2620973110198974,1.268153486251831,0.0784402850657701,0.077975914478302,0.0924405732154846,0.0926332165241241
4522,1361,8,8,0.58,0.99,True,False,False,True,4.617959876060485,4.859267592430115,5.21333349943161,5.233385500907898,11.2731981341817,10.28961650190267,9.590792607923907,9.554044962414167,1.3089328980445862,1.2499560117721558,2.111472690105438,2.1215222096443176,0.0923591975212097,0.0971853518486023,0.1042666699886322,0.1046677100181579
6335,1244,3,8,1.19,0.89,True,True,True,True,5.500945413112641,5.527915239334106,5.557335734367371,5.569948146343231,9.060933985483071,9.04407636747257,8.996123926075692,8.807816877967763,1.8515948206186288,1.7908536195755005,2.0418941617012023,2.0459925723075867,0.1103821481215325,0.1105696105957031,0.1111589846611022,0.1136584369734713
4866,1429,7,16,0.39,0.78,False,False,False,True,4.542037111520767,4.833093285560608,4.988797914981842,5.008656315803528,11.279824954848232,10.343511640204472,10.02202600191104,9.97722263311962,1.146693834066391,1.1641355752944946,1.618701207637787,1.6214158987998963,0.0911427469178828,0.0966789650917053,0.0997802240848541,0.1002282937526702
5584,1374,4,32,0.57,0.97,False,True,True,True,4.020309317111969,3.999706625938416,4.753564786911011,4.76776436328888,12.974507854767358,12.500916886810764,10.518421910142488,10.48709546140224,0.7786349022388458,0.5750573873519897,1.5077146410942075,1.513025381565094,0.0804061863422393,0.0799941325187683,0.0950712957382202,0.0953552872657775
6302,817,1,32,0.43,0.82,True,False,False,True,4.374213037490844,4.642741084098816,4.867360186576843,4.885062468051911,11.676493773927405,10.76816011430214,10.267153265040388,10.17630379590049,1.1357062351703644,1.155104160308838,1.4967424631118775,1.5005987548828126,0.0884871930804907,0.0928663754463195,0.0973979811668396,0.0984034445061399
4258,718,1,32,0.53,0.97,True,False,False,True,4.432719042301178,4.757522463798523,4.841986811161041,4.855590286254883,11.644175947646616,10.509671886733528,10.326339574171186,10.297409184102197,1.0826364028453828,0.9374324083328248,1.4396185278892517,1.475114197731018,0.0886543808460235,0.0951504492759704,0.0968397362232208,0.0971118057250976
6056,598,6,32,0.25,0.85,False,False,False,True,4.486765154600144,4.851083755493164,4.896370220184326,4.904953348636627,11.450951018158378,10.304879483651831,10.211147599779304,10.184878532547971,1.163504455089569,1.209322452545166,1.5135092496871947,1.5381599235534669,0.0903624593884558,0.0970414066314697,0.0979321854114532,0.0981847743034362
7423,1547,6,32,0.76,0.98,False,False,True,False,4.458607329130173,4.793746829032898,4.893118155002594,4.914114744663238,11.606422891386304,10.43025513087677,10.218433071003924,10.174772779508924,1.2560879397392273,1.420516848564148,1.5677642226219175,1.5849168729782104,0.0891721465826035,0.0958749365806579,0.0978623631000518,0.0982822948932647
5705,1301,6,32,1.89,0.78,False,True,False,False,3.8748259246349335,3.80092453956604,5.187017762660981,5.193579266071319,13.332207007519171,13.153501976558044,9.639450316964515,9.62727199118826,0.7551896715164185,0.3984062671661377,1.8163740277290343,1.8208300542831424,0.0778261226817387,0.0760253810882568,0.1037403552532196,0.1038715853214263
7351,1612,2,32,0.0,0.87,True,True,False,True,4.812200579047203,4.84537661075592,4.879425740242004,4.884564592838287,10.282976847054096,10.318639071859458,10.243611754839892,9.42540649647853,1.3367846101522445,1.546576976776123,1.562147581577301,1.593625874519348,0.0975349951000774,0.0969120049476623,0.0976218180656433,0.1100689481454733
4852,741,8,8,0.96,0.75,False,False,False,False,4.621969826221466,4.904673457145691,5.190308010578155,5.19637095451355,11.2073124416323,10.19388140034767,9.629937835799453,9.611922819938142,1.1279740047454834,1.019826054573059,1.5242877364158631,1.5330376410484314,0.0927244173140139,0.0980980610847473,0.1038428304195404,0.1040401437295449
6660,481,1,16,1.14,0.72,False,True,False,False,3.752617262601853,3.859793066978455,4.367659997940064,4.381939470767975,13.671990109030558,12.94430189912597,11.425076311821414,10.919179806443797,0.6176845324039459,0.4816347360610962,1.0745304346084594,1.0776740431785583,0.07596849963665,0.0772540783882141,0.0875267679691314,0.0916293377625312
7371,694,7,16,0.82,0.94,True,False,True,True,4.442576557397842,4.794564843177795,4.862353587150574,4.87227355480194,11.558875307378068,10.425076165256428,10.278657996659453,10.17964843148927,1.2246655130386352,1.2948541641235352,1.5083139777183532,1.516905484199524,0.089514851624401,0.095922565460205,0.0972889680862426,0.0982389348757893
4557,1796,7,16,0.19,0.8,True,True,True,True,4.871605741977692,4.876473546028137,4.909695100784302,4.916418719291687,10.264039881540809,10.253312005711996,10.183931794059443,10.170005751363842,1.2352547258138658,1.2428913116455078,1.5421326398849486,1.557966775894165,0.0974321148395538,0.0975294709205627,0.098193902015686,0.0983283743858337
4271,1474,4,8,0.55,0.98,False,False,False,False,4.446778221130371,4.8796292543411255,4.956295847892761,4.966483337879181,11.774742362287192,10.24551347585032,10.086355119330191,10.010543894247355,1.1273567259311676,1.1190414428710938,1.603146994113922,1.6108608222007752,0.0897957810253743,0.0976036977767944,0.0991438422203064,0.0999804315691405
7538,1717,2,32,0.33,0.85,True,False,True,False,4.35974773645401,4.669534683227539,4.78281968832016,4.79295060634613,11.847132913269238,10.7077051001514,10.454084276680934,10.431987393933204,1.2010794866085053,1.322632908821106,1.545374047756195,1.549959671497345,0.0871949547290802,0.0933906936645507,0.0956563937664032,0.0958590121269226
7169,2014,5,32,1.86,0.85,False,True,True,True,4.059807919263839,3.95020055770874,5.0665979266166685,5.071528706550598,12.881717354513292,12.645345561542674,9.86453132468191,9.845528403914736,0.8960205829143524,0.5971851348876953,1.818994343280792,1.825056068897248,0.0816348386067928,0.0790804815292358,0.1013732905387878,0.1015757105214254
5297,1846,6,16,0.63,1.0,True,False,False,True,4.42050566315651,4.7322492599487305,4.769781363010407,4.773922364711762,11.600478062717032,10.565800348057778,10.482660775377123,10.473567894269577,1.127010703086853,1.1104520559310913,1.464444315433502,1.469707336425781,0.0884101132631301,0.0946449851989746,0.0953956272602081,0.0954784472942352
7584,1449,6,16,1.23,0.96,False,False,False,True,4.422614742517471,4.65354859828949,4.908352267742157,4.913466618061066,11.590154433476693,10.744488791906708,10.186717923999549,10.176114743493768,1.2134377765655515,1.4041775465011597,1.6425284862518308,1.6713734197616577,0.0884522948503493,0.0930709719657897,0.0981670453548431,0.0982693323612213
5029,298,4,16,1.49,0.97,False,False,True,True,4.475916351079941,4.585423469543457,5.500727200508117,5.525182478427887,11.35112265820925,10.894257564770804,9.068870840146737,9.036519373793592,1.023235501050949,0.9501343965530396,1.7244366526603698,1.727911152839661,0.0923763182728901,0.0917914795875549,0.1102673115730285,0.1106623202465675
6138,1685,5,8,1.81,0.96,True,True,False,True,5.456172278523445,5.463624238967896,5.494402396678924,5.497291281223297,9.164226071740446,9.151434678375146,9.10017078271972,9.095388884354682,1.825423574447632,2.004972100257873,2.071653687953949,2.074404706954956,0.1091234455704689,0.1092724847793579,0.1098880479335784,0.1099458256244659
5084,1951,5,32,1.38,0.89,False,True,False,False,3.860670408010483,3.946130633354187,4.573366129398346,4.596521773338318,13.412179246546652,12.66819096889228,10.926554338649115,10.856356153963098,0.6807839334011078,0.5118288993835449,1.2243720173835757,1.2306517839431763,0.0778345804844583,0.0789378690719604,0.0915201616287231,0.0921171603270938
5990,1678,3,16,0.48,0.89,False,True,False,True,4.04022020816803,3.943463802337648,4.8921115636825565,4.899424903392792,12.992238369463273,12.678478823664346,10.220535519100874,10.205279393156292,0.7345446515083313,0.4859664440155029,1.455460786819458,1.4587239480018614,0.0809082218337703,0.078873815536499,0.0978422312736511,0.0979884980678558
6063,293,8,32,1.36,0.71,False,False,False,True,4.313826291561127,4.5879000425338745,4.788851726055145,4.804362323284149,11.86101957614316,10.88853224313211,10.4383263943912,10.274113114117409,1.085544958114624,1.1398221254348757,1.7816797971725464,1.7899720788002014,0.0866973050125749,0.091839747428894,0.0958008012771606,0.0973335412314443
4833,1330,3,32,1.05,0.97,True,True,False,True,4.7522979170084,4.766573429107666,4.786341118812561,4.810412671566009,10.521805399514,10.489715693321912,10.446392934431282,10.394252452664976,1.2545852839946747,1.0585620403289795,1.5344428062438964,1.5373383450508118,0.095045958340168,0.0953314685821533,0.0957268223762512,0.0962082534313201
8062,1431,3,32,1.77,0.9,True,False,False,True,4.471926695108413,4.772100448608398,4.883267450332641,4.898289220333099,11.466582930433558,10.477236508517027,10.237526773018214,10.176245747515896,1.2610037815570831,1.3558776378631592,1.464769446849823,1.4799402570724487,0.0896005660465785,0.0954450154304504,0.0976798422336578,0.0982680671215057
4305,1565,2,8,1.73,0.97,False,True,False,True,4.225378888845444,4.479870319366455,5.199586892127991,5.212884933948517,12.45705862675678,11.160739184527316,9.616148623559369,9.591617815291151,0.999417848587036,0.9292538166046144,1.919897198677063,1.9262347984313968,0.0849609730634933,0.0895998001098632,0.1039917378425598,0.1042576986789703
4585,816,4,16,0.19,0.99,False,False,False,False,4.326961009502411,4.643162250518799,4.743320715427399,4.754925620555878,11.830591413654822,10.767474584988966,10.535756802314202,10.500624738098708,1.0608416831493377,1.0389853715896606,1.5246395230293277,1.529071605205536,0.0871373286004651,0.0928722882270813,0.0949148712158203,0.0952349233777899
6502,1113,5,8,0.11,0.74,False,True,True,False,4.109018955230713,3.896764636039734,5.138590705394745,5.141622593402863,12.91860574781082,12.831112157760106,9.730294329702147,9.724556618931397,0.7802173018455505,0.5094015598297119,1.7232709050178527,1.7306954717636107,0.0823059429032462,0.0779355669021606,0.1027718141078948,0.1028324518680572
6759,1911,3,32,0.0,0.72,False,False,False,False,4.382551966905594,4.72735071182251,4.76863853931427,4.773546705245972,11.715843642283614,10.576584036154395,10.484682275412936,10.463672320653073,1.1630832076072692,1.200834035873413,1.4663110852241517,1.4768680548667907,0.0881062452130847,0.0945484852790832,0.0953772356510162,0.0955687459468841
7679,1026,3,8,1.66,0.81,True,True,True,True,5.421500033140182,5.478888392448425,5.511217319965363,5.517624473571777,9.070274248151014,9.12517834721837,9.068567478584294,6.684860588827124,1.9513107895851136,2.0268508195877075,2.0641522288322447,2.07666522026062,0.1106999716140605,0.1095868992805481,0.1102710011005401,0.150973793753871
6018,1871,2,16,0.95,0.79,False,True,False,False,3.8834607827663423,3.896178722381592,4.591585564613342,4.596813111305237,13.358745189292016,12.83241195201792,10.889214123036814,10.875555612074754,0.7343228602409363,0.5400289297103882,1.1971420526504517,1.2023652768135071,0.0780296894431113,0.0779276728630065,0.0918339917659759,0.0919493252277374
5675,2027,1,32,0.47,0.94,False,False,False,True,4.232005608081818,4.52053701877594,4.60093502998352,4.608626897335053,11.996683253961152,11.05904251670214,10.86447997295277,10.790381747460078,1.123399736881256,1.196516990661621,1.5568889141082765,1.5609749841690064,0.0854440755847936,0.0904237413406372,0.0920430624485015,0.0926958073769844
5304,1199,6,32,1.74,0.95,False,False,True,True,4.886119771003723,4.991915583610535,5.834160101413727,5.877890560626984,10.484098313621464,10.010070769492629,8.566506232860716,8.497323869515595,1.4300575578212738,1.1589925289154053,2.2365971565246583,2.2390497803688048,0.0987615994218149,0.099899399280548,0.1167337071895599,0.1176841163635253
6579,473,6,32,1.99,0.9,False,True,True,True,4.533510638475418,4.540403246879578,6.218539381027221,6.244857587814331,11.322469345595303,11.000374426025804,8.031172668359872,8.005268453555388,1.22766934633255,1.1572763919830322,2.3155867218971253,2.32049870967865,0.0913497555723167,0.0909060382843017,0.1245148382186889,0.1249177349567413
5751,1602,2,32,0.53,0.86,True,False,False,False,4.36877403140068,4.62079393863678,4.805415654182434,4.8197616505622864,11.772731360538144,10.82065133108076,10.404927193805118,10.373957059295032,1.1425743091106415,1.0991923809051514,1.520459008216858,1.5342946457862854,0.0873754806280136,0.0924158787727356,0.0961083130836486,0.0963952330112457
5633,1196,8,32,0.43,0.8,False,True,False,True,4.030396138429642,3.952216148376465,4.867822575569153,4.875198390483856,12.935703154715023,12.650266448172832,10.267356991710775,10.248443992272575,0.7761608064174652,0.5646960735321045,1.443152868747711,1.4858934473991394,0.0809997807025909,0.0790497183799743,0.0973960485458374,0.0975757881641388
6674,1230,5,16,0.73,0.87,True,False,False,True,4.486930708885193,4.838621616363525,4.897303032875061,4.908422465324402,11.43697225278006,10.3335214013418,10.209701067551874,10.18657236675386,1.2178520882129669,1.3140136003494265,1.5459278106689454,1.5857569313049316,0.0901570372952133,0.0967724323272705,0.0979460606575012,0.098168449306488
7186,1482,2,16,1.16,0.96,False,False,True,False,4.416125925779343,4.733612895011902,4.985299623012542,4.994891974925995,11.658342497720794,10.562102090810432,10.028402618314995,9.995015488168876,1.154853562116623,1.4483544826507568,1.596730899810791,1.6078778862953187,0.0888123479008674,0.0946781229972839,0.0997167782783508,0.1000498715400695
6012,1344,3,16,0.52,0.98,False,True,False,True,3.567494509220124,3.542463183403015,4.160842728614807,4.171821858882904,14.37900582097216,14.11337515825267,12.01560355777894,11.964427000177013,0.7175906360149383,0.4417480230331421,1.507788562774658,1.5229088139533995,0.0716550917834043,0.0708547735214233,0.0832251160144805,0.0835811039924621
5978,89,1,8,0.8,0.75,False,False,False,True,4.328694728612899,4.420632600784302,4.956090295314789,4.970328040122986,11.722348598117808,11.309273290645113,10.078522328384416,7.375469790384586,1.1891865360736846,1.159893274307251,1.5456921100616454,1.5508796215057372,0.0881299799579187,0.088423011302948,0.099220894575119,0.1355877528323477
7346,1612,8,16,0.09,0.85,False,False,True,True,4.3117563807964325,4.515844464302063,4.836657166481018,4.845286028385162,11.826385372625264,11.065863042496453,10.33341191034816,9.654406144196695,1.195546509027481,1.3258947134017944,1.4502798080444337,1.4607569408416747,0.0872257038497121,0.0903680086135864,0.0967734577655792,0.1035803908990941
4456,396,1,8,0.16,0.88,True,False,True,False,4.787008966207504,4.4368932247161865,6.093754887580872,6.134797546863556,11.17026515937885,11.269146639225728,8.205121626313149,8.150228217658608,1.6524705588817596,1.5439964532852173,2.8153128027915955,2.8177205085754395,0.09574017932415,0.0887378644943237,0.1218750977516174,0.1226959509372711
4776,593,7,32,1.07,0.72,True,True,False,True,4.620008638501167,4.663568615913391,4.692856061458588,4.7156071376800535,10.657803795189476,10.712128913752077,10.63234268745001,8.924986808788374,1.2008628576993945,0.9686015844345092,1.4839577794075012,1.4867785811424254,0.0941949607247398,0.0933521628379821,0.0940526509284973,0.1156661346299304
6567,1039,6,32,0.32,0.82,False,True,True,True,3.914018481969834,3.919808149337769,4.640607488155365,4.659072177410126,13.252196818741265,12.754595619900122,10.773415085440323,10.723147398763931,0.7972016286849976,0.5872811079025269,1.4606728434562684,1.4677577471733094,0.0788097973759657,0.0784031128883361,0.0928210778236389,0.0932562020301819
6348,732,8,32,0.05,0.89,False,True,False,False,3.745919499397278,3.940471887588501,4.234276914596558,4.242255551815033,13.768138308970116,12.680394510807709,11.807376674494686,11.778146520666157,0.7115117251873017,0.5554649829864502,1.1565858244895937,1.1647806811332702,0.075314612185038,0.0788619065284729,0.0846928176879882,0.0849030022144317
5092,1991,4,32,0.71,0.85,True,False,True,False,4.355172935724259,4.651735067367554,4.804365789890289,4.819001886844635,11.747879555245756,10.746558946467363,10.4058492449803,10.371071334532598,1.138830488920212,1.0695257186889648,1.5693602681159973,1.5901098704338072,0.0878134982838775,0.0930530428886413,0.0960997970104217,0.0964220561981201
4405,1815,8,32,1.9,0.71,True,True,False,True,4.230527541041374,4.2470186948776245,4.275751936435699,4.288404467105865,11.8199736103103,11.772964775863564,11.693849583364331,11.659676193930794,1.214531707763672,1.4592204093933103,1.472862184047699,1.4802782988548278,0.0846105508208275,0.0849403738975524,0.085515038728714,0.0857680893421173
5591,989,7,32,0.06,0.74,True,True,True,True,4.698500475287437,4.730190277099609,4.766095924377441,4.773644323348999,10.531792878994448,10.563687938091348,10.488724861194262,9.630218941750174,1.2461537957191466,1.3875104188919067,1.5051496744155883,1.5102077507972718,0.0952440408959108,0.0946639418601989,0.0953404748439788,0.1078921217581801
8153,1389,4,16,0.72,0.92,False,True,False,False,3.828012912273407,3.8665292263031006,4.490082418918609,4.496006047725677,13.52008407741566,12.930008849382125,11.13565305738664,11.120981586952563,0.6410889887809753,0.4279220104217529,1.167489528656006,1.1741862225532531,0.0768452432784365,0.0773394680023193,0.0898016483783721,0.0899201209545135
7540,504,4,16,0.93,0.85,False,False,False,True,4.514231690168381,4.815364599227905,4.988210558891296,5.020286383628846,11.425680356185474,10.383092767663252,10.021262591263913,9.957640559645704,1.2797131156921386,1.357447624206543,1.569874095916748,1.5892607545852662,0.0905219543695449,0.0963104176521301,0.0997878255844116,0.1004253963947296
6095,685,4,8,1.35,0.8,True,False,False,False,4.476917989253998,4.702909469604492,5.180834245681763,5.194639430046082,11.642237943450414,10.631533475178273,9.646808512582265,9.56826107531858,1.258422191143036,1.180712103843689,2.1472853064537047,2.15230961561203,0.0898773614510246,0.0940598082542419,0.103661226272583,0.1045122980801955
5019,1995,1,8,1.93,0.81,False,False,True,True,4.607837859392166,4.805865406990051,5.070946884155274,5.080163593292236,10.975753708853096,10.40395345561749,9.86009149840215,9.842203216745514,1.543873723745346,1.4996870756149292,2.090337491035461,2.1186066842079163,0.0921567571878432,0.096117308139801,0.1014189376831054,0.1016032718658447
4931,1697,3,8,1.94,0.72,False,True,False,False,5.014355971813202,4.45643424987793,6.759878921508789,7.369718663692474,10.641375978741404,11.214398973943473,7.396582200325826,6.784519503651179,1.250751965045929,0.5407334566116333,3.2427863001823427,3.739736924171448,0.1006474144816399,0.0891710877418518,0.1351975784301757,0.1473943732738495
6980,1595,2,32,1.64,0.74,False,False,True,False,6.3136833786964415,6.295009732246399,6.450289666652679,6.559209003448486,7.92103959072845,7.942799708089228,7.751592554002856,7.623841246088615,3.1044888734817504,3.0676963329315186,3.525997507572174,3.5767629098892213,0.1262736675739288,0.1259001946449279,0.1290057933330536,0.1311841800689697
5884,1572,2,8,0.87,0.8,True,False,False,True,6.0570306241512295,6.074950098991394,6.111592793464661,6.12094868183136,8.231185626638672,8.230456163450881,8.176430171579883,8.052604380659552,2.049044477939605,1.786077618598938,2.4145307183265685,2.417361469268799,0.1215012800632379,0.1214999485015869,0.1223027651309967,0.1242804759905887
6375,1875,2,8,0.67,0.78,False,True,False,True,5.125302038192749,5.477124452590942,5.798131477832794,5.803142871856689,10.225853651311605,9.12741504512459,8.621386863541161,8.607805669192727,1.2254786908626556,1.2959052324295044,1.966829514503479,1.9733602166175843,0.1026648260831832,0.1095600461959838,0.1159906194210052,0.116173626422882
5010,1040,1,16,1.69,0.72,False,True,False,True,5.64651421546936,5.713320374488831,7.006128990650177,7.012093353271484,8.956066215250175,8.748444297104207,7.134895658595981,7.121924959044055,1.7600721943378448,1.7536448240280151,2.8534266352653503,2.8869229269027707,0.1139472395657274,0.1143060374259948,0.1401562192440033,0.1404185728524859
5948,1484,6,32,1.23,0.73,False,False,False,False,5.378967114686966,5.6501957178115845,6.2414907813072205,6.251893436908722,9.587672337950204,8.848295722377376,8.007089627172816,7.969338105217109,1.4219020593166352,1.8227018117904663,1.9953077316284176,2.073507194519043,0.1081857514622665,0.1130161142349243,0.1248893234729766,0.1254864189352307
8056,1682,3,8,0.69,0.78,True,False,False,True,5.8259588205814365,6.321557641029358,6.407738745212555,6.419432988166809,8.95854094814074,7.909443029134436,7.803064704040031,7.788849907157924,2.0848051273822783,2.2457125186920166,2.776319539546966,2.780234434604645,0.1165829131955191,0.1264311528205871,0.1281547749042511,0.1283886597633362
6437,1811,2,8,1.85,0.78,False,True,False,True,5.812166355848312,5.932119011878967,7.960910773277282,7.981143608093261,8.875696353465747,8.292750051024617,6.280688406644405,6.264766381090517,1.7338287603855134,1.4839887619018557,3.241455471515655,3.276767897605896,0.1174109101283244,0.1205872631072998,0.1592182154655456,0.1596228721618652
5825,1857,1,8,1.84,0.8,True,False,False,False,5.37847149848938,5.553479909896851,6.042892944812775,6.0503526878356935,9.55686991024802,9.00336380532746,8.274182656835263,8.263981168468424,1.6525210440158844,1.840792655944824,2.4521594047546387,2.45849484205246,0.1075694299697875,0.111069598197937,0.1208578588962555,0.1210070537567138
4156,861,1,16,0.51,0.71,False,True,False,False,4.451578068733215,4.125999689102173,5.406185185909271,5.413345973491669,11.617451070614017,12.118275528425547,9.248665828764896,9.236431634860711,0.793932294845581,0.4757475852966308,1.4817803859710694,1.4911668920516967,0.0890643923469211,0.0825199937820434,0.1081237037181854,0.1082669194698333
5142,1766,6,16,1.96,0.82,True,True,False,True,5.212351238727569,5.256736874580383,5.280886614322663,5.288555431365967,9.484915716447926,9.509550762558485,9.466333732505907,8.574085191987958,1.4334351390600204,1.7546353340148926,1.7668588638305665,1.7845343542098997,0.1059033862551053,0.1051574420928955,0.1056375188827514,0.1233592283248896
7694,1516,2,32,0.12,0.77,False,False,False,False,5.310727821588516,5.545142412185669,6.043262147903443,6.061670269966125,9.647548493044214,9.005967741516525,8.272312848217194,7.464549458269622,1.5245312678813934,1.6629798412322998,1.9225087761878967,1.9254960060119628,0.1075926071100671,0.1110374879837036,0.1208851766586303,0.13406667508577
4272,1451,4,32,0.19,0.73,True,True,True,True,5.705550596117973,5.743642091751099,5.778092873096466,5.795982172489166,8.68019709979676,8.705088458331323,8.649437282124554,7.980594438473285,1.5043259471654893,1.8327475786209104,1.8566093564033508,1.8738705825805664,0.1154605468511581,0.1148753404617309,0.1156144590377807,0.1286912448406215
6691,1762,6,16,1.8,0.74,True,False,False,False,5.31240327835083,5.670668363571167,5.724342489242554,5.731840624809265,9.639456177659286,8.817302850047739,8.734627618323026,8.723201454056763,1.4947702777385712,1.535393476486206,1.8859935045242309,1.89421950340271,0.1062480655670165,0.1134133672714233,0.114486849784851,0.1146368124961853
4892,1878,3,8,0.42,0.81,True,False,False,True,5.827555048465729,5.995008826255798,6.762958443164825,6.768643879890442,8.965225546701413,8.339967640855031,7.392778643843557,7.382616471468228,1.668080735206604,1.3655481338500977,2.6166162133216857,2.6224865746498107,0.1168449658006429,0.1199045419692993,0.1352671368122101,0.135453361082077
4149,1428,8,16,0.08,0.78,False,True,False,False,4.099100993871689,4.066255807876587,4.8114432215690615,4.83249523639679,12.557310902340555,12.295343482200234,10.38457167291479,10.34068404958846,0.6493370711803437,0.5017842054367065,1.126397955417633,1.1319884085655212,0.0823866517676247,0.081331603527069,0.0962967057228088,0.0967054012775421
5191,958,5,8,1.32,0.72,False,False,False,True,5.773764873743057,6.125022172927856,6.623474824428558,6.6326871943473815,8.88924643196376,8.161921736732861,7.548436753805342,7.536038972244905,1.3797516655921935,1.7086011171340942,2.035478961467743,2.0408613300323486,0.1163024748016805,0.1225201654434204,0.1324777615070343,0.132695704460144
5758,1901,1,32,1.92,0.71,False,False,False,True,6.096403992176056,5.831317901611328,7.469694662094116,7.498801441192627,8.475753258070505,8.574049614971926,6.691189574009379,6.657142114650805,1.7787942147254945,1.3922832012176514,2.875121688842773,2.8981177592277527,0.1225826596895853,0.1166310024261474,0.1494502577781677,0.1502146099567413
4459,946,7,8,1.04,0.72,True,True,True,True,6.393726709485054,6.4486916065216064,6.4716415166854855,6.481893634796142,7.739304928977643,7.750895625341185,7.724895953794689,7.006802066608325,2.187888365983963,2.4554378986358643,2.6407864570617674,2.646636016368866,0.1297660023955738,0.1290173602104187,0.1294515855312347,0.1506116880697356
7696,1392,3,32,0.41,0.73,False,True,False,False,4.582971889972686,4.5714558362960815,5.305463981628418,5.319253420829773,11.248895569116478,10.937434817379618,9.424246456596604,9.399815432977617,0.867935734987259,0.6684103012084961,1.4961636185646057,1.4976168394088745,0.0916594377994537,0.0914291167259216,0.1061092796325683,0.1063850684165954
5931,1966,2,8,0.25,0.71,True,False,True,True,5.732693930864334,5.738209247589111,6.782054591178894,6.795712864398956,9.145360054548393,8.713519839349901,7.372397166083631,7.357579886147303,1.7486712443828585,1.8677388429641724,2.5821499586105348,2.587899134159088,0.1146538786172866,0.1147641849517822,0.1356410918235779,0.1359142572879791
8154,1624,6,32,1.33,0.7,True,True,False,True,5.524432176351548,5.539239883422852,5.562151229381561,5.5664821314811705,9.0510540203511,9.026509253948367,8.989327682969472,8.98233373410411,1.5331157982349397,1.8315443992614744,1.8473371982574465,1.88227632522583,0.1104886435270309,0.110784797668457,0.1112430245876312,0.1113296426296234
7857,155,2,8,1.61,0.74,True,True,True,True,11.38374279141426,11.421618819236755,11.467705714702609,11.470791635513306,4.346414515501711,4.3770655462631165,4.359704510014141,3.7676680353500616,7.389472162723541,7.375424742698669,7.516088497638703,7.519022717475891,0.2323685312877808,0.2284635663032531,0.2293733437061309,0.2990230881529175
5557,2029,2,16,0.65,0.73,True,False,True,True,4.579786661863327,4.879042863845825,5.043109059333801,5.051079888343811,11.276594938144838,10.24791206207961,9.914518900191648,9.898873556561304,1.204864443540573,1.2685943841934204,1.6359164237976074,1.639667913913727,0.0915957332372665,0.0975808572769165,0.100862181186676,0.1010215977668762
7979,899,5,32,1.17,0.81,False,False,True,True,4.55579735159874,4.908681511878967,4.9594713807106015,4.971341099739075,11.256635353965605,10.185358141617154,10.079640040502577,10.051311546614746,1.309590448141098,1.366135835647583,1.653690266609192,1.6640164685249328,0.0916932235399882,0.0981801509857177,0.0992098920345306,0.0994895058631896
7354,1434,5,16,1.67,0.77,False,False,False,False,4.315613114833832,4.545927882194519,5.339414358139038,5.361316423416137,11.80518180235797,10.993428979034228,9.358923594019604,9.321062288555796,1.2733468198776243,1.2785464525222778,2.0435545682907104,2.0536250567436216,0.0871787089288234,0.090963430404663,0.1068498947620391,0.1072839091777801
7391,1712,5,8,1.47,0.99,True,False,True,False,4.698707797527313,4.82673454284668,5.393907070159912,5.401894571781159,11.054770696912808,10.358970362360454,9.269718474139324,9.256011909832678,1.4600420844554902,1.4486833810806274,2.1196499705314635,2.1230908370018007,0.0939741559505462,0.0965346908569335,0.1078781414031982,0.1080378914356231
7902,1008,2,32,0.19,0.74,False,False,True,True,4.479698277711869,4.8160518407821655,4.865037786960602,4.876733920574188,11.469598833107652,10.38194804992166,10.277412523400836,10.2527636673544,1.27063392162323,1.358984112739563,1.4603435158729552,1.4890713596343994,0.089749319329755,0.0963210368156433,0.097300755739212,0.0975346784114837
4876,822,6,16,1.59,0.93,True,False,True,True,4.433348186016083,4.783147811889648,4.916680943965912,4.941051354408264,11.72768976917171,10.4533673068799,10.16946200347615,10.119304084519465,1.0178513646125793,1.1307343244552612,1.558026087284088,1.565125970840454,0.0886669637203216,0.0956629562377929,0.0983336188793182,0.0988210270881652
7538,1795,1,16,0.02,0.95,True,True,False,True,4.848945653438568,4.869756698608398,4.888922953605652,4.891123163700104,10.312391472687832,10.267453405944307,10.22720146643178,10.22260192564295,1.3592252492904664,1.526396632194519,1.578292465209961,1.5808763670921326,0.0969789130687713,0.0973951339721679,0.097778459072113,0.097822463274002
5235,1514,2,8,1.15,0.98,False,True,False,False,3.9628472304344178,3.8747239112854,4.785856580734253,4.795263669490814,13.234893994608838,12.904145210461133,10.447450680769744,10.42695531728478,0.7519947052001953,0.4543466567993164,1.4385380268096923,1.4419760632514953,0.0792569446086883,0.077494478225708,0.095717131614685,0.0959052733898162
4943,805,6,8,1.1,0.99,True,True,False,True,5.663030561804772,5.69851291179657,5.730215239524841,5.749374010562897,8.730202851653127,8.770911516175191,8.723340123711427,7.771834350978001,1.8025986135005951,1.5861999988555908,2.094357061386108,2.095219895839691,0.1152035872538884,0.1140132355690002,0.1146349911689758,0.138059642171859
5129,751,4,16,0.74,0.75,False,True,False,True,3.7830700504779817,3.359481692314148,4.921446871757508,4.937124948501587,13.998021332442166,14.882281321817626,10.159613891070345,10.127351550801151,0.74991854429245,0.4727871417999267,1.559193527698517,1.5612100291252136,0.0761339076519012,0.0671939992904663,0.0984289374351501,0.0987424989700317
5288,1196,4,32,0.44,0.9,True,True,True,True,4.741285780072213,4.811339735984802,4.829579389095306,4.841922454833984,10.323794305712225,10.391469629012835,10.33742960357706,6.559319976106342,1.1723500549793244,1.3575339317321775,1.4876052021980286,1.4958013033866882,0.0974120871819117,0.0962327790260315,0.0967358503341674,0.1524986817731576
4055,400,7,32,0.21,0.92,False,True,False,False,4.176439270973206,4.265672922134399,4.5627497911453245,4.568908400535584,11.925351287135303,11.716744328488144,10.95213446676243,10.209550902537211,0.6758012616634369,0.5235074758529663,1.138637638092041,1.1491928434371947,0.0846407443344593,0.0853479409217834,0.0913064029216766,0.0979562607407569
6406,530,7,8,0.11,0.88,False,False,True,True,4.498195388317108,4.781913638114929,4.972800874710083,4.9863156747818,11.42805119349102,10.454120658685746,10.050399927629206,10.002391290018418,1.1664566421508789,1.196083903312683,1.4818751573562623,1.492341284751892,0.0903030310850207,0.0956560611724853,0.0994985284805297,0.0999768063234728
4334,878,3,16,1.35,0.76,True,True,True,True,4.75613751411438,4.7844414710998535,4.80419932603836,4.823544759750366,10.470963910215598,10.449404725117155,10.40636748587382,10.098598016957348,1.1853417783975602,0.9722766876220704,1.4561901688575745,1.4834436869621277,0.0955218931266239,0.0956992316246032,0.0960950112342834,0.0991584446907043
4302,391,2,32,0.77,0.81,True,False,False,True,4.380880951881409,4.695236802101135,4.800982928276062,4.818930120468139,11.661592687457254,10.646832258771456,10.4088156762099,10.35562296090475,1.1005080699920655,0.9485632181167604,1.4779433012008667,1.481368203163147,0.0883824576959111,0.093924651145935,0.0960724093914032,0.0965730159070756
5731,715,8,8,0.88,0.82,False,False,True,True,4.4994607770442965,4.80672812461853,4.999579000473022,5.005447206497192,11.41209110340106,10.399244569585107,9.99656435124794,9.199929134763764,1.096279240846634,1.172789454460144,1.3679177522659292,1.43427729845047,0.0905226717090782,0.096160831451416,0.1000343685150146,0.1086970041078679
6668,857,3,8,1.07,0.91,True,False,True,False,4.562542366981506,4.705443859100342,5.295525121688843,5.3027576017379765,11.305565274041792,10.624797165351572,9.438444426436783,9.02682567487679,1.3579361081123351,1.2363760471343994,2.0539427638053893,2.0594560313224792,0.0924252676953828,0.0941194438934326,0.1059496624469757,0.1109377458265844
4759,1265,7,32,0.72,0.8,False,False,False,False,4.502422617673874,4.830318093299866,4.925646352767944,4.942580783367157,11.381461022218032,10.351180421804912,10.150124595932636,10.111608108570811,1.1563132846355435,1.1213598251342771,1.5257442235946654,1.5311639356613158,0.0906599577525767,0.0966073393821716,0.0985209581851959,0.0988962388515472
5386,992,8,8,0.45,0.79,True,False,True,False,4.7115528106689455,4.815624594688416,5.440410506725312,5.449695935249329,11.047818992868786,10.38286914440511,9.19048296788345,9.174823806128634,1.3924019455909729,1.505835771560669,2.118317484855652,2.121617341041565,0.0942310562133788,0.0963124918937683,0.1088082101345062,0.1089939187049865
7183,387,2,16,1.25,0.77,True,True,False,True,4.829179185628891,4.867193579673767,4.896619307994842,4.899006521701812,10.247088231302431,10.27195844054943,10.20892079728092,9.41342443990358,1.3679128497838977,1.49683940410614,1.5225956082344054,1.5457084798812866,0.0978643330581048,0.0973524188995361,0.0979535467624664,0.1100259229014898
7799,1092,1,8,0.16,0.7,False,True,False,True,4.662350654602051,4.973084568977356,5.447941207885743,5.461737565994262,11.505070501945658,10.05246397815414,9.171019930249356,9.139523899657666,1.0864422345161435,1.1945298910140991,1.5103686451911926,1.5193046593666075,0.0935236463074074,0.0994780993461608,0.1090391273498535,0.1094148914337158
7480,1392,1,32,0.55,0.89,True,False,True,True,4.397260521650314,4.719380259513855,4.934343636035919,4.942438051700592,11.755702830781017,10.593733452837936,10.13043902020044,10.11487115721097,1.173527355194092,1.3219772577285769,1.5564308643341065,1.5886698412895202,0.0885023620724677,0.0943954277038574,0.0987124054431915,0.0988643458843231
7266,174,3,16,0.35,0.89,False,False,True,True,4.430624758005142,4.680650949478149,4.945166444778442,4.957990596294403,11.527154527645058,10.67517979436461,10.109068567494893,10.078422928553854,1.2460499131679534,1.35741126537323,1.5215627670288083,1.5333454608917236,0.0896176354371583,0.0936752462387084,0.0989210820198059,0.099221880197525
6989,1137,3,32,0.78,0.88,False,False,True,False,4.493779072761535,4.72542417049408,4.986606407165527,4.998368334770203,11.357828966925217,10.57928938870496,10.019051695398783,9.979368002892793,1.2411529314517975,1.3682701587677002,1.5201042771339417,1.5265322709083555,0.0905888842174713,0.0945243072509765,0.0998098454475402,0.1002267553719605
4174,292,1,16,0.96,0.75,True,True,True,True,4.867979589104652,4.873288989067078,4.912070310115814,4.930759048461914,10.271854653887024,10.26001128233188,10.179007395600078,10.140553412858424,1.1629806637763975,1.1567420959472656,1.5185758113861083,1.5210091829299928,0.097359591782093,0.0974657797813415,0.0982414062023162,0.0986151809692382
8183,1421,2,32,1.16,0.88,True,False,True,True,4.278496569395065,4.496386647224426,4.780671322345734,4.792432966232299,11.986357034481363,11.11849125676164,10.455799221276571,10.413496258114396,1.0752199566364289,1.211142897605896,1.5796170949935913,1.61541264295578,0.0857353350344826,0.0899402618408203,0.0956407041549682,0.0960292349815368
6541,309,4,32,1.78,0.73,True,True,False,True,4.797937268018723,4.832496643066406,4.852481532096863,4.8576894903182986,10.373744289995123,10.345219981531647,10.302049788332512,10.04934419985964,1.26418779194355,1.519431710243225,1.5415774822235109,1.5429921674728393,0.096423475930185,0.0966630005836486,0.0970680627822876,0.0997388340083034
5108,750,2,8,0.37,0.77,True,True,False,True,7.381356883049011,7.393969655036926,7.415925848484039,7.419268307685852,6.773941809543937,6.7622674485002285,6.742246502734062,6.739209374564438,3.740133762359619,3.538910269737244,4.028791308403015,4.030276312828064,0.1476271376609802,0.1478793931007385,0.1483185169696808,0.148385366153717
5809,1987,4,16,0.36,0.94,True,False,False,False,4.33285656452179,4.631385326385498,4.703567004203796,4.708520004749298,11.75396469771282,10.794013275031698,10.629408241524391,10.608501921729871,1.153363779783249,1.207316517829895,1.5505630135536197,1.5606480646133425,0.0875308429718017,0.0926439499855041,0.0940786144733429,0.0942640174388885
6100,1148,1,8,0.03,0.91,True,False,False,True,4.764688867330551,5.041978716850281,5.593753671646118,5.606646025180817,11.102168238718471,9.914482815669023,8.932432479256256,8.884622045154476,1.3972372388839722,1.480006217956543,2.17017513513565,2.177107493877411,0.0965056730233488,0.1008625483512878,0.1119515879154205,0.1126444096565243
5455,275,4,8,0.38,0.87,False,False,True,True,4.68798395395279,5.050745129585266,5.085066080093384,5.089699907302856,10.968309152178945,9.899464464704806,9.830411590711146,9.798971196634351,1.1977426433563232,1.1639667749404907,1.5928913354873655,1.5969676852226258,0.0939304315498896,0.1010155653953552,0.1017251405715942,0.102051531457901
6166,1034,7,16,1.13,0.81,False,False,False,True,4.570911374092102,4.809185147285461,5.069963788986206,5.083024477958679,11.216567853006763,10.396771724069987,9.86200337537522,9.836663255400156,1.1873408460617063,1.2070467472076416,1.6548843383789062,1.6680765771865844,0.0915573496595506,0.0961837029457092,0.1013992757797241,0.1016604895591735
6291,418,1,32,1.33,0.72,True,False,False,True,4.5077572953701015,4.790039539337158,4.944932591915131,4.950761609077453,11.392543578607768,10.435774376798138,10.110766758611163,10.092338122411654,1.1823975205421449,1.2672284841537476,1.4925182461738586,1.5005115818977357,0.0902904942048562,0.0958242273330688,0.098904467344284,0.0990850677490234
4010,1285,2,32,1.13,0.81,True,False,True,True,4.235588924884796,4.083295822143555,5.054545509815216,5.073006126880646,12.114006037900785,12.241657352758114,9.892086240074647,9.85608902821328,1.1575726187229156,1.162212610244751,1.6792693495750428,1.685716335773468,0.0851682575511299,0.0816882896423339,0.1010909101963043,0.1014601225376129
4678,710,7,32,1.75,0.82,False,True,True,False,3.8858090376853935,3.948406219482422,4.609647965431213,4.614603617191315,13.33028355990076,12.663337676894042,10.846815282904531,10.835166913016192,0.7490154778957367,0.6149077415466309,1.401512861251831,1.4115787053108215,0.0778030939949883,0.0789681243896484,0.0921929593086242,0.0922920723438263
6091,1461,1,8,1.57,0.71,True,False,False,True,4.740142005681991,4.877699375152588,5.451058518886566,5.466915915012359,10.980525672333806,10.250734262702489,9.172530408887086,9.145924499049134,1.4080888509750369,1.230252385139465,2.0799912929534914,2.1095840239524843,0.0948028401136398,0.0975539875030517,0.1090211703777313,0.1093383183002471
6397,1980,4,8,1.5,0.72,False,True,True,False,3.9079509592056274,3.751145839691162,5.023427939414978,5.034803948402405,13.624057962866944,13.329260566901642,9.95336265082344,9.930873280418938,0.8100673496723175,0.4242604970932007,1.848490309715271,1.8584821438789367,0.0781590191841125,0.0750229167938232,0.1004685587882995,0.1006960789680481
5234,323,4,32,0.84,0.81,False,False,True,True,4.835497260093689,4.918507218360901,5.769796681404114,5.790037326812744,10.925394615681784,10.164915624199928,8.665555642638758,8.632461794107309,1.522980544567108,1.5188148021697998,2.38881025314331,2.393313133716583,0.0972727418690919,0.0983775997161865,0.1153994090557098,0.1158418101310729
4251,1308,6,8,0.26,0.73,True,True,False,True,5.525846725702285,5.552020072937012,5.58629823923111,5.599332334995269,8.994996313349741,9.004744939885175,8.949222221517525,8.499924741343053,1.79092974960804,1.79821515083313,2.18021491765976,2.184823246002197,0.111266462741227,0.1110525631904602,0.1117415542602539,0.1187704370630196
4189,1899,3,16,1.81,0.98,False,True,False,False,3.768136557340622,3.918992757797241,4.405182135105133,4.413145816326141,13.694827246057752,12.75635173044387,11.350268498612108,11.329786552786276,0.6206356954574584,0.4835920333862304,1.0925346970558167,1.096107108592987,0.0757542268624672,0.0783923196792602,0.0881036427021026,0.0882629163265228
5661,284,5,32,1.6,0.77,False,True,True,False,3.792589205503464,3.648545265197754,5.047745084762573,5.061051161289215,13.98271248979436,13.691869569606212,9.90541304585159,9.87937059168944,0.7742083418369293,0.5234901905059814,1.657109725475311,1.661760368347168,0.0760873843667856,0.0730360555648803,0.1009549016952514,0.1012210232257843
8098,689,7,32,1.13,0.94,True,False,True,False,4.135185306072235,4.258906960487366,4.74695371389389,4.76079345703125,12.488266376580675,11.734291444834684,10.53258453679421,10.489208416211133,1.277824903726578,1.411588191986084,1.506005001068115,1.5330403304100035,0.0830262677947796,0.0852203154563903,0.0949434583187103,0.0953360803604126
8164,1821,8,16,0.52,0.95,True,True,True,True,5.034641683101654,5.05783748626709,5.096718800067902,5.104970843791961,9.879193365833483,9.884952592639753,9.801731946923049,9.468966347840388,1.4401772618293762,1.4329087734222412,1.4966018557548524,1.5021647858619689,0.1012686971060691,0.1011638641357421,0.1020227870941162,0.1061258092464938
7569,1565,5,16,1.84,0.98,False,False,False,False,4.522447191476822,4.815681099891663,5.099020898342133,5.440739080905915,11.296633879943444,10.381507219850524,9.79788992655316,9.184230932316456,1.3505577230453492,1.5317955017089844,2.029739022254944,2.2317282462120054,0.0907614148139953,0.0963251280784606,0.1020627925395965,0.1088822806358337
4879,1331,2,32,0.78,0.73,True,True,True,True,4.926854747533798,4.943910598754883,4.965507984161377,4.968514184951783,10.149091650015484,10.113451504210069,10.069463238686902,10.063370721439355,1.2789804607629776,1.5390775203704834,1.5636151790618895,1.6169858002662658,0.0985370949506759,0.0988782119750976,0.0993101596832275,0.0993702836990356
5941,1262,3,8,1.6,0.85,True,False,True,True,4.699787127971649,4.9587308168411255,5.493517184257508,5.517065820693969,11.18969025054472,10.082751902399508,9.095635271124802,9.03294251593626,1.2006458806991578,1.1183818578720093,2.1244549036026,2.131394555568696,0.0950755198475313,0.0991792726516723,0.1099428474903106,0.1107609055568429
6232,2035,6,32,1.43,0.71,False,True,True,True,3.844739644527435,3.454918146133423,5.007903552055359,5.0199698638916015,13.688838111126753,14.470383385159415,9.980874351915816,9.955873549721082,0.8186212050914764,0.4578666687011719,1.9049912571907044,1.908286437988281,0.07736484925482,0.0691066694259643,0.1001916229724884,0.1004432202816009
7578,784,7,32,0.46,0.97,True,True,False,True,4.762078303098678,4.767956256866455,4.796921908855438,4.800110046863556,10.49999949210369,10.486673410918325,10.423350841272256,10.416430296250017,1.2606631428003312,1.461746096611023,1.4793028593063355,1.4832613039016724,0.0952415660619735,0.0953591251373291,0.0959384381771087,0.0960022009372711
7372,782,2,8,1.9,0.85,True,False,False,False,4.394659382104874,4.594251871109009,4.917447638511658,4.92325323343277,11.704212324206496,10.883164747284733,10.167876445255253,10.155886411133404,1.460305631160736,1.3868889808654783,2.0288411021232604,2.0361407804489136,0.0880111659223383,0.0918850374221801,0.0983489527702331,0.0984650646686554
7826,1192,3,32,0.81,0.89,False,False,True,True,4.020416389703751,3.975338578224182,4.840005350112915,4.861024844646454,13.046363216372503,12.572716444280497,10.33056710194932,10.28589685410109,1.275448044538498,1.4562127590179443,1.559433901309967,1.607724540233612,0.0806008453925451,0.0795373082160949,0.0968001070022583,0.097220496892929
7798,1555,4,16,0.11,0.99,True,False,True,False,3.901826816797256,4.137134432792664,4.293271815776825,4.297491142749786,13.149003006577288,12.083367819340973,11.644984332510262,11.631574256615211,1.1688001596927642,1.3052939176559448,1.5199628233909608,1.5224578261375428,0.078187110206059,0.0827583861351013,0.0858738811016082,0.0859728870391845
7936,1499,1,32,1.55,0.75,False,False,False,False,4.025609072446823,4.219525933265686,4.413029801845551,4.424729413986206,12.514384687113797,11.84480276093009,11.323004099983695,11.278585257499616,1.3303238129615784,1.512032985687256,1.7491553664207458,1.7979409289360049,0.0812262895436513,0.0844252133369445,0.08831578540802,0.088667792878832
5233,2028,2,8,1.58,0.99,True,False,True,True,4.589178788661957,4.856340765953064,5.1590920209884645,5.167242908477784,11.355206946327154,10.295817861592296,9.691627960535271,9.676340160018228,1.3558979415893555,1.493600606918335,2.171361172199249,2.1784167456626893,0.091783575773239,0.0971268153190612,0.1031818404197692,0.1033448581695556
6741,889,2,32,0.02,0.94,False,False,True,True,116.36586868181462,124.49115824699402,124.5891293644905,124.61030562400818,1.1464230381371163,0.4016349491046989,0.4013191219460496,0.4012509221425229,112.95605350412974,121.0150933265686,121.19829995632172,121.25366132259369,2.3273173736362915,2.4898231649398803,2.4917825872898103,2.492206112480164
6303,545,5,8,1.7,0.75,False,False,False,False,2.534930183773949,2.540212631225586,2.58582615852356,2.595067262649536,19.728071662478687,19.683391612723504,19.336179980694727,19.267384570732503,0.5190861792791457,0.5171096324920654,0.5727546215057373,0.5814023494720459,0.0506986036754789,0.0508042526245117,0.0517165231704711,0.0519013452529907
5813,290,3,8,0.42,0.86,False,False,True,False,75.87460553951753,63.77360677719116,123.6128972530365,123.61873621463776,4.141020064884302,0.5391976291905964,0.4044885373526048,0.4044694318514122,71.96795083314944,61.46122670173645,121.14742562770844,121.15847933769226,1.5327094035990096,1.854607561055352,2.47225794506073,2.472374724292755
6468,364,5,16,0.38,0.92,True,True,False,True,20.4655122756958,20.4655122756958,20.4655122756958,20.4655122756958,2.443134543931179,2.443134543931179,2.443134543931179,2.443134543931179,16.148308992385864,16.148308992385864,16.148308992385864,16.148308992385864,0.409310245513916,0.409310245513916,0.409310245513916,0.409310245513916
4442,781,4,8,1.55,0.91,False,False,True,True,4.5973441243171695,4.731545329093933,5.691479945182801,5.71493411064148,11.202914166044645,10.565374113037642,8.781280129142251,8.74878185567936,1.0534593284130096,0.9065759181976318,1.7851928114891051,1.7893855428695675,0.092742965909597,0.094648802280426,0.1138786129951477,0.1143016269683837
7701,1054,6,8,0.52,0.91,True,False,False,False,4.6487866413593295,4.817347407341003,5.312590229511261,5.325720121860504,11.197037310294396,10.37915597489508,9.411604899841864,9.388401861799483,1.476289392709732,1.4415191411972046,2.078919625282288,2.0827335262298585,0.0929757328271866,0.09634694814682,0.1062518045902252,0.10651440243721
4177,1232,6,8,0.72,0.79,False,True,True,False,3.545949388742447,3.496705174446106,4.119288992881775,4.127559151649475,14.342654264634398,14.28681886228281,12.138017048334088,12.113696780309686,0.7061689782142639,0.4245712757110595,1.482453215122223,1.4839052486419675,0.0713844799027723,0.0699946331977844,0.0823857798576355,0.0825511830329895
7423,764,3,8,1.76,0.94,True,True,False,True,5.439215937256813,5.469630241394043,5.5021151304245,5.503337445259095,9.097219847673822,9.139328834297183,9.087235345240147,8.288922759272635,1.9068631291389464,1.876298189163208,2.06638697385788,2.071545021533966,0.1103422510308377,0.1094172286987304,0.1100444703102111,0.1266163499299212
8055,1741,2,32,0.2,0.84,False,False,True,True,4.503492609262467,4.843775391578674,4.925601589679718,4.931503286361695,11.458839165970671,10.32037055155692,10.150706428802764,10.130794724564003,1.2917705106735229,1.4437178373336792,1.6155776619911193,1.656470718383789,0.0901956429920697,0.0968957495689392,0.0985153110027313,0.0987089505195617
4477,266,1,8,0.56,0.73,True,True,True,True,5.227285805344581,5.258376479148865,5.290740382671356,5.308582475185394,9.521174213369552,9.506443942838972,9.448092464782366,9.116681925526784,1.783859983086586,1.5535075664520264,2.083171474933624,2.0928244280815123,0.1050653988520304,0.1051918053627014,0.1058414747714996,0.1100243950366973
7831,1819,3,8,1.86,0.82,False,True,False,True,4.285543128252029,4.541736245155335,5.134872007369995,5.14732305765152,12.103845074155394,11.002072145871562,9.737341236494736,9.713787047056249,1.249388860464096,1.2245862483978271,2.3570613741874693,2.360641987323761,0.0857925851878665,0.0908919692039489,0.1026974401473999,0.1029464611530304
4519,1795,7,8,1.47,0.85,True,False,False,True,4.722131485939026,4.856315970420837,5.64064279794693,5.645548582077026,11.0079959997129,10.292719530569432,8.86210272334173,6.22395932642003,1.2573937785625455,1.453028678894043,2.0813422918319704,2.0868026471138,0.0992568407615025,0.0971560525894165,0.1128400371074676,0.1606903853416441
5404,1480,4,16,0.86,0.93,True,False,False,False,4.165097657442093,4.348971486091614,4.704258525371552,4.709944977760315,12.367301338932556,11.49610527817554,10.628177404715098,10.589778268068706,1.0872205317020416,1.0861306190490725,1.460144305229187,1.5030876588821411,0.0835713357316123,0.0869859814643859,0.0940895097255706,0.0944306855201721
7629,784,7,8,0.6,0.95,False,True,True,True,3.932685703039169,3.860768914222717,4.70937602519989,4.756907312870026,13.32535447169319,12.95078807392229,10.61711792601144,10.511031021423587,1.0052282536029815,1.0131696462631226,1.63885178565979,1.7013619041442871,0.0786537140607833,0.0772153782844543,0.0941875205039978,0.0951381462574005
5305,376,1,16,1.71,0.88,True,True,False,True,5.095586434006691,5.1055426597595215,5.136215054988861,5.148380289077759,9.81292467206548,9.793278272741848,9.734794934984272,9.711807784545488,1.21592278778553,1.30458664894104,1.5670662879943849,1.5725197315216064,0.1019117286801338,0.1021108531951904,0.1027243010997772,0.1029676057815551
4775,264,7,8,1.01,0.9,True,True,False,True,5.641709977388382,5.710713028907776,5.747961318492889,5.758718028068542,8.667771268315903,8.754796451419047,8.695525356795855,4.721675096970042,2.0616034388542177,2.223566770553589,2.432835280895233,2.440964629650116,0.1165306809941927,0.1142231011390686,0.1150016882419586,0.2118411724567412
7776,1681,2,16,1.57,0.79,True,True,False,True,4.7120503932237625,4.723307251930237,4.749010074138641,4.75301950931549,10.61149864699662,10.58580298429832,10.52851001135233,10.51962910907089,1.296834695339203,1.2832014560699463,1.4155350923538208,1.4211611461639404,0.0942410078644752,0.0944661450386047,0.0949802014827728,0.0950603901863098
7047,620,5,32,0.05,0.8,False,False,True,True,4.423401225805282,4.754497766494751,4.8261486172676085,4.835265698432923,11.670216594670771,10.516357869346308,10.360227992917109,10.340693413393714,1.1571684336662291,1.22382652759552,1.46342533826828,1.472906038761139,0.0884680245161056,0.095089955329895,0.0965229723453521,0.0967053139686584
5920,279,5,16,0.4,0.79,True,False,True,True,4.372469539642334,4.704517722129822,4.766295695304871,4.773110089302063,11.72550315826638,10.625288711203511,10.489575609637845,10.457221759748832,1.1126570618152618,1.1628434658050537,1.5054049491882324,1.5069458889961242,0.0879713725328445,0.094115092754364,0.0953327414989471,0.0956277262210845
4563,283,2,32,1.31,0.94,False,False,False,True,4.590382477045059,4.858149170875549,5.34866327047348,5.361406800746917,11.209192538784082,10.290252670867892,9.34668946763558,9.322716111855115,1.1600444841384887,0.9525020122528076,1.6950543642044067,1.7566225910186768,0.0923602859586477,0.0971793437004089,0.1069897534847259,0.1072648774623871
5850,853,2,8,1.94,0.88,True,False,True,False,4.639471883773804,4.784692168235779,5.349589145183563,5.35771657705307,11.251697999640465,10.44999409051172,9.34651216193745,9.332333892808142,1.3904316818714142,1.5037286281585691,2.095936107635498,2.098935685157776,0.0927894376754761,0.0956938433647155,0.1069917829036712,0.1071543315410614
5499,678,7,8,1.63,0.89,False,True,True,False,4.007045372724533,3.939091801643372,5.030570483207702,5.034635260105133,13.07759480870824,12.680954761468744,9.937505814520826,9.91304304127898,0.7325617957115174,0.4333443641662597,1.521605670452118,1.556243028640747,0.0806930127259529,0.0788584160804748,0.1006288721561431,0.1008839132653341
5913,1210,6,8,1.64,0.72,True,True,True,True,5.583985963463784,5.622433662414551,5.648527157306671,5.654020435810089,8.861480935987853,8.892557984924217,8.847468816502289,8.04206453071885,1.915189689397812,1.9961450099945068,2.24620543718338,2.249119250774384,0.1133193325295168,0.1124535822868347,0.1130266771316528,0.1310789329192212
5289,790,8,16,1.2,0.73,True,True,False,True,4.888138642907142,4.911305665969849,4.934348070621491,4.9564043498039245,10.202561309458453,10.180328267152884,10.129302055307733,9.957792599317276,1.2510540664196017,1.5370043516159058,1.5510515332221986,1.5636798095703122,0.0980249322503805,0.0982286596298217,0.0987234952449798,0.1004732771754264
6262,1569,7,16,1.44,0.96,True,True,False,True,5.1196943640708925,5.13242781162262,5.1591410636901855,5.163438856601715,9.76659056149728,9.7419783396258,9.69153576891574,9.683469011721364,1.250157716870308,1.4304673671722412,1.4943251729011535,1.5009175992012025,0.1023938872814178,0.1026485562324523,0.1031828212738037,0.1032687771320343
6165,962,8,8,1.95,0.96,False,True,True,False,4.045696991682052,3.7805423736572266,5.574639678001404,5.600945355892182,12.952828605607246,13.225615559046076,8.966248274567885,8.92656364329039,0.9096361410617828,0.4188531637191772,2.4294456601142884,2.4364596152305604,0.0811437188191847,0.0756108474731445,0.111529369354248,0.112025191450119
5437,1906,1,32,0.37,0.73,False,True,False,True,4.079221645593643,4.040538787841797,4.8935872435569765,4.898421847820282,12.746552915929302,12.3663320364242,10.214353421048386,10.159962233750294,0.7659199464321137,0.532524585723877,1.5272900342941285,1.5309162306785584,0.0820982490560492,0.0808647298812866,0.0979014489650726,0.0984297076147955
4835,205,5,32,0.72,0.79,True,False,True,False,4.087557265758514,4.221479773521423,4.574306428432465,4.582909355163574,12.41832036165844,11.841759260951267,10.930380734566477,10.89289376081262,1.0944703352451324,1.0081299543380735,1.4413108229637146,1.5602852749824525,0.082393339685599,0.0844469118118286,0.091488121509552,0.0918053643345832
8069,1905,4,16,0.13,0.82,True,True,True,True,4.812733498215676,4.8400784730911255,4.869509983062744,4.882732751369477,10.302958225184726,10.33003549284144,10.265544490519687,9.667779330629251,1.3906307071447372,1.3907371759414673,1.4388174891471863,1.4504168462753295,0.0971853488846258,0.09680508852005,0.0974132530689239,0.1050813266624101
7272,676,7,32,1.99,0.98,True,False,False,True,4.384741135835648,4.704880356788635,4.85197411775589,4.865084722042083,11.715616985805443,10.625203153725815,10.304833960843697,10.275733585964645,1.1193097352981567,1.197424292564392,1.5297396898269653,1.5336138105392456,0.0884295749581494,0.0941158509254455,0.0970418353080749,0.097316653060913
6467,152,6,16,1.81,0.78,False,True,True,True,4.0474809598922725,3.839868187904358,5.217383587360382,5.225539317131043,13.018273470134783,13.01766894981709,9.58334750853358,9.568390453923634,0.8452458965778351,0.4700876474380493,2.2323557257652284,2.2370677065849303,0.0810348875974997,0.0768186688423156,0.1043476717472076,0.1045107863426208
7386,180,2,8,1.24,0.91,False,True,True,False,4.086009253263473,3.821606755256653,5.171998715400696,5.21236691236496,12.97791565460543,13.083502100886562,9.623587678933973,9.581932923494165,0.9151991772651672,0.4987121820449829,1.8122074127197243,1.9389987754821776,0.081908189031657,0.076432135105133,0.103911351442337,0.1043630773067474
4993,799,5,32,1.57,0.99,True,True,True,True,4.581334218382835,4.630978345870972,4.654435408115387,4.668939282894134,10.759997745738302,10.79447140454586,10.741903937054028,9.008366996698086,1.311274027824402,1.0322567224502563,1.625311827659607,1.6263596987724305,0.0931749641053984,0.0926400160789489,0.0930933666229248,0.1127323916996492
6790,851,3,16,0.96,0.98,False,True,False,True,4.067838405370712,3.816095471382141,5.081810414791107,5.090885772705078,12.98848186769354,13.10239756749792,9.839013344451573,9.821473570484796,0.8497503471374511,0.5129351615905762,1.6784329414367676,1.6843299889564514,0.0814512370506923,0.0763219094276428,0.1016362082958221,0.1018177154541015
7395,1959,1,16,0.85,0.83,True,False,False,False,4.125246695280075,4.27360463142395,4.73544945716858,4.738865568637848,12.534123468388806,11.698302508450816,10.558214774444334,10.550434598124536,1.213074285984039,1.3318983316421509,1.476634967327118,1.4819700479507447,0.0829752813052791,0.0854824876785278,0.0947129814624786,0.0947828272819519
4822,1020,4,16,0.84,0.94,False,True,False,False,3.734848190546036,3.750501155853272,4.347118306159973,4.351652977466583,13.862005341800186,13.331551685664394,11.501872385321182,11.489886784808943,0.6273506236076355,0.5171912908554077,1.030694353580475,1.0327788138389586,0.0746969638109206,0.0750100231170654,0.0869423661231994,0.0870330595493316
7170,1800,3,16,0.13,0.85,False,False,False,True,4.287080997228623,4.551167249679565,4.694579863548279,4.702598643302918,11.985815697547586,10.986192738147604,10.650580461410222,10.632419460031842,1.1948985373973846,1.301897644996643,1.4598621129989624,1.5031287169456482,0.0857416199445725,0.0910233449935913,0.0938915972709655,0.0940519728660583
7191,1995,5,32,1.96,0.92,False,True,True,False,3.8841841435432434,3.802619218826294,5.420940124988556,5.450219900608063,13.261724506536478,13.142368584741623,9.220028006594358,9.166476708024751,0.8448020398616791,0.518412709236145,2.141706681251526,2.147262098789215,0.0785962650753995,0.0760897850990295,0.1084595420360565,0.1090931705474853
5234,2032,4,32,1.96,0.97,False,False,True,True,4.676189999580384,5.1245622634887695,5.54677654504776,5.559703965187072,10.996941406475464,9.749673042097786,9.004973927187269,7.857115608553135,1.194227662086487,1.5133603811264038,1.8367733597755431,1.8442401194572449,0.0951737505738992,0.1025675463676452,0.1110497386455535,0.1273486752582928
6197,1351,2,8,1.18,0.92,False,True,True,False,4.189399229288101,4.049437761306763,5.161139166355133,5.1665172290802,12.524232542671903,12.346210849184349,9.687309550674463,9.67737237118641,0.8432235670089722,0.5737470388412476,1.8990521073341369,1.9049591207504275,0.0841828575531641,0.0809965109825134,0.1032278358936309,0.1033338355064392
6455,908,5,32,0.58,0.98,True,False,True,False,4.571092545986176,4.922852158546448,5.000583457946777,5.00844938993454,11.259249873804745,10.156713737089234,9.998833246858062,9.983129730625528,1.2683400058746337,1.35987389087677,1.6212244987487794,1.6316124725341796,0.0917440800750956,0.0984570431709289,0.1000116691589355,0.1001689877986908
7033,1163,3,8,1.77,0.72,False,True,False,False,4.167801140546799,4.0660552978515625,5.511802041530609,5.535917718410492,12.6832900292514,12.296932560276243,9.071443901599128,9.031926250826286,0.8914139950275421,0.6627092361450195,2.4890595197677614,2.493343679904937,0.0836208872318267,0.0813211059570312,0.1102360408306121,0.1107183543682098
4131,126,3,8,0.7,0.76,False,True,False,True,4.346182132959366,4.574016094207764,5.006391751766205,5.011462769508362,12.099177338513748,10.930308505965886,9.987232817956157,9.977126898864425,0.9428965890407562,0.9738869667053224,1.440776026248932,1.517358989715576,0.0870943074854937,0.0914887261390686,0.100127835035324,0.1002292553901672
5930,755,5,16,1.51,0.83,False,False,False,True,4.609733082056046,5.01448130607605,5.079443275928497,5.09816201210022,11.19191323259462,9.97112111407716,9.843598459190815,9.8074561565442,1.257962452173233,1.434285283088684,1.7514037132263185,1.7608902049064636,0.0921946616411208,0.100289626121521,0.1015888655185699,0.1019632402420043
6942,338,6,8,0.82,0.98,False,True,False,False,4.099662318229675,4.01507830619812,4.975886881351471,4.986733543872833,12.874633163528426,12.453057262611916,10.048459942218429,10.026603501777457,0.810030927658081,0.582410454750061,1.5597849249839784,1.5661723041534423,0.0819932463645935,0.0803015661239624,0.0995177376270294,0.0997346708774566
4926,1877,2,32,1.5,0.86,False,True,True,False,3.8850511932373046,3.782986998558045,4.916165506839752,4.922526249885559,13.25873069332254,13.215993240112482,10.168871082153297,10.151111827668307,0.7126145386695861,0.4596655368804931,1.488168239593506,1.4932992005348205,0.0781199441763927,0.075665898323059,0.0983393330574035,0.0985113770008087
6087,630,5,8,1.45,0.96,True,True,True,True,7.586882498860359,7.631912708282471,7.668471014499664,7.67156628370285,6.52257358912699,6.549183870421311,6.519720297445774,5.868321946497494,3.494002014398575,3.5560648441314697,3.7848592162132255,3.790079379081726,0.1541399060978609,0.152690782546997,0.1533808131217956,0.1824004951140451
8128,1945,8,16,1.24,0.9,True,False,False,False,4.540539067983628,4.871012210845947,4.946346771717072,4.95453503370285,11.346937515074307,10.264807070288713,10.10847042975398,10.0917643635295,1.3301400125026703,1.4598886966705322,1.5267032504081726,1.5601592993736266,0.0908107813596725,0.0974202442169189,0.0989269354343414,0.099090700674057
5357,903,6,32,0.98,0.92,False,True,True,True,4.349708679914475,4.272551774978638,5.086962139606476,5.095836491584778,11.75951931594975,11.702608355026284,9.829049038702191,9.811931777455907,0.8199766957759858,0.6512575149536133,1.531531918048859,1.533507869243622,0.0873336062378354,0.0854510354995727,0.1017392427921295,0.1019167298316955
5187,598,5,8,1.61,0.72,True,False,False,True,5.266106992959976,4.895950198173523,6.875474286079407,6.883870251178742,10.30806444239655,10.211706414944466,7.267682355452078,6.058277337357981,2.053829733133316,1.4627540111541748,3.992780840396881,3.997486724853516,0.1065876724729193,0.0979268264770507,0.1375954468250274,0.1650795594602821
6008,1730,5,16,1.34,0.97,True,False,True,True,5.015316194295883,5.244418263435364,5.458780264854431,5.502377269268036,10.16336869406234,9.533945978197544,9.159555410899474,9.0869814183668,1.2220845317840576,1.324729084968567,1.6710598349571228,1.6833238887786866,0.1003063238859176,0.1048883652687072,0.1091756052970886,0.1100475453853607
5004,110,8,32,1.49,0.92,False,False,False,True,4.459606093168259,4.563916087150574,5.057542872428894,5.068686265945434,11.368628523708695,10.955503846877187,9.88622366910042,9.864489023348868,1.3714313757419587,1.200582504272461,1.9194202423095703,1.9230164623260493,0.0891921218633651,0.0912783217430114,0.1011508574485778,0.1013737253189086
8096,1074,3,32,1.64,0.76,False,False,True,True,5.842626762390137,5.824902653694153,6.063035428524017,6.146700866222382,8.487523021128194,8.581162854897485,8.220235929559166,7.176861406202269,3.019948136806488,3.0212820768356323,3.434216356277466,3.500885305404663,0.1180642699634327,0.1165343236923217,0.1216530187129974,0.140686967196184
8165,1865,2,8,1.78,0.92,False,False,False,True,5.61085938334465,4.726180076599121,7.651282858848572,7.716159229278564,9.32372904353922,10.573103186310275,6.516107541825219,4.602471399814164,2.102914266586304,1.360190510749817,4.311267054080963,4.378439328670502,0.1160089515080794,0.0945796155929565,0.1534658527374267,0.2175245989470914
4554,713,3,32,0.3,0.85,False,False,False,False,4.166278011798859,4.3433369398117065,4.63669320344925,4.645743231773376,12.295345372179906,11.510250581272269,10.783270875137442,10.757815084979422,1.160256849527359,1.1103157997131348,1.571299183368683,1.5755280423164368,0.0834391597496835,0.0868790817260742,0.0927362403869628,0.0929556784629821
6889,1893,4,32,1.96,0.94,False,True,False,False,3.96048721909523,3.973759889602661,4.775418770313263,4.78282009601593,13.050431033207564,12.582542017770145,10.470285938992296,10.454083364258755,0.7790482926368714,0.6012437343597412,1.388391089439392,1.4265847206115725,0.0792097443819046,0.0794751977920532,0.0955083754062652,0.0956564019203186
5656,1892,6,8,0.06,1.0,False,False,False,False,4.520499258041382,4.770828485488892,5.02241792678833,5.024825716018677,11.42838439649992,10.48035999560208,9.955364275515327,9.950593907619549,1.1667828845977783,1.145224928855896,1.603999030590057,1.6117054224014282,0.0904099851608276,0.0954165697097778,0.1004483585357666,0.1004965143203735
7092,1396,1,32,1.59,0.98,False,True,False,False,3.911004350185394,4.0075682401657104,4.585292160511017,4.62379328250885,13.244170415280614,12.473973197658465,10.90171317733886,10.803979046611383,0.7751107406616211,0.6009312868118286,1.3924464583396912,1.3962319111824035,0.0785522452466628,0.0801669192314148,0.0917287020683288,0.0925584912776947
5330,1053,6,8,0.87,0.98,True,False,False,False,4.577296508550644,4.635359764099121,5.3809171438217165,5.386389493942261,11.3541719064369,10.785679272117523,9.29153336486508,9.28174084469274,1.33850461602211,1.2156342267990112,2.1183874130249025,2.126440780162812,0.092264705022176,0.0927155327796936,0.1076248624324798,0.107738432598114
8058,1935,7,32,1.47,0.83,False,True,True,False,3.897214016914368,3.853350520133972,4.745196521282196,4.763026835918427,13.385155343611856,12.960433301227264,10.536754775817496,10.493278571326815,0.8169071877002716,0.5860757827758789,1.4679376840591432,1.5182924342155455,0.0784216025978326,0.0771579384803771,0.0949058816432952,0.0952990996360778
4629,1174,3,32,1.86,0.94,False,True,False,True,4.6359655940532685,5.050117015838623,5.353588604927063,5.365468645095825,11.016718115120106,9.898599908040556,9.334270751776618,9.256697315621809,1.212858452796936,1.4317278861999512,1.8281059384346008,1.836752061843872,0.0941763926416636,0.1010243892669677,0.1071320977210998,0.1082585846483701
7904,733,4,32,1.07,0.96,False,False,True,False,4.868282186985016,5.058570861816406,5.720255970954895,5.768458149433136,10.676216866483331,9.876384144050425,8.732603103981543,8.63528763954484,1.5919424772262574,1.5098330974578855,2.4741547465324403,2.510159454345703,0.0983930814972699,0.101251630783081,0.1145134010314941,0.1158423123898711
5987,455,1,8,1.89,0.96,False,True,False,False,5.350277191400528,4.1696412563323975,8.165725088119506,8.207765533924103,10.992326886575876,11.991439294384012,6.119456010252944,6.057596970867235,1.948045939207077,0.4812139272689819,4.623768675327301,4.658584399223328,0.1076048094584674,0.0833928251266479,0.1634132425785064,0.16511422598813
5778,998,1,32,1.19,0.73,False,False,True,True,5.58585590004921,4.8850096464157104,7.710009849071502,7.743651719093322,9.793663870236813,10.234635812685683,6.485076021982742,6.456902197616555,2.014379016160965,1.2568954229354858,4.1318532705307005,4.171258711814881,0.1119531218630194,0.0977074337005615,0.15420019698143,0.1548730343818664
5729,1839,3,8,0.35,0.73,True,False,False,True,5.652576192220052,7.044247984886169,7.493036770820618,7.62491466999054,10.419879612740369,7.097993459887089,6.672865476361386,6.557458404861241,1.994382228453954,2.609778881072998,3.5007439851760864,3.631325690746308,0.113051523844401,0.1408849596977233,0.1498607354164123,0.1524982933998108
5658,1559,6,32,0.47,0.93,False,True,False,False,5.34594878355662,6.57936954498291,6.865877246856689,6.919675979614258,11.135839834608571,7.599514525877538,7.282393160138233,7.225784271079589,2.0699517826239267,2.804823994636536,3.161829721927643,3.217858319282532,0.1069189756711323,0.1315873908996582,0.1373175449371338,0.1383935195922851
8120,1153,1,8,1.61,0.79,False,False,True,False,4.39693687081337,4.610649943351746,5.157752990722656,5.172211725711822,11.612073773905236,10.837690493604988,9.680768622937936,8.923329039270424,1.2081951999664309,1.0706976652145386,1.8859813213348389,1.935262417793274,0.0889171305662109,0.0922705817222595,0.1032975831031799,0.1120682934658867
7244,633,6,8,0.34,0.92,True,False,False,True,6.06062415043513,7.341090440750122,7.6414074301719666,7.708643133640289,9.499558587109982,6.805304718547741,6.524358594170566,6.477571058836882,2.7223418712615968,3.505181312561035,4.113326787948608,4.191544284820557,0.1216848437388738,0.14694420337677,0.1532717728614807,0.1543788979530334
6875,697,3,8,0.95,0.71,False,True,True,True,6.035687017011213,7.280736446380615,7.5874292850494385,7.675788807868957,9.522537510301712,6.867437156698056,6.589870183250226,6.51399572217071,2.4573322717133945,2.9329330921173096,3.64431369304657,3.775390958786011,0.1207137403402242,0.1456147289276123,0.1517485857009887,0.1535157761573791
7870,707,4,8,1.41,0.81,True,True,False,True,5.52863929271698,5.536644101142883,5.571491611003876,5.578241422176361,9.044104422460446,9.030741646018283,8.97425751672083,8.963399180394582,1.797721102833748,1.7947615385055542,2.0757244348526003,2.0769254612922667,0.1105727858543396,0.1107328820228576,0.1114298322200775,0.1115648284435272
6789,783,5,16,0.83,0.85,False,False,False,False,5.530408864021301,4.976217865943909,7.363755023479461,7.394729468822479,9.879685212340398,10.04779169146158,6.7900142112619815,6.761572764944399,2.0589493203163145,1.4196590185165403,3.970971429347992,3.995336143970489,0.110608177280426,0.0995243573188781,0.1472751004695892,0.1478945893764496
7810,1789,2,16,1.94,0.93,False,False,True,True,4.756473151445388,5.132319092750549,5.239496827125549,5.252806649208069,10.734481433252595,9.73859213071357,9.533668320953852,9.496913460245018,1.4334038770198825,1.612250566482544,1.7740057945251464,1.816824722290039,0.0959194674473182,0.1026842522621154,0.1048914194107055,0.1053128409666172
5090,1858,5,32,1.32,0.96,False,False,False,False,5.970174191395442,7.1872018575668335,7.4745339274406435,7.560100598335266,9.516682596110789,6.95681038485472,6.689380377357593,6.613702250882924,2.4892635186513266,2.866513609886169,3.8012665152549743,3.9311296629905694,0.1194034838279088,0.1437440371513366,0.1494906785488128,0.1512020119667053
7077,755,5,8,1.15,0.88,True,False,True,True,4.803135534524918,4.96156644821167,5.486136412620544,5.492441651821136,10.805251398723762,10.077462536114414,9.113882019228043,9.10341942189139,1.4742302632331847,1.393552541732788,2.064368462562561,2.0723000717163087,0.0960627106904983,0.0992313289642334,0.1097227282524108,0.1098488330364227
4409,1384,1,8,0.13,0.84,False,True,False,True,4.235232965946198,4.483023762702942,4.8420090794563295,4.849750459194183,12.359547374047146,11.153186475671582,10.326292082367432,10.30980880823556,0.938777039051056,0.9835288524627686,1.4490398287773132,1.5013737630844115,0.0849097987350664,0.0896604752540588,0.0968401815891265,0.0969950091838836
5081,1133,8,8,1.44,0.92,True,False,False,True,4.769562305212021,5.015448689460754,5.47619309425354,5.48736172914505,10.763386912680678,9.96752400706806,9.12967031518832,8.99392331725389,1.3790821623802183,1.5607140064239502,2.0719366312026977,2.0768285846710204,0.0989962537756398,0.1003258180618286,0.1095329804420471,0.1114974128947531
5295,1074,7,16,0.81,0.76,True,False,True,False,3.979092847108841,3.86660385131836,4.642527902126313,4.653755578994751,12.838746766458016,12.931244744402818,10.769994507191228,10.744010780182869,1.0514929473400116,1.1564960479736328,1.497256088256836,1.5025353741645813,0.0797671489477157,0.0773320770263671,0.0928505580425262,0.093075111579895
4579,984,7,16,1.5,0.82,True,True,True,True,4.462161481380463,4.492701411247253,4.527037107944489,4.550789942741394,11.084690435328692,11.127863338287138,11.036404393440394,9.970941483565454,1.295806047320366,1.1837377548217771,1.6438274025917052,1.6486373853683471,0.0905786055251955,0.0898645114898681,0.0906092207431793,0.1052736307322975
4826,741,6,8,0.23,0.85,True,False,False,False,4.567310718297958,4.635678768157959,5.228684055805206,5.238883287906647,11.267585707940317,10.784999591973651,9.562635567427607,9.544018953433744,1.3517334055900574,1.2732173204421997,2.03061066865921,2.0364883875846864,0.0914771157606228,0.0927213764190673,0.1045736811161041,0.1047776657581329
6640,948,8,32,1.59,0.94,True,True,True,True,57.23568284511566,57.23568284511566,57.25035055875778,57.25165435552597,0.5940300931791482,0.5940300931791482,0.5784578680847025,0.5770736702985295,29.332805156707764,29.332805156707764,29.45028505325317,29.46072771072388,1.6848458175535326,1.6848458175535326,1.7290132740875344,1.7329392702238902
7400,609,4,32,0.34,0.98,False,True,False,False,124.55827073686442,114.6557469367981,170.2283456325531,170.2331406021118,0.6119085672732345,0.4360302830420056,0.2937231153498789,0.2937148420305717,99.65940944556218,109.00222373008728,164.65836734771727,164.6886730480194,2.495038852216205,2.293418688774109,3.404566912651062,3.404662812042236
6719,347,4,32,0.78,0.75,False,True,False,False,3.862833640575409,3.8994678258895874,4.542013418674469,4.567757623195648,13.359726016198108,12.82103217646679,11.00183332791265,10.94047017643535,0.7769039571285248,0.5650773048400879,1.3136523723602294,1.3209082746505738,0.0778911013543605,0.0779968404769897,0.090893946647644,0.0914039069652557
4134,1164,6,32,0.58,0.98,False,False,False,False,43.01954303185145,62.98107290267944,63.03494374752045,63.042206068038944,5.998265361763859,0.7938893031211958,0.7932108300141204,0.793119455579173,40.923137336969376,60.75750017166138,61.00598793029785,61.01368017911911,0.8603908606370293,1.259621458053589,1.260698874950409,1.2608441213607788
7466,594,3,8,0.6,0.77,True,True,False,True,47.48620090484619,48.04343283176422,48.09359029531479,48.11303667783737,1.1635829348924216,1.040688074373073,1.0396258261724798,0.9643086851665916,44.37960401773453,44.76285767555237,45.286334323883054,45.301066360473634,0.956305068399757,0.9609027194976808,0.9618845314979552,1.0675505650132864
4850,268,3,32,1.01,0.75,False,True,True,True,3.820195074081421,3.441085696220398,4.907865154743194,4.911602318286896,13.887661370805851,14.530298356312151,10.187728970186855,10.179977348658973,0.7638824689388275,0.5497356653213501,1.5468279838562011,1.5513996338844298,0.0764039014816284,0.0688217139244079,0.0981573030948639,0.0982320463657379
5484,1514,2,16,0.06,0.79,True,True,False,True,4.767815664410591,4.776508808135986,4.802214407920838,4.807139589786529,10.487566890184198,10.467898307097409,10.41186332100971,10.401196214955858,1.1844052255153656,1.0582187175750732,1.437344527244568,1.4403399801254273,0.0953563132882118,0.0955301761627197,0.0960442881584167,0.0961427917957305
4926,754,3,16,0.49,0.75,True,True,True,True,4.450456470251083,4.479786992073059,4.517036414146423,4.527715001106262,11.10875151942924,11.160563676887485,11.069085110630075,10.007612691316975,1.2313800632953644,1.3192720413208008,1.581423854827881,1.5842241287231444,0.0904078461925188,0.0896012091636657,0.0903417031764984,0.1053550969600673
4905,182,3,16,0.88,0.84,True,False,True,False,4.456182601451874,4.815565347671509,4.853837740421295,4.878542289733887,11.546713294873392,10.382436852544735,10.300852792152613,10.24879561761762,1.130672961473465,1.0600546598434448,1.5261112332344056,1.5288335800170898,0.089563259343097,0.0963165020942688,0.097079341173172,0.097572441291809
6900,811,2,32,0.32,0.74,False,True,False,False,107.01695402575211,120.20102310180664,122.35592222213744,122.36039083003998,1.2741735459917287,0.415925867700231,0.4086365237036126,0.326056326463648,79.97750321912093,61.21376085281372,120.0775227546692,120.08367161750792,2.21213974412898,2.4042746019363403,2.447162556648254,3.9621007146239138
4798,1247,2,16,1.55,0.97,False,True,True,False,3.7812451684474944,3.7578375339508057,4.544435954093933,4.563806722164154,13.713627605087042,13.303670266861207,10.999427271362944,10.950953133687696,0.6949430167675018,0.4611759185791015,1.29723219871521,1.3013893556594849,0.0758652889593056,0.0751672267913818,0.090913824558258,0.091316252374649
5342,1167,7,32,1.56,0.89,True,False,False,False,53.879456218551184,57.83657395839691,124.65159565210342,124.67353854417802,8.204252262041056,0.8645048739815162,0.4010799200311226,0.3113799527505896,51.00592579561121,55.47748959064484,120.37672160863876,120.38972067594528,1.1157586593576343,1.1567314791679382,2.493268709421158,3.330099926455818
5184,1848,4,16,1.31,0.84,False,True,False,False,136.55639653002962,123.31995272636414,179.9766837120056,179.99374083995818,0.3756497175948229,0.4054493931808869,0.2778137643755601,0.277787437617787,120.42915021105016,120.43960666656494,120.4796240568161,120.49605969429015,2.731127930600593,2.4663990545272827,3.5995336742401123,3.599874816799164
7131,547,4,32,0.15,0.81,True,False,True,False,36.60961181640625,62.98918795585632,63.01818952560425,63.028098363876346,7.737010083133591,0.7937870231799253,0.7934217151209249,0.7932969840994439,34.56979428291321,60.94563508033752,60.97752070426941,60.98757424354553,0.7321922363281251,1.2597837591171264,1.260363790512085,1.2605619672775268
4055,1673,7,8,0.78,0.82,True,False,False,False,89.36661979628772,63.01956725120544,123.0908613204956,123.10946922302246,0.6235668578964364,0.793404369165096,0.4062039981165897,0.4061426055871361,86.97295208093597,60.60593104362488,120.76655721664427,120.79069509506226,1.7873323959257543,1.2603913450241089,2.461817226409912,2.462189384460449
5655,784,2,8,1.39,0.87,True,False,True,True,60.91203538231228,60.90398955345154,60.96017293930053,60.961670837402345,0.8208560148859007,0.820964281102114,0.8202076475526037,0.8201874934915694,58.85493626801864,58.85108232498169,58.89539189338685,58.89826797485352,1.2182407076462456,1.2180797910690309,1.2192034587860108,1.219233416748047
5842,1971,8,32,0.7,0.78,False,False,False,True,5.148088511228561,5.023974895477295,7.136803102493286,7.189523451328277,10.209526684955652,9.94782435798608,7.005938032367084,6.954564688823263,1.52361265540123,1.1910251379013062,3.31109414100647,3.415136590003967,0.1031868741591771,0.1005244946479797,0.1427360620498657,0.1437904690265655
6416,1415,1,16,1.14,0.79,False,True,True,True,4.05835235118866,4.100151896476746,4.822697937488556,4.870065681934356,12.58370525636762,12.188880956101052,10.285644454659026,9.268128090143843,0.7848002529144287,0.56272292137146,1.5597426176071167,1.566402020454407,0.0824078600393828,0.0820419859886169,0.0972228837013244,0.1078966552416483
7617,1982,5,32,0.08,0.77,False,False,False,False,4.256812312602997,4.520204186439514,4.567284274101257,4.5717462015151975,11.988866248998146,11.061447242462208,10.947424552393578,10.936740145750496,1.2719935357570649,1.3735346794128418,1.5646884560585022,1.5691097831726073,0.0851362462520599,0.0904040837287902,0.0913456854820251,0.0914349240303039
7730,1354,6,8,0.19,1.0,False,True,True,True,121.8454314172268,121.86690735816956,121.92106897830963,121.92173000812532,0.4103561699727245,0.4102836546773225,0.4101013911972859,0.4100991677028228,120.12144660949708,120.14222598075868,120.19754836559297,120.197636885643,2.436908628344536,2.437338147163392,2.4384213795661926,2.438434600162506
5347,748,1,32,0.29,0.78,True,True,False,True,4.5525111079216005,4.566244006156921,4.600023293495179,4.603521628379822,10.98371938578284,10.949918644945072,10.869510178827516,10.861250157138963,1.1895261824131012,1.2342755794525146,1.4799145698547362,1.482780327796936,0.091050222158432,0.0913248801231384,0.0920004658699035,0.0920704325675964
7378,1874,1,32,1.32,0.85,True,False,True,True,4.69534078001976,4.96499764919281,5.218326616287231,5.228326985836029,10.92358451463673,10.069264551221844,9.581171239363726,9.544983957225888,1.229541026353836,1.3669668436050415,1.6231214165687562,1.6800164461135865,0.094238587880857,0.0993121194839477,0.1043713748455047,0.1047670699596405
4404,158,2,32,1.01,0.88,False,False,False,False,4.68190038561821,4.990354061126709,5.139036226272583,5.153192076683045,10.923646393489822,10.018508579934288,9.724723265929528,9.699724215908724,1.1396797037124633,1.2330007553100586,1.6731252551078797,1.6784350633621214,0.0943414320340523,0.0998152565956115,0.1028306896686553,0.1030957187652587
4668,470,3,16,1.43,0.86,False,True,False,False,5.603934183120727,4.6545798778533936,7.040724992752075,7.115492300987244,9.321567870907204,10.74210805531585,7.101569923784483,7.026935148328497,2.029002351760864,1.3418145179748535,3.153919053077697,3.2469074344635014,0.1120786836624146,0.0930915975570678,0.1408144998550415,0.1423098460197449
6821,281,1,8,0.16,0.91,False,True,True,True,5.361760174036026,5.169023156166077,6.853732883930206,6.858258700370788,10.274336761837334,9.67300754736518,7.295294533476424,7.290480675276624,1.8493871808052065,1.5805890560150146,3.1687371253967287,3.21419225692749,0.1072352034807206,0.1033804631233215,0.1370746576786041,0.1371651740074157
6181,414,3,32,0.5,0.72,False,True,False,True,5.513295455773672,6.749524712562561,7.006494617462158,7.090590119361877,10.665465730898209,7.407932505611475,7.136237918710208,7.051600780283914,2.218699465195338,2.8074147701263428,3.536088967323303,3.570068385601044,0.1102659091154734,0.1349904942512512,0.1401298923492431,0.1418118023872375
7251,943,7,32,0.85,1.0,False,False,True,True,5.432932277826162,4.6071367263793945,7.0409771442413325,7.107868881225586,9.598300602097556,10.85272762010982,7.101320886034434,7.034635875385474,1.949380504167997,1.416001796722412,3.1345577239990234,3.148022651672364,0.1086586455565232,0.0921427345275879,0.1408195428848266,0.1421573776245117
5496,1715,6,8,1.69,0.86,True,True,True,True,5.952103370428086,5.964730501174927,5.990222322940826,6.011625924110413,8.396463262838953,8.382148381218148,8.343558170267446,8.3172680346634,2.428461381793022,2.271937608718872,2.695330667495728,2.701118550300598,0.1191019936626156,0.1193011569976806,0.1198529428144296,0.1202325184822082
7411,2023,6,32,0.82,0.99,True,False,False,True,4.446052448749542,4.786140203475952,4.921877312660217,4.937335786819458,11.437914493594088,10.443010439516986,10.155565925013097,8.147002056332127,1.1572464096546171,1.2750438451766968,1.549363946914673,1.5521631956100463,0.0911533217279069,0.0957578325271606,0.0984681708812713,0.1227641381297193
4612,410,6,8,0.74,0.74,False,False,False,True,4.373817799091339,4.566248297691345,5.146339225769043,5.164282140731811,12.14519612339403,10.949447191792808,9.71324865273928,9.676607205570416,1.2369880080223083,1.1749740839004517,1.739600670337677,1.7421509766578671,0.0879018658456348,0.0913288116455078,0.1029521672725677,0.1033420060157775
4654,1171,2,8,1.93,0.83,True,False,True,True,4.762618284225464,5.024269819259644,5.512997102737427,5.53006618976593,11.022779242537943,9.951331222222093,9.069476946483364,9.041483191415375,1.239056578874588,1.1228035688400269,2.1800859808921813,2.18436354637146,0.0953864912606574,0.100489068031311,0.1102599420547485,0.1106013237953186
5454,333,3,8,0.75,0.73,True,False,False,True,4.796501804590225,5.044603109359741,5.448242938518524,5.456766695976257,10.862204615605462,9.910976878499294,9.176307525368196,9.158515643396214,1.4825767838954926,1.4207717180252075,2.00099618434906,2.068002107143402,0.0960362655738504,0.1008982276916503,0.1089762954711914,0.109187999343872
6034,1509,8,16,0.05,0.74,False,True,True,True,4.057020115852356,3.919387936592102,4.936109888553619,4.946288199424743,12.937441153035676,12.757094165305633,10.129434147895566,10.108590115318323,0.7814794492721557,0.5223642587661743,1.50814698934555,1.5458416986465453,0.0811404023170471,0.078387758731842,0.0987221977710723,0.0989257639884948
6812,104,7,16,1.78,0.73,True,False,True,True,4.878854295015335,4.680684804916382,6.0234609842300415,6.030517694950103,10.87165094679357,10.682197690466069,8.300875594912574,8.291162140940978,1.4187347412109377,1.1720938682556152,2.685696077346802,2.6881179928779604,0.0975770859003067,0.0936136960983276,0.1204692196846008,0.120610353899002
5851,1127,7,8,1.72,0.93,False,True,True,False,4.074429768323898,3.8268983364105225,5.3138415813446045,5.336649277210236,12.725426913689189,13.051146775301303,9.408986439414598,9.360415662510086,0.7996738064289093,0.3877973556518554,1.979244267940521,1.9857653403282165,0.0823005093747988,0.0766216254234314,0.1062813735008239,0.1068328625679016
6047,843,6,16,0.3,0.75,True,True,True,True,4.850909200310707,4.904814600944519,4.932149815559387,4.936717433929443,10.15442716046989,10.18634791502902,10.128618661490815,8.477009097443696,1.282137358188629,1.441031575202942,1.5911537051200866,1.5933653974533082,0.0987786365223198,0.0981706118583679,0.098730146408081,0.12039132741319
7464,1065,6,32,0.77,0.78,True,False,True,True,4.476036591529846,4.872853875160217,4.92937341928482,4.93658037185669,11.457813997487564,10.25347848975943,10.137268483910214,9.25781155262816,1.163805205821991,1.3136814832687378,1.531969130039215,1.5354569149017334,0.090678546665879,0.0975278782844543,0.0986459028720855,0.1081015182106115
5684,1868,1,16,0.62,0.89,False,True,True,False,3.9307335197925566,3.86696994304657,4.696922016143799,4.708420491218567,13.234488002866856,12.92627257974429,10.645269355682023,10.619272633507755,0.6587060391902924,0.4657614231109619,1.1628531694412232,1.1824604773521423,0.0787169100819407,0.0773618221282959,0.0939384403228759,0.0941684098243713
4320,1747,6,8,2.0,0.89,True,False,True,False,4.695175358057022,4.793706893920898,5.467064464092255,5.4753395652771,11.104692371569692,10.429331342830723,9.145675954323847,9.131853900112851,1.3510012137889862,1.4280633926391602,2.1538751482963563,2.161146972179413,0.0940643377780914,0.0958834242820739,0.1093412892818451,0.1095067913055419
5793,986,4,8,0.75,0.92,False,False,True,True,4.575567160844803,4.896305203437805,5.009144425392151,5.0188251709938045,11.2836382233905,10.211781981386022,9.981744537881733,9.962491081820664,1.2003803503513335,1.191053032875061,1.5892914056777954,1.5985390329360962,0.091511343216896,0.0979261040687561,0.100182888507843,0.1003765034198761
4407,509,1,16,1.65,0.72,True,False,False,True,4.3388507628440856,4.728866338729858,4.78258183002472,4.787018628120422,11.882788515388471,10.567811393828515,10.44960257557609,10.42817305201049,0.9600302720069884,1.0039403438568115,1.5482301592826844,1.551917462348938,0.0874946690165478,0.0946269726753235,0.0956974194049835,0.0959165802644645
4120,1974,5,32,1.78,0.71,False,False,True,True,4.068145755529404,4.068198561668396,4.67956771850586,4.6904558801651,12.30258568867982,12.285925369901417,10.66994233697867,10.637761700271202,1.312366288900375,1.342448353767395,1.823886549472809,1.8261526107788089,0.0821405369493818,0.0813939523696899,0.0937212188243866,0.0940201519981506
4647,857,3,32,1.29,0.97,True,True,False,True,4.839406970143318,4.853433847427368,4.881931018829346,4.891527678966522,10.332441230191394,10.301984447429142,10.241848985791323,10.22176617484427,1.1935467958450316,1.336177945137024,1.553154218196869,1.5587299847602845,0.0967881394028663,0.0970686769485473,0.0976386203765869,0.0978305535793304
6393,1767,5,32,1.03,0.72,False,True,True,True,3.6521462094783774,3.445436120033264,4.491589760780334,4.499432489871979,14.147106236457352,14.502772841344871,11.131916093775654,11.112512613843814,0.8128764867782593,0.5558894872665405,1.5942983031272888,1.5998290419578551,0.0734922515511817,0.0689523315429687,0.0898317952156066,0.0899886497974395
4464,937,7,8,1.77,0.85,True,True,False,True,5.507672047615051,5.511333346366882,5.543796336650848,5.561223227977752,9.07861546731,9.072214813926363,9.01909035324176,8.990956748786875,1.847202831506729,2.116170287132263,2.129667520523072,2.1598995971679686,0.110153440952301,0.1102266669273376,0.1108759267330169,0.111224464559555
6299,747,5,32,0.41,0.78,True,False,False,False,4.382742929458618,4.7294464111328125,4.807747983932496,4.820972783565521,11.703149715484884,10.570699280821117,10.390197031104126,10.34485581443824,1.162317659854889,1.2470523118972778,1.5787545561790466,1.5909892344474792,0.0883722192912417,0.0946011209487915,0.0962445659637451,0.0966888768464325
4053,320,7,16,0.09,0.79,True,False,True,True,4.409243409633636,4.745693564414978,4.796535098552704,4.826034188270569,11.65509325925252,10.535628027236738,10.420110711630526,10.352748934979994,1.0924562776088715,0.964840292930603,1.4413155198097227,1.505259311199188,0.0884423977698599,0.0949160313606262,0.0959682726860046,0.0965927481651306
7304,445,1,8,0.56,0.86,True,False,True,True,4.7811841547489164,4.9144134521484375,5.566034066677093,5.5749428081512455,10.973184813364483,10.174154218801508,8.983056774855543,8.968701881648347,1.5375621628761291,1.4356759786605835,2.387276017665863,2.3898454308509827,0.0956236830949783,0.0982882690429687,0.1113206813335418,0.1114988561630249
8182,1794,8,32,1.14,0.72,True,False,False,False,4.369860804080963,4.325829863548279,4.977697646617889,4.989737670421601,11.590608854694723,11.556871031852744,10.037577802607728,9.989882414250255,1.2749114775657653,1.402769684791565,1.4887376427650452,1.5122165417671205,0.0878474598304391,0.0865286111831665,0.0996256291866302,0.1001029334134068
5750,1929,6,32,1.28,0.86,False,False,True,True,4.473324302434921,4.8134685754776,5.012522625923157,5.019053785800934,11.444925749610322,10.381887967218482,9.969131896038364,8.137529690682115,1.1309707546234131,1.19667649269104,1.63346608877182,1.6378552007675171,0.0907428923594925,0.0963215947151184,0.1003096368312835,0.1229292728386671
6671,1334,8,16,1.33,0.98,True,False,True,True,4.664789199829102,5.044652342796326,5.117085134983062,5.16261589050293,11.135643922424949,9.9114859269962,9.771187831319049,9.685012610534564,1.221742218732834,1.392710566520691,1.657146430015564,1.6689338994026184,0.0932957839965819,0.1008930468559265,0.1023417026996612,0.1032523178100586
4491,1990,2,32,1.07,0.8,True,False,True,True,4.571281183958053,4.937583684921265,5.001728212833404,5.019869532585144,11.223433108430871,10.126127055156989,9.995026679049705,9.957448357082807,1.130725246667862,1.0761696100234983,1.5983503341674803,1.6027677869796753,0.0920123806616521,0.0987544393539428,0.1000497579574585,0.1004273348808288
6536,185,4,8,1.59,0.87,True,False,True,True,34.08789003235953,62.37512063980103,62.93952834606171,62.953497381210326,8.088095549290257,0.7949911017678354,0.794311208742789,0.6721001818960014,31.720831475939068,60.372374057769775,60.42255687713623,60.43487334251404,0.7077659517264586,1.257875714302063,1.2589524145126345,1.511478881861033
7468,1816,1,16,0.06,0.91,True,True,True,True,9.671899309754371,9.694733500480652,9.730072486400603,9.74226419210434,5.137815759536813,5.157239145730438,5.137858801344851,4.775730753676709,6.032462155818939,6.310284376144409,6.327082419395447,6.333733627796173,0.1950354169990335,0.1939021968841552,0.1946336088180542,0.214989113736152
7688,447,3,16,1.77,0.81,False,False,True,False,4.403110057115555,4.489262104034424,5.148246824741364,5.175917325019836,11.624918158427125,11.130266296083,9.712044236808277,9.660123543218534,1.3811481893062592,1.3798049688339231,2.2800859332084658,2.288790121078492,0.0882043830513954,0.089845118522644,0.1029649364948272,0.1035183465003967
7334,1767,6,8,0.49,0.94,False,True,False,True,4.305840381383896,4.667373776435852,4.9852376818656925,4.991113314628601,11.91960003015046,10.704560430526712,10.022019302083796,5.419029380708745,0.9522960495948792,1.0215073823928833,1.5237565159797668,1.527376537322998,0.094817002619144,0.093418128490448,0.0997802908420562,0.1850139980316151
6975,1560,8,8,0.9,0.73,False,False,False,True,4.58348668217659,4.880617380142212,4.918049776554108,4.927157437801361,11.138699645625314,10.244605570543904,10.166631553258036,10.147838929747133,1.2056955015659332,1.3204039335250854,1.5445223450660706,1.5808617758750916,0.0916697336435318,0.0976123476028442,0.0983609955310821,0.0985431487560272
7599,1730,2,32,0.52,0.85,False,False,True,True,4.452537608146668,4.837206244468689,4.89896445274353,4.906336088180542,11.720585095191186,10.336545005024004,10.206238703828584,10.190903986711913,1.2059636998176575,1.3537964820861816,1.5030640363693235,1.5082234501838685,0.0890507521629333,0.0967441248893737,0.0979792890548706,0.0981267217636108
4798,376,5,32,1.73,0.82,False,False,False,False,4.719428026676178,4.7363440990448,5.687757956981659,5.733660991191864,10.891775566770733,10.55587848823422,8.790810088325125,8.720432357630035,1.3726516950130463,1.0763592720031738,2.077450466156006,2.081587040424347,0.0945458126647132,0.0947339439392089,0.1137551591396331,0.1146732198238372
4287,1437,8,32,1.09,0.95,True,True,False,True,4.385249897837639,4.412604689598084,4.450440573692322,4.460914359092712,11.284033548770491,11.330433021148444,11.233416092777116,10.15353893450579,1.2493497878313065,1.2105655670166016,1.6102982759475708,1.6151766324043273,0.0889795789368012,0.0882578802108764,0.0890201158523559,0.1034105535815739
7263,385,4,8,0.29,0.8,False,False,False,False,4.474301470518112,4.79838764667511,4.855488359928131,4.858703255653381,11.495543467892931,10.420166911573148,10.29762534926231,10.290811637014688,1.2385448729991912,1.3698426485061646,1.517439329624176,1.544609224796295,0.0894860294103622,0.0959677529335022,0.0971097671985626,0.0971740651130676
5713,943,4,16,0.4,0.98,True,False,False,True,4.483510811328888,4.820101618766785,4.915948414802552,4.924048478603363,11.496987298844967,10.372787125682835,10.170061709370689,10.153107153119992,1.1527775764465331,1.112083077430725,1.6038926482200622,1.6065274477005005,0.0898609221928047,0.0964061045646667,0.0983278203010559,0.0984920170783996
5283,953,6,32,1.4,0.81,False,False,False,True,4.43771294593811,4.650133013725281,4.950770783424377,4.959182932376861,11.45862455606624,10.752380626883824,10.099437560747152,10.082306037859784,1.2673742151260377,1.0613396167755127,1.8442980885505675,1.8470413064956663,0.088946273917622,0.0930026602745056,0.0990154156684875,0.0991836586475372
4871,1877,4,8,0.76,0.87,True,True,False,True,5.640297472476959,5.649358749389648,5.682523858547211,5.694269630908966,8.865192571487913,8.850562024126507,8.798907185712578,8.78082470861746,1.8740470618009568,1.866870880126953,2.2720716834068297,2.2745285272598266,0.1128059494495391,0.1129871749877929,0.1136504771709442,0.1138853926181793
7311,977,7,32,0.85,0.88,False,False,True,True,4.239473502635956,4.381229877471924,4.742988872528076,4.750923597812653,12.018724236117125,11.408716680940234,10.538442391824397,10.512084915932126,1.237167239189148,1.341866374015808,1.5470788598060607,1.5549274253845216,0.0852059650450393,0.0876522779464721,0.0948906834125518,0.0951308551399795
6603,707,4,32,1.32,0.85,False,True,False,True,4.0954347062110905,4.037504076957703,4.95780690908432,4.962144536972046,12.76843621423868,12.383888447621702,10.085104349545375,10.076288520339732,0.8363844621181488,0.5810275077819824,1.7726903557777405,1.7801820182800292,0.0819086941242218,0.080750081539154,0.0991561381816864,0.0992428907394409
7421,1309,2,32,0.72,0.73,False,True,True,True,3.9312450456619263,3.752591967582703,4.835894119739533,4.8457832264900205,13.377103793800623,13.324123859017002,10.33934969937012,10.318249428067302,0.8067223715782166,0.5173914432525635,1.5195142030715942,1.5278464245796204,0.0786249009132385,0.075051839351654,0.0967178823947906,0.0969156645298004
4963,221,3,8,0.14,0.77,False,False,True,False,4.470813828706741,4.801311492919922,4.890923285484314,4.915015263557434,11.562930338594144,10.413821324391254,10.223018702754308,10.172908503445525,1.119470695257187,1.081851363182068,1.5145168423652648,1.526872215270996,0.0894162765741347,0.0960262298583984,0.0978184657096862,0.0983003052711486
6399,611,5,32,1.45,0.71,False,False,True,False,4.563200039863586,4.79235053062439,5.415881097316742,5.432328593730927,11.286722679324106,10.43256903355528,9.23210814694396,9.204156033302384,1.2124228584766388,1.142690658569336,1.851728367805481,1.855284161567688,0.0913538658578221,0.0958536672592163,0.1083176219463348,0.1086465718746185
5400,696,2,32,1.78,0.99,False,True,False,False,3.8947949707508087,3.8636314868927,4.778866720199585,4.787894811630249,13.285482097635734,12.927636389137628,10.460982770460046,10.442561957426662,0.7190643501281738,0.418889045715332,1.5509335279464722,1.5554446411132812,0.0784143387802902,0.0773537111282348,0.0955933129787445,0.0957619408130645
7475,1512,8,8,1.59,1.0,False,False,False,True,4.569292393922805,4.778763055801392,5.131170618534088,5.158473317623137,11.228853493266126,10.462958808127144,9.744365553162403,9.692868370115011,1.3412153029441831,1.5442376136779783,1.7395846962928772,1.7988963460922225,0.0913858478784561,0.0955752611160278,0.1026234123706817,0.1031694663524627
7551,959,7,32,1.66,0.73,False,False,False,True,4.602414819002152,4.830633401870728,5.142126739025116,5.150617563724518,11.095329700031698,10.345536454189556,9.72246389868776,9.706473041441011,1.428739801645279,1.6291582584381104,1.8326103806495664,1.8714053487777709,0.0922259547528097,0.0966600489616394,0.1028545861244201,0.1030240338802337
8048,1805,3,16,0.2,0.91,True,False,True,False,4.354759060144424,4.696907162666321,4.753637969493866,4.775720999240876,11.761167730938462,10.644897229550445,10.516721293926665,10.444029226364346,1.2487269830703736,1.412213921546936,1.557320201396942,1.599134485721588,0.0877337474215767,0.0939417243003845,0.0950866785049438,0.095748487329483
7343,780,4,32,1.62,0.94,True,False,True,True,4.568542733192444,4.927263975143433,5.056926524639129,5.077715094089508,11.28163291657465,10.14533219764677,9.885876459127724,9.82285748945555,1.2414654421806337,1.3451355695724487,1.5504088044166564,1.5570565819740296,0.0920768342575856,0.0985674977302551,0.101154410123825,0.1018162285191671
7153,922,3,32,0.4,0.82,True,True,False,True,4.868813261389732,4.870706558227539,4.9062546491622925,4.916944711208344,10.269811753882356,10.26545110176048,10.19107318300998,10.168916465830648,1.308362689614296,1.13025963306427,1.5789785504341125,1.5817195749282835,0.0973762652277946,0.0974141311645507,0.0981250929832458,0.0983388942241668
8110,280,4,32,1.34,0.83,True,False,False,True,4.510471802949906,4.823291301727295,4.93794332742691,4.943527936935425,11.430422545513078,10.366365389744264,10.125673202811422,10.114234389624032,1.2883962965011595,1.4899022579193115,1.593291461467743,1.599025752544403,0.090209436058998,0.0964658260345459,0.0987588665485382,0.0988705587387085
5355,1967,3,32,0.46,0.73,False,False,False,True,4.440943598747253,4.750583529472351,4.822055435180664,4.827407019138336,11.573617460082382,10.525022813709612,10.369022229703562,10.357527317335888,1.1147214734554292,1.025468826293945,1.5332606434822085,1.536077799797058,0.088818871974945,0.095011670589447,0.0964411087036132,0.0965481403827667
4887,576,5,8,0.02,0.81,False,True,True,False,3.654596959352493,3.8692952394485474,3.999473369121552,4.0085016226768495,14.021572695350388,12.922250666868104,12.501645987270308,12.473488789638791,0.7511640405654907,0.4942523241043091,1.4425469517707823,1.46184326171875,0.0730919391870498,0.0773859047889709,0.079989467382431,0.0801700324535369
4242,1362,6,32,1.54,0.9,False,True,True,False,3.906638009548187,3.841420888900757,4.895866596698761,4.9029493594169615,13.285657042082033,13.006399728828557,10.211589097312862,10.190958649307474,0.7158472323417664,0.478057861328125,1.4339338421821597,1.4503255319595336,0.0784029742744233,0.0768852400779724,0.0979279513359069,0.0981261965751647
7050,1051,7,8,1.03,0.91,True,False,False,False,4.61953745007515,4.707025051116943,5.460656642913818,5.47401198387146,11.404861752377876,10.622420631757452,9.156407969553683,9.13406842326395,1.3447416138648989,1.3670926094055176,2.1295847654342643,2.1824951124191285,0.092390749001503,0.0941405010223388,0.1092131328582763,0.1094802396774292
5160,555,1,16,0.2,0.78,True,True,True,True,5.028776153922081,5.040606498718262,5.06586788892746,5.085884783267975,9.94328746624229,9.919449235555822,9.86997709314269,9.831270584743198,1.3619685232639314,1.0960837602615356,1.7032652378082276,1.7053672170639038,0.1005755230784416,0.1008121299743652,0.1013173577785492,0.1017176956653595
7414,1747,8,16,0.67,0.9,True,False,False,False,4.354854170084,4.715199589729309,4.800440633296967,4.817697658538818,11.753556853340692,10.603270749096126,10.40836281537809,9.865605673990387,1.1828147184848783,1.3194552659988403,1.581323790550232,1.583343484401703,0.0902547688017477,0.0943105220794677,0.0960765895843505,0.1013845391282112
7451,1191,6,8,1.57,0.73,False,True,False,False,4.138438649177552,3.8849434852600098,5.274355971813202,5.313930380344391,12.865600262011167,12.87020028786149,9.479830385660415,9.40923154965638,0.9164491188526154,0.4816088676452636,1.8644649982452388,2.121572351455689,0.0827687729835509,0.0776988697052002,0.105487119436264,0.1062786076068878
6229,1160,7,8,1.26,0.88,False,True,True,False,3.943563425540924,3.764043211936951,4.911375939846039,4.921074404716491,13.245269121625318,13.276778943091813,10.18044650551894,10.16038292529294,0.7461696577072143,0.3827111721038818,1.6629563093185424,1.7149475240707397,0.0793789929498644,0.0753194785118103,0.0982275187969207,0.0984214880943298
5991,1796,1,16,0.79,0.95,False,False,False,False,4.421255722045898,4.746191382408142,4.942697691917419,4.964269361495972,11.57756627869254,10.524046996289718,10.11548958467405,10.038829127750368,1.1519144129753114,1.1852964162826538,1.4740311741828918,1.4959465312957765,0.0893797909455898,0.0950204849243164,0.0988582897186279,0.0997244832515713
7579,1008,8,16,1.9,0.77,False,True,False,False,4.010599730014801,3.853919267654419,5.38707195520401,5.392183721065521,13.082505483089614,12.973805776602823,9.279575246139434,9.271757987381838,1.0091054189205169,0.6205052137374878,2.2109217047691345,2.2153634071350097,0.080401978458677,0.0770783853530883,0.1077635531425476,0.1078544121742248
4126,919,5,16,0.07,0.86,True,True,True,True,4.801494646072388,4.826131701469421,4.840644311904907,4.855973632335663,10.414179822780309,10.360264392567192,10.3292034694104,10.296921375705663,1.2304621815681458,1.457453966140747,1.52120041847229,1.5381640791893003,0.0960298929214477,0.0965226340293884,0.0968128862380981,0.0971194726467132
7596,802,6,16,1.95,0.88,False,True,True,True,4.453630117177963,4.568471074104309,5.995893180370331,6.021201825141906,11.508907318479778,10.94458071546644,8.339041785562728,8.303990046993661,1.2844097054004668,1.2698144912719729,2.4806642889976502,2.485108551979065,0.0891358536888912,0.0913694214820861,0.1199178636074066,0.1204240365028381
7280,992,5,16,1.94,0.88,True,False,True,False,4.363945276737213,4.695159912109375,4.7315118432044985,4.735424628257752,11.782511518413068,10.646801127341458,10.567018922836825,10.548307880901492,1.1927403473854066,1.2762178182601929,1.4606424689292907,1.4657000279426575,0.0874503853994257,0.0939249277114868,0.0946340692043304,0.094801938009262
6087,1969,8,8,1.82,0.84,False,False,True,False,4.760404006242752,5.181800484657288,5.56529552936554,5.571776185035706,10.916383322020982,9.649156412494102,8.984248862019408,8.973799082732565,1.3444037663936614,1.667894959449768,1.8300331473350524,1.873758206367493,0.095208080124855,0.1036360096931457,0.1113059105873107,0.1114355237007141
6747,1088,3,32,1.58,0.83,True,False,True,True,4.4508751142025,4.743436574935913,4.924675869941711,4.932131683826446,11.53451185640698,10.540271917534133,10.1520549333053,10.130516439138782,1.2124876058101657,1.2742195129394531,1.5880267858505248,1.604508650302887,0.0896840626276455,0.0948742127418518,0.0985022251605987,0.0987116507530212
6299,1311,3,32,0.57,0.85,False,True,True,True,4.049277058839798,3.763649940490722,5.0289618372917175,5.032922568321228,12.968092739109313,13.284976241566628,9.942409908901835,9.93458558805408,0.784070965051651,0.5372086763381958,1.5129185795783997,1.5519931817054748,0.0809855411767959,0.0752729988098144,0.1005792367458343,0.1006584513664245
4921,1163,4,8,0.55,0.97,False,True,True,False,4.00178725361824,3.8568408489227295,4.967894339561463,4.9791205835342405,13.116528845395084,12.960287142062151,10.064626312661495,10.04193397144562,0.7568660831451416,0.4899288415908813,1.5511438608169557,1.6020397329330445,0.0806030240605191,0.077158784866333,0.0993578867912292,0.0995824116706848
4009,1084,7,16,1.35,0.87,True,True,True,True,5.184584704041481,5.194999098777771,5.226092028617859,5.22927277803421,9.644436379691529,9.624640746158605,9.567378473514786,9.561559362663468,1.251867190003395,1.4040800333023071,1.646571838855743,1.6490957570075988,0.1036916940808296,0.1038999819755554,0.1045218405723571,0.1045854555606842
8170,1632,6,8,1.79,0.96,False,True,True,True,4.355166056156159,4.8888840675354,4.95999413728714,4.96698557138443,12.135747006413991,10.226434746952458,10.076343918652142,10.063295439979932,1.27985933303833,1.5478771924972534,1.8277126789093017,1.883038613796234,0.0872680607966014,0.0977857899665832,0.0992423450946807,0.0993710285663604
5442,506,1,32,0.38,0.73,True,False,False,False,4.37630609035492,4.713204979896545,4.781293404102326,4.789644396305084,11.681669411352829,10.607493730469216,10.456724421188897,10.437428619135964,1.1266025602817535,1.0922644138336182,1.4853474974632264,1.4884934663772582,0.0882195745794212,0.0942729759216308,0.0956322419643402,0.0958090399742126
4808,1182,2,8,0.75,0.79,False,True,False,True,4.434770995378495,4.700780391693115,5.120855009555816,5.127754857540131,11.875930210639623,10.634326083778204,9.763655882929308,9.74807816310566,1.02616068482399,1.1777424812316897,1.6108282208442688,1.6159381508827209,0.0893145217498143,0.094035108089447,0.1024206526279449,0.1025843231201171
6743,1246,2,8,0.22,0.78,False,False,True,True,4.4880896818637845,4.84446382522583,4.9024285197258,4.909279642105102,11.470604386548311,10.3196891262498,10.198899828687605,10.175588618007575,1.1906441164016723,1.2575424909591677,1.4829963445663452,1.4895442628860474,0.0902781961623361,0.0969021439552307,0.0980497913360595,0.0982744133472442
7556,588,2,32,1.32,0.77,True,False,False,True,4.487348599433899,4.820673942565918,4.922250092029572,4.937503006458282,11.473164008669285,10.371141001770074,10.154265235683122,10.116220019548797,1.2365455746650695,1.3731586933135986,1.4447436451911917,1.5067782735824584,0.0899808155560414,0.0964214062690734,0.0984807922840118,0.0988515117079712
4180,1490,8,32,1.42,0.92,True,False,False,True,4.471342542171478,4.823984742164612,4.881149280071258,4.8883246898651125,11.509396731643804,10.364094361241788,10.24188885663043,10.22492677126424,1.098615256547928,1.1657835245132446,1.5713934540748595,1.57434912443161,0.0897736986170643,0.096486964225769,0.0976382408142089,0.0978002742767333
7950,226,7,32,1.49,0.8,False,True,True,False,3.7411699175834654,3.608924746513367,4.577664422988891,4.583130540847779,13.7897189921772,13.85454214553902,10.922600628851391,10.909573625550962,0.7648809492588043,0.539231538772583,1.515214169025421,1.5164798831939696,0.0748233983516693,0.0721784949302673,0.0915532884597778,0.0916626108169555
6737,1010,7,16,1.97,0.7,True,False,False,False,4.308781799077988,4.607637524604797,4.688066065311432,4.704314494132996,11.860196562338022,10.85048525612142,10.663781482857075,10.62344789798074,1.209724771976471,1.3138608932495115,1.5070788860321045,1.5261644196510316,0.0867036767244338,0.0921617770195007,0.093775365114212,0.0941314047813415
7023,969,2,8,0.62,0.88,False,False,False,False,4.217555817365646,4.228812456130981,4.843511581420898,4.850633816719055,12.140350711665366,11.823562720879142,10.320580203587856,10.303800800589972,1.223361302614212,1.2648671865463257,1.5015374302864075,1.5079421520233154,0.084586634855611,0.0845768761634826,0.0968937780857086,0.0970515662193298
5037,294,6,8,1.35,0.98,False,True,False,True,4.321739287376404,4.683471083641052,5.023636186122895,5.0299552631378175,12.129084018921496,10.6661046348581,9.950850584188728,9.910810249489383,1.051875762939453,1.062096118927002,1.7256622791290284,1.7289623928070068,0.0873753216585045,0.0937549400329589,0.1004939217567443,0.1010175779919871
5919,1098,6,32,0.55,0.9,False,True,True,False,3.9082885360717774,3.959526777267456,4.563974761962891,4.574540073871613,13.29799553539417,12.626799015950107,10.955362958771008,10.930060553689383,0.7420111572742463,0.5889976024627686,1.2296230673789978,1.2330399584770202,0.0782291320482889,0.0791966358820597,0.0912794952392578,0.0914908014774322
4051,1313,1,8,1.88,0.78,False,False,True,True,4.727564903497696,5.150578856468201,5.231220638751983,5.239769792556762,10.923189586562998,9.70764677555128,9.557998687672256,9.54240476392718,1.2690729296207428,1.4219435453414917,1.8910566449165345,1.893586368560791,0.0945512980699539,0.103011577129364,0.1046244127750396,0.1047953958511352
6169,1781,6,16,1.79,0.98,True,True,True,True,5.071877884864807,5.087849736213684,5.109707880020141,5.114141216278076,9.858822402985457,9.827334267618106,9.785295202475917,9.776812600680842,1.2628087729215622,1.4549338817596436,1.5272945165634155,1.5351167392730714,0.1014375576972961,0.1017569947242736,0.1021941576004028,0.1022828243255615
4340,1663,3,8,1.06,0.86,False,True,True,True,4.322551153898239,4.6045897006988525,5.084828567504883,5.1095992064476015,12.2481379560102,10.858193321654673,9.82578051993872,8.780248034324968,1.00459623336792,1.1420642137527466,1.5432284235954286,1.5524026536941529,0.0875465147966257,0.0920963525772094,0.1017730882167816,0.11389869587762
7288,931,7,8,0.19,0.94,True,True,False,True,5.470132908225059,5.48364782333374,5.508630812168121,5.512969887256622,9.13627141023674,9.115997310638967,9.076665840203445,9.069521706526396,1.8977830439805985,2.136550784111023,2.1726651430130004,2.1793640494346618,0.1094576213533679,0.1096972680091857,0.1101726162433624,0.1102593977451324
7828,482,1,8,1.78,0.93,True,False,True,True,4.828532382249832,5.0088605880737305,5.520065116882324,5.529098346233368,10.778459877244376,9.982310206524923,9.057864182364916,9.04306577115469,1.5033204185962676,1.48580002784729,2.1449647545814514,2.152359330654144,0.0965904502540827,0.1001772117614746,0.1104013023376464,0.1105819669246673
7357,295,1,8,1.68,0.99,False,False,False,False,4.569709235429764,4.797017216682434,5.115368115901947,5.118956265449524,11.196316152203837,10.417797766586528,9.774024503560268,9.765631650674118,1.3179653465747834,1.455392360687256,1.8096636652946472,1.8155574584007264,0.0914920505552757,0.0959895825386047,0.1023120005130767,0.1023999302864074
7716,1957,5,32,0.35,0.83,False,False,False,True,4.453427401781082,4.79832136631012,4.899928951263428,4.909936347007752,11.484931952888733,10.418739116737038,10.203340543013956,10.134011738679993,1.1721457827091215,1.3447118997573853,1.4552556276321411,1.5058189702033995,0.0900929113244309,0.0959809041023254,0.0980071196556091,0.0988663033793949
6646,310,7,32,1.47,0.83,False,False,True,True,4.55641088962555,4.970231890678406,5.047295093536377,5.056029789447784,11.329701274295257,10.059892860239026,9.90629616142627,9.88918226422954,1.2372417616844178,1.510084629058838,1.6394152522087098,1.6823361229896543,0.091128217792511,0.0994046378135681,0.1009459018707275,0.1011205957889556
6085,1833,2,32,1.62,0.89,False,False,False,False,4.6782216191291806,5.244872450828552,5.377724754810333,5.384434480667114,11.031507527842564,9.525856621203822,9.296685129303253,9.281155916763351,1.232014148235321,1.574987530708313,1.734020900726318,1.7822956895828246,0.0943892460713014,0.1049774384498596,0.1075652236938476,0.1077452004909515
6000,1404,6,8,0.42,0.87,True,False,False,False,4.172260860204696,4.199601650238037,4.816225612163544,4.832464845180511,12.284221344632286,11.904583705500045,10.381573465837135,10.34668731381552,1.3675648772716522,1.195940375328064,2.093287777900696,2.106562666893005,0.0838485221383798,0.0840012574195861,0.0963245122432708,0.0966492969036102
7409,1440,6,32,1.53,0.88,True,False,False,True,4.474654573202133,4.825089454650879,4.869595611095429,4.877231011390686,11.554304430407466,10.362502259389608,10.267793073428368,10.251718649449195,1.2416091537475586,1.3494714498519895,1.4771368861198424,1.4840564823150637,0.0894930914640425,0.0965017890930175,0.0973919122219085,0.0975446202278137
5638,1363,8,32,1.56,0.92,False,True,False,False,3.803752136230469,3.873863935470581,4.470849812030792,4.481405675411224,13.573982413952905,12.907009918599186,11.183556172159406,11.157213585824612,0.6904837930202484,0.5554786920547485,1.2391040205955506,1.2434165787696838,0.0764047338083386,0.0774772787094116,0.0894169962406158,0.0896281135082244
7117,379,3,16,1.77,0.71,False,True,False,False,3.887506952285767,3.9416732788085938,4.752918303012848,4.758391647338867,13.336725295220749,12.67962368635503,10.515728432702703,10.48984394333854,0.7233356344699859,0.5687695741653442,1.3139885067939758,1.359510712623596,0.0787788183800636,0.0788666939735412,0.0950956470966339,0.0953374879837035
5453,720,3,8,0.25,0.95,False,True,True,False,4.072220610380173,3.961245536804199,5.000344550609588,5.008765754699707,12.92063471695292,12.619829293051753,9.998675877826308,9.982297485825203,0.780178040266037,0.5422897338867188,1.6178569674491885,1.6222452378273011,0.0817875009149313,0.0792403745651245,0.1000132431983947,0.1001773390769958
5022,257,6,8,1.8,0.79,False,True,False,True,4.343716666698456,4.640565991401672,5.292386984825134,5.304880254268646,11.962526664477672,10.764133009107471,9.44753287012376,9.425283573473298,1.2059638357162477,1.126484513282776,2.1270218014717104,2.130178964138031,0.0870687790075938,0.0929011297225952,0.1058477396965026,0.1060976050853729
5979,509,8,8,1.47,0.89,False,False,True,True,4.480674775838852,4.750730752944946,5.023575818538665,5.031436030864716,11.379778613867195,10.520302930416625,9.945122009561633,9.914732986080937,1.1224762439727782,1.105301856994629,1.846679723262787,1.851498019695282,0.0902501256174511,0.0950542974472045,0.1005518081188202,0.1008615880012511
4561,1031,7,32,1.04,0.78,False,False,False,True,4.518088413476944,4.8238844871521,4.974767136573791,4.983226764202118,11.420947661675823,10.365090719497784,10.05072170376535,10.033659455708758,1.1493294143676758,1.1410452127456665,1.6098973512649537,1.6191268730163575,0.0903617682695389,0.096477689743042,0.0994953427314758,0.0996645352840423
6493,1646,3,32,1.74,0.97,True,False,False,True,4.084297927618027,3.892022371292114,4.878649890422821,4.892343850135803,12.537375185659204,12.834894208446908,10.244627240247071,10.199645755697889,1.132360019683838,1.2159173488616943,1.5113170742988586,1.514740788936615,0.0821468218882878,0.0779126024246215,0.0976121411323547,0.09804380569458
7310,804,6,16,0.61,0.96,False,True,False,False,3.899944312572479,3.784180283546448,4.7046043395996096,4.707563123703003,13.391034551669009,13.212901168220704,10.627886300145354,10.621206492942072,0.7680068576335907,0.4745891094207763,1.3413377046585082,1.3865547132492064,0.0779988862514495,0.0756836056709289,0.0940920867919921,0.09415126247406
6325,1114,3,16,0.16,0.96,False,True,False,True,4.074943270683288,3.884290933609009,5.096525573730469,5.10982223033905,12.934117204333898,12.870037590562193,9.810605154869751,9.78507622270486,0.724446769952774,0.4733233451843261,1.41344735622406,1.4497595357894897,0.0819531448123129,0.077699851989746,0.1019305114746093,0.102196444606781
5220,262,1,16,0.5,0.82,True,False,False,True,4.4904851603508,4.827736854553223,4.8740031838417055,4.882332997322083,11.468359554134189,10.356819689408317,10.258507865966555,10.24100667855643,1.1366653776168822,1.0722050666809082,1.5124321579933169,1.5174951696395873,0.0898097032070159,0.0965547370910644,0.0974800636768341,0.0976466599464416
5084,1681,6,32,1.99,0.95,False,True,True,True,4.081706789731979,3.9567562341690063,5.210701751708984,5.22510892868042,12.889068302710884,12.63661393682832,9.59563651564067,9.56917888288734,0.8613344597816467,0.5177593231201172,2.0975306749343874,2.100725796222686,0.0816341357946395,0.0791351246833801,0.1042140350341796,0.1045021785736084
7389,796,3,8,0.6,0.88,True,False,True,True,4.744234137535095,4.90769100189209,5.49249633550644,5.501276605129242,10.919532271431502,10.187262769258105,9.10294216508772,9.08833441444696,1.443810788393021,1.4458941221237185,2.0685667395591736,2.074354631900788,0.0957621874029145,0.0981617951393127,0.1098545923233032,0.1100311624526977
5492,1382,8,32,1.45,0.73,True,True,True,True,4.82204821407795,4.834340810775757,4.858138382434845,4.862192182540894,10.369653825805054,10.34267172370788,10.292008233236434,10.283432233462058,1.195386591553688,1.301355481147766,1.4986746191978455,1.5044545602798465,0.0964409642815589,0.0966868162155151,0.0971627676486969,0.0972438436508178
8075,1229,2,16,0.11,0.7,False,False,True,True,4.538884669542313,4.898990273475647,4.935666346549988,4.942011766433716,11.402768804863012,10.206184803668885,10.130344413368038,10.117337776294365,1.248411455154419,1.4403575658798218,1.5762241721153258,1.581645827293396,0.0907776933908462,0.0979798054695129,0.0987133269309997,0.0988402353286743
7519,301,5,16,0.23,0.73,True,True,False,True,4.832196444272995,4.875687837600708,4.91286678314209,4.914584925174713,10.189622011573809,10.25377327753832,10.175986935157972,8.431742883288532,1.3544348746538162,1.5337302684783936,1.5467480421066284,1.551716606616974,0.0985134694888478,0.0975250744819641,0.0982705664634704,0.121995482240404
7069,1863,2,32,1.81,0.79,False,True,False,False,3.948992985486984,3.770050168037415,5.406702291965485,5.429602372646332,13.116427537149352,13.255457848993885,9.245604581749264,9.182402652042969,0.8499662458896637,0.5218586921691895,2.068881642818451,2.074774467945099,0.0801263663432177,0.0754406380653381,0.1081595101356506,0.1089960232257839
7079,1466,5,16,1.6,0.77,True,False,True,False,4.40387578368187,4.721418857574463,4.824605882167816,4.831090326309204,11.662006074175451,10.59003691654475,10.363540821387804,10.349630568271364,1.202009346485138,1.325978398323059,1.5542834997177124,1.5645985436439511,0.0883162823965675,0.0944283771514892,0.0964921176433563,0.096621806526184
5092,1277,7,8,1.57,0.79,False,True,True,True,4.28665464758873,4.458374857902527,5.206042742729187,5.216119351387024,12.263698124593084,11.21484883087664,9.604223875387024,9.585670299120144,1.110991529226303,1.340001106262207,1.78458731174469,1.7940674901008606,0.0860310245037078,0.0891674971580505,0.1041208548545837,0.1043223870277404
5597,1845,4,16,0.58,0.8,False,True,True,False,3.9970789885520936,3.96227765083313,4.82718471288681,4.835992500782013,12.930729516630482,12.615669858890538,10.352690080810785,10.16060442219577,0.7854677414894105,0.4660006761550903,1.752312219142914,1.7551435947418212,0.081244044932723,0.0792665004730224,0.0965932533740997,0.0984335980415343
7355,1011,2,8,1.99,0.97,False,False,True,True,4.7128032469749455,5.113323211669922,5.20921550989151,5.583674762248993,10.941816184047648,9.777554409499048,9.584252448836612,8.948996210162111,1.3448001325130463,1.4602683782577517,1.853800284862518,2.337497367858887,0.0948044972628354,0.1022750639915466,0.1043378202915191,0.1117443778038024
6484,764,4,16,0.22,0.86,True,False,False,True,4.426932464838028,4.78839385509491,4.875135576725006,4.896448757648468,11.591728731149374,10.437056088025484,10.245412159413837,9.315108243876285,1.085915299654007,1.1473371982574463,1.5222901940345763,1.5246693396568298,0.0893787050477983,0.0958124589920043,0.0976046750545501,0.1073544796822117
7272,563,1,32,0.9,0.96,False,False,True,True,4.304515324831009,4.408641695976257,4.874638223648072,4.884479584693908,11.874719730728414,11.339914693743529,10.255896740878146,10.211782278918983,1.2444112920761108,1.3920173645019531,1.5012166142463683,1.5354554843902588,0.0867075046459832,0.0881840848922729,0.0975048818588256,0.0979261019229888
4719,1110,3,16,0.85,0.82,False,True,True,True,3.622871721982956,2.948827743530273,5.005991566181183,5.017383196353912,14.921123467943165,16.94939824116502,9.988031643060548,9.965354156326606,0.790947060585022,0.5224366188049316,1.614965808391571,1.6166201090812684,0.0731881974449345,0.0589991450309753,0.1001198313236236,0.1003476639270782
4471,264,3,8,1.96,0.83,False,False,False,False,4.405117484331131,4.640357613563538,5.262279748916626,5.282703721523285,11.918182115578684,10.77322879790085,9.49727607512482,9.459463709661229,1.1752841329574586,1.3056894540786743,1.8604042053222656,1.865150008201599,0.0885983820353236,0.0928226828575134,0.1052933485507965,0.1057142436504364
4933,522,8,8,0.75,0.91,True,True,True,True,5.477415516972542,5.52863359451294,5.544397640228271,5.556109297275543,9.033561175497477,9.041139995106043,9.017031265365926,8.114116132496818,1.6956146866083146,1.8955336809158323,1.951705265045166,1.9570242977142327,0.111015015433232,0.1106055212020874,0.1109012610912323,0.1272023427089051
6775,1441,2,16,1.11,0.89,False,True,True,True,3.6517935526371,3.7288973331451416,4.467269694805145,4.4807413601875306,14.6024184759633,13.408037412060963,11.192519093752091,11.15886769308793,0.7685619187355042,0.4387217760086059,1.566781759262085,1.6102447962760926,0.0737573768773249,0.074582130908966,0.0893453938961029,0.0896148272037506
4888,1370,2,16,0.1,0.85,True,True,False,True,4.921253070235252,4.929802060127258,4.965485394001007,4.9759219455719,10.160548936946004,10.142395069428098,10.069509048729174,10.048404195660458,1.264498206973076,1.3663835525512695,1.6305108308792111,1.6329868412017825,0.098425061404705,0.0985960412025451,0.0993097078800201,0.0995184389114379
4919,1690,3,8,0.1,0.87,True,False,False,True,4.7635787892341614,5.174930214881897,5.243116116523742,5.24943259716034,10.910371395385573,9.66196604233673,9.53631368994976,9.524838946834937,1.4006862437725067,1.5780826807022097,2.112541675567627,2.1147928380966188,0.0954857577406841,0.1034986042976379,0.1048623223304748,0.1049886519432067
6078,1065,2,8,0.1,0.8,False,True,True,True,4.348947023153305,4.5136085748672485,5.0463420152664185,5.053378851413727,12.096556474997683,11.077611004272914,9.908167114115049,9.894369980736714,1.0114891731739044,1.092926263809204,1.4673987030982971,1.503571343421936,0.086978940463066,0.0902721714973449,0.1009268403053283,0.1010675770282745
4687,158,4,32,0.58,0.95,True,False,False,True,4.530041733980179,4.878043413162232,4.937422084808349,4.946081798076629,11.324795258242029,10.249538133034708,10.126383338711468,10.093000288619429,1.1761115741729735,1.0566153526306152,1.5669201016426086,1.576454117298126,0.0911508653998375,0.0975653719902038,0.0987519400119781,0.0990785681724548
8024,206,1,32,0.89,0.7,True,True,False,True,4.768667021393776,4.812185883522034,4.839568138122559,4.856989386081696,10.367554845907092,10.389669068237186,10.32757138859788,9.376970066395836,1.4175933122634887,1.5737594366073608,1.5957595705986023,1.6360464692115784,0.0968493367433547,0.0962494564056396,0.0968282098770141,0.1121696440219874
6339,464,4,32,0.48,0.92,True,False,False,False,4.447797319889069,4.775789976119995,4.888356256484985,4.896376695632934,11.53873389501988,10.46837185215767,10.2257301413128,10.208173056900876,1.1986047434806824,1.2131905555725098,1.5552022576332092,1.5667516589164734,0.0893877383857201,0.0955258393287658,0.0977925279140472,0.0979607326030731
7430,807,4,16,0.15,0.98,False,False,True,False,4.364403485059738,4.7496126890182495,4.818091011047363,4.828602828979492,11.73628559718641,10.523071139939807,10.37479310952678,9.576832459468063,1.1492981219291687,1.3194069862365725,1.5026578068733214,1.5550923252105713,0.0885995476306519,0.0950292921066284,0.0963874642848968,0.1045668217283563
5604,1612,5,16,1.53,0.79,False,True,False,True,3.8674651479721054,3.924226999282837,4.52561856508255,4.534161496162414,13.409831142973283,12.741362824983804,11.0482134809911,11.027397395141984,0.8119329726696014,0.4916144609451294,1.8328155040740968,1.8376031184196475,0.0773493029594422,0.0784845399856567,0.0905123713016509,0.0906832299232482
6911,1334,2,16,0.99,0.86,False,True,True,False,3.7862895929813374,3.93610942363739,4.295229208469391,4.330872874259948,13.628107879197648,12.70237031049665,11.638868203723366,11.537302246896244,0.593896963596344,0.5031123161315918,0.9406054973602296,0.9925020551681518,0.0759007451327948,0.0787254643440246,0.0859190073013305,0.0866753751277923
7486,880,8,16,1.21,0.94,True,False,True,False,4.356931076049805,4.684059977531433,4.794461286067962,4.833715486526489,11.812381290688585,10.673637160259617,10.428026987212435,10.33899805710104,1.1976265931129455,1.3578017950057983,1.5608983874320983,1.6158508157730105,0.0874859653600396,0.0936887764930725,0.0958954174518585,0.096721171092987
7152,473,3,16,0.57,0.96,True,True,True,True,4.833130684765902,4.848589420318604,4.865127921104431,4.875630903244018,10.345740485584246,10.312277756047887,10.277222063446205,10.255083103198686,1.3113319151329272,1.3794207572937012,1.4162985682487488,1.4303616762161255,0.096662613695318,0.096971788406372,0.0973025584220886,0.0975126180648803
5238,567,5,8,1.54,0.89,False,False,False,False,4.660731596946716,4.781707763671875,5.824385249614716,5.840719783306122,10.933099782818754,10.45168377296828,8.578820385126106,8.533152405620793,1.2154461193084716,1.077196717262268,1.967917537689209,1.9715808033943176,0.0947421355223366,0.0956783652305603,0.1165661425590515,0.1172388640905679
4001,1217,6,16,1.5,0.85,False,False,False,True,4.477680822610855,4.753178238868713,4.979350650310517,4.983977370262146,11.428038752021184,10.514570485810678,10.039587509102631,10.014547611784698,1.1402965366840363,0.8971515893936157,1.7116162061691285,1.7352612686157227,0.0899945642125222,0.0951061201095581,0.0996056859493255,0.0998680757999419
7202,819,3,32,1.08,0.8,True,False,True,False,4.371060919761658,4.730270743370056,4.785179388523102,4.789695920944214,11.728507098857012,10.567705976142696,10.44747096044165,10.436546008140857,1.1819189250469209,1.3167545795440674,1.5606224298477174,1.566897487640381,0.0882577986827795,0.0946279168128967,0.0957169449329376,0.0958171436786651
6906,1177,6,32,0.3,0.74,False,True,False,False,3.890749498605728,3.9097304344177246,4.5486916422843935,4.555364966392517,13.28618163723997,12.788605498646437,10.992171811153586,10.97606896529552,0.7235403275489807,0.5711923837661743,1.2300784945487977,1.2341211581230165,0.0780638723373413,0.0781946086883544,0.0909738328456878,0.0911072993278503
7443,1921,6,16,0.65,0.94,False,True,False,True,4.134947909116745,4.163759469985962,4.946650278568268,4.964022536277771,12.70156835025458,12.006784039950189,10.104610289693602,10.07219746698552,0.8258964240550994,0.5253465175628662,1.5362446308135986,1.5758780598640445,0.0830952606167112,0.0832862496376037,0.0989647271633148,0.0992832004547119
4522,1219,4,16,1.14,0.9,True,False,True,False,4.427871747016907,4.765244364738464,4.851743400096893,4.858674464225769,11.631036615959571,10.490387589164548,10.304278476602285,10.162989774306222,1.1360355365276336,1.048015594482422,1.586842703819275,1.5896883916854858,0.0888207800362792,0.0953253626823425,0.0970470666885376,0.0983967839121818
7640,1032,3,32,0.73,0.89,False,False,True,False,4.470313527584076,4.752788186073303,4.91261340379715,4.925340304374695,11.473347217816936,10.518947648697385,10.17485607536318,10.149997170047452,1.2792369079589845,1.448448896408081,1.5032526135444642,1.5177999210357669,0.0896363240559895,0.095066545009613,0.0982814888954162,0.0985221949577331
6102,172,5,16,0.03,0.82,False,False,True,False,4.4618169367313385,4.793697714805603,4.850259459018707,4.870650777816772,11.55131749833323,10.430361920736122,10.308726869762255,10.265568665284489,1.1934377706050874,1.172125220298767,1.5289970517158509,1.5380533933639526,0.0892363387346267,0.095873954296112,0.0970051891803741,0.0974130155563354
7447,468,1,8,0.92,0.77,False,False,False,False,4.455427024364472,4.769157528877258,4.9523930788040165,4.964717371463776,11.511733421091249,10.482640368711596,10.092752734723897,10.04901607378696,1.2215414130687714,1.4236963987350464,1.534907603263855,1.549738380908966,0.0898914729023607,0.0953958129882812,0.0990809967517852,0.0995131425569223
5862,872,7,32,0.89,0.75,True,True,False,True,5.056109517812729,5.097571849822998,5.124647033214569,5.1340341782569885,9.777991280500531,9.808131643141444,9.753668742091936,8.821136252688927,1.4118909239768982,1.5763499736785889,1.7231086134910585,1.7285872197151184,0.1026972910761833,0.1019562172889709,0.1025255241394042,0.1193356849193568
4253,1444,2,32,0.42,1.0,False,True,False,False,3.898742108345032,3.930038094520569,4.558376502990723,4.563746955394745,13.341280359773494,12.722522987795736,10.968817512842916,10.95590982289512,0.697808780670166,0.5590661764144897,1.1663214921951297,1.1733310008049012,0.0779748421669006,0.0786007618904113,0.0911675300598144,0.0912749391078949
4441,1204,5,32,0.12,0.96,False,True,False,False,3.915769411325455,3.922614812850952,4.619292747974396,4.630757894515991,13.329854126280662,12.74659950104901,10.82416794713581,10.79736863527329,0.701749941110611,0.5521329641342163,1.210191750526428,1.2172167110443115,0.0783153882265091,0.078452296257019,0.0923858549594879,0.0926151578903198
5351,1492,3,16,0.06,0.96,False,False,True,True,4.56290741443634,4.929355978965759,4.978000605106354,4.98817389011383,11.302235659561145,10.141889775277123,10.03997651015664,10.022240354321983,1.1178141391277314,1.1049702167510986,1.5163954973220826,1.5283886909484865,0.091463191178441,0.0986009550094604,0.0996018266677856,0.0997780923366546
4195,824,2,16,0.29,0.71,False,False,False,True,4.530740444660187,4.843908786773682,5.033163273334504,5.043388538360595,11.292084512211083,10.315223797749924,9.933304542591392,9.913768190484552,1.1406103420257567,1.0740760564804075,1.5687515616416932,1.5759428143501282,0.0915492304481377,0.0969441270828247,0.1006714327335357,0.1008698187828064
4964,1187,2,16,1.26,0.95,True,True,False,True,4.687302523851395,4.69475257396698,4.725858306884765,4.738609433174133,10.66769356322174,10.650209030137695,10.58008868628635,10.551620068304567,1.186615386605263,1.0198076963424685,1.4492682456970214,1.4526530742645265,0.0937460504770278,0.0938950514793396,0.0945171661376953,0.0947721886634826
7347,280,4,8,0.31,0.74,False,True,True,True,4.082644499540329,3.8782397508621216,5.039237046241761,5.078617179393769,12.8987641696624,12.89157276586333,9.92213693174347,9.845199636939116,1.0131186306476594,1.0284048318862915,1.5025018334388731,1.5538521718978882,0.0817641576631649,0.0775700545310974,0.1007847409248352,0.1015723435878753
6397,524,4,8,0.41,0.72,True,True,True,True,5.498074671626091,5.50491726398468,5.536828052997589,5.53899088382721,9.094415964264284,9.08278864371976,9.030441178380196,9.026915075852571,1.873303192853928,1.9830267429351809,2.091360032558441,2.0964882516860963,0.1099614934325218,0.1100983452796936,0.1107365610599517,0.1107798176765441
7663,835,7,16,1.34,0.75,False,False,True,True,4.492769379615783,4.74017333984375,5.034666001796722,5.052533676624298,11.3314236858986,10.544620346485896,9.92865904286228,8.82048751173406,1.2798819398880006,1.4591670036315918,1.7333454728126525,1.770359058380127,0.0908281972372741,0.0948350882530212,0.1007185363769531,0.1133731155236561
4751,248,7,32,1.6,0.96,True,False,False,False,4.188418139219284,4.261569380760193,4.788922619819641,4.80476902961731,12.307277835983848,11.73276693411344,10.440761745598511,10.40632748300026,1.093521341085434,1.224331021308899,1.5964290976524351,1.600419352054596,0.0837683627843856,0.0852313876152038,0.0957784523963928,0.0960953805923462
6540,624,6,16,1.02,0.95,False,False,False,True,4.509337321519852,4.860491633415222,4.970447468757629,4.975743734836579,11.398654732246158,10.286586484707144,10.059190103364466,10.048225240347213,1.18881587266922,1.2294455766677856,1.601791536808014,1.6031953525543212,0.0907038010583204,0.097213978767395,0.0994115824699401,0.0995200621128082
7244,858,8,8,1.3,0.96,True,True,True,True,5.526780527830124,5.542033433914185,5.567817187309265,5.577274596691131,9.047249384793249,9.02195930127288,8.980180486164151,8.964952711609104,1.8770933002233503,1.7659438848495483,2.122221338748932,2.126603207588196,0.1105356105566024,0.1108406686782836,0.1113563437461853,0.1115454919338226
5518,496,1,8,0.43,0.96,False,True,True,True,4.3760997629165646,4.675059080123901,4.979877138137818,5.000716264247894,12.014836372037312,10.694849660830892,10.039213648096698,9.992984885276352,1.0153113090991974,1.0814365148544312,1.596878695487976,1.5998996925354003,0.0877639951586723,0.0935029506683349,0.0996093952655792,0.1000702013969421
5448,548,3,8,0.04,0.9,False,True,False,False,4.068688931465149,3.887376666069031,5.139780795574188,5.190610551834107,13.109939648822364,12.857382702776295,9.727935332915706,9.630600579710462,0.7525098669528961,0.4362938404083252,1.6797801733016968,1.6830918097496033,0.0820814818191177,0.0777763271331787,0.1027967360019683,0.1038356841564178
5856,235,1,16,1.63,0.89,False,True,True,False,3.7063584578037263,3.732322096824646,4.426847434043884,4.436085290908814,13.865987638324196,13.393987958872748,11.294719492673416,11.271199270732575,0.6266901206970215,0.425586462020874,1.1503560423851014,1.191013934612274,0.074607982914827,0.0746603631973266,0.0885369486808776,0.0887217058181762
4641,1972,5,16,1.65,0.77,True,False,True,False,4.359212141036988,4.665219664573669,4.766522264480591,4.771876425743103,11.819113637888533,10.717608943680094,10.489828270142054,10.47805845671388,1.1110513699054718,1.1818383932113647,1.591672945022583,1.5960373711585998,0.0871842428207397,0.0933043932914733,0.0953304452896118,0.095437528514862
7872,923,3,32,1.45,0.91,False,False,True,False,4.519770356416703,4.855274081230164,5.160435152053833,5.167831130027771,11.415808356798344,10.296293530238955,9.688119834951353,9.669130756442764,1.2395881247520446,1.6130894422531128,1.6703533291816712,1.6931200742721555,0.0908769943899578,0.0971223282814025,0.1032192022800445,0.1034219324588775
5923,853,3,32,1.97,0.89,False,False,True,False,4.669134060144424,4.98493504524231,5.522113573551178,5.552584478855133,11.065211173904094,10.026068511529385,9.0350795001209,9.003102629963514,1.1599525535106658,1.321903109550476,1.783511745929718,1.8446267986297609,0.093785305089101,0.0997399973869323,0.1106797161102294,0.1110728202819824
6193,1426,5,32,1.23,0.88,False,False,True,True,4.440716354846955,4.7287187576293945,4.954303514957428,4.970014190673828,11.523730111177,10.563548937976789,10.092053210698955,10.04872113652092,1.1841374361515045,1.1918020248413086,1.6093674898147583,1.6153855276107787,0.0896899833185805,0.0946651554107666,0.0990878643989563,0.0995151562690734
7058,1984,3,8,0.06,0.75,False,False,True,True,4.621360375881195,4.957449793815613,5.026052844524384,5.038309895992279,11.155907895437922,10.085830840568692,9.948164406073742,9.923962832691103,1.2566148698329926,1.3447716236114502,1.572364103794098,1.616326560974121,0.0924272075176239,0.0991489958763122,0.1005210568904876,0.1007661979198455
4839,767,3,16,0.91,0.87,True,True,False,True,4.4284263253211975,4.453046679496765,4.476253807544708,4.479953126907349,11.23506633242722,11.226875935342278,11.167575909005672,10.781783647878973,1.2620804518461228,1.3821117877960205,1.61919903755188,1.6234522414207455,0.0890492742508649,0.0890719747543335,0.0895449483394622,0.0932258677840231
7881,873,8,16,1.43,0.97,True,True,True,True,4.891073778271675,4.931917786598206,4.950269544124604,4.958378720283508,10.134092364596237,10.136385180295846,10.098100683344482,9.47487499906493,1.420612207055092,1.4135369062423706,1.4767974376678468,1.4838063168525697,0.0988284800421624,0.098654499053955,0.0990285236835479,0.1075437329769132
6367,640,5,16,0.16,0.7,False,True,True,False,3.758537656068802,3.8089792728424072,4.450818872451782,4.461743385791778,13.912508637494089,13.126876369240708,11.233887941031512,11.20638185265254,0.7119806230068206,0.4903128147125244,1.2005658149719238,1.2208630013465882,0.0753695264180501,0.0761795854568481,0.0890163774490356,0.0892348677158355
7338,1925,4,32,0.36,0.9,False,True,False,False,3.9789581155776976,3.995216131210327,4.721829783916474,4.724911768436432,13.050124597778654,12.512506954501102,10.586785847373134,10.57935821125878,0.773277997970581,0.6126762628555298,1.345497691631317,1.3831623268127442,0.079994778283554,0.0799200367927551,0.094457375049591,0.0945236938476562
5252,397,4,16,0.22,0.96,False,True,False,False,3.759856992959976,3.869915008544922,4.256803572177887,4.28503203868866,13.691837165292714,12.920180451378831,11.745902586680478,11.668524339073258,0.6790100431442261,0.5164422988891602,1.0878398537635805,1.0957925176620484,0.0751971398591995,0.0773983001708984,0.0851360714435577,0.0857006407737731
6730,1903,2,16,0.7,0.92,True,False,False,True,4.405204424858093,4.662409663200378,4.876402473449707,4.887286105155945,11.613046161771452,10.723236811948324,10.2513335804603,10.22699731109658,1.1763906002044675,1.2335779666900637,1.4552968621253968,1.4628724145889282,0.0885393123642628,0.0932554244995117,0.0975482854843139,0.0977804186344146
7540,92,7,32,0.4,0.88,False,False,False,True,4.464160972833634,4.796405792236328,4.857226347923279,4.866925072669983,11.549779040821813,10.424472672820285,10.293940709115718,10.273427145176232,1.2329699683189392,1.3286300897598269,1.432065200805664,1.4550856900215148,0.0892832194566727,0.0959281158447265,0.0971445269584655,0.0973385014533996
6231,1988,8,32,1.14,0.78,True,False,False,False,4.415488692522049,4.651615023612976,4.835987687110901,4.846013901233673,11.56764914844794,10.748954891990527,10.339149609282387,10.317758272238637,1.169004786014557,1.3495112657546997,1.5085199236869813,1.518872585296631,0.0884571911465736,0.0930323004722595,0.096719753742218,0.0969202780246734
5194,1795,1,16,0.91,0.95,False,True,False,False,3.6026147174835206,3.434638023376465,4.305940973758697,4.314065985679626,14.335212725030107,14.557575829354745,11.611864144138494,11.58999462286198,0.5944139993190766,0.4164161682128906,1.0142752885818482,1.046169240474701,0.0720522943496704,0.0686927604675293,0.0861188194751739,0.0862813197135925
5014,1551,8,32,0.64,0.81,False,False,True,False,4.416103031635284,4.749664068222046,4.8007603764534,4.805184392929077,11.677151125965583,10.527060302351728,10.41501680558801,10.405427977591064,1.157455797195435,1.1309367418289185,1.5677557587623596,1.5728562545776368,0.0883220606327056,0.0949932813644409,0.0960152075290679,0.0961036878585815
7002,1431,1,16,1.55,0.82,False,True,False,False,3.781976022720337,3.8927148580551134,4.55054247379303,4.574642598628998,13.59639480428352,12.844506221634315,10.98770148135135,10.929815592316814,0.782560259103775,0.4710391759872436,1.7570157647132874,1.7623849201202393,0.0759048272316272,0.0778542971611022,0.0910108494758605,0.0914928519725799
6498,347,2,8,1.01,0.98,True,False,True,True,4.633104369640351,4.609381914138794,5.500599420070648,5.522622904777527,11.268654432192154,10.847442265896117,9.089919163937951,9.053669056960926,1.2383507347106937,1.121376633644104,2.0560936450958254,2.0681828379631044,0.092662087392807,0.0921876382827758,0.1100119884014129,0.1104524580955505
5306,640,1,16,0.38,0.88,False,True,False,True,4.1283215963840485,4.151968598365784,4.954191410541535,4.966399562358856,12.687880079028483,12.041973427974389,10.091317509553903,10.064336974982671,0.7490288865566254,0.4492754936218261,1.5790209770202637,1.5841166114807128,0.083073003188291,0.0830428671836853,0.0990950891971588,0.099360743188858
7465,1420,2,16,1.64,0.99,False,False,True,False,4.505353893041611,4.866523385047913,5.1676311850547725,5.554933679103852,11.378072603396236,10.269052218643589,9.054585811605886,8.991499656442114,1.1999233722686768,1.378543734550476,1.5574603199958703,2.1116354632377625,0.0913425447414458,0.0973799705505371,0.1104412777423858,0.1112163453438702
4671,266,6,8,0.59,0.76,True,False,False,False,4.620179063081741,4.786808133125305,5.327097082138062,5.337259528636932,11.18289677445911,10.442327715563476,9.384110487095851,9.358492216381316,1.3911980235576629,1.55165433883667,2.0847679138183595,2.088615851402283,0.0932996572176615,0.0957640933990478,0.1065631103515625,0.1068549052238464
5577,566,2,32,0.63,0.9,True,False,False,False,4.217965916395188,4.391683459281921,4.710020101070404,4.716504764556885,12.165153763487854,11.384407605791084,10.615011872528356,10.593353830545611,1.1409241914749146,1.1993775367736816,1.5490152955055236,1.563181960582733,0.0844964381572362,0.0878394412994384,0.0942062065601349,0.0943988111495971
6372,299,3,32,1.65,0.73,False,True,True,True,4.478814482688904,4.7048362493515015,5.790417122840881,5.810769534111023,11.439125543198958,10.612898777571214,8.633145594337954,8.601232849581564,1.1941179358959195,1.12214457988739,2.022829031944275,2.024891970157624,0.0901378442368723,0.0942249679565429,0.1158326351642608,0.1162624031066894
8063,505,3,32,1.93,0.72,True,True,True,True,4.843897028814388,4.859062910079956,4.883389663696289,4.885807847976684,10.32285496728344,10.290049938698417,10.23878975698122,10.233724150054256,1.4558484554290771,1.5317392349243164,1.584979009628296,1.5883571481704712,0.0968779405762877,0.0971812582015991,0.0976677932739257,0.0977161569595336
7158,1047,2,32,0.8,0.73,False,False,True,False,4.402888643741608,4.768128752708435,4.9264927983284,4.936543481349945,11.670553091803828,10.48382601564445,10.145231734438829,9.1121725230511,1.1275926208496094,1.2722272872924805,1.460566020011902,1.4697710227966307,0.0894623194639882,0.0953850245475769,0.0985684731006622,0.1098411939819066
6573,1850,1,16,0.3,0.94,True,False,True,True,4.433208400011063,4.765193700790405,4.8820864915847775,4.889582993984223,11.611703706702604,10.492121119729337,10.240828948586728,10.220211550371594,1.1748314893245695,1.2482399940490725,1.5218421697616578,1.5427137041091918,0.0891813341659657,0.095309612751007,0.09764834856987,0.0978453327655792
7134,1569,7,8,0.2,0.88,True,False,True,True,4.7532829928398135,4.791271209716797,5.612907814979553,5.622817265987396,10.990163849627049,10.434920298245697,8.907046061657699,8.889215438613101,1.5072838163375857,1.372226357460022,2.284751689434052,2.295815813541412,0.0953247558086148,0.0958320689201354,0.1122706673145294,0.1124958678722381
6223,1190,6,16,0.19,0.71,False,False,False,False,4.429108326435089,4.793359160423279,4.843611860275269,4.855224983692169,11.602403822492136,10.42886662666718,10.319088339908037,10.283308887038816,1.1376840627193452,1.2051761150360107,1.4927045464515687,1.4994566965103149,0.0891823290369089,0.0958876967430114,0.096907785654068,0.097246192574501
4621,716,1,16,0.53,0.89,False,True,True,True,4.204149984121322,4.1841171979904175,5.1419015526771545,5.151122770309448,12.486919375595784,11.942108844023696,9.722449915262636,9.687080107485675,0.7165820372104644,0.4632056951522827,1.5724073767662048,1.578494610786438,0.0851340781405081,0.0837373042106628,0.1028547341823578,0.1032465392271676
6513,118,5,16,1.64,0.95,True,True,True,True,4.949132775083,5.011047840118408,5.068946599960327,5.072283411026001,9.99824385955467,9.97583141124998,9.862041126198266,8.770639505757863,1.3599450735398282,1.274198293685913,1.613741159439087,1.6145530223846436,0.1012025637096828,0.1002422714233398,0.1013988876342773,0.1261629228591922
5892,1127,1,16,0.78,0.98,True,False,True,True,4.400216543674469,4.7331918478012085,4.875918173789978,4.889785442352295,11.71037051591443,10.562066707245538,10.24030788156156,10.215752618672376,1.1286914539337158,1.199171781539917,1.5085992574691771,1.5673857641220093,0.0884742793888574,0.0946784400939941,0.0976533141136169,0.0978895405574278
5776,1802,1,32,0.22,0.87,True,True,True,True,4.8793459832668304,4.8922611474990845,4.9133190512657166,4.929377155303955,10.24778390898218,10.220223116946698,10.176420356419092,10.14339312621438,1.2972998827695847,1.1363859176635742,1.585863471031189,1.5887970590591431,0.0975869196653365,0.0978452229499816,0.0982663810253143,0.0985875431060791
4735,1025,5,32,0.61,0.94,False,False,False,False,4.484080013036728,4.798569202423096,4.910165953636169,4.929368779659272,11.513065109513445,10.419772739101976,10.182955215385244,10.143286620101916,1.1391527998447415,1.1389580965042114,1.5630374670028686,1.569106674194336,0.0896816002607345,0.0959713840484619,0.0982033190727233,0.0985873755931854
6434,824,7,32,0.51,0.95,False,False,False,False,4.458473188877106,4.710996389389038,4.95407612323761,4.987463052272797,11.513518089835523,10.61213073493238,10.092499751063553,10.024790558586451,1.1537377226352692,1.195693850517273,1.4511156678199768,1.4562310361862183,0.0896452203591664,0.0942317843437194,0.0990834803581237,0.0997527077198028
7042,2002,5,8,0.21,0.83,False,False,False,False,4.1237930333614345,4.216084599494934,4.8814400911331175,4.891408846378327,12.725218120615692,11.858302487569324,10.2355188789648,10.175161112838325,1.225613168478012,1.2984446287155151,1.5196773290634156,1.5246597862243652,0.0831136078127292,0.0843291020393371,0.0976990041732788,0.098278590624673
7346,1779,6,16,0.74,0.85,True,False,False,True,4.48054539680481,4.82833468914032,4.889909136295318,4.917162413597107,11.5412268290154,10.355537310922976,10.225138881066217,10.168466266719411,1.251728640794754,1.3633813858032229,1.533737945556641,1.542336196899414,0.0896109079360961,0.0965666937828064,0.0977981827259063,0.0983432482719421
4648,1155,6,16,0.25,0.94,True,False,False,False,4.398879619836808,4.7874274253845215,4.825615406036377,4.831022455692291,11.607052480163649,10.437876798433496,10.355688463425862,9.452263700446156,1.1117416393756867,1.053494930267334,1.5982632637023926,1.603049440383911,0.0893232121704614,0.0958049249649047,0.0965652842521667,0.1058869143536213
6068,401,4,32,0.74,0.82,True,False,False,False,4.373483339548111,4.669742703437805,4.79549663066864,4.79824432849884,11.78206638336192,10.707228166715709,10.426448784612752,10.420478116775822,1.178789463043213,1.1987717151641846,1.559863305091858,1.5641275095939635,0.0874696667909622,0.0933948540687561,0.0959099326133728,0.0959648865699768
4117,490,4,8,0.15,0.81,True,True,False,True,5.396832373738289,5.440012693405151,5.461631119251251,5.4907992172241205,9.17860033364366,9.18976330741539,9.143466985614642,7.875496046908291,1.780351608991623,2.0257405042648315,2.038410246372223,2.044888262748718,0.1090254205548588,0.1088167309761047,0.1093677506446838,0.1269913709777242
4979,164,2,16,1.21,0.89,False,False,False,False,4.463597280979156,4.783912777900696,4.901087892055512,4.915669283866882,11.41907348426947,10.448189095877924,10.197812895875758,9.77702088998926,1.1980000174045562,1.0554689168930054,1.6796050190925598,1.682659063339233,0.0903473604404485,0.0957103657722473,0.0980602424144744,0.1024451893706649
6087,1183,4,16,0.92,0.87,True,False,False,False,4.402492094039917,4.723321914672852,4.760146701335907,4.764945652484894,11.681681415031658,10.585770122537047,10.503878021344262,10.493299116818386,1.1979482662677765,1.2570586204528809,1.519954228401184,1.5325927877426146,0.0880498418807982,0.094466438293457,0.0952029340267181,0.0952989130496978
5115,565,7,16,0.04,0.76,False,False,False,True,4.555646252632141,4.926714658737183,4.986138033866882,4.997270102500916,11.298085561201567,10.148101463187544,10.024636926515836,9.995749086476255,1.170284069776535,1.10565984249115,1.568731391429901,1.5731938004493713,0.0918338258399829,0.0985405993461608,0.0997542362213134,0.1000425273418426
6384,1889,2,32,1.57,0.86,True,False,False,False,4.447849769592285,4.725581288337708,4.90904403924942,4.917646441459656,11.614709572720596,10.58071024554774,10.185282459006716,10.167465450386178,1.2725480484962464,1.3925822973251345,1.6643829941749573,1.670339765548706,0.0889569953918456,0.0945116257667541,0.0981808807849884,0.0983529288291931
6502,1168,4,32,1.93,0.9,False,False,True,False,4.498781543970108,4.893157005310059,5.002055549621582,5.006284465789795,11.454715166107622,10.218351988541814,9.995890594629564,9.987446900899911,1.330472915172577,1.607856512069702,1.85472571849823,1.960637819766998,0.0899756308794021,0.0978631401062011,0.1000411109924316,0.1001256893157959
7003,1432,7,32,0.48,0.72,False,True,False,True,4.121884962320328,4.1492263078689575,4.874540305137634,4.8870794034004215,12.713752017227586,12.0504393567495,10.257377508624002,10.231059536333136,0.8675160312652588,0.6333367824554443,1.4627079844474793,1.4740359377861023,0.0824376992464065,0.0829845261573791,0.0974908061027527,0.0977415880680084
7272,749,4,8,1.95,0.74,True,False,False,True,4.873458958864212,5.177542686462402,5.478565609455108,5.486772849559784,10.705258202845275,9.657090833365483,9.1264764497674,9.112824859650017,1.4572221052646637,1.431686520576477,2.0990482330322267,2.1049575543403627,0.0974691791772842,0.103550853729248,0.1095713121891021,0.1097354569911956
6255,750,3,8,1.83,0.71,True,False,False,False,4.608259741067887,4.785071134567261,5.420937323570252,5.431356196403503,11.36457376410646,10.447043259867312,9.222354253871616,9.203609066391252,1.273428168296814,1.1955715417861938,2.108366537094116,2.114291422367096,0.0925303445957439,0.0957208633422851,0.1084321825504303,0.1086530624389648
5651,1751,2,16,0.78,0.89,True,True,False,True,4.696069899201393,4.749041557312012,4.777299106121063,4.792533886432648,10.482950426465525,10.52693505732242,10.441376483034311,8.167127050334647,1.303249105811119,1.5467809438705444,1.6050534009933473,1.6101127648353577,0.0958122939853506,0.0949944114685058,0.0957728164196014,0.1251919902048324
5432,441,2,8,0.21,0.81,False,True,True,False,4.036663497686386,3.971946001052856,4.903175616264344,4.906860992908478,13.002829363799494,12.58406737809694,10.197472804396364,10.1898139595188,0.7870954823493957,0.506359338760376,1.5448742628097534,1.5844921851158142,0.0810296575031783,0.0794655680656433,0.0980635123252868,0.0981372198581695
7486,470,6,16,0.82,0.82,True,True,False,True,4.982631549239159,4.99845016002655,5.0248863935470585,5.028656523227692,10.0355377317947,10.00310084294778,9.950473886298328,9.943013569412976,1.352635931968689,1.512487769126892,1.5664875864982606,1.5689563608169557,0.0996526309847831,0.099969003200531,0.1004977278709411,0.1005731304645538
4259,812,1,16,1.22,0.89,True,False,False,False,4.472999278306961,4.814463019371033,4.861398363113404,4.871449451446533,11.537641918227395,10.385374600515638,10.285106548649471,10.263885882048427,1.1451866710186005,1.0123004913330078,1.509066915512085,1.568357388973236,0.0894599855661392,0.0962892603874206,0.097227967262268,0.0974289890289306
8029,143,4,16,1.9,0.98,True,True,False,True,4.926260328292846,5.003079175949097,5.018743360042572,5.02288866519928,9.92680183297815,9.990471629374804,9.956984095189345,5.929228890131744,1.342056593298912,1.6069475412368774,1.6222889065742492,1.6329879665374756,0.1014604160909851,0.100095374584198,0.1004320175647735,0.1686798771917819
4753,1752,3,8,1.66,0.86,True,False,False,True,4.724407969713211,4.79115617275238,5.407500684261322,5.4146348667144775,10.830334235344504,10.4352598803175,9.246137326972615,9.206531176861777,1.3515831315517426,1.5095479488372805,2.0515706658363344,2.054755728244781,0.0951627562466122,0.0958289504051208,0.1081532714366912,0.1086186133384704
5042,947,3,32,0.92,0.94,False,False,False,False,4.508702142238617,4.858700156211853,4.937931168079376,4.946624422073365,11.469159129792043,10.28963199201254,10.12539498235925,10.094426050035285,1.1841028010845185,1.2567580938339231,1.5973813652992248,1.6012880325317382,0.0902990281456394,0.097185206413269,0.0987615795135498,0.0990645723819732
4045,864,5,16,0.74,0.72,False,True,True,True,4.13225744843483,4.004063725471497,5.090638542175293,5.107846260070801,12.66100871234168,12.486560611935284,9.821441344800853,9.787334036047138,0.7693325197696685,0.4757885932922363,1.5246262907981871,1.6294808220863342,0.0834456749258478,0.0800861048698425,0.1018180494308471,0.1021728693008422
6320,404,4,16,1.21,0.78,True,False,True,False,4.417828528881073,4.7964664697647095,4.843842232227326,4.850106792449951,11.572529506432216,10.422206168454275,10.317427485919076,8.568886819785249,1.2080556774139404,1.3024812936782837,1.5853673696517945,1.5962953543663023,0.0898791555993286,0.0959489750862121,0.0969233853816986,0.1168712651048382
6448,827,5,32,1.22,0.92,False,False,True,False,4.444855831861496,4.814618706703186,4.902749371528626,4.916645517349243,11.610398761214702,10.384045763908064,10.193817524872914,10.161510854401191,1.161408177614212,1.3545928001403809,1.5659324765205382,1.579046561717987,0.0889876230833006,0.0963015794754028,0.0980986764430999,0.0984105721950531
8162,1396,7,16,0.4,0.82,False,False,False,True,4.417191903591156,4.730328917503357,4.861763703823089,4.87586580991745,11.564501160369066,10.569825525529524,10.283846152344353,10.25132335988154,1.304599379301071,1.41363525390625,1.5338802456855771,1.5574508023262024,0.0891947189076858,0.094608941078186,0.0972398862838745,0.0975483817100524
8047,1021,2,16,1.68,0.7,True,False,True,False,4.401213377714157,4.732571363449097,4.807156527042389,4.82189088344574,11.677770585975669,10.565081070958604,10.401159130178272,10.369376083035055,1.2825019097328183,1.3976490497589111,1.493877100944519,1.5121778631210328,0.0883328467667102,0.0946514272689819,0.0961431305408477,0.0964378176689148
5412,1370,4,32,0.91,0.96,True,True,True,True,4.766611766815186,4.828705787658691,4.843822538852692,4.859689667224884,10.317163829583606,10.35362678954889,10.317439102482416,8.170277946367285,1.2713092654943463,1.5191272497177124,1.5416470289230346,1.5671320581436157,0.0973430959409283,0.0965845131874084,0.0969233026504516,0.1254450682670836
5483,1557,5,32,0.64,0.75,False,True,True,True,3.8284018528461456,3.585068941116333,4.941629076004029,4.947916858196258,14.162153361853129,13.944773364403671,10.118120812410549,10.105262789700705,0.8141729927062988,0.6020830869674683,1.569542384147644,1.572872896194458,0.0768429773909705,0.0717114567756652,0.0988325815200805,0.0989583371639251
7893,1684,6,32,1.36,0.82,True,False,True,False,4.362400559186935,4.671149611473084,4.763279056549072,4.780415601730347,11.78448960733105,10.704003119811528,10.49697055564278,10.459341665026905,1.26309779047966,1.3632714748382568,1.4706969499588012,1.4903753900527954,0.0873073732684298,0.0934229922294616,0.0952655811309814,0.0956083120346069
7639,801,4,32,0.24,0.97,True,False,True,True,4.422657836675644,4.665426969528198,4.901172864437103,4.934879236221313,11.652353205873236,10.717132748132151,10.20163978362124,10.131960197546205,1.2497609412670136,1.3345524072647097,1.5139468908309937,1.526523904800415,0.0884531567335127,0.0933085393905639,0.098023457288742,0.0986975847244262
7139,1605,8,8,0.41,0.81,False,False,True,True,4.57080214381218,4.820047736167908,5.101417648792267,5.10932847738266,11.285037946872148,10.372118952354551,9.801197127050846,9.786021826839908,1.2027055883407594,1.294306397438049,1.4743099808692932,1.488480532169342,0.0915996597775422,0.0964123153686523,0.1020283529758453,0.1021865695476532
7579,845,1,32,1.39,0.99,True,False,False,False,4.4018966102600094,4.724387884140015,4.814030742645263,4.822397465705872,11.681734971892505,10.582272996014767,10.38316097601451,10.35313954756144,1.2241709661483764,1.350263237953186,1.5007648587226867,1.5142621111869812,0.0882215337926063,0.0944976568222046,0.0963097848892211,0.0965890650935795
6725,1470,8,32,1.93,0.94,False,True,True,False,4.033028821945191,3.929132223129273,5.6318542718887326,5.6503453540802,12.885886898802164,12.724373316908837,8.878070629825103,8.849016696882419,0.8583236253261566,0.4979969263076782,2.141134202480316,2.14542994260788,0.0811169091626385,0.0785893321037292,0.1126370854377746,0.1130069070816039
5407,91,8,32,0.96,0.81,False,False,True,False,4.383646022081376,4.709339499473572,4.770527625083924,4.777315871715546,11.68415816402968,10.614938512022214,10.478435026380543,10.465642463601109,1.0924503004550934,1.0795964002609253,1.4687111020088195,1.4759455370903014,0.0881357235405179,0.0942068576812744,0.0954340984821319,0.0955507637023925
5101,1600,6,16,1.52,0.96,False,False,True,True,4.615825818777084,5.003338932991028,5.282001411914825,5.290198383331298,11.19987892015028,9.992213832933192,9.465664188914808,9.449506189927094,1.1614461708068848,1.445536971092224,1.700383150577545,1.709299268722534,0.0926060708469815,0.1000779223442077,0.1056449904441833,0.1058256450176239
4589,472,6,8,1.7,0.71,False,False,True,True,4.915744650363922,4.927297472953796,6.023860335350037,6.0323071908950805,10.321168973911144,10.144510619628832,8.298792016463432,8.282298914611406,1.4307069981098175,1.7296494245529177,1.9271180629730225,1.9351193618774407,0.098462780729093,0.0985754823684692,0.120499465227127,0.1207394239902496
5513,320,6,32,1.41,0.87,False,False,True,True,4.50379532456398,4.772276997566223,5.08907527923584,5.093241457939148,11.372824269472233,10.47367108334525,9.821522827187112,9.501933767352478,1.165781967639923,1.1339759826660156,1.87039053440094,1.8755591249465944,0.0909710871234535,0.0954775094985962,0.1018172047138214,0.1052470094710587
4925,1211,2,32,0.92,0.89,False,False,False,True,4.525589604377746,4.861531496047974,4.906527149677276,4.916901588439941,11.38892910702536,10.284824862560766,10.190507152373431,10.169005644698602,1.169108419418335,1.215676188468933,1.5572678565979003,1.5734539675712584,0.0905117920875549,0.0972306299209594,0.0981305429935455,0.0983380317687988
6053,233,3,16,0.14,0.9,False,True,True,True,4.049399943351745,3.902597904205322,4.947968399524688,4.953707621097565,12.976330371093834,12.81197881431218,10.105157525687934,10.093450034218073,0.7670358264446259,0.5275049209594727,1.521739387512207,1.5236358070373537,0.0809879988670349,0.0780519580841064,0.0989593679904937,0.0990741524219512
7783,1990,7,8,0.38,0.78,False,True,False,True,4.278695788383484,4.402072787284851,5.042556178569794,5.047043101787567,12.331652296440812,11.358285611371311,9.91560594218834,9.906790767596174,0.9981668567657472,0.9612431526184082,1.6193438053131104,1.659218385219574,0.0857551236629486,0.088041455745697,0.1008511235713958,0.1009408620357513
7359,848,5,16,1.04,0.82,True,False,True,True,4.501656442880631,4.814553022384644,4.957834672927857,4.97065227985382,11.497056423949331,10.385180051770964,10.085047895148668,10.059041990115626,1.248331370353699,1.3319098949432373,1.5606532454490665,1.5695096850395205,0.0900331288576126,0.0962910604476928,0.0991566934585571,0.0994130455970764
4966,1562,4,32,1.48,0.74,True,False,False,True,4.308718217611313,4.634984374046326,4.711788928508758,4.72080810546875,12.00628087690668,10.787523134244392,10.61168080501439,10.591406998383905,0.9716280567646026,1.0164786577224731,1.4608094811439514,1.4648533010482787,0.0861743643522263,0.0926996874809265,0.0942357785701751,0.094416162109375
7947,222,5,8,1.55,0.92,True,False,True,False,4.753694435358048,4.982712030410767,5.3728395819664,5.379855370521545,10.933102637497008,10.034695903537823,9.306066051971383,9.29393017764266,1.491326413154602,1.5090175867080688,2.127128708362579,2.1292627906799315,0.0950738887071609,0.0996542406082153,0.107456791639328,0.1075971074104309
7659,795,5,8,1.31,0.92,True,False,False,True,4.745859855413437,4.881211996078491,5.498828279972076,5.518947541713715,11.01701719607557,10.24335760133069,9.092846233813402,9.059698362631506,1.5095232486724854,1.488155722618103,2.115636909008026,2.121976716518402,0.0949171971082688,0.0976242399215698,0.1099765655994415,0.1103789508342742
5467,90,3,16,1.41,0.73,False,True,False,True,4.057885788679123,3.727989196777344,4.996626961231232,5.002571465969086,12.703192631970175,13.411581287895876,10.006750632079669,9.99485971718509,0.8548930251598358,0.7302947044372559,1.8348431944847103,1.8429224228858947,0.0811882559351299,0.0745624232292175,0.0999325392246246,0.1000514293193817
7054,1483,5,16,1.66,0.7,True,False,True,False,4.322307449579239,4.67442262172699,4.705743253231049,4.716608958244324,11.792093856702154,10.694409534333785,10.61924559956503,10.550757442500258,1.1602570712566376,1.2978073358535769,1.4988040804862977,1.535038948059082,0.0875931263249654,0.0935067987442016,0.0941686480045318,0.0949917698502535
8168,399,5,16,0.59,0.81,False,False,False,True,4.438033285140992,4.759401202201843,4.844881784915924,4.855880637168884,11.552061719238118,10.505238292767554,10.31776151399796,10.295877458704728,1.309886348247528,1.4463117122650146,1.505198609828949,1.5141975498199465,0.0891018436272939,0.0951906061172485,0.0969202477931976,0.0971262605667114
7956,594,6,16,1.7,0.81,False,False,True,False,4.4485657954216,4.731438875198364,4.883385837078095,4.892428107261658,11.444845653573587,10.567611023832676,10.238797766791857,10.219874274815098,1.3825065040588378,1.6627614498138428,1.7826646566390991,1.788644742965698,0.0890442548002515,0.0946287775039672,0.0976677167415618,0.0978485621452331
7740,1548,6,16,1.04,0.84,False,False,True,False,4.382418533563614,4.720775485038757,4.854742419719696,4.858919973373413,11.878622539639911,10.591480184526349,10.299207595217291,10.290352809974031,1.2982515120506286,1.3977593183517456,1.5287158489227295,1.5386338019371033,0.0876483706712722,0.0944155097007751,0.0970948483943939,0.0971783994674682
5292,503,1,8,0.31,0.94,False,True,False,True,4.034022974967956,3.767156481742859,5.085224437713623,5.106556432247162,13.093089067004584,13.27261034325101,9.832407885472604,9.791334204693992,0.9959367966651916,1.074166774749756,1.5627952933311462,1.566716079711914,0.0809070931911468,0.0753431296348571,0.1017044887542724,0.1021311286449432
8144,1938,6,8,0.8,0.7,True,False,True,False,4.220632970333099,4.164270401000977,4.9581672072410585,4.975143599510193,12.263893125263673,12.006905257602956,10.084371496623406,10.04996117879434,1.5465071761608125,1.4158439636230469,2.2024261355400085,2.250860631465912,0.0844126594066619,0.0832854080200195,0.0991633441448211,0.0995028719902038
7248,1853,4,32,0.74,0.74,False,False,False,True,4.492580213546753,4.829199433326721,4.898517382144928,4.913423635959625,11.47008445745876,10.3527134312512,10.201602896752933,10.175197955726306,1.2247895622253415,1.2988886833190918,1.4599508404731751,1.4887301158905029,0.0899534222602844,0.0965930342674255,0.0980238115787506,0.0982781862735748
6780,111,7,8,0.42,0.94,True,False,False,True,4.63330393910408,4.844581484794617,5.385057020187378,5.393800005912781,11.323045788248196,10.320053229508057,9.284952753389511,9.26990247110724,1.3134718704223634,1.265678644180298,2.078094184398651,2.093273017406464,0.0928443282459721,0.0968987250328063,0.1077011404037475,0.1078760001182556
7552,1269,2,32,0.62,0.96,False,False,True,True,4.370319705009461,4.672788739204407,4.726667189598084,4.735315909385681,11.660437765658756,10.699181738522572,10.57597848796614,10.555527985909208,1.255300934314728,1.4964454174041748,1.5802408814430238,1.5891716623306271,0.0878057514539132,0.0934650921821594,0.0945538997650146,0.0947370927810669
7072,529,8,32,0.43,0.74,False,False,True,True,4.5000038087368015,4.812139868736267,4.950301396846771,4.970022320747376,11.422511825468364,10.39024018432815,10.098955223891204,10.049732070431478,1.2649263155460355,1.385320067405701,1.5855315566062926,1.5933443903923037,0.0903878428084509,0.0962441658973694,0.0990201439857483,0.0995051403522491
6190,358,3,16,0.65,0.73,False,True,False,True,3.3200072729587555,3.306447982788086,3.924933230876922,3.9284223914146414,15.577303410603143,15.11907499330433,12.739070229398775,12.727756234012528,0.7472476148605347,0.4328393936157226,1.541326069831848,1.5465068125724792,0.0666524010032415,0.0661416125297546,0.0784986646175384,0.0785684478282928
8020,953,5,16,0.93,0.88,False,False,True,False,4.488153225183487,4.855766177177429,4.936417043209076,4.944064254760742,11.492597090725068,10.295435280136475,10.12703490863739,10.10148607458217,1.2428711652755735,1.4061976671218872,1.4865657448768617,1.4959460425376891,0.0904182053777906,0.0971304249763488,0.0987455866336822,0.0989953834480709
7087,1400,1,32,0.01,0.73,True,False,True,False,4.3762804222106935,4.667755126953125,4.8198867559432985,4.838250489234924,11.756495267327596,10.71099236818965,10.371395533947249,10.324289967731264,1.1973354530334472,1.2903462648391724,1.582580864429474,1.6195598030090332,0.0877706863855493,0.0933620309829711,0.0964190409183502,0.0968589616775512
6628,1971,5,16,1.92,0.9,False,False,False,False,4.5339610123634335,4.725962162017822,5.055928421020508,5.068255863189697,11.19273241067376,10.579856193289093,9.889380939995071,9.865326828045225,1.5249140930175782,1.3045068979263306,2.1495378613471985,2.152077641487121,0.0906792202472687,0.0945192432403564,0.1011185684204101,0.1013651172637939
6267,826,5,16,0.15,0.85,True,False,True,False,4.248844343423843,4.602023959159851,4.771706426143647,4.788496482372284,12.044854199780682,10.858956839319257,10.46440763934997,7.03829814409159,0.9912141489982604,1.1346665620803833,1.4919044971466064,1.5018499541282653,0.0865560408957171,0.092089877128601,0.0955620265007019,0.1420803665696528
8006,150,6,8,1.4,0.87,False,True,True,False,4.018022528886795,3.7800488471984863,5.159715533256531,5.165031356811523,13.098112569824584,13.225510874301465,9.690342773709787,9.676469308769429,0.7705139744281769,0.3637659549713135,1.940530288219452,1.943935599327088,0.0809151626124101,0.075611445903778,0.1031955239772796,0.1033434789657592
4544,1276,8,32,1.96,0.8,True,False,False,False,4.426295289993286,4.768584132194519,4.833527445793152,4.842786767482758,11.682894944293588,10.4852926257105,10.344412274210596,10.324633811321505,1.1579876363277437,1.0979207754135132,1.592416727542877,1.6002990126609802,0.0885259057998656,0.0953716826438903,0.096670548915863,0.0968557353496551
7298,139,5,32,1.67,0.86,False,False,False,False,4.6174891304969785,4.580361723899841,5.930885446071625,5.961056079864502,11.085203881812618,10.914513568185937,8.42555755838321,8.386370337057794,1.266623021364212,1.131838321685791,2.059483158588409,2.064827795028686,0.0927547641992569,0.0916211247444152,0.1186865074634552,0.1192410973072052
5609,1417,4,8,0.17,0.98,False,False,False,False,4.425047127008438,4.768222570419312,4.821705138683319,4.8314802980422975,11.622892424611717,10.485769445709575,10.367722142504263,10.337033241406989,1.1393311214447022,1.1048935651779177,1.5089374303817749,1.5118965005874634,0.0888259263140814,0.0953673458099365,0.0964532024860382,0.0967395561218261
7987,332,3,32,0.92,0.74,True,False,True,False,4.330629541873932,4.6046916246414185,4.721718800067902,4.7408251786232,11.85216430592438,10.858491385505197,10.589364227518988,10.546687231624844,1.28337810754776,1.3803373575210571,1.4778539776802062,1.5055035853385923,0.0866125908374787,0.0920938324928283,0.094434376001358,0.0948165035724639
4772,957,8,8,1.24,0.92,False,False,True,False,4.363761876821518,4.5710355043411255,4.953121376037598,4.964819941520691,11.799932776748676,10.938440755147212,10.094644611435958,10.070858682626929,1.1193041718006134,1.0172433853149414,1.78368319272995,1.7855331468582154,0.0873916836651889,0.0914207100868225,0.0990624275207519,0.0992963988304138
7893,1920,5,8,1.36,0.91,False,True,False,True,4.120348021984101,4.485848069190979,4.597665822505951,5.116079518795013,12.68846966430582,11.146164394350444,10.87508355986695,9.773109116157473,1.1554036831855774,1.3326971530914309,1.5761235356330872,1.777193853855133,0.082406960439682,0.0897169613838195,0.091953316450119,0.1023215903759002
6965,100,4,8,1.24,0.99,True,False,True,True,4.677598885297775,4.758874893188477,5.493445658683777,5.505314359664917,11.138780697711317,10.504777587553985,9.101278283003484,9.07594733783437,1.4460765027999878,1.3571126461029053,2.103937196731567,2.112788755893708,0.0941359850962957,0.0951947808265686,0.1098746757507324,0.1101813453197479
7663,316,2,16,0.53,0.97,False,False,False,True,4.510719057321548,4.861300826072693,4.980614447593689,5.009039134979248,11.451507667089944,10.283816442383316,10.035648533339844,9.978711754682598,1.2514787232875824,1.4027659893035889,1.5474095463752746,1.5545727443695068,0.0906928459511863,0.0972401642799377,0.0996447811126709,0.100213336610794
7677,1695,2,16,0.41,0.74,True,False,False,True,4.412334049940109,4.742782950401306,4.893222391605377,4.899362082481384,11.563592401669258,10.540776264513111,10.215657813782576,9.11204871487126,1.1846637952327728,1.2892968654632568,1.5488693475723267,1.5564396333694457,0.0893565949777877,0.0948696732521057,0.0978889484405517,0.1097630096315502
8023,1363,1,8,1.11,0.89,True,False,False,False,4.579682784080505,4.701294660568237,5.364851438999176,5.3737849473953245,11.275117417239558,10.629491445065844,9.317890724677472,9.28527922348628,1.4254260885715484,1.416861057281494,2.1077136278152464,2.110694785118103,0.0929407599224474,0.0940778803825378,0.1073204259872436,0.1077497959397053
7114,434,3,16,0.68,0.85,False,False,False,False,4.166271772384643,4.36804461479187,4.627935099601745,4.640195014476776,12.187475415630534,11.441114644891194,10.78870879363401,9.9056524910712,1.1640522396564483,1.2708120346069336,1.4440560817718506,1.4512868118286133,0.0842121786570764,0.0874040722846984,0.0926894979476928,0.1009526566299232
4325,1100,2,16,0.51,0.82,False,False,False,False,4.449070776700974,4.761261224746704,4.856301724910736,4.866798214912414,11.575585194078847,10.5014192794103,10.295900804617633,10.27369490593775,1.1637091660499572,1.2350295782089231,1.5977924466133118,1.6037064599990845,0.0889814155340194,0.095225224494934,0.0971260344982147,0.0973359642982483
5810,1499,3,16,1.87,0.99,True,False,False,True,4.490319823026657,4.778932571411133,4.963887023925781,4.986621863842011,11.481908233541423,10.462097090465171,10.072530187814063,10.019741634693332,1.150427542924881,1.1724915504455566,1.6073134183883666,1.6126904702186584,0.0899194582395064,0.0955831313133239,0.09927992105484,0.0998029726505279
4565,649,8,32,0.95,0.92,False,True,True,False,3.826003632545471,3.949160218238831,4.372563123703003,4.390469143390655,13.495986550307377,12.660887876329834,11.43494079213855,11.388304613835455,0.6968513107299805,0.5664894580841064,1.192485749721527,1.1955264401435852,0.0767147109358399,0.0789834022521972,0.08745126247406,0.0878093828678131
6209,1765,6,16,1.67,0.87,True,True,True,True,4.816239172220231,4.833508491516113,4.851203727722168,4.860773875713348,10.382128232908512,10.344452745393932,10.306720405669852,10.286438987729673,1.3004628092050552,1.112308144569397,1.5843929886817931,1.588743915557861,0.0963247834444046,0.0966701698303222,0.0970240745544433,0.0972154775142669
7478,1577,4,8,1.41,0.73,True,True,False,True,5.736963618596395,5.75628662109375,5.780363965034485,5.784535007476807,8.71601598336532,8.686155379542154,8.649974377622769,8.643739783859154,1.977066609064738,2.0908477306365967,2.139605164527893,2.1462710094451904,0.1147392723719279,0.115125732421875,0.1156072793006897,0.1156907001495361
6713,1939,5,32,1.76,0.89,True,False,False,False,4.44482506275177,4.7943702936172485,4.843986141681671,4.8486296916008,11.547163750480795,10.428382263871049,10.32190413293812,10.30702422117631,1.2033410942554474,1.2810287475585938,1.6099746346473691,1.619938952922821,0.0893337839603424,0.095892150402069,0.09688134932518,0.0970212140083313
6817,1786,7,8,0.47,0.93,False,True,True,False,4.149866771697998,3.920021772384644,5.132492530345917,5.147417640686035,12.691935550376591,12.755031218450776,9.74185538861298,9.713608623757548,0.8206902980804444,0.5115655660629272,1.8150484085083007,1.8194774198532104,0.0829973354339599,0.0784004354476928,0.1026498506069183,0.1029483528137207
5089,1682,8,16,1.5,0.71,True,False,True,False,4.28936067700386,4.54559600353241,4.841481375694275,4.855126502513886,11.902219561015963,10.998343308903085,10.319317068506468,7.743008642399559,1.126632276773453,1.105201244354248,1.6051460266113282,1.6078190684318543,0.0871920713560253,0.0909227848052978,0.0969056379795074,0.1292067808263439
6660,1630,8,8,1.51,0.87,True,False,True,False,4.740607354640961,4.877540230751038,5.464934074878693,5.475567409992218,11.007593235980435,10.251068701685345,9.149241229426202,9.131473750443618,1.4967993605136871,1.403822422027588,2.216730344295501,2.223049776554108,0.0948121470928191,0.0975508046150207,0.1092986814975738,0.1095113481998443
6202,450,4,8,0.45,0.9,True,False,True,True,4.737061796188354,4.874285578727722,5.515578818321228,5.528297753334045,10.986173629201604,10.256132142866711,9.063823538445346,9.039946184717255,1.3986821031570436,1.4474081993103027,2.0968296766281127,2.101408965587616,0.0958355385780333,0.0975026440620422,0.1103287146091461,0.110620169019699
6371,809,4,32,1.9,0.97,True,False,False,False,4.333358792066574,4.661509275436401,4.704378592967987,4.710232326984405,11.79502068575289,10.7250394366587,10.627480919799424,10.600377880560496,1.144643007516861,1.187688946723938,1.474919331073761,1.5219578123092652,0.0873293234054858,0.0932397508621215,0.0940956759452819,0.0943362596988678
5939,585,3,32,1.48,0.93,True,False,True,False,4.32392542719841,4.692349195480347,4.761049044132233,4.768985531330109,11.936071788198246,10.654781598292736,10.501230942353988,10.482554031207911,1.1475096976757049,1.1568230390548706,1.5119754672050476,1.521189603805542,0.08712916492883,0.0938545751571655,0.0952269315719604,0.095396601819992
6684,381,6,8,0.62,0.97,True,False,False,True,4.655895026922226,4.819802641868591,5.326586580276489,5.331427943706513,11.091065445291642,10.37222715741642,9.386579733923387,9.375005741595771,1.42385471701622,1.34530508518219,2.029570531845093,2.034673948287964,0.0937246080636977,0.0964113092422485,0.1065350775718688,0.1066666015624999
4338,1341,2,32,0.19,0.83,False,True,True,False,3.821093444824218,3.95896577835083,4.378560411930084,4.386579785346985,13.53110081248058,12.626268408268356,11.417915285201843,11.386432703700155,0.6191267108917237,0.5428186655044556,1.0620988011360168,1.066390187740326,0.0767423905266656,0.0791999673843383,0.0875816624164581,0.0878238185882568
5992,1758,7,16,0.04,0.98,False,False,True,False,4.428963396549225,4.763770818710327,4.813613712787628,4.822020466327667,11.590057573268687,10.49588695816004,10.3872066186511,10.36909743033464,1.1850117468833925,1.1736515760421753,1.5259127140045166,1.5287743377685548,0.0888420695185661,0.0952754163742065,0.0962722742557525,0.0964404093265533
5855,691,5,32,1.82,0.89,True,True,False,True,4.693066743016243,4.707031726837158,4.725729095935821,4.736777994632721,10.65454305385045,10.622405565165632,10.580378026705528,10.5557310829667,1.23542722761631,1.505864143371582,1.5237810015678406,1.5293216109275818,0.0938613348603248,0.0941406345367431,0.0945145819187164,0.0947355598926544
6872,378,2,32,1.44,0.93,False,True,False,False,3.89768572807312,3.946257472038269,4.641332221031189,4.646777124404907,13.240399881686082,12.668013868996956,10.771800341665791,10.738774014350026,0.6942741167545319,0.4958889484405517,1.3520564913749695,1.3606469416618348,0.0785837969021664,0.0789389729499817,0.0928349921703338,0.0931208991706371
5805,700,2,8,1.47,0.84,False,False,False,False,4.593423937559128,4.900761961936951,5.171272122859955,5.183604490756989,11.202207748327371,10.20249517898622,9.66880079255004,9.6457977492283,1.2121616327762603,1.468290090560913,1.7286424517631531,1.7367348265647888,0.0919386266469956,0.098015239238739,0.103425442457199,0.1036720898151397
6631,1417,3,32,1.93,0.79,False,True,True,False,3.93733329296112,3.8336089849472046,5.28034690618515,5.299301705360413,13.122091041843662,13.042540384409088,9.469075113934071,9.435205450926484,0.9132214891910552,0.5887948274612427,2.065436589717865,2.0704010200500487,0.0787466658592224,0.076672179698944,0.1056069381237029,0.1059860341072082
7152,1217,2,16,1.77,0.81,True,False,True,True,4.45662722826004,4.789859056472778,4.848960137367248,4.86117344379425,11.57170343404699,10.43872052718248,10.31148918457212,10.28558247868972,1.2029593396186828,1.2965840101242063,1.5206923365592957,1.5254095888137815,0.0891325445652008,0.0957971811294555,0.0969792027473449,0.097223468875885
4557,1712,8,32,1.06,0.81,False,False,False,True,4.4867815184593205,4.779675006866455,4.926745104789734,4.933002758026123,11.478557691474178,10.46096229090579,10.1486882512305,10.135814327075437,1.1850656795501708,1.0650073289871216,1.599461555480957,1.6122304391860962,0.0897356303691863,0.0955935001373291,0.0985349020957946,0.0986600551605224
6380,1810,1,16,0.69,0.79,True,False,False,True,4.408706423044205,4.729503035545349,4.803615021705627,4.813977825641632,11.627644199086314,10.570535430628777,10.406116833403953,10.366022326051352,1.1527869081497193,1.1977860927581787,1.5076059460639957,1.512184774875641,0.0886067924976348,0.0946025872230529,0.096097326517105,0.0964690193653106
5314,1994,7,8,1.85,0.71,False,True,False,True,5.134362645149231,5.04742705821991,6.128785824775696,6.150222787857056,10.148226602201094,9.123655925670905,8.1464684189635,6.270139314085067,1.4033463203907013,0.9407733678817748,2.259949195384979,2.400168228149414,0.1050178367498025,0.1103868865966797,0.1227525792121887,0.1594937879772659
4292,1240,4,32,0.76,0.85,True,False,False,True,4.481746723651886,4.810166478157044,4.92460173368454,4.931821196079254,11.544228207808374,10.39465062981512,10.153105307694158,10.138242656610904,1.1418832421302796,1.1849579811096191,1.5969141125679016,1.600801281929016,0.0896349344730377,0.0962033295631408,0.0984920346736907,0.098636423921585
6656,1521,4,16,1.07,0.8,False,True,False,False,3.723686212301254,3.707477450370789,4.3778047323226925,4.381274600028991,13.928255788183543,13.486258694577112,11.421249489109604,11.412204118145226,0.6170912408828735,0.4633188247680664,1.0694323897361755,1.0724054861068726,0.074473724246025,0.0741495490074157,0.0875560946464538,0.0876254920005798
5776,328,1,8,0.8,0.96,False,True,True,True,4.218939712047577,4.2527559995651245,5.056142890453339,5.064562602043152,12.57464053376003,11.757082213329603,9.888961031482296,9.87252087659894,0.960138374567032,0.9416495561599731,1.5958511352539062,1.601800763607025,0.0843787942409515,0.0850551199913025,0.1011228578090667,0.101291252040863
6201,1462,7,32,1.52,0.98,True,False,False,False,4.2880566585063935,4.657018780708313,4.769631195068359,4.778654298782349,11.96068259677983,10.73382423882414,10.477218574738249,10.401176910577371,1.056754311323166,1.3506689071655271,1.5493822932243346,1.5573401880264282,0.0889082933467731,0.0931634449958801,0.0954451794624328,0.0962474702282952
5995,1607,2,32,0.28,0.92,False,True,True,True,4.093533625602722,3.9383691549301134,5.055358910560608,5.073826179504395,12.871333901433356,12.69299648362173,9.89049466943481,9.85449604551984,0.8072089004516602,0.5202103853225708,1.671375834941864,1.674967529773712,0.0820661328583229,0.0787836050987243,0.1011071782112121,0.1014765235900879
6695,2047,2,32,1.48,0.73,False,True,False,True,4.174952691793441,4.259759902954102,5.0050671935081485,5.0435815215110775,12.507803840492793,11.7377507533585,9.98817773537442,9.90629604181624,0.9640448725223542,0.8173784017562866,1.7111090540885925,1.7287277317047118,0.0837706195785683,0.085195198059082,0.1001183626651763,0.1009459041118621
4738,1117,7,16,0.46,0.7,False,False,True,True,4.45186607837677,4.7816689014434814,4.826597201824188,4.83739529132843,11.566487932648595,10.4566002084506,10.359265113143843,10.336141148404916,1.1450396573543549,1.0900018215179443,1.5536975622177125,1.5634966945648194,0.0890373215675353,0.0956333780288696,0.0965319440364837,0.0967479058265686
7500,900,2,32,1.69,0.92,False,False,True,False,4.446168546676636,4.572641730308533,4.993384969234467,5.008124258518219,11.413516741515611,10.93459821182321,10.013247588719864,9.983778020239974,1.360964138507843,1.1851868629455566,1.9642568349838256,1.9682544493675231,0.0889233709335326,0.0914528346061706,0.0998676993846893,0.1001624851703643
8144,1607,2,8,0.08,0.86,True,False,True,True,4.737144246101379,4.881502628326416,5.474978590011597,5.483978931903839,11.010956891864373,10.241781383515502,9.132455820836247,9.117467569613094,1.5571683859825134,1.5095726251602173,2.0960010051727296,2.1203545713424683,0.0948804171529976,0.0976392650604248,0.1094995718002319,0.1096795786380767
4515,1402,4,16,1.64,0.78,False,True,True,True,4.749635984897614,4.831265926361084,5.745771431922913,5.768995869159698,10.788741879357422,10.346016876059773,8.681487995724572,6.642350350943738,1.174892591238022,0.8462189435958862,1.7830811619758606,1.8802597284317013,0.0967313210175717,0.0966555547714233,0.1151876270771026,0.1505648917162749
4947,885,1,8,0.12,0.97,True,False,True,True,4.251802891492844,3.9071295261383057,5.510126733779908,5.5344875931739805,12.631022946683148,12.79503736018929,9.07314166467594,9.0228422065224,1.3702704572677613,1.3902496099472046,2.0735263586044312,2.126681911945343,0.0855534015576044,0.0781553030014038,0.1102154068946838,0.1108298224925994
7284,472,2,16,0.45,0.7,False,True,False,True,4.060504544973373,3.879055380821228,5.00827511548996,5.011870124340057,12.987364683178992,12.889736095511228,9.98347712142314,9.976315978754744,0.8172159695625305,0.5389759540557861,1.5773797392845157,1.6172091388702392,0.0812100908994674,0.0775811076164245,0.1001655023097992,0.1002374024868011
7559,731,2,16,0.38,0.75,True,True,True,True,4.803874412178994,4.805426716804504,4.844840788841248,4.848308007717133,10.408740805288284,10.404903575342733,10.320256576538831,10.312876595435291,1.3600491255521774,1.544472336769104,1.5706220865249634,1.5740504908561703,0.0960774882435799,0.0961085343360901,0.0968968157768249,0.0969661601543426
7375,774,2,32,1.87,0.97,False,True,False,False,3.8409354758262633,3.744885563850403,4.67860449552536,4.684376087188721,13.477749089682549,13.35154283060074,10.68694736814606,10.673780045067222,0.7947693085670471,0.5592330694198608,1.479460108280182,1.5193137121200562,0.0768187095165252,0.074897711277008,0.0935720899105072,0.0936875217437744
5048,1708,3,16,1.98,0.85,False,False,False,False,4.33918469786644,4.407855033874512,5.405882012844086,5.4386115908622745,11.771978956963334,11.335448951041997,9.24918460271106,9.193522919823929,1.546914689540863,1.2024623155593872,2.239304447174072,2.242820007801056,0.0870302967437526,0.0882188272476196,0.1081176402568817,0.1087722318172454
7655,1633,5,16,0.74,0.88,False,True,True,False,3.239009208679199,2.817692756652832,4.2829833149909975,4.291686527729034,16.550057982803786,17.74327876660415,11.674105722296494,11.650431522208455,0.6158511030673981,0.5212002992630005,1.012836492061615,1.0177146625518798,0.0650508312880992,0.0563593697547912,0.0856596662998199,0.0858337305545806
7096,1733,6,16,1.37,0.88,False,True,True,True,3.985078761577606,3.789490103721618,5.051654422283173,5.063421268463134,13.159828404367294,13.193414885353004,9.892967999080472,9.874306448911844,0.82409588098526,0.4795048236846924,1.9150746703147887,1.9220258927345275,0.0798929934162081,0.0757953882217407,0.1010819001197814,0.101272935962677
6465,1768,3,16,0.35,0.95,False,False,True,True,4.481087497472763,4.836663842201233,4.893485248088837,4.900408515930176,11.454143256003784,10.335701221763244,10.215083922743544,10.175744925490294,1.157770609855652,1.2393826246261597,1.4720170140266418,1.4778658556938171,0.0903529728334778,0.0967520236968994,0.0978944482803344,0.0982731053537251
4305,554,1,8,0.5,0.86,True,False,False,True,4.839181892871856,4.87594735622406,5.705940890312195,5.719441199302674,10.825116815942886,10.254417523727303,8.762796700873809,8.742112782554454,1.4649331295490264,1.499292016029358,2.380400443077088,2.385835146903992,0.0967836378574371,0.0975189471244812,0.1141188178062438,0.1143888239860534
6440,117,7,16,1.1,0.98,True,False,True,False,4.3160101461410525,4.656757831573486,4.702172029018402,4.710370607376099,11.863396834362486,10.735563152650403,10.63046704116056,10.593747903667614,1.1144203865528106,1.1665149927139282,1.42299622297287,1.4294172406196597,0.0869284198671192,0.0931483507156372,0.0940692446231842,0.0944273278576985
8126,1405,1,8,0.26,0.71,False,True,True,False,4.137175866365433,3.9201464653015137,5.195558583736419,5.202070968151093,12.80456365074382,12.75257659944807,9.623604323612703,9.611556810820254,0.8808292043209076,0.5027283430099487,1.802356207370758,1.8422244715690608,0.0830788336277007,0.07841552734375,0.1039111716747284,0.1040414193630218
8073,1662,8,8,1.55,0.88,False,True,True,False,4.090658909082412,3.7881261110305786,5.5756869435310366,5.58928181886673,12.93846919791392,13.196971705279449,8.963647605098526,8.945575936222674,0.8302218580245971,0.3841561079025268,2.248037600517273,2.251151382923126,0.0823461720270268,0.0757749605178833,0.1115617268085479,0.1117871011257171
7515,1342,2,32,0.74,0.72,True,True,False,True,4.76490473151207,4.777907609939575,4.798115658760071,4.803753449916839,10.493826372590972,10.46483190597052,10.420757562682663,10.408531453983183,1.365485829114914,1.3356373310089111,1.4968436360359192,1.5042456674575806,0.0952980946302413,0.0955581521987915,0.0959623131752014,0.0960750689983367
5133,825,8,16,0.91,0.94,True,False,False,False,4.297654645442963,4.656815886497498,4.70563530921936,4.723470277786255,12.004260170385562,10.73643207844793,10.624983298909669,10.57947077187185,1.080221781730652,1.0320380926132202,1.454477059841156,1.467203757762909,0.0863644063647156,0.093140811920166,0.094117798089981,0.0945227000713348
8114,210,1,8,0.03,0.81,True,False,False,False,4.524590289592743,4.663305282592773,5.2682942867279055,5.281019687652588,11.407415994247756,10.720585057491254,9.48606912951478,8.198619303500255,1.4065242254734038,1.409406661987305,2.043253648281097,2.0477765583992005,0.0918600034454038,0.0932784914970397,0.1054177477359771,0.1220447938101629
6990,835,7,32,1.92,0.92,False,True,False,True,4.422608374357224,4.459727883338928,6.173672199249268,6.207229022979736,11.64232617974775,11.17361486533881,8.097155437332423,8.048817071411893,1.1493236577510837,1.0803499221801758,2.344081687927246,2.351318006515503,0.0894804380725466,0.0894968843460083,0.1235001816749572,0.124241859960556
6520,1820,1,16,1.25,0.78,True,True,False,True,4.841703197360038,4.887043595314026,4.915927624702453,4.918010280132294,10.21134784381042,10.228738225821369,10.170420469512829,9.26946917171074,1.3193919777870178,1.432948112487793,1.5352004408836364,1.54101637840271,0.0983125208218892,0.0977637720108032,0.0983243517875671,0.1132367465019221
7950,1888,6,8,0.24,0.8,False,False,True,True,4.56909869670868,4.916194558143616,4.9833392858505245,4.999060497283936,11.235928482590657,10.170033103405077,10.03175527167084,9.987895935108368,1.2546864295005795,1.4162285327911377,1.5305814266204834,1.5388740301132202,0.0917365710576375,0.0983280968666076,0.0996834568977355,0.1001211875915527
6512,1824,8,8,1.76,0.95,False,False,False,False,4.598064941167832,4.6307820081710815,5.515387153625488,5.538362727165223,11.160344861912405,10.794300306643372,9.065546738202771,9.027939358982367,1.340616238117218,1.0680363178253174,2.0144108176231383,2.0172920393943787,0.0921192421163831,0.092641487121582,0.1103077430725097,0.1107672545433044
5646,964,7,16,0.2,0.9,False,True,False,True,4.0390871655941005,3.942956328392029,4.9915821075439455,5.008755674362183,13.091543103432691,12.680449001102344,10.01686417780067,9.982519265299924,0.856338552236557,0.5094177722930908,1.8000087141990662,1.8074067282676696,0.081273262422225,0.0788615608215332,0.0998316421508789,0.1001751134872436
4763,811,2,16,0.9,0.98,True,True,False,True,5.071623593568802,5.0887452363967896,5.106555235385895,5.114406092166901,9.859249035849542,9.82560488121318,9.791336373188212,9.776306502705172,1.3320198386907578,0.9884375333786012,1.7267653465270996,1.7288104319572448,0.101432471871376,0.1017749047279358,0.1021311047077178,0.102288121843338
5037,1639,8,32,0.98,0.82,False,False,False,True,4.678975200653076,5.025542140007019,5.085765552520752,5.104922986030578,10.960423766444302,9.947788128169076,9.83079850864877,9.789672797264394,1.1851353597640992,1.0630508661270142,1.5615245223045349,1.5676374650001526,0.0940066374483562,0.1005248594284057,0.1017211368083953,0.1021484608650207
6141,1730,1,32,0.21,0.76,True,False,False,True,4.546051301956177,4.795814633369446,5.083016657829285,5.094634296894074,11.402757634520048,10.425757426602903,9.83667836783686,9.814247128515357,1.265013884305954,1.3920745849609375,1.7479570746421813,1.765843985080719,0.0909210260391235,0.0959162926673889,0.1016603331565857,0.1018926859378814
4039,2036,4,8,0.52,0.77,True,False,False,True,4.743929393291474,4.859667181968689,5.496562016010285,5.506879439353943,10.949987740828965,10.283376119958028,9.096181290395077,9.066730860820607,1.3414461278915406,1.460231900215149,2.151728820800781,2.163250274658203,0.0950680466637467,0.0972443294525146,0.1099362444877624,0.1102933587551116
7269,1570,7,16,1.68,0.8,False,False,True,False,4.694310628175735,5.09050726890564,5.349362909793854,5.358898425102234,10.962163234322784,9.820261839829511,9.346907447720406,9.330275749051708,1.287927223443985,1.4605705738067627,1.7858063578605652,1.8239900755882263,0.0939493608929894,0.1018302798271179,0.106987258195877,0.1071779685020446
5760,696,1,8,1.21,0.89,True,False,False,True,4.707378772497177,4.864959478378296,5.493092811107635,5.502771854400635,11.090343032631598,10.274553241979005,9.101203781880423,9.008754458985583,1.4573596239089963,1.4843764305114746,2.325166916847229,2.33024642944336,0.0947747997434785,0.0973278331756591,0.1098755774497985,0.1110082448924459
6956,485,5,16,0.24,0.75,True,True,True,True,4.882243019342423,4.886953234672546,4.930111968517304,4.93832668542862,10.241721341083048,10.231323607850497,10.141757496757585,10.124887125482411,1.413069063425064,1.571908712387085,1.6246763467788696,1.6347629618644717,0.0976448603868484,0.0977390646934509,0.098602239370346,0.0987665337085723
6202,1393,1,16,1.47,0.82,False,True,True,False,3.8222740960121153,3.75848913192749,4.6910995721817015,4.71597229719162,13.498309124418848,13.302006643786196,10.658481926669864,10.60226758719301,0.7624434006214141,0.4575865268707275,1.6066709637641907,1.612832145690918,0.0767165137026044,0.0751766276359558,0.093821991443634,0.0943194459438323
5844,568,7,8,1.36,0.93,False,False,True,False,4.50024974822998,4.748714685440064,4.99825679063797,5.0064996814727785,11.433208702273832,10.529165557740098,10.003487636745309,9.987017518763498,1.212374793291092,1.257217288017273,1.7598654866218566,1.765485527515411,0.0900049949645995,0.0949742937088012,0.0999651358127594,0.1001299936294555
5343,454,4,8,1.28,0.95,False,True,True,False,3.906094963550568,3.952280282974243,4.663813304901123,4.667831156253815,13.3030130394135,12.648941218535589,10.718708705034851,10.706830601563253,0.7430679559707641,0.4345655441284179,1.5981847047805786,1.629619197845459,0.0783681749408673,0.0790580010414123,0.0932948203086853,0.0933983209133148
7258,88,5,32,1.03,0.71,False,True,False,True,4.097447876930237,4.0717703104019165,4.883201122283936,4.891845624446869,12.737951193645534,12.279671138604137,10.23918517570683,10.221091146402406,0.8951050996780395,0.6801600456237793,1.596121883392334,1.603687572479248,0.082058930842338,0.0814354062080383,0.0976640224456787,0.0978369124889373
6155,1507,8,16,2.0,0.73,True,False,False,False,4.375976247787476,4.72809100151062,4.765699803829193,4.773977165222168,11.72473481582937,10.57403631460848,10.49144290608833,10.467467233310131,1.1895021426677703,1.2078837156295776,1.5350816011428834,1.5420923233032229,0.0881317700921612,0.0945712661743164,0.0953157739639282,0.0955340943813324
6305,723,4,8,1.3,0.91,False,True,True,True,4.412294021844864,4.774205327033997,5.1727804899215695,5.181236186027527,12.032069495709017,10.470255920594738,9.665416039024706,9.648861349262663,1.084514207839966,1.2657420635223389,1.6520771384239197,1.6847253012657166,0.0883412308634781,0.0955086517333984,0.1034616615772247,0.103639189004898
5486,294,1,16,1.14,0.72,False,True,True,False,3.780540360212326,3.841233730316162,4.536909389495849,4.545468258857727,14.011851419433771,13.015051421956,11.020058056698836,10.99083903606228,0.7333907818794251,0.5068297386169434,1.3032230973243712,1.309460566043854,0.075846856190477,0.0768341183662414,0.0907436237335205,0.0909848644733428
6491,213,1,16,0.28,0.98,False,True,False,False,3.933592348098754,3.9293795824050894,4.658910095691681,4.683154370784759,13.23907173880778,12.723513409615638,10.73212382221432,10.676564589210672,0.7431260144710541,0.521806001663208,1.2448957204818725,1.280170133113861,0.0787985530853271,0.0785946440696716,0.0931782019138336,0.0936630874156951
7142,317,7,16,0.79,0.84,True,False,True,False,4.365155230760575,4.678380370140076,4.826085937023163,4.848709583282471,11.762450020707265,10.684672875884734,10.356102794279591,10.302590929196269,1.1992775082588196,1.296381950378418,1.581216526031494,1.629163384437561,0.0880620821656602,0.0935920095443725,0.0965614209175109,0.0970689440929527
5120,1939,3,32,0.56,0.88,False,True,False,False,3.776035124063492,3.708507061004639,4.482486128807068,4.497459690570832,13.721815630024958,13.48179158270317,11.154524309033157,11.117387038131092,0.6986343860626221,0.5715885162353516,1.1499805331230164,1.1549242544174194,0.0756813968261083,0.0741741180419921,0.0896497225761413,0.0899491938114166
4167,224,2,16,0.06,0.96,False,True,True,True,4.038092240095138,3.9287109375,4.913850116729736,4.924589595794678,13.004059952020782,12.72680185816436,10.175320673984594,10.153130332608894,0.7223075318336487,0.5173259973526001,1.4884430170059204,1.4910405039787291,0.0808838293688637,0.0785743355751037,0.0982770023345947,0.0984917919158935
6415,922,5,16,1.25,0.81,True,False,False,True,4.036553559303283,4.260257005691528,4.344321846961975,4.362678968906403,12.608443423740166,11.736381155091646,11.509276226150508,11.460847965959694,1.1487690353393554,1.1792231798171997,1.4569256544113158,1.4619594597816468,0.0807310711860656,0.0852051401138305,0.0868864369392395,0.087253579378128
5611,1138,3,16,1.9,0.86,False,True,False,True,4.540594971179962,4.7541714906692505,5.4524511933326725,5.464903564453125,11.508832279787477,10.516796648116593,9.167792219255045,9.147520963794442,1.0951225543022156,1.0717592239379885,2.069894826412201,2.07533260345459,0.09132794658343,0.0950859880447387,0.1090775160789489,0.1093192358493804
6904,1330,2,32,0.95,0.85,True,False,False,True,4.475980496406555,4.850288510322571,4.887329423427582,4.892563784122467,11.484180556511127,10.30612831643132,10.229666514751695,10.19987984039972,1.1758400082588196,1.2368836402893066,1.4995495200157165,1.5016153717041016,0.0902178992029604,0.0970296478271484,0.0977548973560333,0.0980541157968115
6709,224,8,32,1.14,0.94,True,True,True,True,4.828690338134765,4.840904593467712,4.869406628608703,4.873000638484955,10.355340709761723,10.328648135260728,10.268191632498867,10.260620256255963,1.3109757125377657,1.4702856540679932,1.5320529222488404,1.53656569480896,0.0965738067626953,0.0968180918693542,0.097388132572174,0.0974600127696991
6075,397,4,32,0.96,0.86,False,False,True,True,4.571614847183228,4.919064879417419,4.986134457588196,4.991627812385559,11.218256264692982,10.164113332137171,10.027562921422922,10.016384319737917,1.1864506006240845,1.2141448259353638,1.510304594039917,1.513541145324707,0.0919708362698555,0.0983853650093078,0.0997251284122467,0.0998364278316497
6474,390,1,16,0.36,0.99,False,True,False,True,3.828075145483017,3.9027947187423706,4.398892295360565,4.408512511253357,13.534066611931015,12.81133233615278,11.36649805869848,11.34169402409223,0.7624537110328674,0.5419992208480835,1.4301822781562803,1.434971125125885,0.0765615029096603,0.0780558943748474,0.0879778459072113,0.0881702502250671
4780,1770,4,8,0.32,0.87,False,True,True,True,4.256985043287277,4.480187773704529,4.891449761390686,4.904320187568665,12.36175581281578,11.160246548056236,10.221918449379194,10.1950930296308,0.9799167680740356,1.056214690208435,1.5260953664779664,1.528205738067627,0.0851397008657455,0.0896037554740905,0.0978289952278137,0.0980864037513732
6698,1546,1,16,1.43,0.76,False,True,False,False,3.848128912448883,3.888488531112671,4.674256455898285,4.6809472608566285,13.455676600124564,12.854125916584042,10.694518989740244,10.625754205226784,0.6364543831348419,0.456499695777893,1.211216139793396,1.2532653975486756,0.0775529057177273,0.0777960395812988,0.0935058417320251,0.0941208711475133
4262,410,2,16,1.95,0.99,False,True,True,False,3.921254838705063,3.854176163673401,4.839239490032196,4.8435874271392825,13.241795593845588,12.972941090591586,10.332202018552293,10.322927149106976,0.6686722385883331,0.4622721672058105,1.2768999934196472,1.2908180904388429,0.0784250967741012,0.077083523273468,0.0967847898006439,0.0968717485427856
6545,1160,4,8,0.97,0.89,True,False,False,True,4.625999139547348,4.759606599807739,5.440627634525299,5.447977304458618,11.364102904991672,10.505070106083236,9.190116177552616,9.17771815359828,1.375339539051056,1.2347193956375122,2.2956589698791503,2.303592908382416,0.0925199827909469,0.0951921319961547,0.1088125526905059,0.1089595460891723
4068,315,8,32,1.89,0.93,True,False,True,False,4.285012799501419,4.585641622543335,4.63504991531372,4.645004949569702,11.98003593571111,10.903599610656965,10.787370345243948,10.764251783181091,1.0530920362472531,1.1121896505355835,1.5088937520980834,1.5119651436805726,0.0857002559900283,0.0917128324508667,0.0927009983062744,0.092900098991394
7615,2002,8,16,1.59,0.96,True,True,True,True,5.044126904010772,5.097147345542908,5.120189762115478,5.123468832969666,9.77465693639409,9.797764650115395,9.76068464012858,8.271335866050453,1.2967611044645309,1.1003124713897705,1.5766868948936463,1.5798425030708314,0.102620545427658,0.1020640969276428,0.1024518296718597,0.1237819214478916
4719,1415,8,16,0.29,0.76,False,True,True,True,4.068202149868012,3.975821375846863,4.989598977565765,5.023766105175018,12.878473027034495,12.57302093779806,10.019673830572309,9.941927617405296,0.7310183048248291,0.5183571577072144,1.4464507222175598,1.5021512532234191,0.0820559594554059,0.0795353817939758,0.0998036479949951,0.1005841159343719
5167,1823,5,32,0.46,0.86,False,False,False,True,4.486954109668732,4.817504167556763,4.87046799659729,4.883208158016205,11.467696478446172,10.378492833955535,10.265455099579778,10.238499020125287,1.153679850101471,1.0642439126968384,1.497847282886505,1.4998534417152405,0.0897988273945722,0.0963531041145324,0.0974140932559967,0.0976705675125122
5587,1806,3,16,1.94,0.79,False,True,True,True,4.637031900882721,4.67280912399292,6.263419902324676,6.274012069702148,11.087299993676892,10.68200903507148,7.976908567877976,7.953748576502881,1.2826039922237396,1.0624752044677734,2.2012544870376587,2.205936627388001,0.093856380036222,0.0936153531074523,0.125361848115921,0.1257318013957051
7695,722,2,8,1.48,0.85,False,False,False,True,4.669015008211136,4.717726945877075,5.599453258514404,5.607751886844635,11.034729691001662,10.595281704535264,8.929043489374799,8.915471907428314,1.2801641261577603,1.427190184593201,1.7670186042785645,1.8119969749450684,0.0941294632128307,0.0943816351890564,0.111994078874588,0.1121645636081695
5418,1835,2,32,1.92,0.78,False,True,False,False,3.892345489263535,3.924220442771912,4.631105494499207,4.638441886901855,13.310302450404544,12.738976195834624,10.794984448415622,10.765715930372885,0.7593002688884735,0.5933389663696289,1.3642414808273315,1.3665590476989746,0.0782240790381979,0.0784992456436157,0.0926356129646301,0.0928875108242034
5968,86,2,32,0.98,0.83,True,False,True,True,4.63769223690033,4.962701439857483,5.040014588832856,5.056813600063324,11.014016573633786,10.074322406223043,9.919130721580002,9.885182486667633,1.192628058195114,1.1528090238571167,1.5861327171325683,1.6377679562568663,0.0931353442907333,0.0992622590065002,0.1008152863979339,0.101161511516571
6460,1198,1,32,1.78,0.96,True,False,True,True,4.326676675081253,4.548298597335815,4.919241142272949,4.93644076347351,11.919745134677004,10.992320510479969,10.1611982969917,10.12574567540465,1.1026317012310027,1.2671058177947998,1.6595416903495788,1.6648216438293455,0.0870765384495258,0.0909726023674011,0.0984135897159576,0.0987581596851348
4871,895,4,16,1.88,0.91,False,False,True,True,4.816060082912445,5.107409238815308,5.751495468616485,5.860953857898712,10.692493071444844,9.780152630223371,8.691354752132595,8.519804457308176,1.325615258216858,1.3065651655197144,2.042354393005371,2.0454069685935976,0.0968524732856188,0.1022479701042175,0.1150568623542785,0.1173735928535461
4195,150,8,32,0.71,0.73,True,False,True,False,4.354234442710877,4.663106441497803,4.748819506168365,4.752909369468689,11.82511452578674,10.722465949954016,10.528932492683053,10.519872417468047,1.1154053282737733,1.0047671794891355,1.474529767036438,1.4912916111946104,0.0870846888542175,0.093262128829956,0.0949763901233673,0.0950581873893737
4022,1562,6,16,0.55,0.85,False,True,True,True,3.804815789461136,3.1113221645355225,5.01493010520935,5.03893951177597,13.874155413521008,16.06934035223506,9.969025866596464,9.92263022117675,0.7429574525356293,0.4897564649581909,1.4563981413841247,1.5387694263458251,0.0766146869336857,0.0622303080558776,0.1003107049465179,0.1007797307014465
5131,642,6,32,0.33,0.78,True,False,True,False,4.437085574865341,4.767314434051514,4.918901324272156,4.945385086536407,11.559192133810273,10.486677080865878,10.158888349090162,10.043164471876668,1.1197906374931337,1.0635085105895996,1.5874104380607603,1.5887960743904117,0.0894623470277555,0.095359091758728,0.0984359672069549,0.0995702696919441
5048,1228,5,16,0.64,0.89,False,True,False,False,3.8404966974258414,3.871862530708313,4.491407132148742,4.510821392536164,13.51356807508581,12.911329484934964,11.132368664326068,11.084455727259687,0.6769794404506684,0.4924123287200928,1.135499393939972,1.140530958175659,0.0768962689210207,0.0774513578414917,0.0898281426429748,0.0902164278507232
4197,1941,6,16,0.57,0.82,True,True,True,True,4.832589086890221,4.845720291137695,4.869495391845703,4.890553631782532,10.347018360225078,10.318383438647484,10.268004393741444,10.22386096978238,1.1875919431447983,1.405833125114441,1.5356528043746949,1.5490768218040467,0.0966517817378044,0.0969144058227539,0.097389907836914,0.0978110726356506
4131,1096,6,16,1.99,0.8,False,True,False,True,4.632004158496857,4.981038928031921,5.405733323097229,5.413426146507264,11.191675953217564,10.036101126875543,9.247905717359512,9.235248239904374,1.120424906015396,1.2809897661209106,1.7702624082565308,1.7739296793937682,0.0931601012176937,0.0996402907371521,0.1081325902938842,0.1082807929039001
5937,908,3,8,0.47,0.84,False,False,False,True,4.757941026687622,5.044727444648743,5.314505779743195,5.330294573307038,10.922184423102085,9.911338257290383,9.408212555458396,9.380344718788598,1.2413197231292723,1.2047908306121826,1.6286397933959962,1.64089599609375,0.0951588205337524,0.1008945488929748,0.1062901155948639,0.1066058914661407
7375,1265,2,16,0.94,0.83,True,False,True,False,4.355770231485367,4.699824452400208,4.809012639522552,4.824857807159424,11.776348005873215,10.637987480346847,10.386979255685151,10.32889467546315,1.2054000997543337,1.333705186843872,1.6015797138214112,1.6498536729812625,0.0880347949425379,0.0940027427673339,0.0962743813991546,0.0968989932219184
4164,693,3,8,1.75,0.94,True,False,False,True,4.724134116172791,4.893150568008423,5.450490713119507,5.454741380214691,10.983082021373264,10.21785101235655,9.17310721620894,9.165617420249536,1.3459144484996797,1.4170573949813845,2.1318167805671693,2.135532343387604,0.0950477462742453,0.0978679370880127,0.1090143151283264,0.1091033999919891
5439,99,3,8,0.02,0.88,True,True,True,True,5.472731107473374,5.513667106628418,5.540526783466339,5.557064931392669,9.045458122132391,9.06827268037134,9.023455944951868,8.212404286533403,1.8955856323242188,1.7019551992416382,2.179328954219818,2.1809933304786684,0.1109133023023605,0.1102745842933654,0.1108222844600677,0.1266812965393062
6051,1993,6,16,0.4,0.76,True,False,True,False,4.377582521438598,4.733673572540283,4.784905219078064,4.801755158901215,11.721808053169868,10.561965648574848,10.448991218816516,10.410473617443524,1.159861716032028,1.195162296295166,1.5382261157035828,1.5488356137275696,0.0881826946377753,0.0946793460845947,0.0957030193805694,0.0960571166992187
7757,659,8,8,0.54,0.76,False,True,True,True,4.376256331205368,4.562214612960815,5.1016611695289615,5.105562784671784,12.10241974806132,10.959589679013604,9.800729279937215,9.793239720924916,1.0837142586708068,1.1084011793136597,1.5950456261634829,1.6330425834655762,0.0875251266241073,0.0912442922592163,0.1020332233905792,0.1021112556934356
6097,1426,8,16,1.1,0.97,True,False,True,False,4.32899625658989,4.665160179138184,4.7122351169586185,4.719051609039306,11.783288516288524,10.71482480188763,10.60698698215398,10.54898526007466,1.1506819140911102,1.200484275817871,1.458774447441101,1.486865074634552,0.0876585187375545,0.0933286380767822,0.0942774803638458,0.0950402681767934
5399,415,7,16,0.48,0.83,False,False,False,True,4.4772959339618685,4.84133768081665,4.884415233135224,4.895295560359955,11.498219536560406,10.32744492031678,10.234159211121462,10.201847992651333,1.113418915271759,1.0879781246185305,1.481630563735962,1.4990632629394531,0.0899122717965733,0.0968293714523315,0.0977119839191436,0.0980214565753936
7935,90,1,32,0.18,0.95,False,True,True,True,4.120934808254242,4.163091540336609,4.906740725040436,4.914275162220001,12.72470407558591,12.010072726181455,10.188820636459312,10.172612067600296,0.8842135810852051,0.7360306978225708,1.4315937757492063,1.441446194648743,0.0829604406952858,0.0832634425163269,0.0981467862129211,0.0983031687259674
7903,1818,7,32,0.72,0.83,False,False,False,True,4.478874181509018,4.82158088684082,4.905047106742859,4.913977525234222,11.507484818413664,10.368861250401086,10.19313737649663,10.16819054349424,1.2231005489826203,1.4143091440200806,1.523760688304901,1.527357404232025,0.0898059331814447,0.0964426064491272,0.0981052215099334,0.0983459149360656
8081,338,6,16,1.26,0.77,True,True,True,True,5.212131127715111,5.227697968482971,5.250291252136231,5.262684366703033,9.593468079410007,9.564439365995302,9.52328125775674,9.500857019028638,1.5331922888755798,1.6780383586883545,1.7249583005905151,1.7324424028396606,0.1042426225543022,0.1045539593696594,0.1050058250427246,0.1052536873340606
4263,1740,6,32,0.03,0.76,False,False,False,True,4.591228407621384,4.935993075370789,5.012020218372345,5.020681111812592,11.22730655338695,10.129481569398738,9.974463808708744,9.954489145399492,1.156790373325348,1.0121924877166748,1.516121757030487,1.558191087245941,0.0919560165191951,0.0987217354774475,0.1002560164928436,0.100457201385498
8179,720,3,16,0.95,0.98,False,True,True,True,3.9977336382865913,4.115499138832092,4.7137524604797365,4.716905634403228,12.910156612389615,12.140454121534198,10.605510451118825,10.121998030116885,0.859180805683136,0.5981650352478027,1.5834303498268127,1.6220415329933169,0.0811346137793102,0.0823692417144775,0.0942906053066253,0.0988024440971579
4276,410,4,32,0.44,0.82,False,False,False,False,4.416485973596573,4.747179985046387,4.891019976139068,4.89567283153534,11.599750225770425,10.526897272339628,10.218588863078724,9.232661683476444,1.0580558609962465,0.9953817129135132,1.4741856336593628,1.480731704235077,0.0894154088472089,0.0949947524070739,0.0978608703613281,0.1083590246382211
7099,1643,8,32,0.44,0.94,True,True,False,True,4.909464201331138,4.944228410720825,4.977696800231934,4.995333585739136,10.079437192382803,10.11204779470184,10.025866081607342,9.240663511017,1.3493752390146256,1.2305967807769775,1.6067567825317384,1.6111429166793825,0.0994854959389742,0.0988919377326965,0.0997420065402984,0.1119537410231194
5262,329,1,16,0.47,0.77,False,True,True,True,3.8149019193649294,3.875770568847656,4.370381164550781,4.378208549022674,13.510245563616325,12.900660429429555,11.440649709369051,11.420196055111871,0.7458185648918152,0.5096874237060547,1.4464879512786857,1.5066820001602172,0.0762980383872986,0.0775154113769531,0.0874076232910156,0.0875641709804534
5753,697,4,32,0.58,0.92,False,True,True,True,3.449991331100464,3.2183516025543213,4.4111051797866825,4.417659027576447,15.425895901457377,15.50271689879999,11.332825743051892,11.290453605932846,0.7794467258453369,0.5813641548156738,1.5189091205596923,1.521196765899658,0.0694606865833967,0.0645048284530639,0.0882392461299896,0.0885704007148742
6569,1176,8,8,1.55,0.97,True,False,True,True,4.669289562702179,4.890113711357117,5.445521342754364,5.447771472930908,11.387401624548998,10.22471123286445,9.181857333100512,9.178064875242312,1.418894535303116,1.3650413751602173,2.0621678233146667,2.065717356204986,0.0933857912540435,0.0978022742271423,0.1089104268550872,0.1089554294586181
7892,1324,8,8,0.56,0.85,True,False,True,False,4.404618444442749,4.707016706466675,4.833335041999817,4.838868279457092,11.643814021044207,10.621603679266585,10.344007099753275,10.325708767598533,1.4774598288536072,1.4548205137252808,1.9192623615264888,1.945187201499939,0.0884814175128937,0.0941477417945861,0.0966743342876434,0.0968456521987915
7427,1966,7,16,1.18,0.89,True,False,True,False,4.310289163589477,4.637209177017212,4.755275118350983,4.771391358375549,11.97378458033055,10.7796300470444,10.511231628496152,10.475084673786863,1.2213931131362914,1.317914605140686,1.4575328707695008,1.465957634449005,0.0867436078816652,0.0927675628662109,0.0951363308429718,0.0954646221160888
5110,914,6,32,1.12,0.77,False,True,False,True,4.13866019487381,4.13028359413147,5.01969290971756,5.028273966312408,12.581853609381792,12.101606053261948,9.959025809627866,9.920496157864228,0.8120684933662414,0.6232694387435913,1.595717191696167,1.5998402547836303,0.0839192947232409,0.0826336622238159,0.1004114291667938,0.1008090713798998
6165,860,6,32,0.91,0.91,False,False,True,False,4.464966549873352,4.8173874616622925,4.862540137767792,4.875672206878662,11.553250622216092,10.37847973369249,10.281328421141728,10.254488975330895,1.2043686926364898,1.290459156036377,1.5366957902908325,1.550760715007782,0.0895279698848724,0.0963532257080078,0.0972636959552764,0.0975182693481445
5478,597,6,16,0.91,0.83,True,False,False,True,4.860399353504181,5.072172403335571,5.240174603462219,5.249743804931641,10.418914978057025,9.857709092032444,9.541666795215466,9.524274573118536,1.1953431105613708,1.1256763935089111,1.5414029240608216,1.5475195264816284,0.0973492401592659,0.1014434480667114,0.1048034920692443,0.1049948760986328
4232,1157,7,8,1.07,0.78,False,False,False,False,4.459392644166947,4.802414894104004,4.86989678144455,4.877099609375,11.51563170668835,10.411144632043603,10.26510413788788,10.243838898931804,1.1118910908699036,1.0037623643875122,1.477264404296875,1.504972162246704,0.089662923836708,0.0960509181022644,0.0974174239635467,0.0976196531295776
4732,1802,2,8,0.54,0.82,True,False,True,False,4.609500060081482,4.774782657623291,5.365405511856079,5.38308509349823,11.092784191143894,10.464238462598038,9.314303930035276,7.256154483708497,1.3832985842227936,1.501620531082153,2.145289003849029,2.1488161373138426,0.0959101043710521,0.0955635714530944,0.1073617532253265,0.1378236552874246
4753,514,6,8,1.55,0.73,False,False,False,True,4.629580408334732,4.900907278060913,5.175605905056,5.186462030410767,11.104030244786609,10.202193046232054,9.660704657072474,9.640483236149077,1.178763736486435,1.3401966094970703,1.670263934135437,1.6726898884773254,0.0925916081666946,0.0980181455612182,0.1035121181011199,0.1037292406082153
6507,462,2,32,0.35,0.82,True,False,False,True,4.470728633403778,4.732517242431641,4.952209544181824,4.959536783695221,11.548756376014378,10.565201871843744,10.09650329961767,10.08158681066821,1.1865844011306763,1.2160873413085938,1.5088971614837647,1.5164086890220645,0.0894145726680755,0.0946503448486328,0.0990441908836364,0.0991907356739044
5839,1136,2,32,0.67,0.98,True,False,False,True,4.266609692573548,4.45409107208252,4.812765431404114,4.817448794841766,11.935037860514193,11.204774924859525,10.382581231210596,8.873744499995597,1.146176253557205,1.1702320575714111,1.524948716163635,1.565252311229706,0.0865082701885399,0.0892476654052734,0.0963151626586914,0.1127545989581514
6188,1246,8,32,1.4,0.71,False,True,True,False,3.988868690729141,3.866826295852661,5.062491810321808,5.0723143315315244,13.072354916026386,12.925900029369762,9.876559213261444,9.857433312585124,0.9313352108001708,0.5691463947296143,1.9121417641639709,1.9171226239204409,0.0803469157821992,0.0773640608787536,0.1012498362064361,0.1014462866306305
4666,872,2,16,1.34,0.83,True,False,True,False,4.30314936041832,4.662207245826721,4.772234165668488,4.776360485553742,11.981789809622253,10.723473675276104,10.474135228744505,10.46698524122647,0.9969299900531768,1.0203131437301636,1.5911791920661926,1.5969101428985597,0.086491988236444,0.0932533645629882,0.0954732756614685,0.0955385963916778
4008,1782,3,8,0.44,0.83,False,False,False,False,4.381762568950653,4.685837268829346,4.800138914585114,4.810922968387604,11.700977278253449,10.669386887444624,10.414636176328536,10.391433601239052,1.1162358844280242,1.129770278930664,1.5931403994560245,1.5992822408676148,0.0880238223904655,0.093726098537445,0.0960187168121337,0.0962331155776977
6701,339,3,32,1.26,0.88,False,True,True,True,4.013147666454315,3.8568809032440186,4.950391554832459,4.960427405834198,13.0486792645809,12.96384341040102,10.100211154732866,10.079776583734644,0.8016185116767883,0.4755580425262451,1.821320903301239,1.8271286487579343,0.0803605171139176,0.0771376180648803,0.0990078310966491,0.0992085481166839
8112,1807,1,16,1.72,0.89,False,False,True,True,4.465921717882156,4.783457279205322,5.187001585960388,5.208630528450012,11.668977714989197,10.452690822753247,9.639480376589686,9.599452267931913,1.4081855165958403,1.2032523155212402,2.146876847743988,2.1521999716758726,0.0893184343576431,0.0956691455841064,0.1037400317192077,0.1041726105690002
4817,1061,5,16,0.48,0.99,False,False,False,False,4.456661101579666,4.816649675369263,4.870164477825165,4.8811399102211,11.548755618304067,10.38059163127244,10.265429543918428,10.236127551102271,1.1643239390850066,1.0457032918930054,1.5457271695137025,1.5472739434242249,0.0896868252606416,0.096333622932434,0.0974143359661102,0.0976932781102705
4285,405,7,8,0.41,0.76,True,False,False,False,4.648452868461609,4.752335906028748,5.446734750270844,5.4563563275337215,11.16571968938253,10.520254373293229,9.17619028371481,9.15989245663017,1.371948220729828,1.4986721277236938,2.095034956932068,2.1738133072853087,0.0937269378668383,0.0950547361373901,0.1089776887893676,0.109171588230133
4442,1529,5,32,0.3,0.97,True,True,True,True,4.888947144150734,4.912479043006897,4.945025205612183,4.958041319847107,10.19532167481791,10.1773852490538,10.110546303897872,9.880947638678403,1.2706762254238129,1.5356409549713137,1.5499618530273438,1.5711705112457277,0.0980975324699753,0.0982570648193359,0.0989066240787506,0.1012664676490582
4414,164,1,16,0.85,0.79,True,True,False,True,4.8896749168634415,4.897106409072876,4.92854939699173,4.947711758613586,10.226238443001684,10.210112533337949,10.144973049671217,10.105876794528934,1.2509183794260026,1.5091243982315063,1.5302098274230955,1.5732037234306335,0.0977934983372688,0.0979421281814575,0.0985709879398346,0.0989542351722717
4261,1146,5,8,0.31,0.92,True,False,True,True,4.626521371603012,4.705119609832764,5.416540145874023,5.423811767101288,11.243898613809248,10.623230982872457,9.22869944842324,9.213276285129668,1.266038932800293,1.246210694313049,2.10872220993042,2.1139699172973634,0.092808984850684,0.0941333198547363,0.1083576300144195,0.1085390452861785
4203,1950,7,8,1.6,0.86,False,True,False,False,4.124592777490616,3.8787529468536377,5.36221171617508,5.369391658306122,12.728714025352453,12.879546871690891,9.324510605032778,9.312041903386866,0.814452817440033,0.4055899381637573,1.9433990716934204,1.9466486477851868,0.0829372775256068,0.0776424860954284,0.1072442343235016,0.1073878331661224
5796,78,5,16,1.19,0.78,False,False,False,True,4.366762833595276,4.499009490013123,4.890817177295685,6.245802361965177,11.671821520425247,11.100108943022612,10.220667057221794,7.307246759214465,1.160091938972473,1.141460657119751,1.6752302408218382,2.459945893287658,0.088386238775133,0.0900892090797424,0.0978409721851348,0.1368561410342944
8166,924,7,32,0.75,0.84,False,True,False,False,3.914672756195068,3.988645076751709,4.598623812198639,4.60784811258316,13.192990836393156,12.53226217823151,10.8680286309702,10.830208416631288,0.7268578422069549,0.6321474313735962,1.2383609414100647,1.244142346382141,0.0791125893466612,0.079794054031372,0.0920130076408386,0.0923530465126036
5783,1577,7,32,0.44,0.84,True,True,True,True,4.884711277484894,4.891713500022888,4.938671922683716,4.945201482772827,10.236673207839162,10.221367411798116,10.124179319060437,10.11083665236898,1.2686884641647338,1.4268132448196411,1.587590765953064,1.5886292409896852,0.0976942255496978,0.0978342700004577,0.0987734384536743,0.0989040296554565
5885,1228,6,16,1.62,0.94,False,False,True,True,4.638297959566116,4.6102107763290405,5.004375636577606,5.018294792175293,10.834329953521362,10.845492841125612,9.991256382576678,9.963543820171544,1.392014422416687,1.2769631147384644,1.8843136787414552,1.889254524707794,0.0927659591913223,0.0922042155265808,0.1000875127315521,0.1003658958435058
4121,538,6,8,1.88,0.87,False,True,True,True,4.99708199262619,4.650442481040955,5.820827746391297,5.83503585100174,10.20157050297012,10.751666676972476,8.589843608207207,8.568927646896455,1.355323965549469,0.9883712530136108,1.899941909313202,1.9629617500305176,0.0999416398525237,0.0930088496208191,0.1164165549278259,0.1167007170200347
4986,861,6,16,1.27,0.96,False,False,True,True,4.438450187444687,4.749534368515015,4.820123338699341,4.829230153560639,11.578176512239718,10.52734776756768,10.373178674367248,10.353617121442614,1.1553358805179597,1.0715112686157229,1.709592354297638,1.7127309846878052,0.0887690037488937,0.0949906873703003,0.0964024667739868,0.0965846030712127
4325,910,1,16,1.29,0.77,False,True,True,False,3.7177325677871695,3.7459863424301134,4.39318585395813,4.401121416091919,13.873298819682171,13.346063810615632,11.375505577454906,11.359143439703535,0.6118112504482269,0.3776115179061889,1.1413848876953123,1.1477381086349487,0.0745754877312429,0.0749284601211547,0.0879081807136535,0.0880348134040832
4984,1698,4,8,0.35,0.79,False,True,True,False,4.105993481874466,3.928709387779236,5.145410525798797,5.154084966182709,12.819967736673131,12.718081188372974,9.71705627373873,9.700853514664187,0.7630588841438294,0.4429391622543335,1.6714683771133425,1.67368271112442,0.0830285382866859,0.0786282134056091,0.1029118270874023,0.1030837132930755
7572,739,2,16,0.73,0.81,False,False,False,False,4.118713186979294,4.183787941932678,4.756053459644318,4.76519876241684,12.336891408570368,11.937434837255369,10.51068310782219,9.57664334724081,1.1530108201503753,1.36123788356781,1.4685516834259034,1.5100898551940918,0.0837508935105746,0.0837700986862182,0.0951412951946258,0.1045235324768995
4544,1029,8,32,1.22,0.76,True,False,False,True,4.467734072208405,4.730038523674011,4.931436491012573,4.952216670513153,11.520762093655389,10.570738462098843,10.139033546583502,10.09648880678098,1.1090657770633698,1.2323635816574097,1.629094398021698,1.6380841302871705,0.089354681444168,0.0946007704734802,0.0986287298202514,0.099044333410263
7695,525,6,32,1.38,0.93,True,True,True,True,4.3786124885082245,4.388156890869141,4.415542924404145,4.420738041400909,11.41986594486673,11.394305480447429,11.32363584737173,11.310330433751927,1.4345950692892075,1.530813455581665,1.571855878829956,1.5772228240966797,0.0875722497701644,0.0877631378173828,0.0883108584880828,0.0884147608280181
5894,313,2,32,0.03,0.93,True,True,True,True,4.695407196879387,4.715087175369263,4.748047161102295,4.749987251758576,10.59631643109071,10.603622716491351,10.529999952796167,10.178394035572252,1.270998626947403,1.4066879749298096,1.509514856338501,1.5150503897666932,0.0944149575233459,0.0943073916435241,0.0949667620658874,0.0987192316532133
7171,1326,5,8,0.92,0.8,False,True,False,True,4.30613030076027,4.60391104221344,4.898577547073364,4.91188458442688,12.180308315586398,10.859474712760909,10.20614860950116,10.178703085016911,1.0061453306674957,1.1019021272659302,1.404368782043457,1.4115181469917295,0.0864014226516088,0.092085485458374,0.0979801533222198,0.098244343471527
7783,1088,6,32,0.08,0.74,True,True,True,True,4.940568521618843,4.955839157104492,4.981526970863342,4.994566345214843,10.120918546075185,10.08910870894045,10.03708334531389,10.010899457774798,1.4390250027179718,1.4155396223068235,1.5616875767707823,1.5682959842681885,0.0988113704323768,0.0991167831420898,0.0996305394172668,0.0998913269042968
7842,1734,6,8,1.25,0.79,True,False,True,False,4.6101468205451965,4.810845494270325,5.322452807426453,5.33502875328064,11.236873078586616,10.391969627891957,9.39241758150422,9.342953574231858,1.4790309846401215,1.4070919752120972,2.1612959027290346,2.210229067802429,0.0934147628821578,0.0962281489372253,0.1064688618183136,0.1071629980003128
5628,1773,1,32,1.93,0.76,False,False,True,True,4.771008236408234,5.463489294052124,5.693343949317932,5.700010552406311,10.949266154807184,9.148347169761074,8.781961790856597,8.77024036475526,1.307419410943985,1.799275517463684,1.970215666294098,1.986706774234772,0.0960975516043457,0.1093093657493591,0.1138697736263275,0.1140219604492187
4632,1865,5,16,0.84,0.82,False,True,True,False,3.672448811531067,3.60678493976593,4.374881350994111,4.380070621967316,14.063753018266802,13.86219721229019,11.427105968249586,11.41385419569926,0.6155297374725341,0.5334658622741699,0.9938372611999512,1.0013036942481994,0.0738482971327645,0.0721386361122131,0.087511221408844,0.0876128241539001
5580,1995,2,32,0.54,0.95,True,False,False,False,4.142620122432708,4.304804086685181,4.869667661190033,4.881681327819824,12.628106716536486,11.61009389627436,10.263750459806309,10.183448124419725,1.157235552072525,1.1538103818893433,1.5909857153892517,1.5973606634140014,0.0839286171361512,0.0861319494247436,0.0974302728176116,0.0984195605446305
6920,921,1,32,0.02,0.72,False,False,True,True,4.551441516876221,4.945109605789185,4.986976933479309,4.991869714260101,11.278546307876027,10.0982097836792,10.02381173392501,9.997275347831025,1.1898196649551391,1.2488359212875366,1.5054758429527282,1.510724527835846,0.0919090220621489,0.0990274548530578,0.0997624485492706,0.1000272545542035
6247,144,5,8,0.46,0.8,False,False,False,True,4.546218545436859,4.963197231292725,5.008378171920777,5.014410326480865,11.441441943023545,10.073226880085636,9.977387585377723,9.943814288585004,1.201358323097229,1.2758690118789673,1.5332006216049194,1.5589865446090698,0.0913807048498415,0.0992730545997619,0.1002266366481781,0.1005650335311889
7972,1758,7,32,0.21,1.0,True,True,True,True,4.890967965126038,4.904639482498169,4.929453182220459,4.937126376628876,10.223406595470808,10.19442934810422,10.14311292713736,10.127351705535842,1.2889466851949691,1.5603152513504028,1.572304093837738,1.574217975139618,0.0978193593025207,0.0980927896499633,0.0985890636444091,0.0987425275325775
5317,875,3,32,0.0,0.88,False,True,False,False,3.850764548778534,3.901549100875856,4.504010927677155,4.520378642082214,13.41292908067173,12.81514406811506,11.101025198471854,11.058730912666425,0.6998679196834564,0.5561188459396362,1.1766461372375487,1.1839745187759398,0.0774804779814,0.0780326771736145,0.0900817701816558,0.0904262892723083
4715,384,3,8,0.3,0.97,False,True,True,False,4.031440582275391,3.976619482040405,4.894503927230835,4.912581391334534,12.949196502689995,12.570786030161136,10.215539995489896,10.177948531433366,0.7758067798614502,0.4875277280807495,1.461396861076355,1.4728656506538391,0.0812087939409648,0.0795495223999023,0.0978900785446167,0.0982516278266906
6518,1321,5,16,0.93,0.7,False,False,True,True,4.532383838891983,4.881757974624634,4.919578814506531,4.9429032158851625,11.31439901313116,10.240006157389562,10.161899464565698,10.109488453967986,1.2086128079891203,1.3183457851409912,1.5179500341415406,1.5261825561523437,0.0912105914413928,0.097656192779541,0.0984067993164062,0.0989169733524322
6925,207,4,32,0.83,0.86,False,False,False,True,4.524820039272308,4.895253658294678,4.9302152633667,4.933247787952423,11.367015262337723,10.2120930141509,10.141459579136384,10.132872585051114,1.2226556360721588,1.3000415563583374,1.4652426362037658,1.4724247908592225,0.0908754102230072,0.0979231190681457,0.0986051359176635,0.0986887002944946
5964,876,4,16,1.2,0.85,True,False,True,True,4.500452828407288,4.852344989776611,4.894517159461975,4.901845932006836,11.387191706256257,10.301288455113358,10.21221104323247,10.196979793258386,1.159385230541229,1.1854519844055176,1.4803290247917176,1.4924946069717406,0.0905736270109812,0.0970752358436584,0.0979219872951507,0.0980682561397552
6264,1394,2,8,1.54,0.89,True,False,False,True,4.614324295520783,4.979256868362427,5.134683382511139,5.145235376358032,11.32069337994236,10.040875911906728,9.737698761615258,9.717728427472984,1.3652821803092956,1.3165833950042725,2.1156922340393067,2.1759718561172483,0.0923377400451235,0.0995929050445556,0.1026936676502227,0.1029047075271606
6152,1365,7,32,0.39,0.91,False,False,True,True,4.516821250915528,4.821181654930115,4.964736914634704,4.983020825386047,11.398434721882454,10.37009328030367,10.068224303762676,10.03353725398706,1.1684724640846254,1.238514065742493,1.5213964939117433,1.5281500267982482,0.0904278006518759,0.0964311480522155,0.0993223898410797,0.0996657505989074
7823,1640,7,32,0.02,0.97,False,True,False,True,4.012314262390137,3.809385061264038,4.889553737640381,4.902317328453064,12.914836642184785,13.125211897609535,10.220005375768755,10.198015269500567,0.7694285500049591,0.5497837066650391,1.523082149028778,1.5268184208869937,0.0805988199949264,0.0761892461776733,0.097847306728363,0.0980582960128784
4101,1708,7,32,0.55,0.86,True,False,False,False,4.380064188241959,4.699290752410889,4.826219952106476,4.830360200405121,11.735029651198282,10.639546401964314,10.359654397551394,10.347567761934137,1.0762249445915222,1.1764322519302368,1.602707576751709,1.6062678456306458,0.0881563541799784,0.0939889693260192,0.0965283167362213,0.0966410696029663
6172,492,5,8,1.58,0.9,False,False,True,True,4.533403034210205,4.713168978691101,5.43403730392456,5.458603842258453,11.304377286062872,10.60842173282268,9.191403036431772,9.152668474783516,1.2480457854270934,1.166709542274475,1.9636059641838075,1.9751893424987792,0.0911371342129177,0.0942647290229797,0.1087973191738128,0.1092577544212341
8058,1408,2,8,0.18,0.75,True,False,False,True,4.794951772689819,4.951406121253967,5.5404798746109005,5.544754474163056,10.912531716544482,10.098141779615716,9.02448905801123,9.01753189171403,1.5133574855327607,1.4172357320785522,2.195802426338196,2.23760722398758,0.0958990354537964,0.0990281224250793,0.110809597492218,0.1108950894832611
7300,1179,8,32,1.77,0.99,True,True,False,True,4.914768064022065,4.928729176521301,4.947399532794952,4.960941781997681,10.173853439343612,10.144602853888514,10.106320200392018,10.0787314593767,1.3000890344381333,1.319222092628479,1.608118677139282,1.6144908261299131,0.0982953612804412,0.098574583530426,0.098947990655899,0.0992188356399536
7567,800,8,32,1.58,0.8,False,False,True,True,4.583668005466461,4.79266083240509,5.305163609981537,5.318728399276734,11.274888176226762,10.431654677102276,9.42330429250793,9.398276884335973,1.2604578721523283,1.3960037231445312,2.025013518333435,2.041909692287445,0.0922163734758602,0.0958620691299438,0.1061198885440826,0.1064024845123291
4861,931,1,16,1.68,0.79,False,False,False,True,4.457831009626388,4.686029076576233,5.114583313465118,5.129968233108521,11.539951555285343,10.66887254748058,9.775967455555266,9.746649073302097,1.2405718660354614,1.0440768003463743,1.9780293226242065,1.9799135637283325,0.0892960343114225,0.093730616569519,0.1022916662693023,0.1025993646621704
4517,1248,8,16,0.81,0.99,False,False,False,False,4.600866423845291,4.961764693260193,5.05246102809906,5.064278964996338,11.144543659097009,10.071752579287756,9.891609765888209,9.494878929531286,1.141327109336853,1.0865364074707031,1.563819909095764,1.5684830999374388,0.0929610188323063,0.0992875862121582,0.1010957796573638,0.1053218437092644
6934,1135,4,32,0.1,0.93,False,False,True,False,4.550919650793076,4.847463369369507,5.080677556991577,5.09202095746994,11.347600055611146,10.310433658885549,9.839838004828174,9.817360542080507,1.2274685657024385,1.317467451095581,1.5635913133621215,1.6004268145561218,0.0915646525651216,0.0969891309738159,0.1016276893615722,0.1018603723526001
7266,604,5,16,1.69,0.82,False,True,False,True,4.115456410646439,4.212768316268921,5.29746550321579,5.319457356929779,12.665399573274136,11.86728057989684,9.434986946293426,9.38978860453648,0.9097313988208772,0.6073364019393921,2.2279555082321165,2.23562894821167,0.0834147541232276,0.0842653036117553,0.1059884881973266,0.1064986717700958
5284,485,3,32,1.42,0.82,True,False,False,False,4.348655878305435,4.667708039283752,4.75184998512268,4.761780133247376,11.79186821210835,10.711895409499665,10.522217695768513,10.500274861169087,1.1159068894386293,1.073035717010498,1.5413837790489198,1.5514988565444947,0.0873135008745722,0.093354160785675,0.0950369997024536,0.0952356026649475
7733,1869,5,16,1.91,0.98,False,True,False,True,4.291178700923919,4.456571221351624,5.8080038785934445,5.836859333515167,12.034799019904208,11.218250979452794,8.597127880859768,8.551490440409006,1.0212318801879885,0.8673734664916992,2.319773995876312,2.335941207408905,0.0865733622653812,0.0891404557228088,0.1163179161548614,0.1169386849880218
4096,1921,1,8,0.61,0.98,False,True,False,False,3.6787057435512542,3.182971239089966,4.797530126571656,4.806726489067078,14.46300854498147,15.70859312064622,10.4220293947501,10.402089684038774,0.6946008944511414,0.4521344900131225,1.389481830596924,1.3959351348876954,0.073574114871025,0.0636594247817993,0.0959506025314331,0.0961345297813415
5995,560,1,8,1.54,0.8,True,False,False,False,4.731562081575394,4.8668588399887085,5.459265637397766,5.46322304725647,10.940895026787418,10.273101426124132,9.158450118085234,9.145980785986952,1.4047529006004331,1.4335873126983645,2.096955800056457,2.09924578666687,0.0952091546694438,0.0973415875434875,0.1091887805461883,0.1093376455783844
7981,1274,8,32,1.9,1.0,True,False,True,True,4.432687495946884,4.747075796127319,4.905414009094239,4.921967761516571,11.542914850071147,10.53053134512432,10.19004719946284,10.129098178309178,1.226762980222702,1.364494562149048,1.620998990535736,1.62419980764389,0.0896340715774591,0.0949619698524475,0.098134972333908,0.0988249868807582
8041,846,4,8,0.94,0.73,False,True,True,True,4.298273035287857,4.6417622566223145,4.813913810253143,4.822585711479187,12.2294400720285,10.771771022267767,10.386559044983947,10.367882084847746,1.057078765630722,1.1206358671188354,1.5025800585746765,1.5113240671157837,0.0859654607057571,0.0928352451324462,0.0962782762050628,0.0964517142295837
7210,827,5,16,0.8,0.97,True,False,True,False,3.796696909666061,3.676679134368897,4.71261875629425,4.75871253490448,13.999687889745918,13.5992289542026,10.609812218082896,10.50704359780866,1.0914948904514312,1.268072247505188,1.5142733812332152,1.55137437582016,0.0759339381933211,0.0735335826873779,0.094252375125885,0.0951742506980896
6997,1797,3,32,1.15,0.77,False,True,True,False,3.917511796951294,3.874032020568848,4.736197006702423,4.743033499717712,13.318483256168143,12.904907909882,10.55699329010999,10.54177672539177,0.7559435176849365,0.5577521324157715,1.3613446950912476,1.36824027299881,0.0786554388801256,0.0774898982048034,0.0947239401340484,0.0948606699943542
6884,321,8,8,0.16,0.8,True,False,True,True,4.64495709657669,4.799817800521851,5.31421662569046,5.323624525070191,11.193278149055065,10.41706210493829,9.408724479216612,9.392097482655464,1.4206444716453552,1.39050030708313,2.007396733760834,2.0159046387672426,0.0928991419315337,0.095996356010437,0.1062843325138092,0.1064724905014038
6953,501,5,16,1.04,0.98,True,False,True,False,4.434695217609406,4.76535177230835,4.837057089805603,4.8508710861206055,11.620519335032084,10.491754202095972,10.336620780439194,10.302809923890836,1.2284534752368927,1.2821111679077148,1.550225567817688,1.5616186714172362,0.0888075418936901,0.0953129458427429,0.0967434155941009,0.0970608996391296
4292,1220,5,8,1.18,0.87,False,True,True,True,4.559008357524871,4.972566962242127,5.175740599632263,5.184584906101227,11.570522396988558,10.053163092980888,9.65913203304754,9.64371856233347,1.042615946531296,1.2135177850723269,1.5102784872055053,1.5225359869003297,0.0916369346675419,0.0994711804389953,0.1035289711952209,0.1036944405078888
5658,590,8,16,0.64,0.81,True,False,True,False,4.261987903118134,4.536009430885315,4.694678926467896,4.699446434974671,11.981656349357609,11.020724586393795,10.647621806054689,10.630650742473872,1.1127924263477325,1.1621288061141968,1.4876430988311768,1.496484866142273,0.0857753666246228,0.090738136768341,0.0939176859855651,0.0940676203727722
4021,273,6,32,0.63,0.99,False,True,False,True,4.023281592130661,3.9402050971984863,4.812446391582489,4.828125767707824,12.928734406318716,12.688850598039028,10.389726164707096,10.355985461751503,0.7283711063861847,0.5313988924026489,1.3762843489646912,1.4070506858825684,0.0806392500162124,0.0788093447685241,0.0962489278316497,0.0965625153541565
4923,1007,1,32,1.35,0.7,False,False,True,True,4.410856236219406,4.707931876182556,4.864048182964325,4.867874979972839,11.68895986346313,10.62037482001346,10.279503435474188,10.271422468714563,1.0585722374916076,1.0068339109420776,1.7198949933052063,1.7222105169296265,0.088217124724388,0.0941586375236511,0.0972809636592865,0.0973574995994567
7302,771,6,32,0.28,0.86,True,False,False,False,4.389830498695374,4.70447301864624,4.809575581550599,4.828472964763641,11.716025268064048,10.627759621869444,10.390280062554636,10.348701947401883,1.18713352560997,1.2331284284591677,1.4874842643737791,1.503357400894165,0.0880487797532762,0.0940932083129882,0.0962437977790832,0.0966304870128631
4315,1066,3,32,0.56,0.87,False,True,True,False,3.939986102581024,3.965883135795593,4.593182909488678,4.624707295894623,13.149935637578867,12.606417176032576,10.884554009176298,10.805134296734716,0.7039614248275757,0.5475162267684937,1.1782811999320983,1.1791830015182496,0.0788840555074737,0.0793246793746948,0.0918733096122741,0.0925485951900482
5118,1294,3,16,0.97,0.73,False,False,False,True,4.679190899133682,5.063750863075256,5.142445361614227,5.156962418556214,11.04905032741938,9.87359096755904,9.72252598560852,9.692800931443116,1.1928647947311402,1.201086401939392,1.587083101272583,1.6009868001937866,0.0941157377790001,0.1012802743911743,0.1028539292812347,0.1031693530082702
5323,473,4,32,0.29,0.93,False,True,False,False,3.844804320335388,3.9254343509674072,4.452404797077179,4.46246246099472,13.43751882346173,12.73725711626131,11.229557257630022,11.194850441687043,0.7004819142818451,0.5904442071914673,1.1900381565093994,1.194985625743866,0.0772197106641881,0.0785098385810852,0.089050705909729,0.0893267851352691
4847,911,3,8,1.44,0.74,True,False,True,False,4.568993058204651,4.7472370862960815,5.324398005008698,5.338586330413818,11.3694350661462,10.528870579119788,9.389880633899017,9.306906230703696,1.273232464790344,1.2732034921646118,2.0675897121429445,2.073206160068512,0.0923352706879847,0.0949769520759582,0.1064976267814636,0.1074508679989844
5269,1711,5,16,1.66,0.74,False,False,False,False,4.648920423984528,4.619784474372864,5.550312137603759,5.556221301555634,11.05897966873199,10.818894452963718,9.004184435429718,8.994022089398683,1.1944077253341674,1.0560640096664429,1.814703154563904,1.8210005283355712,0.0934817124350317,0.0924308896064758,0.1110594754219055,0.1111851176492099
4191,1935,6,8,0.1,0.96,True,False,True,True,4.6602257168293,4.785541415214539,5.459200525283814,5.466442997455597,11.164485471166268,10.44678778186696,9.157139646836486,9.072667163221386,1.3116808915138245,1.437887191772461,2.0096470713615417,2.1252274322509765,0.0939338393149168,0.0957232046127319,0.1092044064998626,0.110255642497021
6215,1959,4,8,0.72,0.77,False,False,False,True,4.6414959192276,4.999151945114136,5.087330460548401,5.094685010910034,11.100503200091012,10.00043442018196,9.824541540447708,9.77838145758255,1.2135524046421051,1.302586317062378,1.5749576091766355,1.5823785614967347,0.0931497804301125,0.0999956560134887,0.1017859201431274,0.1022666064216976
4537,1939,7,16,0.11,0.88,False,False,True,True,4.501545763015747,4.838094592094421,4.893379247188568,4.901504476070404,11.457648422046775,10.33464709304158,10.217887846447598,10.200949584015412,1.1360346138477326,1.2070666551589966,1.5476515769958497,1.555467791557312,0.0900309152603149,0.0967618918418884,0.0978675849437713,0.098030089521408
5598,105,4,8,1.69,0.98,False,True,True,False,4.057101970911026,3.770814895629883,5.365546548366547,5.3732316255569454,13.050124417293544,13.25973334315863,9.31871516748054,9.305387280869258,0.8855390214920044,0.5016101598739624,2.235466980934143,2.240360083580017,0.0812225494848357,0.0754162979125976,0.1073109309673309,0.1074646325111389
7604,1261,6,8,1.19,1.0,True,True,True,True,5.3956373777145,5.411028742790222,5.432920742034912,5.439604215621948,9.267303881976297,9.240387080714482,9.20315328995893,9.19184603528644,1.964436078682924,2.05236279964447,2.088546979427337,2.09001871585846,0.10791274755429,0.1082205748558044,0.1086584148406982,0.1087920843124389
6439,1603,3,8,0.71,0.8,False,False,False,False,4.469297963380813,4.806472539901733,4.882782077789306,4.885408856868744,11.49132749627204,10.401323773855758,10.240029050936094,10.229909855569783,1.2077474212646484,1.2438758611679075,1.518242597579956,1.5325299191474917,0.0897280926545461,0.0961416101455688,0.097655972957611,0.0977525720596313
6164,763,7,32,1.34,0.89,True,True,False,True,4.771053448319435,4.7928338050842285,4.820597302913666,4.826194529533386,10.43531140277587,10.42921884304904,10.370709136039052,10.156385395396777,1.25501988530159,1.170568823814392,1.4758341908454895,1.4785799074172974,0.0958464129006161,0.0958844590187072,0.0964254219532012,0.098612290870442
6784,1400,6,8,0.93,0.95,False,False,True,True,4.479653570652008,4.815162539482117,4.929644691944122,4.937229900360108,11.51266492775201,10.38386552775679,10.142718821522877,10.127136271239072,1.2179500889778136,1.3836394548416138,1.512900471687317,1.5173431706428528,0.0899104483955046,0.0963032507896423,0.0985928938388824,0.0987445980072021
6158,830,2,32,0.97,0.92,False,False,False,False,4.439259450435639,4.7731300592422485,4.825803482532502,4.84494532585144,11.62064453733178,10.47530644151102,10.36096894173418,10.320033899062416,1.1863640499114991,1.183739185333252,1.5211711764335631,1.526575803756714,0.0887851890087128,0.0954626011848449,0.09651606965065,0.0968989065170288
4614,1263,3,32,1.71,0.92,False,True,False,False,3.816175845861435,3.9701298475265503,4.4715557336807255,4.48013864517212,13.456443886088389,12.587079862532825,11.179993997926235,11.124309005343566,0.7106526529788971,0.5616029500961304,1.2681780099868774,1.2734960389137269,0.0770037513036097,0.0794465446472167,0.0894454863071441,0.0898979209799514
8159,530,2,16,1.7,0.78,False,True,True,False,3.854422787427902,3.791520237922669,4.632857370376576,5.25164890050888,13.479010911252168,13.181435055202089,9.58243725207554,9.472213648236885,0.8232896161079407,0.4918345212936401,1.4528705239295847,2.0862417817115784,0.07812289703389,0.0758642745018005,0.1043576169013977,0.1056922255456443
6772,935,2,32,0.83,0.83,False,False,True,False,4.446400309801102,4.783061623573303,4.829731202125549,4.844655323028564,11.590650376747169,10.452319751565078,10.351065820726385,10.311849837244154,1.217405844926834,1.3111292123794556,1.5029811263084412,1.5236294746398926,0.0889770463916991,0.0956725430488586,0.096608409166336,0.096975812959671
5649,1426,1,32,0.39,0.87,False,True,False,False,3.871426146030426,3.963120937347412,4.478200387954712,4.484448199272156,13.313394583001804,12.613348022099547,11.165199340961651,11.149643786328674,0.6609446716308593,0.5594712495803833,1.069377863407135,1.07608304977417,0.0777782825146403,0.0792810916900634,0.0895640077590942,0.0896889639854431
7396,1141,4,32,1.1,0.81,True,False,True,True,4.462226166725158,4.796842932701111,4.851277482509613,4.859113683700562,11.503577906088251,10.423522826640935,10.306563637362052,10.289942424632509,1.239096233844757,1.3004406690597534,1.5740177273750304,1.580510756969452,0.0894747722636098,0.0959368586540222,0.0970255496501922,0.0971822736740112
4707,1150,5,8,1.78,0.72,True,False,False,False,4.327149209976196,3.8595921993255615,5.566365897655487,5.576652853488922,12.255299121775058,12.954736582942363,8.982521257390603,8.965951981879758,1.2637555825710296,1.338316559791565,2.205155658721924,2.211832947731018,0.0865429841995239,0.0771918439865112,0.1113273179531097,0.1115330570697784
8141,279,1,8,1.87,0.82,False,False,True,True,4.776026107072831,4.975619077682495,5.398128020763397,5.408054089546203,10.691260921148066,10.04019568945457,9.260644727019734,9.234592997005086,1.4484599101543427,1.7340747117996216,1.899077355861664,1.9037598013877868,0.0957159016332764,0.0995996570587158,0.1079838423728942,0.1082888772328694
6995,304,3,32,0.88,0.73,False,True,False,True,4.08686611533165,4.076242566108704,4.890802085399628,4.913858647346497,12.720560362264786,12.265853666073811,10.220316248291825,10.154249827163492,0.8475532793998718,0.6458643674850464,1.5033461689949037,1.506107621192932,0.08238008907636,0.0815271425247192,0.0978443307876586,0.0984827185630798
7075,1800,3,16,1.88,0.98,False,True,True,False,3.934478862285614,3.931141257286072,5.287338125705719,5.325046367645264,13.15319642244831,12.712871752650036,9.456554357420824,9.38958960133649,0.8416577088832855,0.4620838165283203,2.132823169231415,2.1400421595573427,0.079285615728789,0.0786604332923889,0.1057467625141143,0.1065009273529052
4617,1768,5,8,1.59,0.95,False,False,False,True,4.068496334552765,3.917394518852234,4.804528319835663,4.824358868598938,12.62394877767928,12.763585574606234,10.406848850248272,10.36407145053456,1.276271185874939,1.21369469165802,1.894089150428772,1.8990504789352416,0.0813699266910552,0.0783478903770446,0.0960905663967132,0.0964871773719787
6325,988,7,16,0.51,0.91,True,False,True,False,4.370131421089172,4.675912022590637,4.814097034931183,4.82562530040741,11.758897980262049,10.691796596536316,10.38492551786265,10.352754540794312,1.1726122498512268,1.1931275129318235,1.5467895627021788,1.5563360786437987,0.0879463449448347,0.0935296511650085,0.0962934205532074,0.0965926504135131
7641,736,2,32,1.44,0.93,False,True,True,True,4.163012030124665,4.157232999801636,5.044827687740326,5.206864647865295,12.549057238940968,12.026714359878678,9.910625513664725,9.60257872181703,0.9598104798793792,0.7521566152572632,1.605003261566162,1.8593740701675407,0.0841480362812678,0.0831482291221618,0.1009018082618713,0.1041386939048767
7844,1401,2,32,1.44,0.86,False,True,False,False,3.877275775671005,3.736242532730103,4.925589370727539,4.935078647136688,13.29321408700111,13.378075945764955,10.150290961638415,10.126962658792053,0.7831362700462341,0.4906535148620605,1.6233532547950744,1.627878999710083,0.0783849583259595,0.0747491645812988,0.0985193433761596,0.0987462909221649
6159,1274,8,32,0.99,0.71,False,True,True,True,4.061957293748856,3.9912880659103394,4.880697047710418,4.889099698066712,12.899537088248508,12.527284218620911,10.24443836839902,10.226831745683873,0.8209383654594421,0.6345913410186768,1.5206851720809935,1.5239577889442444,0.0812391458749771,0.0798257613182067,0.0976139409542083,0.0977819939613342
7896,735,6,16,0.17,0.91,False,True,True,True,4.008629795312881,3.8182899951934814,4.94918019771576,4.9560436797142025,13.157258484436204,13.094867309045206,10.10268327360597,10.088692364025178,0.807371073961258,0.4983472824096679,1.5287202835083007,1.535860698223114,0.0801725959062576,0.0763657999038696,0.0989836039543151,0.099120873594284
7374,1201,8,32,1.03,0.84,False,True,False,True,3.618136773109436,3.1721620559692383,4.851858353614807,4.870835485458374,15.072856571715842,15.76212054885421,10.30532972374516,10.265179410579597,0.8580788481235504,0.6174379587173462,1.601018059253693,1.6287211656570435,0.072541500907474,0.0634432411193847,0.0970371670722961,0.0974167097091674
6961,584,2,8,0.92,0.85,True,True,True,True,5.476008120179176,5.4881627559661865,5.511502015590668,5.519969856739044,9.131080592846253,9.110517005447305,9.071937274036657,9.058020506028525,1.924765223264694,2.0442720651626587,2.108355641365052,2.114849445819855,0.1095201624035835,0.1097632551193237,0.1102300403118133,0.1103993971347808
4194,125,7,32,1.18,0.87,False,True,False,True,3.985610978603363,3.974318146705627,4.998812186717987,5.01374125957489,13.599137436559518,12.58077456953018,10.002376237258517,9.972592804130004,0.7666324293613433,0.5316709280014038,1.6507410168647767,1.652293999195099,0.0799483069300651,0.0794863629341125,0.0999762437343597,0.1002748251914978
5339,1902,5,16,0.41,0.88,True,True,False,True,4.813734203577042,4.8490070104599,4.884436404705047,4.896746573448181,10.275437905333376,10.310504891916212,10.23117661236009,9.305840703960152,1.2630036234855653,1.2144601345062256,1.5636742115020752,1.566370906829834,0.0976565253958105,0.0969884610176086,0.0977404692173004,0.1120149898946281
7868,479,6,16,1.37,0.76,False,False,True,True,4.499005630016327,4.878370642662048,5.009228014945984,5.022483403682709,11.461107812319224,10.24645321230837,9.980132769534563,8.836566266211294,1.246187950372696,1.4947900772094729,1.6274896025657652,1.6622224116325377,0.090557410996568,0.0975947475433349,0.1001990678310394,0.1131665347417195
6581,1308,3,8,0.06,0.9,False,True,False,False,3.862020701169968,3.4844119548797607,5.162606883049011,5.175416495800018,14.416808658651792,14.349623597347009,9.685029508136076,9.661058211187646,0.7674085545539856,0.5146666765213013,1.71736878156662,1.725754280090332,0.0772404140233994,0.0696882390975952,0.1032521376609802,0.1035083299160003
6758,1041,2,32,0.92,0.86,True,True,False,True,4.54080548286438,4.568955540657044,4.607259178161621,4.616147012710571,10.974341007390592,10.941773743968202,10.843281745581468,10.678412504810328,1.3682706654071808,1.2968592643737793,1.5586220145225524,1.5615343642234802,0.0911376410303889,0.0913928604125976,0.0922230033874511,0.093720900070345
4079,511,7,32,1.01,0.98,True,True,False,True,4.801214981079101,4.816014409065247,4.850064170360565,4.858222589492798,10.414779472114503,10.382028744385856,10.309142114664002,10.29185372319234,1.176507267355919,1.2602392435073853,1.5345920324325562,1.540125741958618,0.096024299621582,0.0963202881813049,0.0970012834072113,0.0971644517898559
6102,852,5,32,1.05,0.98,True,False,False,False,4.475195199251175,4.810458183288574,4.879036140441895,4.888024909496307,11.488625058244168,10.394020300177878,10.247925733496045,10.229080466419187,1.19038134932518,1.2372008562088013,1.558638036251068,1.566080560684204,0.0896592744728614,0.0962091636657714,0.0975807228088378,0.0977604981899261
4161,1338,5,16,0.42,0.89,True,False,False,True,4.413189358711243,4.762888908386231,4.804942274093628,4.832408397197724,11.719535976405911,10.497830840712236,10.405952283487066,10.346807614948004,1.0315438973903657,0.917504906654358,1.4233149409294128,1.4587771940231322,0.0882637871742249,0.0952577781677246,0.0960988454818725,0.0966481679439544
6343,1606,5,8,1.73,0.76,True,True,True,True,5.403264805674553,5.416630029678345,5.444117701053619,5.4505272436141965,9.254158382044755,9.230831666785097,9.184224661254596,9.17342447167591,1.8125417113304136,2.0995757579803467,2.1156543850898744,2.118811078071594,0.108065296113491,0.1083326005935668,0.1088823540210723,0.1090105448722839
5326,889,8,32,1.94,0.95,True,True,False,True,4.920211496949196,4.9437689781188965,4.961040890216827,4.965324087142944,10.1215171393052,10.11273361762332,10.076675736411728,9.84508639788778,1.293385398387909,1.0833595991134644,1.5959991574287415,1.5990139627456663,0.0988193319780486,0.0988852310180664,0.0992390773296356,0.10176898355484
5904,1089,6,16,0.07,0.94,False,True,False,False,3.801071225404739,3.774448871612549,4.528413093090057,4.535916137695312,13.644984769458524,13.241784570550315,11.040076972930208,11.02203494036234,0.6615093159675598,0.4452087879180908,1.1341026663780212,1.1382656216621398,0.0764420187355414,0.0755185222625732,0.0905790789127349,0.0907273482322692
5664,1258,7,32,0.91,0.79,True,False,True,True,4.4914715492725374,4.83714485168457,4.908710360527039,4.915555520057678,11.434600411500009,10.33555926673457,10.183588026036576,10.166063984162038,1.1852254319190978,1.1306291818618774,1.5728755354881288,1.5791966652870175,0.0903484215582118,0.096753351688385,0.0981972167491912,0.0983664869308471
5181,1950,1,32,0.18,0.86,True,False,False,True,4.66461332321167,4.99728262424469,5.112262594699859,5.119168791770935,11.06247218401433,10.005437716495248,9.780405265571067,9.7672106876665,1.170243799686432,1.1539218425750732,1.618093192577362,1.626397316455841,0.0932922664642333,0.0999456524848938,0.1022452518939971,0.1023833758354187
7856,954,7,16,1.22,0.98,True,True,False,True,4.876581102609634,4.892054200172424,4.909681332111359,4.916454184055328,10.253494987487343,10.220655383501692,10.18396034770082,10.169931421783408,1.2909679383039474,1.5626846551895142,1.5749327898025514,1.578604257106781,0.0975316220521926,0.0978410840034484,0.0981936266422271,0.0983290836811065
7131,100,3,32,1.52,0.89,True,False,True,True,4.4445792269706725,4.765662431716919,4.863203692436218,4.879270920753479,11.54055777254511,10.4916544737782,10.280320056063914,10.246053027975634,1.1939050269126892,1.2537384033203125,1.5351292848587037,1.585742983818054,0.0893205813407897,0.0953138518333435,0.0972732362747192,0.0975985579490661
6267,776,2,16,1.1,0.92,True,False,False,True,4.52388413310051,4.889980673789978,4.971984267234802,4.97871021270752,11.371284141887026,10.223432099703022,10.054756359827127,9.998330504978131,1.1682789778709413,1.1536022424697876,1.621115744113922,1.6229966354370118,0.0911744811253038,0.0978145098686218,0.0994554183483123,0.1000198205082315
4038,907,5,16,1.33,0.83,False,True,False,False,3.64975656747818,3.57056987285614,4.352470397949219,4.358420236110687,14.17606847785378,14.003366907957322,11.487728921239691,11.47204658828886,0.5684927928447724,0.3471425771713257,1.1073312401771545,1.119935348033905,0.0729951313495636,0.0714113974571228,0.0870494079589843,0.0871684047222137
6855,600,7,32,2.0,0.88,False,False,False,False,4.662324341535569,4.761451482772827,5.147138786315918,5.157998089790344,10.83407967424836,10.500999842887795,9.714134808969634,9.693683323897528,1.60635760307312,1.5938035249710083,2.165410017967224,2.195271487236023,0.0932464868307113,0.0952290296554565,0.1029427757263183,0.1031599617958068
6319,256,8,32,1.05,0.72,False,False,True,False,4.461598953008652,4.764310359954834,4.849102807044983,4.854094252586365,11.44505239698327,10.49164249845047,10.310455128031789,10.293859130524616,1.2067638993263246,1.2222411632537842,1.517615520954132,1.522502999305725,0.0897737993329763,0.0953139638900756,0.0969889290332794,0.0971452980518341
7183,1561,8,8,1.22,0.96,True,False,False,False,4.639823565483093,4.865199565887451,5.3550074934959415,5.363227632045746,11.142883590588806,10.276768300059436,9.334434327670364,8.145679409417294,1.3836294889450074,1.4333640336990356,2.046029710769653,2.048317766189576,0.0941702118236477,0.097306854724884,0.1071302201747894,0.1228805748394553
6214,139,7,32,1.97,0.76,False,True,False,True,4.057425748109818,4.091161131858826,5.29358320236206,5.307890269756317,12.927527762871868,12.221469285254434,9.445399319243789,9.419938517773456,0.9798116850852966,0.8158162832260132,2.3156983971595766,2.320488817691803,0.0813407370918675,0.0818232226371765,0.1058716640472412,0.1061578053951263
7176,253,2,32,1.67,0.97,False,True,False,False,3.82244992852211,3.894358277320862,4.604791676998138,4.6127558517456055,13.490785346962706,12.830239793657183,10.857520020230792,10.836872200380594,0.706214804649353,0.5718765258789062,1.3010535478591918,1.3035336232185364,0.076792759021265,0.0779408836364746,0.0921020636558532,0.0922775485038757
4370,351,1,8,1.79,0.74,True,False,True,True,4.765908006429672,5.060588359832764,5.348548591136932,5.352716083526611,10.933963179700852,9.879906823964458,9.34833051830294,9.341052190797438,1.349449996948242,1.3761672973632812,2.0398330211639406,2.047909336090088,0.0953283385466556,0.1012155294418335,0.1069709718227386,0.1070543216705322
5378,358,3,16,0.91,0.74,False,True,True,True,3.649987173080445,3.183722257614136,4.9779012799263,4.984555323123932,15.198629765858112,15.70488812308502,10.044393667511386,10.030985064618346,0.7617486929893493,0.548507571220398,1.548537266254425,1.55334210395813,0.0731442751424653,0.0636744451522827,0.099558025598526,0.0996911064624786
6175,2000,5,16,0.5,0.99,False,True,True,False,3.751002926826477,3.865908265113831,4.276436746120453,4.286689970493317,13.70257006137694,12.931782024883812,11.688768552446367,11.663440697666138,0.5950735890865326,0.508861780166626,0.9114283800125124,0.9530208086967468,0.0753261951446532,0.0773288631439209,0.0855522122383117,0.0857379955768585
6418,555,8,32,0.0,0.89,False,True,False,False,3.913907514810562,3.8615152835845934,4.676870226860046,4.693099908828735,13.313132124052272,12.944933250119195,10.690243161689898,10.644347732378735,0.760457683801651,0.5196901559829712,1.3196629285812378,1.326559076309204,0.0784082429544345,0.0772503018379211,0.0935432450771331,0.093946574306488
6231,1782,8,8,1.82,0.96,True,False,False,False,4.628661125898361,4.742329835891724,5.431468915939331,5.437951056957245,11.22276271735319,10.541642717406653,9.204431744028428,9.18272113013794,1.4059623420238494,1.241702437400818,2.117622506618498,2.2116412043571474,0.0934567394492509,0.0948618769645691,0.1086433174610138,0.1089001852512359
4058,229,4,32,0.85,0.91,False,False,True,True,4.616284378767014,4.97138774394989,5.008932435512543,5.019855859279632,11.161357273870935,10.056517987856544,9.977097265753944,9.947673099860046,1.1472920870780945,1.0345827341079712,1.5549661397933958,1.5748739624023438,0.0923867899710482,0.099437997341156,0.1002295532226562,0.1005260215759277
4851,440,1,32,0.17,0.88,False,False,True,True,4.518175121545792,4.86986243724823,4.950763571262359,4.959384715557098,11.324625447133208,10.267230474473894,10.099452354134582,10.081895837767457,1.1423490715026856,1.1907696723937988,1.547792422771454,1.5544398045539856,0.0910095454012646,0.0973972487449646,0.0990152714252471,0.0991876943111419
5549,1801,5,32,1.14,0.78,False,False,False,False,3.9572199523448943,3.9907076358795166,4.68111469745636,4.686311972141266,13.21695040742746,12.529106255935504,10.68121662437388,10.669370776296804,1.1735410904884338,1.2232550382614136,1.593208169937134,1.5981541395187375,0.0791443990468978,0.0798141527175903,0.0936222939491272,0.0937262394428253
6468,1109,2,16,0.44,0.84,False,False,False,False,4.4961192309856415,4.82241690158844,4.882426738739014,4.892228035926819,11.44218654396468,10.36824503556592,10.240809073273676,10.22029220003176,1.210037488937378,1.2720701694488523,1.530000102519989,1.5734348964691165,0.0899223846197127,0.0964483380317688,0.0976485347747802,0.0978445607185363
6879,1482,6,8,1.6,0.76,False,True,True,True,4.467718060016632,4.712706565856934,5.346705281734467,5.367826714515686,11.671374810731704,10.601224881286983,9.35068510471373,9.314586689042851,1.1179442977905274,1.2236436605453491,2.084196412563324,2.090503356456757,0.089716488134861,0.0943287277221679,0.1069440355300903,0.1073584940910339
6640,1993,4,8,1.45,0.92,True,False,True,False,4.816445610523224,4.805520415306091,5.704069566726685,5.710460574626922,10.865254313128965,10.404700399103332,8.76567149584588,8.755861177668665,1.5693263232707977,1.49013090133667,2.442931497097016,2.4770520877838136,0.0963289122104644,0.0961104083061218,0.1140813913345337,0.1142092114925384
6199,1586,1,32,0.78,0.73,False,False,False,True,4.25209127664566,4.392119884490967,4.90181028842926,4.916912577152252,12.181132933351574,11.38185367273095,10.19895801032349,10.158658853580846,1.1713132202625274,1.1867361068725586,1.5444851517677307,1.5506646966934203,0.0855617970876833,0.0878591513633728,0.0980492320060729,0.0984381910324096
6450,558,5,8,0.36,0.71,True,False,True,False,4.637992533445359,4.902777075767517,5.335795879364014,5.347660570144654,11.175428496281022,10.194987117294412,9.368289096433712,9.306633418820809,1.359208835363388,1.3128052949905396,2.026172733306885,2.031107077598572,0.0941148215657048,0.0980874228477478,0.1067430768013,0.1075783696875848
5263,1579,6,32,1.59,0.86,False,True,False,False,3.859019374847412,3.875271797180176,4.575583100318909,4.580721249580384,13.459891547367492,12.90232094415547,10.927569017793164,10.915311645549233,0.7436599397659301,0.590672492980957,1.2997267603874207,1.3054712724685669,0.0771803874969482,0.0775054359436035,0.0915116620063781,0.0916144249916076
6013,1568,4,16,0.06,0.89,False,True,False,True,4.046739152669907,3.8962361812591553,4.948296570777893,4.956010167598724,13.004387068365087,12.832897633170813,10.10448732987897,10.088760581916327,0.788872308731079,0.5307725667953491,1.5774489045143127,1.5839531564712523,0.0809347830533981,0.0779247236251831,0.0989659314155578,0.0991202033519744
5588,1876,1,32,1.72,0.92,False,False,True,True,4.659608753919602,4.7011061906814575,5.983827555179596,5.993411343097686,11.01806666916234,10.63053827655819,8.355855772659568,8.342494338539494,1.1801552653312684,1.1294951438903809,2.116736090183258,2.118796329498291,0.0934042383255497,0.0940686345100402,0.1196765511035919,0.1198682268619537
6916,1186,6,32,0.97,0.75,False,True,False,True,4.145146361589432,4.037020444869995,5.085023784637452,5.101137244701386,12.683281623925277,12.384433643699182,9.830995346064924,9.79686937265416,0.8605391383171082,0.6420279741287231,1.5978441119194031,1.6470964932441712,0.0834030657476848,0.0807465267181396,0.1017191004753112,0.1020734238624572
5797,382,7,16,0.96,0.74,False,False,False,True,4.585778512954712,4.884369850158691,5.070305788516999,5.091693277359009,11.258027342391742,10.235395824140385,9.860376719373637,9.809976586896545,1.189860347509384,1.2471104860305786,1.5666374564170835,1.577469575405121,0.0918458422259281,0.0977001786231994,0.1014160044193267,0.1019370424747467
8087,2005,5,32,1.11,0.81,False,True,True,True,3.913782676458359,3.68196177482605,4.8667165517807005,4.880989241600036,13.412803349878898,13.57971730065482,10.273360394834812,10.241284531704776,0.7808031129837036,0.5613934993743896,1.6046565175056458,1.648916733264923,0.0784009782602912,0.0736392354965209,0.0973391337394714,0.0976440018653869
4599,383,8,16,0.89,0.79,True,True,True,True,4.856588444113731,4.888972163200378,4.92207533121109,4.936355397701263,10.193460711861713,10.225051904790888,10.157125542852922,9.36140805935031,1.18816297352314,1.2643989324569702,1.5607269525527954,1.5668287420272826,0.0983390506307284,0.097799015045166,0.0984530510902404,0.1099987462043759
5505,1210,5,16,1.06,0.75,True,False,True,False,4.414947891235352,4.733665466308594,4.798073828220367,4.804409909248352,11.57415561429991,10.56155021763491,10.419490713097186,10.404012169669825,1.1361025428771974,1.1178536415100098,1.4540176153182975,1.5005080008506777,0.0888061565357095,0.0946830701828002,0.0959739806652069,0.096116771030426
5359,700,6,8,0.85,0.74,False,True,True,True,4.325115634202957,4.506256699562073,5.029577147960663,5.058325204849243,12.21097817432346,11.095683921835512,9.9411936408923,9.884694693921665,0.9886101114749908,1.006747841835022,1.61875319480896,1.6262546586990356,0.0865462537500592,0.0901251339912414,0.1005915429592132,0.1011665040969848
7581,740,6,16,0.19,0.74,False,False,True,False,4.350070171356201,4.629189133644104,4.753735554218292,4.764350593090057,11.808984478986035,10.801027995898668,10.518044059889666,10.49460985403537,1.2776533770561218,1.3655046224594116,1.4691521406173706,1.4855526351928712,0.087001403427124,0.092583782672882,0.0950747110843658,0.0952870118618011
7477,554,7,16,0.12,0.79,True,False,False,True,4.488478789329529,4.846732497215271,4.946141302585602,4.975339229106903,11.52494471371558,10.316228516740289,10.108890364758302,10.049566198527728,1.1958918488025665,1.3480254411697388,1.5319446325302124,1.5650122809410094,0.0897695757865905,0.0969346499443054,0.098922826051712,0.099506784582138
7025,1602,2,16,0.86,0.85,True,False,True,False,4.412663381099701,4.77432107925415,4.8196024060249325,4.831831057071685,11.69789667440097,10.468880254272891,10.373400036173546,10.326138566405778,1.1600564622879028,1.237778902053833,1.5005938291549683,1.5052713799476622,0.0884877284785643,0.0955211997032165,0.0964004085063934,0.0968419848875565
4169,1885,2,32,0.57,0.81,False,True,True,False,3.528543920516968,3.246772646903992,4.581037771701813,4.592736260890961,15.232917936663814,15.397185817209614,10.914557469208862,10.886756315053264,0.7074847042560577,0.5851002931594849,1.1989943623542785,1.211314115524292,0.0708624735944411,0.0649469351768493,0.0916207554340362,0.0918547252178192
6790,1939,7,16,0.65,0.79,False,False,False,False,4.471542437076568,4.73233437538147,4.976504600048065,4.984058835506439,11.411421247891026,10.564446382377753,10.04718184971137,9.982660413676475,1.1914515924453737,1.2339779138565063,1.5539588809013367,1.563373131752014,0.0905261544560684,0.0946571135520935,0.0995303971767425,0.1004004952739261
6978,1806,1,32,0.2,0.88,True,True,True,True,4.735589390993118,4.739652991294861,4.7820806980133055,4.789498498439789,10.559005848235092,10.549295546985087,10.455699909134928,10.439506597199385,1.359237763285637,1.490736484527588,1.5548758149147033,1.5621846961975097,0.0947117878198623,0.0947930598258972,0.0956416139602661,0.0957899699687957
4700,1690,5,32,1.68,0.81,False,False,False,False,4.613648046255111,5.142849087715149,5.3491559505462645,5.355199248790741,11.251165213733495,9.71817608721262,9.344547234475876,9.33607821404112,1.1518851459026336,1.4754881858825684,1.7621184587478638,1.76875018119812,0.092831420358022,0.1028999710083007,0.1070142815113067,0.1071113564968109
7923,317,3,16,0.92,0.99,True,False,True,False,4.220410748720169,4.347404718399048,4.73918399810791,4.752711148262024,12.16670468382208,11.501114630909637,10.55033949170046,10.520311136880336,1.2546420288085938,1.4014266729354858,1.600616908073425,1.6197924661636351,0.0844082149744033,0.0869480943679809,0.0947836799621582,0.0950542229652404
4165,1572,4,32,1.72,1.0,False,True,False,True,3.815350435972214,3.825666546821594,4.498018896579742,4.511453320980072,13.53975221521359,13.069617907267777,11.116004889709428,11.0829032636656,0.8071153545379639,0.5145136117935181,1.7988299250602722,1.803203556537628,0.0763070087194442,0.0765133309364318,0.0899603779315948,0.0902290664196014
4817,1822,2,8,0.52,0.94,False,False,False,True,4.603620202541351,4.904617071151733,5.073660683631897,5.111554107666016,11.229303740577356,10.19447579470324,9.85481752359225,9.78176088005347,1.106390564441681,1.011815071105957,1.475617468357086,1.4950418972969055,0.092072404050827,0.0980923414230346,0.1014732136726379,0.1022310821533203
4860,955,6,32,0.71,0.75,True,True,True,True,4.961761781573296,4.990890860557556,5.0134382247924805,5.034496510028839,10.030828716287749,10.017791890841554,9.969161373509504,9.600280832336432,1.3660036385059358,1.3808441162109375,1.6658578395843506,1.668432583808899,0.0997246616825912,0.0998223972320556,0.1003093419075012,0.1044357862039045
4495,756,4,32,0.64,0.98,False,True,True,True,4.110230710506439,4.008843779563904,5.009143197536469,5.01655054807663,12.781369027305796,12.468716830927924,9.98174698336961,9.967008262295153,0.813707982301712,0.5840649604797363,1.6319659233093262,1.6349240279197692,0.0824074303097194,0.0802007174491882,0.1001828639507293,0.1003310109615325
5681,175,3,8,0.51,0.72,False,True,False,False,4.12625037074089,3.883277654647827,5.201830291748047,5.215604476928711,12.82659153454975,12.874672554358511,9.611657212147184,9.585677391795626,0.774946711063385,0.4402221441268921,1.7280369758605956,1.7313245058059692,0.0831184774041175,0.0776718783378601,0.1040403313636779,0.1043223093032836
6789,498,2,16,1.03,0.74,True,True,True,True,4.965142218505635,4.982448577880859,5.019245231151581,5.025662722587586,10.07094253324582,10.035226745879312,9.961657508208038,9.94893665126203,1.3581319240962757,1.462674260139465,1.510709035396576,1.5174502778053285,0.0993028443701126,0.0996489715576171,0.1003849046230316,0.1005132544517517
7090,916,5,32,0.93,0.87,True,True,False,True,4.873276901245117,4.88593602180481,4.911410140991211,4.91389413356781,10.260721538732756,10.23345368830552,10.18037560944428,10.1752332887562,1.3528000086545944,1.3066165447235107,1.5237851858139038,1.5273837971687316,0.0974655380249023,0.0977187204360962,0.0982282028198242,0.0982778826713562
4395,695,2,32,0.95,0.92,False,True,False,False,3.797154593467712,3.89994740486145,4.555830991268158,4.578607499599457,13.789919592025308,12.814555297879288,10.962237691441567,10.891184483424151,0.6702187085151672,0.5808688402175903,1.152722418308258,1.1584186577796936,0.0770401836069146,0.0780362629890441,0.0912222514152526,0.0918285241391922
5700,292,2,32,0.18,0.79,False,False,True,True,4.564734205007553,4.911591410636902,4.991005921363831,4.997310395240784,11.32749046256727,10.179999886059385,10.018020573305355,10.005382107748025,1.2047993016242982,1.2265264987945557,1.6172366261482238,1.62282244682312,0.091294684100151,0.098231828212738,0.0998201184272766,0.0999462079048156
4588,1797,2,16,0.14,0.82,True,False,False,False,4.363010408878327,4.703115105628967,4.758215284347534,4.771399097442627,11.74297644960531,10.62858458777319,10.500710604616357,10.427592133214414,1.1248817324638367,0.9936237335205078,1.5222196936607362,1.5246552586555482,0.0879184745874843,0.0940859055519104,0.095231650352478,0.0959056258076115
4924,1238,6,8,0.99,0.74,True,False,False,True,4.787250664234161,4.918394684791565,5.3826634883880615,5.392902600765228,10.724947162087265,10.165918614796125,9.289081539449986,9.2714450277708,1.4371761989593506,1.4075109958648682,2.0400187015533446,2.081106495857239,0.0957450132846833,0.0983678936958313,0.1076532697677612,0.1078580520153045
6841,999,2,16,1.14,0.76,False,False,False,True,4.241022819280625,4.304072022438049,4.785226893424988,4.79181369304657,12.065227259997496,11.61690600315211,10.448825335587156,10.434462444250046,1.1855594658851625,1.3081367015838623,1.4856433391571042,1.5155045175552369,0.0848204563856124,0.0860814404487609,0.0957045378684997,0.0958362738609314
8018,372,2,32,0.15,0.85,False,True,False,False,3.904560226202011,3.992357015609741,4.51850438117981,4.532516269683838,13.254440557017396,12.52298366733506,11.065009539094625,11.005884971835949,0.7228669118881226,0.5982863903045654,1.206388783454895,1.2423344445228577,0.0783614947705041,0.0798531746864318,0.0903749787807464,0.0908604807853698
4671,714,4,32,1.16,0.75,True,True,True,True,4.993405506014824,5.00654661655426,5.05015596151352,5.062465767860412,10.001105060685552,9.985813831098277,9.90026853869007,9.793634877765516,1.3525235891342162,1.371402621269226,1.6436110615730286,1.6461009764671326,0.0999957602818806,0.1001420640945434,0.1010073611736297,0.1021071355819702
6187,1692,5,8,1.5,0.97,False,False,True,True,4.5554709815979,4.830079793930054,5.347382616996765,5.37509749650955,11.280654910840132,10.347411883293487,9.339230082702665,8.925409949239732,1.1986209988594054,1.1707186698913574,1.908085548877716,1.9132627320289608,0.0920330295599424,0.096642529964447,0.1070752086639404,0.1120625599861143
4664,1771,2,8,0.91,0.92,False,True,True,False,4.038888101577759,3.948347568511963,4.899526751041412,4.905329153537751,12.931677974644378,12.662280694893544,10.204105850753264,10.19096174969443,0.7908572316169739,0.4702783823013305,1.488797056674957,1.4927626037597657,0.081343474729652,0.0789747142791748,0.0979997677803039,0.0981261662960052
6254,539,3,16,1.32,0.75,False,False,False,False,4.543712862730026,4.814122319221497,5.245427203178406,5.254675869941711,11.288762162814542,10.300545398227406,9.524925370871792,9.493521441549806,1.1812110602855683,0.9219417572021484,1.7411192417144776,1.744202880859375,0.0918036060313835,0.0970822477340698,0.1049876997470855,0.1053761774311892
6812,622,4,16,0.68,0.92,False,True,True,True,4.13796532034874,3.8795257806777954,5.168550837039947,5.177719321250915,12.744594044428473,12.888173353337612,9.673891513981278,9.656761428548949,0.8619473254680634,0.5081048011779785,1.7852291107177731,1.7955111622810365,0.0828600563171747,0.0775905156135559,0.1033710167407989,0.1035543864250183
7613,449,2,16,1.23,0.74,True,False,True,True,4.488818699121476,4.575685143470764,4.835960376262665,4.849045095443725,11.243293403284158,10.927325292842692,10.339207973452435,10.311308539191907,1.3874089336395263,1.3888070583343506,1.6430649638175965,1.6836635136604308,0.0897763739824294,0.0915137028694152,0.0967192075252533,0.0969809019088745
5798,462,5,8,1.69,0.79,False,True,False,True,4.905027122497558,4.938502311706543,5.985731720924377,5.996752316951752,10.373917607224948,10.106099863556588,8.344845998577682,6.638346001306717,1.2947098743915555,1.0119541883468628,2.0496214747428896,2.054352536201477,0.0997180673069424,0.0989501404762268,0.1198344469070434,0.1506442692875861
7253,650,5,8,0.76,0.95,True,False,False,False,4.538325700759888,4.6980332136154175,5.360711681842804,5.379368832111359,11.540570570347365,10.638750608225934,9.31508436611785,9.294201802375207,1.373392446041107,1.3379175662994385,2.115978705883026,2.1296047949790955,0.0916699845966543,0.0939960002899169,0.1073527584075927,0.1075939718246459
5141,1626,6,16,0.41,0.81,False,False,False,False,4.420358778238296,4.750767230987549,4.824210298061371,4.831935999393463,11.685742123985264,10.524615834813025,10.364390627869655,10.347819215111375,1.1124013304710387,1.0758869647979736,1.4646506190299988,1.470205683708191,0.0884071755647659,0.0950153446197509,0.0964842059612274,0.0966387199878692
5576,1647,7,32,1.61,0.8,True,False,False,False,4.370709960460663,4.705241799354553,4.781321907043457,4.790562927722931,11.752495473256772,10.625966995458237,10.453652313037905,10.432139793507304,1.1407290768623353,1.0924794673919678,1.506462037563324,1.5112397837638851,0.0879066253143198,0.0941090822219848,0.0956603462696075,0.0958576120376586
6985,1899,8,16,0.64,0.92,True,False,False,False,4.42624116897583,4.755411505699158,4.80938687324524,4.812022774219513,11.61115081727677,10.511637188819066,10.395321585968343,10.386727527838334,1.2265785241127014,1.2858953475952148,1.5582110166549683,1.563894748687744,0.0886496414837084,0.0951326608657836,0.0961971201896667,0.0962767171382904
4286,262,6,8,0.13,0.99,False,True,True,False,3.966066696643829,3.890876531600952,4.761961686611175,4.767943663597107,13.18669090358106,12.850575071903812,10.49987458827452,10.486701116847415,0.7354672026634216,0.5094486474990845,1.41726815700531,1.4281130456924438,0.0793213339328765,0.077817530632019,0.0952392337322235,0.0953588732719421
7554,1554,6,8,1.79,0.84,False,True,False,True,4.673895218372345,4.702709794044495,5.951308608055115,5.963491773605346,11.007491034868885,10.611396526193277,8.400046940935319,8.380740093054406,1.2058950746059418,1.0379375219345093,2.023102009296417,2.025569026470184,0.0939856038898229,0.0942383098602294,0.1190469539165496,0.1193212042331695
5056,253,2,16,1.32,0.77,False,True,False,True,4.021154367923737,4.01105546951294,4.8888596296310425,4.897084100246429,12.99076251153982,12.465547094401424,10.227333936327764,10.210157518086747,0.7240829908847809,0.373637318611145,1.7139077305793762,1.7167581844329831,0.0805880168199539,0.0802211093902587,0.0977771925926208,0.0979416820049285
4947,1208,7,8,1.73,0.75,True,True,False,True,5.441255643963814,5.479574680328369,5.513258326053619,5.531471838951111,9.094062621592084,9.12391230749074,9.06541092535822,8.202393071448881,1.7963920176029204,1.8308049440383911,2.1834116101264955,2.1989751768112185,0.1104347685154746,0.1096021056175232,0.1103093957901001,0.1285528101528386
5858,630,4,16,0.68,0.83,False,True,False,True,4.44648212313652,4.1815632581710815,5.6830122590065,5.689145748615265,12.140114783128864,11.955027476232466,8.79815102187782,8.78866568187275,0.9848749065399168,0.510833740234375,2.194468247890472,2.205778124332428,0.0890827696959654,0.0836468195915222,0.11366024518013,0.1137829149723052
4415,219,4,32,1.73,0.88,True,False,True,True,4.420498161315918,4.783169269561768,4.943894684314728,4.954684777259827,11.680292160598135,10.446587130796711,10.107671458735355,9.980889461519205,0.9944816863536836,0.9944658279418944,1.63120299577713,1.6342754292488098,0.0891739206335374,0.0957250428199768,0.0989347567558288,0.1002301853282109
4441,1501,5,8,0.58,0.95,False,True,True,False,4.114415467977524,3.90542471408844,5.11976728439331,5.12682988166809,12.87873190415088,12.802705061398132,9.76606888999845,9.752615390872103,0.7748957359790802,0.4889124631881714,1.5988576889038086,1.641693615913391,0.0822883093595505,0.0781084942817688,0.1023953456878662,0.1025365976333618
7399,399,3,16,0.62,0.76,True,False,False,True,4.195071902275085,4.489921689033508,4.725107884407043,4.742201216220856,12.411526354641683,11.135541994861732,10.580204662042618,10.53871085783138,1.1350514912605283,1.3464630842208862,1.518181335926056,1.569449782371521,0.084069367146492,0.0898025441169738,0.0945161306858062,0.0948882660865783
6102,249,6,32,1.41,0.75,False,False,True,False,4.2280321228504185,4.375022292137146,4.836976087093353,4.845829753875733,11.980698959525602,11.420962064175406,10.336195578726455,10.287861570852256,1.1291532230377197,1.1218647956848145,1.8066798448562624,1.809618527889252,0.0857983109156291,0.0875582981109619,0.0967473955154419,0.0972985521793362
6101,1493,1,8,1.13,0.9,False,False,False,True,4.383768937587738,4.356008172035217,5.0812451362609865,5.087806651592254,11.685432382453312,11.475978346813395,9.839023759594594,9.826298310996062,1.1873053455352782,1.1751936674118042,1.5607634782791138,1.5664184069633484,0.088085914337635,0.0871385407447815,0.1016360998153686,0.1017677226543426
6424,1223,7,8,0.45,0.93,True,False,True,False,4.628224437236786,4.800761103630066,5.247580170631409,5.260176525115967,11.204294762973843,10.41501523317452,9.528201261714392,9.505384512704548,1.4068613398075105,1.4140616655349731,2.1665454745292663,2.168455801010132,0.0925644887447357,0.0960152220726013,0.1049516034126281,0.1052035305023193
6214,929,3,8,0.6,0.75,False,True,True,False,4.162335152626038,3.904429316520691,5.194552624225617,5.202047100067139,12.693683626898396,12.805968998812592,9.625468089179776,9.611600788975684,0.8148219549655914,0.4928468465805053,1.7721848130226134,1.7780282163619996,0.0832467030525207,0.0780885863304138,0.1038910524845123,0.1040409420013427
4001,1960,7,32,0.52,0.9,True,False,True,False,4.403220112323761,4.764335751533508,4.81308673620224,4.82705677986145,11.633453341852087,10.492490040151694,10.38765833906791,10.301382838585068,1.1242236864566804,0.973595142364502,1.5539615511894225,1.6132705545425414,0.0888401972174644,0.0953062629699707,0.0962680878639221,0.0970963728427885
7424,1517,3,32,1.74,0.99,False,True,False,False,3.852255764007568,3.666837930679321,4.91114981174469,4.916714959144592,13.359571113636145,13.62659501957083,10.18050652463426,10.164534417797816,0.7482723104953766,0.4475909471511841,1.5753486633300782,1.5870790433883668,0.0775910178005695,0.0733859062194824,0.0982269396781921,0.0983812895774841
5571,1974,7,16,1.97,0.73,False,True,True,True,4.672995719909668,4.612644195556641,6.161347186565399,6.178056585788727,10.900856039299171,10.832918267081489,8.111954701347672,8.092476272637331,1.328785665035248,1.1068761348724363,2.147651481628418,2.150568470954895,0.0938958930121527,0.0923112344741821,0.1232748501300811,0.1235715703010559
5985,1236,3,16,1.65,0.94,False,False,True,True,4.48565765619278,4.71343469619751,5.032319641113281,5.047236831188202,11.378319202399522,10.606526632775116,9.91876681277621,9.89879927228171,1.2400004601478576,1.3118520975112915,1.87385493516922,1.88715677022934,0.090270758044414,0.0942815732955932,0.1008189847469329,0.1010223542690277
6916,267,1,8,0.65,0.74,True,True,False,True,5.554621059553964,5.600308895111084,5.628510820865631,5.634069337844848,8.89507915894272,8.927673435307335,8.88129928370514,7.721637296352456,1.9358044488089423,2.0669331550598145,2.1099211096763613,2.114931983947754,0.1129210501157936,0.1120112657546997,0.1125961382389068,0.1378759291676916
4654,1225,3,32,0.81,0.79,True,False,False,False,4.341343122720718,4.591227293014526,4.948288238048553,4.959573814868927,11.95374750201842,10.890334300366916,10.104504390616803,10.08151141364844,0.9802578628063202,1.0434885025024414,1.6327247023582458,1.6341532397270202,0.0868268624544143,0.0918245458602905,0.098965764760971,0.0991914762973785
5246,2048,7,16,1.4,0.72,False,False,True,True,4.872717859745026,5.224798202514648,5.725492084026337,5.732795052528381,10.65461456648211,9.560962869448243,8.732029244801355,8.69795676679386,1.1531004953384398,1.3668156862258911,1.712299609184265,1.719531021118164,0.0984922814756631,0.1045919775962829,0.1145209174156189,0.1150262467145917
7511,1095,5,16,0.9,0.85,True,False,False,True,4.427717713117599,4.722155570983887,4.908743321895599,4.916398930549621,11.598075339106636,10.588212605430073,10.184967313915132,10.16032771827916,1.2271316719055176,1.3181816339492798,1.515474021434784,1.5215865850448609,0.0890402210613835,0.0944446468353271,0.0981839184761047,0.0984220348834991
7675,646,7,32,0.94,0.9,False,True,False,True,4.204400852918625,4.209007263183594,5.0387698888778685,5.054269337654114,12.463104095163724,11.877562730862076,9.91862644069001,9.883848813986791,0.941167495250702,0.8325357437133789,1.4975611925125123,1.5093512892723082,0.0843825332590409,0.0841923570632934,0.1008204116821289,0.101179333673941
5218,1293,3,32,0.76,0.7,False,False,True,True,4.588029643297196,4.929785132408142,4.972387039661408,4.981429212093353,11.198400282152985,10.142040922957854,10.053968439774795,10.036052148118552,1.1733512210845949,1.0658005475997925,1.5751242280006408,1.581636724472046,0.0918998773117323,0.0985994839668273,0.0994632141590118,0.0996407740116119
7849,67,2,32,1.6,0.97,True,True,True,True,4.479069779469417,4.52210807800293,4.541241073608399,4.554964399337768,11.043698738006766,11.055575995144546,10.99594605269635,9.798610668453716,1.3929370660048264,1.3914072513580322,1.415037202835083,1.441938190460205,0.0907348925587022,0.0904520940780639,0.0909426383972168,0.1049370595659528
6277,282,5,16,1.54,0.87,True,False,True,True,4.401197588443756,4.758283257484436,4.79073668718338,4.809765157699585,11.728260109639235,10.506308501169324,10.43094887250357,10.393942448624044,1.140085551738739,1.178110122680664,1.5525792837142944,1.6023476457595824,0.088148619563956,0.0951809096336364,0.0958685555458068,0.0962098843574523
7123,1244,4,8,0.87,0.77,False,False,False,False,4.410107895135879,4.764051079750061,4.834279227256775,4.843792140483856,11.7735589164911,10.495269514958888,10.342803630329962,10.322490896016564,1.2430084872245788,1.319877028465271,1.484363842010498,1.4934931802749634,0.0882021579027175,0.0952810215950012,0.0966855845451355,0.0968758428096771
7666,1795,5,32,1.95,0.82,True,False,True,True,4.356607786417007,4.600091934204102,4.809119915962219,4.815696532726288,11.797378471963832,10.868598785046624,10.39691272140002,10.382714056881762,1.1620389914512634,1.3518513441085815,1.5563233375549317,1.5633319973945616,0.0871598378069857,0.0920081806182861,0.0961823983192444,0.0963139306545257
6151,1592,3,8,0.75,0.81,False,True,True,False,4.107128685712814,3.991931080818176,5.011503183841706,5.027400395870209,12.791524344666604,12.514921310355929,9.97704659804031,9.945497962026163,0.8189980673789978,0.5262702703475952,1.5273474097251891,1.5662895011901854,0.0823164178287828,0.079904625415802,0.1002300636768341,0.1005480079174041
4873,1917,3,8,0.47,0.86,True,False,True,False,4.696259903907776,4.850453495979309,5.430660533905029,5.437299554347992,11.071846918302631,10.307453172221702,9.20677363025059,9.18185328293874,1.3667872941493988,1.2189576625823977,2.133723294734955,2.139157843589783,0.0942841936185956,0.0970171761512756,0.1086156833171844,0.1089104756832122
5414,1582,1,8,1.51,0.86,True,False,False,True,4.756283465623856,4.908871173858643,5.435353231430054,5.442706406116486,10.842568502263568,10.18302012672156,9.198205182263498,9.185535795872942,1.4020780515670777,1.496388554573059,2.1480043649673464,2.151111385822296,0.095558538886217,0.0982026982307434,0.1087168617248535,0.1088668122291565
6728,254,4,8,0.55,0.77,False,False,True,True,4.583570342063904,4.941405177116394,5.040319585800171,5.063307211399079,11.227572490828813,10.115903570712058,9.917210159672631,9.873825321545976,1.1795434868335724,1.2410930395126345,1.4783687114715576,1.4911013174057006,0.0922886950833456,0.0988542461395263,0.1008348097801208,0.1012778705596923
6547,861,3,32,0.75,0.97,False,False,True,True,4.5373913705348965,4.849807024002075,5.007672703266143,5.023225893974304,11.32026431078933,10.30957173988484,9.983795531182537,9.953127730752833,1.2282069778442384,1.2602107524871826,1.6265531063079834,1.6316076707839966,0.0914323725957136,0.0969972395896911,0.1001623077392578,0.1004709300518035
4987,454,5,8,1.88,0.81,False,False,False,False,4.693012872934341,4.724113464355469,5.637399971485138,5.683767642974853,10.88603092918014,10.578903286423696,8.863861216539288,8.785258520269076,1.4274309861660004,1.1699963808059692,2.1874069809913634,2.189961748123169,0.0946046855449676,0.0945277571678161,0.1128176596164703,0.1138270478725433
5811,580,2,16,1.54,0.83,False,True,True,True,4.6184759151935575,4.899933815002441,5.514130985736847,5.521349229812622,11.345282323298315,10.197311142484356,9.06596183764514,8.803099142991625,1.0405998742580411,1.0672208070755005,1.79848872423172,1.8039331912994383,0.09318574487783,0.0980650687217712,0.1103026926517486,0.1136017676865731
4090,1437,1,32,1.1,0.72,True,False,False,False,4.315304346084595,4.625897765159607,4.680556106567383,4.685136008262634,11.908995504035516,10.808712727272212,10.68249134093002,10.672048961204103,1.1020529556274414,0.984106183052063,1.4589228034019457,1.544032108783722,0.0863060869216918,0.0925179553031921,0.0936111221313476,0.0937027201652526
7185,1340,8,8,0.57,0.91,False,True,True,True,4.305123643875122,4.475871801376343,5.039410424232483,5.046984632015228,12.205754163769234,11.170459475944536,9.921245297717835,9.904641613167463,1.0142691457271575,1.0552153587341309,1.532483744621277,1.542287893295288,0.0865965669208102,0.0895218324661255,0.1007937996387481,0.1009627655506134
6808,831,5,8,0.15,0.72,False,True,True,True,3.9136682522296895,3.804829955101013,4.697556984424591,4.704581773281097,13.272462921860454,13.140521076356888,10.643830537472002,10.62793727768839,0.9582776701450348,0.9739266633987428,1.4385992646217345,1.4452388405799863,0.078452653660093,0.0761004829406738,0.0939511396884918,0.0940916354656219
5417,1409,3,32,0.11,0.81,False,True,False,False,3.976088873147965,4.099772572517395,4.617300522327423,4.641972193717956,13.08749845714476,12.19206662546983,10.827740994721143,10.768780668368803,0.6309609222412109,0.5255178213119507,1.0720603108406066,1.1061644530296326,0.0798777378059163,0.0820205521583557,0.0923553676605224,0.0928610239982605
6666,924,1,16,0.74,0.76,False,True,False,False,3.7484530138969423,3.884433031082153,4.2554025888443,4.262176496982574,13.703055985191371,12.871088736810371,11.749296499666066,11.729010705684171,0.6583716797828675,0.5501956939697266,1.026342248916626,1.0660175371170044,0.0752650908549626,0.0776935052871704,0.085111478805542,0.0852586828708648
4883,920,2,16,0.21,0.89,False,True,False,False,3.80786344051361,3.935225009918213,4.339987206459045,4.360705759525299,13.516627132323338,12.704581125562466,11.518437668239107,11.464722078874232,0.5990351295471191,0.5107673406600952,0.9374847292900086,0.9700782752037048,0.0764205243156069,0.0787117648124694,0.0868173296451568,0.08722409491539
7156,1426,5,16,1.16,0.74,False,False,True,False,4.427414766550064,4.76094126701355,4.818981790542603,4.835084221363068,11.637796282293772,10.502124942199464,10.37563581123804,10.341082090766154,1.2618624031543733,1.4022231101989746,1.6318487763404843,1.6825308966636658,0.0885482953310013,0.095218825340271,0.096379635810852,0.0967016844272613
5101,938,7,32,0.3,0.79,False,False,False,True,4.5505601906776425,4.940463542938232,4.991203737258911,4.999377062320709,11.289743441583646,10.11805335545757,10.014201897957737,9.961083969373256,1.15240051984787,1.2708195447921753,1.6033491373062134,1.6061430859565735,0.0920335215900458,0.0988332414627075,0.0998581826686859,0.1005872994105016
4853,1613,3,32,1.85,0.8,True,True,True,True,4.828017055988312,4.838586926460266,4.86644858121872,4.887086880207061,10.356844096634925,10.33359573367918,10.27443302398561,10.231239549769512,1.2166599869728087,1.020851492881775,1.4887267351150513,1.49261075258255,0.0965603411197662,0.0967717385292053,0.0973289716243743,0.0977417376041412
6548,584,8,8,0.73,0.8,True,False,False,False,4.621120712757111,4.774760246276856,5.413729333877564,5.419406163692474,11.41543567323803,10.471729978785088,9.235777579726244,9.226103099215784,1.3994373714923858,1.3056384325027466,2.0542660474777223,2.0614136695861816,0.092568812022538,0.0954952049255371,0.1082745866775512,0.1083881232738494
7555,1423,6,32,0.8,0.89,True,False,False,True,4.703612571954727,4.895694851875305,5.324050998687744,5.3368369317054745,11.03362898522722,10.21305485383741,9.391345052251848,9.36884556279882,1.4013613295555114,1.5667718648910522,1.9218150734901427,1.932050468921661,0.0940722514390945,0.0979138970375061,0.1064810199737548,0.1067367386341095
6990,612,1,8,0.39,0.75,True,False,False,True,4.715758328437805,4.79040265083313,5.419002294540405,5.431164174079895,10.922259001570326,10.435429272757943,9.224702340282237,9.205063745207369,1.474263871908188,1.3330236673355105,2.0654175877571106,2.0728508019447327,0.0945644755132736,0.0958273959159851,0.1084045848846435,0.1086358829975128
4479,396,8,32,0.39,0.83,True,False,True,False,4.407137013673783,4.728979587554932,4.88586710691452,4.896866574287414,11.64971849758988,10.571760215365952,10.231658750973914,10.139800470686623,1.1551734602451325,1.0610812902450562,1.6044179439544677,1.6090007829666138,0.0892598949946608,0.0945916271209716,0.0977358632087707,0.0988582141792067
6848,707,3,16,1.51,0.98,True,True,True,True,4.793396738171578,4.8060959577560425,4.826632928848267,4.840203444957734,10.4314858371637,10.403454373532504,10.359189092585542,10.330144837048303,1.2822062373161316,1.529310941696167,1.5394413113594054,1.54878497838974,0.0958679347634315,0.0961219191551208,0.0965326585769653,0.0968040688991546
6498,1220,3,16,1.0,0.76,False,True,True,True,3.5669045555591583,2.92266845703125,4.850129497051239,4.858720424175263,15.147555396221248,17.104629841256415,10.309003101874792,10.290775274694402,0.7889143180847168,0.5947996377944946,1.4851523995399476,1.4928508448600768,0.071463292924563,0.058463704586029,0.0970025899410247,0.0971744084835052
6271,774,6,8,1.73,0.84,False,False,True,True,4.534473730325699,4.748973369598389,5.163833796977997,5.187206795215607,11.3042497273274,10.528591371541491,9.682729496717531,9.639099431070404,1.335624203681946,1.2587212324142456,2.1393694281578064,2.148816945552826,0.0907605929911136,0.0949794673919677,0.1032766759395599,0.1037441359043121
5040,1228,1,8,1.42,0.99,True,False,False,False,4.538196051120758,4.609007835388184,5.445163106918335,5.456710569858551,11.491770852706734,10.841399969197692,9.178738603938438,9.076839935069652,1.233434457778931,1.0817185640335083,2.161251449584961,2.1667537331581115,0.0919826429462315,0.0922390103340149,0.1089474325180053,0.1102320056410394
4495,244,4,16,0.77,0.96,False,False,True,True,4.467860338687896,4.80555272102356,4.848826026916504,4.853088803291321,11.532707369063823,10.404630417245812,10.311774391385478,10.302716899737735,1.160915687084198,1.0167932510375977,1.5524377942085266,1.588626024723053,0.0893572067737579,0.0961110544204711,0.09697652053833,0.0970617760658264
4046,740,8,16,0.43,0.83,True,False,False,True,4.364464176893234,4.7110137939453125,4.774025845527649,4.789099445343018,11.784456051188798,10.611498028488864,10.465238986310933,10.304465106815496,1.0501713895797729,0.9247487783432008,1.424396920204162,1.510181028842926,0.0877007432218548,0.0942374014854431,0.0955544357299804,0.0970538407918568
7925,734,6,32,1.24,0.96,True,False,True,True,4.427496091127396,4.697452425956726,4.929098856449127,4.939516036510468,11.61320783126826,10.642734796700342,10.141338274678125,10.094246869597155,1.2465839636325835,1.3869774341583252,1.6080602169036866,1.650889744758606,0.0889594138826642,0.0939608120918274,0.0986063156127929,0.0990760586738585
5007,548,3,32,0.02,0.76,False,True,False,True,4.053706997632981,3.9265449047088623,5.023825335502624,5.033390076160431,12.917456744581235,12.73074665228228,9.952575314559818,9.93366284993515,0.7441286408901214,0.4905037879943847,1.5052217960357657,1.5630578374862671,0.0817939974960354,0.0785499882698059,0.1004765067100525,0.1006678015232086
5142,517,6,32,1.86,0.94,False,True,True,True,4.110741120576859,3.965097188949585,5.114755856990814,5.124363152980805,12.749509027075389,12.610032109346715,9.775637806260995,9.757310032127286,0.8419354999065399,0.5811154842376709,1.7552829742431642,1.7626572704315184,0.0822148224115371,0.0793019437789917,0.1022951171398162,0.102487263059616
7588,1643,7,32,1.25,0.81,False,True,False,True,3.98905354142189,4.141166925430298,4.643202698230743,4.650962054729462,12.950367600940234,12.073180755564668,10.768346478316936,10.745751431354757,0.8749793064594269,0.645197868347168,1.7389285445213318,1.74915757894516,0.0804608697512491,0.0828282141685485,0.0928647682666778,0.0930600347042083
7780,578,8,16,0.83,0.83,False,True,False,False,4.106625977754593,3.941810250282288,5.050357758998871,5.055438194274903,12.758443539290882,12.684528201474691,9.899199608695536,9.885912946055935,0.8638225698471069,0.5007702112197876,1.593053686618805,1.6370095229148864,0.0823384792136179,0.0788362050056457,0.1010182681083679,0.101154036951065
6625,1913,4,16,0.75,0.79,False,False,False,True,67.85670414123129,69.1943393945694,179.88094720840454,179.89109885692596,5.157389168516828,0.722602462806031,0.277958308547319,0.2682151720837639,23.395393130627085,10.080101609230042,121.09613952636718,121.10965638160704,1.407815558733231,1.383886787891388,3.59766184091568,3.849273904449775
5469,364,6,8,1.45,0.95,False,False,True,True,4.465381108522415,4.75024688243866,4.968702352046966,4.979894938468933,11.459829410209132,10.512472408378418,10.058351139348938,9.249247439495448,1.0877882719039915,1.0705220699310305,1.8117188215255733,1.817042617797852,0.090233585632344,0.095125138759613,0.099419873714447,0.1081249648566756
6411,707,8,32,1.42,0.74,False,True,True,True,2.3186628818511963,2.317936062812805,2.340831792354584,2.342635543346405,21.56510752357485,21.570963830176385,21.35993928748231,21.34348748960464,0.4586048637117658,0.4584817886352539,0.4797391414642334,0.4810220623016357,0.0463732576370239,0.0463587212562561,0.0468166358470916,0.0468527108669281
7907,1917,5,32,0.45,0.78,False,False,False,True,47.03643396252492,60.033939599990845,73.91231489181519,73.9180998802185,7.284521459660452,0.8328622164920795,0.6764772565056928,0.676424313953745,6.831523293354472,1.276879072189331,15.015250444412231,15.020919275283813,0.9407286792504984,1.200678791999817,1.4782462978363038,1.47836199760437
4321,591,1,8,0.94,0.7,True,False,True,False,2.96187710762024,2.9547046422958374,2.9991129517555235,3.0071126675605773,16.88209164443051,16.92216537142383,16.67160589387568,16.627276731973094,1.1895222544670103,1.1863741874694824,1.230350661277771,1.2310381269454955,0.0592375421524047,0.0590940928459167,0.0599822590351104,0.0601422533512115
5780,1150,4,16,0.61,0.74,False,False,True,True,4.479434660673141,4.800227999687195,4.880329000949859,4.890176105499267,11.435180614484668,10.416032475367022,10.23996107767762,10.216054562636383,1.189071409702301,1.1707180738449097,1.5400717496871947,1.547595808506012,0.0899453084071477,0.0960058450698852,0.0976566212177276,0.0978851468563079
4119,321,4,16,0.23,0.78,True,False,False,False,4.518485983610153,4.873561978340149,4.955223619937897,4.961186218261719,11.33634075011762,10.256370873580783,10.089020163696778,9.965247080824756,1.1490688169002532,0.9877958297729492,1.5720064878463742,1.6141223812103271,0.0911563745260238,0.0975003767013549,0.0991176531314849,0.1003490172863006
7236,495,3,32,1.1,0.99,True,False,False,True,4.493736931085587,4.819019556045532,4.935767149925232,4.942841358184815,11.436797029719903,10.375554498957504,10.130137534347115,10.115639240361617,1.2304911172389985,1.317601203918457,1.4958107113838195,1.5097410559654236,0.0901977638989686,0.0963803911209106,0.0987153429985046,0.0988568271636963
6769,1968,8,32,0.6,0.81,False,True,False,False,3.88742023229599,3.881223082542419,4.574835658073425,4.581965479850769,13.376382541781927,12.882537709768044,10.929354429051196,10.912347598904727,0.7297409296035766,0.5440503358840942,1.2540753483772278,1.2977056193351746,0.0777868620554605,0.0776244616508483,0.0914967131614685,0.0916393095970153
6100,1144,6,16,0.72,0.83,False,False,False,False,39.60459815570287,4.804147243499756,100.07858204841614,100.08855235099792,7.199409041156315,10.407149079073765,0.4996073991358231,0.4995576300336022,36.24588806016104,1.468600511550903,96.38523478507996,96.76597910881044,0.7926620257113169,0.096087794303894,2.001571640968323,2.0017710470199583
8027,294,2,32,1.16,0.99,True,True,True,True,4.307918801903725,4.320829153060913,4.3479363322258,4.354178559780121,11.607253497265074,11.571853104539594,11.499708410625711,11.483222244696966,1.486634400486946,1.589317798614502,1.6383180975914002,1.6497966241836548,0.0861583760380745,0.0864165830612182,0.0869587266445159,0.0870835711956024
5150,1336,1,8,0.7,0.95,True,False,False,True,28.41650429385448,4.874467849731445,73.18180632591248,73.19271047115326,7.343899876782763,10.257529958425042,0.6832108357891573,0.6828993586358257,24.77218803327683,1.4570913314819336,69.04803490638733,69.51820721626282,0.5824712350323573,0.0974893569946289,1.463677020072937,1.464344931125641
5163,838,3,32,0.52,0.76,False,False,False,True,4.579812732934951,4.933688759803772,4.999592685699463,5.017694537639618,11.296384795227636,10.134405006467752,10.00081470463803,9.964735729828789,1.1956749355793,1.0956312417984009,1.564341032505035,1.5784771633148191,0.0915962546586991,0.0986737751960754,0.0999918537139892,0.1003538907527923
5905,1771,3,32,1.98,0.77,True,True,False,True,4.858271577954293,4.874873518943787,4.894901871681213,4.9005593585968015,10.292459540438127,10.25667636583351,10.21470962220743,10.202917837547568,1.2296615540981293,1.4420807361602783,1.5469942331314086,1.5519658041000366,0.0971654315590858,0.0974974703788757,0.0978980374336242,0.098011187171936
7257,1180,6,8,0.07,0.83,False,True,True,True,4.337415981292724,4.681647300720215,4.870478761196137,4.878037624359131,12.119567508093857,10.680001458670398,10.265931226100667,10.250023445317366,1.0165235257148744,1.14821195602417,1.510979127883911,1.5143128061294555,0.0867483196258544,0.0936329460144042,0.0974095752239227,0.0975607524871826
4107,1087,7,32,0.2,0.93,False,True,True,True,62.41299070129099,62.63696622848511,122.5877812385559,122.59638301849364,4.4874883125057545,0.7982506658705597,0.4078709925611463,0.4078423748670332,36.27398070623708,3.743471145629883,119.29646334648132,119.32147407531738,1.2482598140258192,1.252739324569702,2.4517556247711183,2.4519276603698734
6488,350,8,16,0.12,0.89,False,False,True,False,4.449767408370971,4.794841408729553,4.843236351013184,4.856340892314911,11.551202866036032,10.426729368348743,10.322879085186388,10.293700685277823,1.1901495492458345,1.2470110654830933,1.55902704000473,1.606365840435028,0.0895408168524503,0.0959073519706726,0.0968721992969512,0.0971467920780181
7881,238,7,16,0.06,0.8,True,True,False,True,73.33115535974503,76.81333982944489,76.82141923904419,76.82621030807495,0.7582213465657541,0.650928603746997,0.6508601454719414,0.6508195558309176,17.80316123366356,17.864155769348145,17.884320080280304,17.884499323368072,1.4666231071949003,1.536266796588898,1.5364283847808835,1.536524206161499
7256,1873,8,8,0.46,0.8,False,True,True,False,55.68099945099628,76.13159084320068,120.10567021369934,120.4938199043274,8.949804734979535,0.6567575883574946,0.4163000790140627,0.2960239173743608,20.00400486148772,17.639501571655273,60.33213663101196,84.24347033500663,1.215691392125793,1.5226318168640136,2.4021134042739867,4.900418633869707
6896,495,1,16,0.91,0.93,True,False,True,True,102.84496401067366,123.86289882659912,123.91838784217836,123.92192588806152,1.551323651106124,0.4036721284070471,0.4034913694074034,0.4034798494466985,100.03495145680613,120.99770998954772,121.03875331878662,121.16605546951294,2.0568992802134733,2.477257976531982,2.478367756843567,2.4784385177612305
4204,998,2,8,1.86,0.96,False,False,False,True,4.702497458457946,5.1171241998672485,5.315773522853851,5.3280900192260745,10.984856292735849,9.7711132363229,9.405968822941109,9.3842258352532,1.257219125032425,1.463855862617493,1.7978651881217955,1.8032213258743288,0.0940499491691589,0.1023424839973449,0.106315470457077,0.1065618003845214
4741,288,4,16,1.6,0.92,True,False,True,True,4.484132694005966,4.778674602508545,4.974196100234986,4.9813556122779845,11.449638790746768,10.462989396983838,10.050697761893508,10.034171296944765,1.1574924731254577,1.05459725856781,1.5730316877365111,1.57595609664917,0.0903553722488988,0.0955749797821045,0.0994955797195434,0.0996595877647399
4314,1850,4,8,0.54,0.77,True,False,False,True,4.750868264436722,4.893473505973816,5.526414453983307,5.535857670307159,10.9993794083398,10.214772068902334,9.047060994523244,9.02785404511278,1.3756070947647094,1.4859708547592163,2.2288487434387205,2.232907736301422,0.0952495513836543,0.0978974366188049,0.110533136844635,0.1107683363437652
7369,384,4,8,0.89,0.86,False,False,False,True,4.496211270093918,4.856567978858948,4.892536151409149,4.902505497932434,11.478193543454132,10.294715324621162,10.219211192190995,10.19125955374238,1.2277646934986115,1.355168342590332,1.487739384174347,1.4947354888916016,0.0900800444435287,0.0971372175216674,0.0978549108505249,0.0981232982635498
6531,214,4,8,0.77,0.77,False,False,False,False,12.251289893899646,4.840746402740479,60.20114455223084,60.20998390197754,10.598047007127684,10.328985955476364,0.8305489933266491,0.8304270614772032,4.496058702468872,1.304411768913269,24.62534213066101,24.629992361068727,0.2451322033352904,0.0968149280548095,1.204022891044617,1.2041996780395507
7370,1403,3,16,1.24,0.97,True,True,True,True,4.942505175726755,4.977207660675049,5.005941367149353,5.014549961090088,10.07378056370455,10.04287502194293,9.980182414760437,9.66919966595422,1.4057286262512207,1.475951075553894,1.4841681122779846,1.5226103782653808,0.0992932890558999,0.0995730876922607,0.1001985702514648,0.1036353358003828
7949,1547,6,8,0.18,0.86,True,True,True,True,5.461512824892997,5.472593069076538,5.498506808280945,5.504698202610015,9.155263909750552,9.136436678414238,9.093377852133838,9.083173804690398,1.9461102485656736,1.9403480291366573,2.006230652332306,2.0098250985145567,0.1092302564978599,0.1094518613815307,0.1099701361656189,0.1100939640522003
6949,554,4,8,0.52,0.73,False,False,True,True,4.587398208379746,4.7451701164245605,5.217767190933228,5.230772716999054,11.17962863859106,10.536581623061622,9.579400601385387,9.55702029426138,1.3234063518047332,1.3884845972061155,1.7020420551300048,1.7161124157905578,0.0924684163738699,0.0949074411392212,0.1043906655311584,0.104635125207901
4685,1190,8,8,0.09,0.89,False,False,False,True,4.649919595718384,5.008073329925537,5.092970752716065,5.1022997045516965,11.10226041410412,9.983426913619075,9.81711843386057,9.79231628165198,1.211894668340683,1.0601255893707275,1.6538522601127623,1.6658836603164673,0.0932080633312464,0.1001660060882568,0.1018628847599029,0.1021208872795104
5502,104,3,16,1.24,1.0,False,True,False,False,3.726613938808441,3.752176523208618,4.401801645755768,4.408825271129608,13.893075635641894,13.325600073059425,11.358985263858685,11.340889459877603,0.5732552540302277,0.3965573310852051,1.0752153754234317,1.1192961168289184,0.0745322787761688,0.0750435304641723,0.0880360329151153,0.0881765054225921
4784,878,8,8,0.8,0.96,True,True,True,True,5.6610169995505855,5.6662278175354,5.731014156341553,5.734984359741211,8.822959741814676,8.8108340952801,8.722277189157799,8.68835958409783,1.6807182240036298,1.813340663909912,1.8633289337158203,1.864822988510132,0.1133511147887675,0.1134966325759887,0.1146489686965942,0.1150979384199101
5721,338,6,16,1.25,0.98,False,True,True,False,3.739224070310593,3.744674801826477,4.521183252334595,4.528179259300232,13.712180533925178,13.338452927122658,11.052083863056213,9.75458488461819,0.6191663193702698,0.3309367895126343,1.2395058870315552,1.2418899416923523,0.0759681668082995,0.0749712133407592,0.0904806745052337,0.1025502099990842
5500,1944,3,16,1.35,0.95,True,False,True,True,4.347276235818863,4.470338702201843,4.909233367443084,4.918912928104401,11.79631560441739,11.18417332829911,10.184658762370155,10.16376300832027,1.1486806225776671,1.1091159582138062,1.506883192062378,1.5245368218421935,0.0871113478285925,0.0894120621681213,0.0981868929862976,0.0983887561321258
5299,1734,1,8,0.99,0.88,True,False,True,True,4.691283009052277,4.867596745491028,5.401651990413666,5.411020536422729,11.007490706944008,10.271107015516296,9.256144268762895,9.235659929025312,1.3545801746845243,1.459564208984375,2.107611620426178,2.1119510912895203,0.0947520121925018,0.0973604893684387,0.1080363454818725,0.1082759660243988
5446,325,6,8,1.89,0.91,True,True,True,True,5.719935432076454,5.763872623443604,5.80032114982605,5.806359736919403,8.650970807972126,8.67409413246931,8.617326974793302,7.832389430765509,1.8557381868362424,1.662351131439209,2.1505224466323853,2.156480321884155,0.1160799914598465,0.1152858138084411,0.1160452675819397,0.1345497101783747
4543,444,2,16,1.89,0.88,False,False,False,True,4.607972044944763,4.6496487855911255,5.872760558128357,5.889555742740631,11.18088716426884,10.751594997292855,8.506723257077955,8.4876069211919,1.104050806760788,0.9285100698471068,2.0818780064582825,2.0853014373779297,0.0927419525894315,0.0930094575881958,0.1175540769100189,0.1178188402175903
6273,1667,8,16,0.02,0.79,False,True,False,False,3.739491145610809,3.787041425704956,4.3211095333099365,4.332560546398163,13.840840996300892,13.202918701564345,11.571102194201435,11.54051978197087,0.6072912430763244,0.4833443164825439,0.9834344506263732,0.9878664922714232,0.0747898229122161,0.0757408285140991,0.0864221906661987,0.0866512109279632
4073,1322,8,16,1.61,0.92,True,True,True,True,5.109563317894936,5.119572877883911,5.151349115371704,5.172291793823242,9.78614817809818,9.76643986228462,9.706195265427958,9.666982076938414,1.231364557147026,1.1249067783355713,1.5886908292770383,1.591883234977722,0.1021912663578986,0.1023914575576782,0.103026982307434,0.1034458358764648
7356,361,6,16,1.64,0.9,False,True,False,False,3.241226297616959,2.791686773300171,4.553240871429443,4.571211807727813,16.138580847737213,17.902552622629567,10.980342187157715,10.92952957466942,0.7596136260032654,0.4056607484817505,1.809282112121582,1.817730405330658,0.06552679720985,0.0558579635620117,0.0910718438625335,0.0914952463150024
5862,483,5,32,0.47,0.89,False,True,False,False,3.7378285133838656,3.622141122817993,4.581138277053833,4.588976633548737,13.986407451051662,13.799452317563532,10.91269613116754,10.889387384369105,0.7466105651855469,0.5901463031768799,1.2443450450897218,1.2492393469810483,0.0751527070217272,0.0724666452407837,0.091636382818222,0.091832530593872
4182,1887,2,16,1.32,0.99,False,True,True,False,3.693638602495193,3.685962796211242,4.384984171390533,4.38693953037262,13.98637385765636,13.56497686131342,11.402549712349687,11.397467702189124,0.5998729979991912,0.3502782583236694,1.172062873840332,1.1775628161430358,0.0738727720499038,0.0737192559242248,0.0876996834278106,0.0877387906074523
6381,977,1,8,1.98,0.91,False,True,False,True,4.940251613855362,5.154807329177856,5.882333028316498,5.895621919631958,10.250053562914538,9.69210787922776,8.490343184725273,8.328505887306667,1.625947847366333,1.4662158489227295,2.423786962032318,2.4652284598350525,0.1000592891495601,0.1031767344474792,0.1177808718681335,0.120090041581322
7677,1216,4,16,0.66,0.86,True,False,False,False,4.404794951677323,4.777458071708679,4.829137992858887,4.838320419788361,11.699528736741645,10.465312882994874,10.35271999671177,10.33178140074068,1.1967111039161682,1.4023141860961914,1.5030038356781006,1.5744458436965942,0.0885774210439008,0.0955537605285644,0.0965929727554321,0.0967887329101562
5643,977,1,32,0.16,0.98,False,False,True,True,4.541522109508515,4.84746527671814,5.008925426006317,5.033043181896209,11.3714527611406,10.313827266506838,9.981404785817864,9.934126986219434,1.109638820886612,1.1157002449035645,1.544317352771759,1.5470018362998963,0.0909543171957918,0.0969572186470031,0.1001862993240356,0.1006630982398986
4718,1692,7,16,1.75,0.91,False,False,True,False,4.632183398008347,4.912437677383423,5.298411405086517,5.308224716186524,11.128456603944496,10.175053372719685,9.431869035635597,9.414225290039203,1.2240648198127746,1.219216227531433,1.926763653755188,1.9307747340202333,0.0932394173804451,0.0982795882225036,0.1060235247611999,0.1062222295761108
4532,1282,4,32,0.01,0.9,True,True,False,True,4.71277841925621,4.725725054740906,4.748278415203094,4.763644292354583,10.610025465479428,10.58038704594945,10.530132327772051,10.496384568905132,1.2197092473506927,1.0108695030212402,1.499518871307373,1.5007690501213071,0.0942555683851242,0.0945145010948181,0.0949655683040619,0.0952728858470916
4801,1664,3,16,0.06,0.97,False,True,True,False,3.782753391265869,3.769006848335266,4.132437086105346,4.152239515781402,13.32775535230492,13.266094229141844,12.099397770618149,12.04169474379212,0.7681808161735535,0.8543336391448975,1.079778528213501,1.0835596418380735,0.0756550678253174,0.0753801369667053,0.0826487417221069,0.083044790315628
7331,562,1,8,0.81,0.97,False,False,False,True,4.509975419044495,4.798614740371704,4.902333784103393,4.907470061779022,11.337633650148804,10.418364512183334,10.198458610742929,10.186075021535771,1.2411980199813843,1.3373422622680664,1.497142744064331,1.508584222793579,0.0903595940998622,0.0959843564033508,0.0980540332794189,0.0981732422828674
5362,2039,5,16,1.05,0.86,False,False,False,True,4.53164109826088,4.867697358131409,4.9985680222511295,5.020026049613953,11.350252837348435,10.268409615775749,9.98587424295,9.95337170676177,1.1128994166851045,1.1333788633346558,1.4687653779983514,1.5120485496520997,0.0912411445286539,0.0973860716819763,0.1001414585113525,0.1004715172105364
5739,2028,5,8,1.54,0.91,True,False,False,False,4.722664694786072,4.822327494621277,5.458654284477234,5.469364035129547,11.016842394168144,10.368437296278255,9.159766747994414,9.141830694576097,1.4280649852752685,1.257768154144287,2.1682131767272947,2.1784172010421754,0.0944532938957214,0.0964465498924255,0.1091730856895446,0.1093872807025909
7484,934,1,16,0.57,0.94,True,False,True,True,4.425801854133606,4.738144159317017,4.921853768825531,4.926897203922271,11.573469628710145,10.544256914247708,10.156561719727092,10.091664040217704,1.2236631298065186,1.3916722536087036,1.556523537635803,1.5976237177848815,0.0897233097428367,0.0948383569717407,0.0984585165977478,0.0993147619883213
5262,1179,5,16,0.41,0.95,False,False,False,True,4.20916308760643,4.182468771934509,4.988007056713104,4.998311400413513,12.233744973269756,11.95314623607353,10.023222362706797,9.994443749857911,1.137669721841812,1.1692758798599243,1.5563819527626035,1.564200580120087,0.0849932445113621,0.0836599826812744,0.0997683145999908,0.1000555965900421
7987,70,1,8,1.3,0.74,False,False,False,False,4.653039917945862,4.459571599960327,7.352837169170368,8.064167606830598,11.160998472490974,11.211839284962016,6.802992086300423,6.200267980339022,1.5815606355667111,1.3960920572280884,3.819973039627064,4.4830705618858335,0.0930607983589171,0.0891914319992065,0.1470567433834073,0.1612833521366119
6041,1332,6,32,0.86,0.87,True,False,True,False,4.411553789377212,4.759995341300964,4.805347609519958,4.815528464317322,11.699298708852762,10.504212031827263,10.405074554342852,10.383076797143728,1.205117440223694,1.2251170873641968,1.5894094228744506,1.6331834650039672,0.0883675375384669,0.0951999068260192,0.0961069521903991,0.0963105692863464
5378,1201,4,16,0.03,0.73,True,True,False,True,4.787552297115326,4.8109660148620605,4.852272164821625,4.876685125827789,10.40272221369706,10.392079054291798,10.299635321944066,10.011593618267996,1.2925922095775604,1.151461124420166,1.5594608783721924,1.5611878895759583,0.0961500280329159,0.0962271356582641,0.0970908255577087,0.0999884204387664
4580,1646,6,8,1.89,0.95,False,False,True,False,4.656775184869766,4.659321546554565,5.979749321937561,5.98948691368103,11.098641951440388,10.730510059465374,8.360024418984057,8.341296693937409,1.1972067987918853,1.0803234577178955,2.1114020705223084,2.1522284007072447,0.0935646760505178,0.0931922149658203,0.1196168756484985,0.1198854372024536
4531,1887,7,16,0.37,0.81,False,False,False,True,4.50732343673706,4.874274730682373,4.946246159076691,4.953915257453918,11.366007339698337,10.253306536391356,10.10682632517555,10.044406310052803,1.1224335730075836,1.1439428329467771,1.5980704426765442,1.6012342810630795,0.0912124901003697,0.0975295138359069,0.0989430284500122,0.0997695165409756
5455,1845,8,8,1.84,1.0,False,False,False,True,4.7002802908420565,4.8039127588272095,5.859129655361175,5.868426265716553,10.975448084703403,10.40582352177417,8.53082094202557,8.519074899813829,1.175977523326874,1.1135529279708862,2.179550349712372,2.183510751724244,0.0945355140328407,0.0961000347137451,0.1172220129966735,0.1173836378097534
6919,844,3,16,0.64,0.74,False,True,True,True,3.761287885904312,3.552754044532776,4.606424784660339,4.614245934486389,13.835637948503312,14.073588932210177,10.854404956908995,10.83600673000667,0.7751511776447296,0.4693644046783447,1.5563840866088867,1.5628693509101867,0.0753640312910079,0.0710550808906555,0.0921284956932067,0.0922849186897277
6407,221,2,32,1.11,0.85,False,True,False,True,4.073550434112549,4.029897570610046,4.896380913257599,4.902951426506043,12.74166909294162,12.403364126110633,10.209674784744626,10.192141792371224,0.7769401800632477,0.4825531244277954,1.6183092713356018,1.6660042881965638,0.0819773978868064,0.080623288154602,0.0979463129043579,0.098114804983139
5565,1329,3,16,0.25,0.77,False,False,True,False,4.41600930929184,4.803748726844788,4.853645408153534,4.870236926078796,11.640413123967068,10.406607088048483,10.297196932739316,9.6264501165463,1.0835110783576964,1.085720181465149,1.4965908885002135,1.501637179851532,0.0895700107723474,0.0960927987098693,0.0971138086318969,0.1040689616501326
4925,586,6,16,1.26,0.76,False,True,True,True,4.20677911400795,4.3081923723220825,5.049073529243469,5.0751485037803645,12.452912691017712,11.6029595148649,9.893035153008178,9.801250090288187,0.7915718853473663,0.5463674068450928,1.6395238995552064,1.6426981735229491,0.0852958475381136,0.0861849093437194,0.1010812137126922,0.1023045402228826
7616,1390,4,8,0.58,0.97,False,False,False,False,4.50701522231102,4.849818348884583,4.89499443769455,4.9084834337234495,11.420376084820282,10.309231675573647,10.213947715201815,10.16353461548916,1.2873765659332277,1.4034922122955322,1.4989248275756837,1.508664038181305,0.0903048194272177,0.0970004391670227,0.0979053378105163,0.0983909754276275
5350,517,5,32,0.09,0.87,True,False,True,True,4.50588548541069,4.793591618537903,4.960610353946686,4.966061651706696,11.373527655864976,10.429596691484306,10.07870358810318,10.06378551331922,1.1144896399974824,1.0648300647735596,1.4845460176467895,1.4878506994247436,0.0906159631322411,0.0958809852600097,0.0992191100120544,0.0993661956310272
5428,1181,2,8,0.04,0.81,True,False,True,False,4.676398870944976,4.879349589347839,5.359291052818298,5.37920684337616,11.108473977739123,10.24608912778543,9.329188231004515,9.293146183295791,1.4192028951644895,1.5849270820617676,2.13229022026062,2.136481213569641,0.0941250573396683,0.0975982141494751,0.1071904625892639,0.1076062301635742
5766,1953,8,32,0.03,0.91,False,True,True,True,4.095957269668579,4.00898814201355,4.937938916683197,4.959116911888122,12.793244478122851,12.471975037505858,10.12568224880953,10.082440400313798,0.799770154953003,0.6060546636581421,1.4855254411697387,1.4918345403671265,0.0819915695241979,0.080179762840271,0.0987587783336639,0.0991823382377624
4652,1357,6,16,1.97,0.96,False,True,True,True,4.959737842082977,4.922804594039917,6.052393507957459,6.059537658691406,10.471598196627228,10.156811842771493,8.26119450785,8.251454633842446,1.349548419713974,0.9389559030532836,2.0205933451652527,2.0304480171203614,0.0991947568416595,0.0984560918807983,0.1210478701591491,0.1211907531738281
5329,1671,7,32,0.8,0.89,True,False,True,True,4.101836494207382,4.260335564613342,4.648067975044251,4.656131329536438,12.425546813389095,11.725481873238849,10.751157105343935,10.696119924581163,0.9884977722167968,1.0483887195587158,1.4776127696037291,1.4817547297477722,0.0828925338492674,0.0852843427658081,0.093013244152069,0.0935954843521114
6238,885,5,32,1.38,0.77,False,False,False,False,4.357129527330399,4.66600501537323,4.855946147441864,4.861662304401397,11.7309895049705,10.714053170022016,10.296281372776098,10.278718523038902,1.120541317462921,1.152852177619934,1.775150430202484,1.7780029010772704,0.0874091280747983,0.0933353590965271,0.0971224429607391,0.0972883923053741
6638,1223,1,32,0.83,0.95,True,False,True,False,4.172372241020202,4.386983036994934,4.840348196029663,4.847018144130707,12.716168857514008,11.397354313690563,10.329835412820612,10.31562079187808,1.1814996683597565,1.198941946029663,1.5805338144302368,1.6008621048927307,0.0834474448204041,0.0877396607398986,0.0968069639205932,0.0969403628826141
7092,296,8,32,0.23,0.91,True,True,False,True,4.969119301438331,4.980701446533203,5.017897236347198,5.03276673078537,10.062736857297304,10.038746674208772,9.964333519838316,9.934893208173955,1.362140592932701,1.3981846570968628,1.5425921201705932,1.5501625275611877,0.0993823860287666,0.099614028930664,0.1003579447269439,0.1006553346157074
6448,747,2,8,1.53,0.8,False,True,True,True,4.313604191541672,4.660672068595886,5.218283450603485,5.22687313079834,12.241865392814686,10.721033074531752,9.578397762853577,9.5477596727361,1.149223333597183,1.0316013097763062,1.9573150873184204,1.9603708624839784,0.0868230570585008,0.0932745933532714,0.1044015946388244,0.1047460734632279
5855,693,5,16,0.45,0.86,True,True,True,True,5.112818461656571,5.152120351791382,5.17855681180954,5.182760648727417,9.67827782248831,9.704090217553894,9.654492368678984,8.862840568028734,1.2581210911273957,1.492827534675598,1.5594652771949769,1.5626670026779177,0.1036444200452636,0.1030493307113647,0.1035787241458892,0.1172922313297492
7332,1996,4,32,1.51,0.93,True,False,True,False,4.383915212154388,4.687309980392456,4.828009569644928,4.839732513427735,11.755379128909876,10.667099109067395,10.35623465678864,10.33114955712969,1.2035086667537689,1.3839455842971802,1.5368650913238526,1.5863968062400815,0.087801048310101,0.0937461996078491,0.0965601913928985,0.0967946502685546
4276,1954,7,16,0.4,0.89,False,True,False,False,3.803290036916733,3.897201657295227,4.3782005429267885,4.385039205551148,13.595339297466728,12.826654730952995,11.420216941369322,11.402406607971944,0.6337178790569306,0.505581259727478,0.9940786361694336,0.99916827917099,0.0762488789796829,0.0779626512527465,0.0875640108585357,0.0877007841110229
5465,1959,1,32,0.72,0.87,True,True,True,True,4.8928663522005085,4.927719473838806,4.9630257964134215,4.976176981925964,10.117831160293177,10.1457593965667,10.07145075581605,9.25416681238142,1.2976461708545686,1.1083171367645264,1.5891687035560609,1.5946588730812072,0.0990836126605669,0.0985633468627929,0.0992905623912811,0.1113485548019405
4468,550,1,16,1.46,0.87,True,False,True,True,4.19165064573288,4.347767114639282,4.653737390041352,4.670549175739288,12.223155977218964,11.500156791994046,10.744052823960091,10.705379619748184,1.065087434053421,1.1141682863235474,1.6398016810417175,1.6439938569068908,0.0838330129146575,0.0869553422927856,0.093074747800827,0.0934109835147857
8143,237,3,8,1.26,0.81,True,False,True,True,4.752132130861282,4.879334092140198,5.537844443321228,5.550987870693207,10.958354132628749,10.244519321108209,9.02750157707717,9.007361940942646,1.5383656883239747,1.4744929075241089,2.108545410633087,2.169700140953064,0.0956316057655546,0.0976131701469421,0.1107726199626922,0.1110202972888946
6240,248,4,32,0.13,0.98,True,False,False,False,4.361590895652771,4.723128080368042,4.792868685722351,4.814090740680695,11.785530082922987,10.580986543851322,10.43064636818354,10.283595991049571,1.1972087550163268,1.2317039966583252,1.5544979572296145,1.5655726671218873,0.0881634102582931,0.0945091485977172,0.0958713357448577,0.0973254903316494
6656,991,4,8,0.21,0.78,False,False,True,True,4.527889479398727,4.873629331588745,4.909284615516663,4.919545645713806,11.390393913823978,10.259294796707104,10.18478331467304,10.163540379998384,1.2628913259506225,1.271445393562317,1.7272963285446166,1.7433457422256469,0.0905577895879745,0.0974725866317749,0.0981856923103332,0.0983909129142761
4450,2022,6,32,0.94,0.73,True,False,True,False,4.301266388893128,4.600147128105164,4.807621192932129,4.814002432823181,11.960277831270131,10.865234001779775,10.394247156045632,10.141885770277703,1.1126609766483306,1.011110782623291,1.577827978134155,1.6236838388442991,0.0869929578258877,0.0920366740226745,0.0962070639133453,0.0986323060308182
8091,1632,2,8,0.28,0.71,False,True,False,True,4.415888003110886,4.592747688293457,5.109775853157044,5.132749762535095,11.857828323179996,10.886328727588054,9.784228568330546,9.741149003515174,1.091072030067444,1.1456413269042969,1.6357908368110656,1.6407529377937318,0.0885128448796994,0.091858332157135,0.1022052991390228,0.102657294511795
5182,1135,2,16,0.53,0.95,False,True,True,False,3.785716744661331,3.790587067604065,4.431160581111908,4.438323109149933,13.609106908604236,13.18479949871465,11.28372559700977,11.265516001493353,0.6161113512516022,0.4905911684036255,1.014546704292297,1.0468707919120788,0.0759949590583384,0.0758449292182922,0.0886232116222381,0.0887664621829986
4550,494,7,8,0.83,0.77,True,False,False,False,4.719721213579178,4.743987679481506,5.577031564712525,5.592537043094635,11.037134811023853,10.539109770833353,8.964462517540134,8.938954603239447,1.4651267039775848,1.623834252357483,2.218596494197845,2.223806388378143,0.0948890502956178,0.0948846745491028,0.1115515847206115,0.1118699698925018
7295,1434,3,32,0.17,0.83,True,False,False,False,3.930591436624527,3.719252109527588,4.756236684322357,4.760813643932343,13.114736847902783,13.442324720944251,10.511067996097248,10.498447040602148,1.15349839925766,1.234614014625549,1.5520198822021485,1.554320981502533,0.0790573986580497,0.0743918943405151,0.095137811422348,0.0952521831512451
4580,1558,6,8,0.92,0.74,True,True,True,True,5.52329125404358,5.552727222442627,5.585679507255554,5.60822681427002,9.053591251371342,9.00458423456398,8.951462844252811,8.915588554031855,1.8504369348287584,2.1180806159973145,2.1320114493370057,2.177153980731964,0.1104658250808715,0.1110545444488525,0.111713590145111,0.1121645362854003
6501,1716,6,8,1.32,0.99,False,False,False,True,4.4566828680038455,4.702806711196899,4.999935352802276,5.023935647010803,11.42532467314702,10.629883430933296,9.984662585207182,9.91123592173592,1.195002943277359,1.2423748970031738,1.803406083583832,1.8113712644577027,0.0903598954823853,0.0940744090080261,0.1001536121368408,0.1011010660966232
4827,315,3,16,1.92,0.75,True,False,True,False,4.176920173168182,4.384839296340942,4.744992065429687,4.754158263206482,12.36858528660767,11.397605487218776,10.533721921980646,10.492652938478482,1.0999211382865903,0.9945824146270752,1.487746667861938,1.5919656729698182,0.0842014746116555,0.0877377271652221,0.0949332075119018,0.095365477659391
8138,1593,3,16,1.5,0.96,True,False,True,True,4.41169090628624,4.741805911064148,4.835611009597779,4.848228099346161,11.57650628999501,10.543430457654214,10.338225268341194,10.274397148601496,1.3012219202518462,1.4515718221664429,1.490712344646454,1.5239181470870973,0.0892223719294554,0.0948457908630371,0.096728401184082,0.0974932092931531
4084,1835,5,8,0.31,0.77,True,False,True,True,4.68301749587059,4.721035003662109,5.549681901931763,5.556842174530029,11.1145322368429,10.589911516683223,9.008753724053042,8.993051373399114,1.2939509010314942,1.3997009992599487,2.1796902298927305,2.1842581701278685,0.0943227372534964,0.0944294953346252,0.1110031454563141,0.1111970428943634
4566,553,2,16,0.03,0.78,False,True,True,False,3.768405551910401,3.752633213996887,4.464174818992615,4.471344630718232,13.71958351457889,13.323163079175476,11.199107689456405,11.182116803000625,0.6775417578220367,0.5026285648345947,1.1492188572883606,1.151547875404358,0.0757292992483485,0.0750572514533996,0.0892928283214569,0.089428507900238
7513,1657,8,8,1.72,0.74,True,False,True,False,4.943723232746124,4.859461784362793,6.045799207687378,6.064374918937683,10.71051949529277,10.289205381935414,8.27020519443266,8.24487293377518,1.7709688556194303,1.4629954099655151,2.8111243724823,2.815477104187012,0.0991752357423305,0.0971892356872558,0.1209159841537475,0.1212874983787536
5589,441,7,16,0.84,0.9,False,True,False,False,3.864641145467758,3.88599956035614,4.605033504962921,4.613172101974487,13.418370605437254,12.865044904806524,10.857684303063786,10.83852909726112,0.7272112572193146,0.5575236082077026,1.2744741559028625,1.2779162216186524,0.0775844519110741,0.077730004787445,0.0921006700992584,0.0922634420394897
7709,1053,5,32,0.38,0.76,True,False,False,False,4.475348665714264,4.802781343460083,4.857386672496796,4.869440915584565,11.504270824059242,10.410634265064656,10.293600942572096,10.268119269533743,1.2913178956508635,1.3942985534667969,1.521930992603302,1.5313301587104795,0.0895069733142852,0.0960556268692016,0.0971477334499359,0.0973888183116912
4856,1692,8,16,1.79,0.81,True,True,True,True,4.862994715571404,4.899590730667114,4.930062782764435,4.950509421825409,10.17582834891285,10.204282281614605,10.13043594931418,9.28422762718438,1.2185425609350204,1.03181254863739,1.4966678500175477,1.4989451456069949,0.0985325833138297,0.0979980731010436,0.0987124383449554,0.1111670171344978
4924,217,2,8,0.6,0.8,False,True,False,True,4.173364619016647,4.432921886444092,4.7144339203834535,4.732269060611725,12.512080880321015,11.27773835730544,10.603743562968187,10.559763135037285,0.9177640414237976,0.9072693586349488,1.5531021714210511,1.558293447494507,0.0835714568138121,0.0886702609062194,0.0943063170909881,0.0946990945339202
6590,1245,3,16,0.37,0.9,False,False,False,False,4.6083188819885255,4.936224937438965,5.06957129240036,5.07878265619278,11.22481336525668,10.129198048244325,9.862766914200249,9.844878861415436,1.2252061140537265,1.260568380355835,1.5598892211914062,1.5656255507469177,0.0921663776397705,0.0987244987487793,0.1013914258480072,0.1015756531238556
7955,516,3,8,1.56,0.97,True,False,False,True,4.596039589643478,4.617120385169983,5.351662909984588,5.354633812904358,11.253290597080357,10.826978468723516,9.342776774577173,9.336214052064957,1.4810837829113006,1.46854829788208,2.060916566848755,2.065375702381134,0.0920616095881712,0.0923618745803833,0.1070345599651336,0.1071097981929779
6458,262,1,32,0.83,0.97,True,False,False,False,4.405398099422455,4.737039685249329,4.778850209712982,4.789042863845825,11.692265733041877,10.555115288197186,10.46276778750757,10.440499651002789,1.1903546202182769,1.2178512811660769,1.5205122470855712,1.527612237930298,0.0881079619884491,0.0947407937049865,0.0955770041942596,0.0957808572769165
7333,1431,1,8,1.31,0.94,False,True,True,False,3.739829941987992,3.212430238723755,5.233339452743531,5.246113965511322,14.850345622351664,15.541988766145998,9.552551436340684,9.517284107859586,0.8292486929893493,0.5098696947097778,2.117438268661499,2.123104104995728,0.0758565029165324,0.0643418550491333,0.1046840739250183,0.1050719920635223
4142,1694,2,16,2.0,0.79,False,False,False,True,4.766424100399018,4.747728586196899,5.934619104862213,5.9474017262458805,10.776579713950976,10.4383070756108,8.419020957254999,7.608764373435405,1.2063312911987305,0.9926531314849854,2.0974137187004085,2.1936036729812622,0.0971851190969005,0.0958009886741638,0.1187786567211151,0.1315387749479659
6221,763,1,8,1.93,0.96,True,False,True,True,4.784843907356263,4.8266414403915405,5.566937744617462,5.573388066291809,10.859140294341133,10.359170171716864,8.981598557636936,8.971203774109718,1.443580070734024,1.2403844594955444,2.1903606057167053,2.199259159564972,0.0956968781471252,0.0965328288078308,0.1113387548923492,0.1114677613258361
6613,1663,8,8,0.96,0.91,True,True,False,True,5.4821657747030255,5.481616377830505,5.519959008693695,5.523101422786713,9.120771092756003,9.12139720996527,9.058038291611728,9.052884691732714,1.8118373572826385,1.7482174634933472,2.0334641098976136,2.036558723449707,0.1096433154940605,0.1096323275566101,0.1103991801738739,0.1104620284557342
7430,1613,5,8,1.69,0.94,True,False,False,True,4.573609079122543,4.502888560295105,5.457206773757934,5.463220937252045,11.416407121689636,11.10398343878914,9.162196359796036,9.15211024429463,1.355591777563095,1.287323832511902,2.130787193775177,2.135505192279816,0.0914721815824509,0.0900577712059021,0.1091441354751587,0.1092644187450408
4850,1501,5,32,1.34,0.88,True,True,True,True,4.826927214860916,4.833278775215149,4.865343964099884,4.873317048549652,10.359059977339456,10.344944391335613,10.276765713431685,10.259954737481875,1.2308348387479782,1.3721323013305664,1.545777428150177,1.5511666226387024,0.0965385442972183,0.0966655755043029,0.0973068792819976,0.097466340970993
7938,925,1,32,1.04,0.81,True,False,True,False,4.409502800703049,4.753632664680481,4.858028793334961,4.873408224582672,11.636542349358892,10.514072636751628,10.289142014997982,9.97962955071572,1.235120997428894,1.3832255601882937,1.4674578785896302,1.4748514914512634,0.0890008073950721,0.0951106262207031,0.0971898345947265,0.1002175566261187
6814,1402,8,8,1.21,0.74,False,False,False,True,4.673846987485885,4.964399814605713,5.248134636878968,5.251563827991486,11.00276310987797,9.994288134199977,9.526788668661288,9.509056729737424,1.2299634647369384,1.3032159805297852,1.739229476451874,1.7449357509613037,0.0942669457710994,0.1000571513175964,0.1049671652317047,0.1051720227579915
7714,1946,2,16,1.0,0.9,True,False,False,True,4.520170954465866,4.8048741817474365,4.950131177902222,4.965423197746277,11.394084093705455,10.40609984945871,10.100742425488926,10.069635196362851,1.2835195410251616,1.4596757888793943,1.600732505321503,1.6136936998367308,0.0904034190893173,0.0960974836349487,0.0990026235580444,0.0993084639549255
5350,1747,2,32,0.63,0.75,False,True,False,False,3.8726374077796937,3.953258991241455,4.561179840564728,4.56743861913681,13.327006233819125,12.646731783675497,10.960813175654357,10.939169201738878,0.6368693172931671,0.5092223882675171,1.1085002422332764,1.1144254374504088,0.0782006514532715,0.0790718126296997,0.0912341070175171,0.0914147462402902
7163,679,1,16,1.52,0.82,True,True,False,True,4.693580451607704,4.732195258140564,4.764429605007171,4.7692581343650815,10.542942549150569,10.565275592514844,10.49320907372012,9.640411550931386,1.3850136011838914,1.5195469856262207,1.570176601409912,1.5750450468063355,0.0951464545095668,0.0946496844291687,0.0952997317314147,0.1078120537645672
5864,257,2,16,0.97,0.97,True,False,False,False,4.319988179206848,4.649945139884949,4.720305573940277,4.734201993942261,11.919946819621616,10.751247546207868,10.59236243626088,10.553646201448386,1.0880452644824985,1.1278626918792725,1.4369510889053343,1.4405785846710204,0.0865548648187092,0.0930124616622924,0.094407645702362,0.0947539871692657
4077,667,7,32,1.31,0.93,True,False,False,True,4.359609475135803,4.667654275894165,4.814698660373688,4.821582586765289,11.80814260567776,10.712018724254577,10.384865920290606,10.370039118843874,0.9958696687221528,1.0772639513015747,1.518382453918457,1.5231290078163149,0.0874921690842684,0.0933530855178833,0.0962939732074737,0.0964316517353058
4495,1345,4,32,1.4,0.87,False,True,True,False,3.7405102324485777,3.656877040863037,4.564516711235046,4.572284619808197,13.841626543691056,13.66558343953858,10.95406222226686,10.935452230628464,0.7106889390945434,0.3833807706832886,1.4699306607246398,1.4732626485824585,0.0751160022079944,0.073176531791687,0.0912903342247009,0.0914456923961639
7833,420,2,8,0.24,0.81,True,False,False,False,4.72733868598938,4.751239776611328,5.6606157422065735,5.673337466716767,11.00199942451522,10.518145633359076,8.827527786678468,8.80201185542197,1.5228148090839386,1.4106836318969729,2.3679588437080383,2.370435342788696,0.0956660182139843,0.0950737929344177,0.1132820019721984,0.113616728055477
5187,553,6,16,0.22,0.77,False,False,False,False,4.477883864641189,4.827250838279724,4.909037387371063,4.912602920532226,11.493704775876184,10.357610977120157,10.183635504069086,10.168166959851536,1.1280884206295014,1.2309030294418335,1.5895816326141357,1.595326507091522,0.0900915259987115,0.096547360420227,0.0981967589855194,0.0983461431503295
6902,922,2,8,0.13,0.74,True,True,True,True,5.480274298787117,5.534997940063477,5.556118071079254,5.56769210100174,8.993567263361218,9.032335745996294,8.98629373965919,7.337252013845436,1.8717651963233948,2.142300605773926,2.1577875137329103,2.1965003418922424,0.1116946280189865,0.1107133340835571,0.1112805833816528,0.1409674065862148
7898,647,6,8,0.55,0.9,False,False,True,False,4.03249058842659,3.9429893493652335,4.868857133388519,4.880615050792694,13.004653794528638,12.68073423123963,10.269350414786988,10.24461050676573,1.174783090353012,0.9995772838592528,1.569639718532562,1.5978099179267884,0.0806498117685318,0.0788597869873047,0.0973771426677703,0.0976123010158538
7142,669,5,32,0.25,0.91,False,False,False,False,4.439823652505875,4.738111138343811,4.863787186145783,4.886227498054504,11.599885562693942,10.552728409052998,10.280055065353883,10.232843311341645,1.2399490475654602,1.3331538438796997,1.5312904357910155,1.586381287574768,0.0887964730501175,0.0947622227668762,0.0972757437229156,0.09772454996109
5649,1172,4,32,0.74,0.86,False,True,True,False,3.9400347054004654,3.974170804023743,4.630485498905182,4.6413137197494505,13.24501922938779,12.580799314340103,10.798003801977757,10.77281197150828,0.7697564876079559,0.6041368246078491,1.3036013960838315,1.306490294933319,0.0788326652951862,0.0794862055778503,0.0926097099781036,0.092826274394989
6572,1539,6,16,1.03,0.78,True,True,False,True,4.905801379680634,4.919129967689514,4.945745420455933,4.950466110706329,10.192553740896011,10.164399794281591,10.109699522696376,10.100059096251274,1.2839869916439055,1.0499540567398071,1.5769704699516296,1.5784465718269347,0.0981160275936126,0.0983825993537902,0.0989149084091186,0.0990093222141265
7158,1228,5,8,0.94,0.8,True,True,False,True,5.525841999053955,5.542185425758362,5.565833687782288,5.578160643577576,9.048861159386425,9.021711863823556,8.983380751783248,8.963528222152268,1.979407507181168,2.106967806816101,2.15317245721817,2.162697446346283,0.110516839981079,0.1108437085151672,0.1113166737556457,0.1115632128715515
5147,1606,1,16,1.84,0.72,False,False,False,True,4.677493085861206,4.824475884437561,5.841237854957581,5.854011709690094,10.891662170526551,10.351374596497704,8.554750101467596,8.52860732266799,1.1394471061229705,1.0039575099945068,2.0544585585594177,2.058299300670624,0.0948715975871418,0.0966055274009704,0.1168941237926483,0.1172614423022549
7112,606,5,8,1.37,0.91,False,True,False,True,4.435270496606827,4.688033699989319,5.043546843528747,5.060385274887085,11.743391562990514,10.665452341071228,9.904118502517887,9.880428954594157,1.1380511844158172,1.2677236795425415,1.5462277412414516,1.7559371972084046,0.0887156776627715,0.0937606739997863,0.100968097448349,0.1012101807117462
7428,1501,2,16,1.04,0.93,True,False,False,True,4.419965587854385,4.779169797897339,4.838981711864472,4.846233975887299,11.578250760505934,10.458418247858685,10.33025582051583,10.268130533396354,1.2088813066482544,1.3453474044799805,1.5634438514709472,1.5999843883514404,0.0894335858473006,0.0956167554855346,0.096803023815155,0.0975816955285908
6036,1348,2,8,1.25,0.79,True,False,False,True,4.457837512493134,4.837098598480225,4.956233394145966,4.9649690246582034,11.499440443228725,10.33275514570956,10.081572041560246,9.420862774128008,1.3733287644386292,1.3786345720291138,2.0392134308814978,2.172405867576599,0.0908797983130766,0.0967796087265014,0.0991908824443817,0.1064703123406492
6835,480,4,32,0.33,0.84,True,True,False,True,4.735337004065514,4.776268482208252,4.805182349681854,4.812836046218872,10.454637649623878,10.46751827705842,10.397399187948157,9.634859494291172,1.3181468963623046,1.4198251962661743,1.521570348739624,1.5244288277626037,0.0958828487594922,0.0955336284637451,0.0961778995990753,0.1069230664730068
4941,1124,3,16,0.73,0.79,False,True,True,True,4.075308853387833,3.8291056156158447,5.054856407642364,5.074164657592774,12.927853969358084,13.057879643584313,9.891477819413362,9.853839185085874,0.7266626286506653,0.4197573661804199,1.5908702373504635,1.604171049594879,0.0815061770677566,0.0765821123123169,0.1010971281528473,0.1014832931518554
4023,1272,5,32,0.32,0.84,True,True,True,True,5.018878054618836,5.040549039840698,5.06825202703476,5.087229969501495,9.963146300207708,9.919554320672754,9.865334524385524,9.828702379256312,1.2359055548906326,1.4552679061889648,1.542777132987976,1.545537896156311,0.1003775610923767,0.1008109807968139,0.1013650405406951,0.1017445993900299
6739,607,8,32,1.68,0.78,True,True,True,True,4.760703423619271,4.815343499183655,4.836203932762146,4.843282032012939,10.338164462610036,10.38012466126931,10.33300930133057,8.389071960602314,1.3233809530735017,1.5533555746078491,1.5633607625961303,1.568916528224945,0.0970589536614716,0.0963379573822021,0.0967772321701049,0.1215580122917887
8052,889,3,8,0.91,0.84,False,False,False,False,4.459724082946777,4.794067978858948,4.8432952761650085,4.8516276383399966,11.551436027726195,10.42955609355838,10.323549839305798,10.305819852490362,1.3151341950893405,1.4349342584609983,1.6241541028022766,1.6673557877540588,0.0891944816589355,0.0958813595771789,0.0968659055233001,0.0970325527667999
6840,318,5,16,0.03,0.86,False,True,True,False,3.8733870697021486,3.869299054145813,4.5960766792297365,4.607726163864136,13.38229882892432,12.922237176396251,10.878843740604774,10.851339323804416,0.7586790227890015,0.5049005746841431,1.2915133118629456,1.3357901167869568,0.077787269273826,0.0773859810829162,0.0919215335845947,0.0921545232772827
4919,1730,3,32,1.27,0.88,True,True,True,True,4.822005894780159,4.8505449295043945,4.88071049451828,4.887153260707855,10.305325430636817,10.30783846397153,10.244163303846005,9.855287845807512,1.2864815711975095,1.534843921661377,1.547051465511322,1.5739049100875857,0.0970904141919953,0.0970135498046875,0.0976165618896484,0.1020774870872496
7319,497,3,32,0.41,0.8,False,True,True,True,4.209694777727127,4.013916373252869,4.956055474281311,4.988183071613312,12.183519562397612,12.456662240998014,10.088668386009056,10.023689859959337,0.9580319726467132,0.8080911636352539,1.584049105644226,1.639458954334259,0.0841938955545425,0.0802783274650573,0.0991211094856262,0.0997636614322662
4837,1257,4,32,0.16,0.74,False,False,True,False,4.342217724323273,4.661132216453552,4.710474610328674,4.71456976890564,11.864092989770532,10.72700744995358,10.61464165936408,10.6054218392989,1.101809289455414,1.0115177631378174,1.461019551753998,1.4642737698554993,0.0868443544864655,0.093222644329071,0.0942094922065734,0.0942913953781127
5707,743,2,32,1.23,0.85,False,True,False,False,3.915456920862198,4.013760447502136,4.545637905597687,4.554295992851257,13.23915265882728,12.456908135373675,10.999556295227515,10.97864523484958,0.7881059527397156,0.5747352838516235,1.454052698612213,1.4593999075889588,0.0784512547464081,0.0802767419815063,0.0909127581119537,0.0910859198570251
7787,874,8,16,0.03,0.88,False,True,False,False,3.7017428827285768,3.664876103401184,4.4239994287490845,4.429870429039002,13.918622788320995,13.642296491808,11.300345946340007,11.274855620931236,0.6209852230548859,0.4751765727996826,1.0538743257522585,1.0615676140785215,0.0747469739268807,0.0733014416694641,0.0884928660392761,0.0887019347667693
4076,524,2,32,1.22,0.97,False,True,True,True,4.149422971010208,4.071402311325073,5.023892343044281,5.035769648551941,12.64769342684189,12.280781177158056,9.952442567349438,9.928968864539767,0.7995972919464112,0.5670166015625,1.5899022817611694,1.661383306980133,0.0829884594202041,0.0814280462265014,0.1004778468608856,0.1007153929710388
6579,408,7,8,1.5,0.93,False,True,True,False,4.048804571628571,3.908889055252075,5.074170625209808,5.081023037433624,12.859583099636753,12.788437483655718,9.853827124458975,9.840537945517337,0.8151409614086151,0.4570460319519043,1.7913599491119383,1.7950633478164673,0.0817730772717586,0.0781956362724304,0.1014834125041961,0.1016204607486725
7848,1241,5,32,0.0,0.78,True,False,False,True,4.320364668369293,4.496440768241882,4.864696276187897,4.866715176105499,11.820730682177714,11.117528074967645,10.276872474219962,10.24235887839274,1.225125288963318,1.4035165309906006,1.543026626110077,1.564059455394745,0.0871855258852243,0.0899480533599853,0.0973058683872222,0.097643051034212
4487,1316,8,32,1.2,0.79,True,False,True,True,4.289467964172363,4.515601396560669,4.875390148162841,4.885802540779114,12.102546220791988,11.072722384197368,10.255589501118004,10.2337332962208,0.9750345396995544,1.0787228345870972,1.646129596233368,1.653719789981842,0.0857893592834472,0.0903120279312133,0.0975078029632568,0.0977160508155822
5860,1449,2,8,0.14,0.9,False,False,False,True,4.668610961437225,4.995004057884216,5.160087156295776,5.178762168884277,11.026235912644886,10.008686722453383,9.686961719255793,9.639513674570145,1.2036721885204316,1.2437323331832886,1.5979754209518433,1.6018700575828553,0.0940661580153872,0.0999132084846496,0.1032315444946289,0.1037396738052368
6098,1986,7,16,1.32,0.86,True,True,False,True,4.854510682821274,4.942939758300781,4.970727407932282,4.975449919700623,10.02689855918292,10.113208877579815,10.050047569631507,6.448329718119443,1.2993541687726975,1.576396107673645,1.5890361309051513,1.5902812123298644,0.1003457265448867,0.0988805842399597,0.0995020174980163,0.1552213483717706
7638,1110,1,32,0.33,0.88,False,False,False,False,4.392069374322891,4.74699604511261,4.847880566120148,4.880934209823608,11.791612687216594,10.532872220857888,10.312777419284808,10.234438092324911,1.2172840785980226,1.3237626552581787,1.4938820958137513,1.4983751606941222,0.088134554378886,0.0949408650398254,0.0969670906066894,0.0977093215942382
6181,1864,3,8,0.21,0.81,True,True,False,True,5.724723505973816,5.764597177505493,5.796420085430145,5.815338242053985,8.639986155127628,8.67269711357324,8.618388094480018,7.764342577706252,2.084233382344246,2.3766345977783203,2.3896968007087707,2.391923837661744,0.1163252302482724,0.1153043842315673,0.1160309808254242,0.1371540904819959
7572,332,5,32,1.31,0.92,False,True,False,True,4.081302338838578,4.280434727668762,4.687354636192322,4.731546914577484,12.643367931297698,11.680016260098364,10.6646027470408,10.552851579024011,0.929281212091446,0.8255354166030884,1.4486751675605771,1.6190872168540955,0.0824309683124224,0.0856163191795349,0.0937681469917297,0.094774010825157
4766,715,7,8,1.45,0.99,True,False,False,False,4.284786239862442,4.428199887275696,4.779958736896515,4.792589135169983,11.974606651251424,11.291269878485917,10.46034139693229,10.43277416250629,1.3729141092300414,1.51708984375,2.0812833189964293,2.0837051820755006,0.0856957247972488,0.0885639977455139,0.0955991747379303,0.0958517827033996
4546,917,4,8,0.69,0.97,True,False,False,False,4.703638385534287,4.820991516113281,5.535040414333343,5.542518575191497,11.091260403800602,10.370444291581345,9.03243616623672,8.92783019018543,1.3850447177886962,1.487400770187378,2.192748427391052,2.245627701282501,0.0948796123009195,0.0964278841018676,0.1107121031284332,0.1120113968109261
4611,420,6,8,1.76,0.74,False,True,True,True,4.918108575344085,5.601858258247376,5.697458446025848,5.705084178447724,10.56538842609014,8.91795459827247,8.772527490997751,8.585597310450973,1.2589004850387573,1.6033207178115845,2.0260336637496947,2.0418769764900206,0.09950383671248,0.1121333360671997,0.1139922332763671,0.1164760032748127
7270,1530,7,16,1.25,0.71,False,False,True,True,4.540036795139312,4.899543404579163,5.032764720916748,5.043908431529999,11.329358916855265,10.202495864632072,9.931510453428029,9.884125591629513,1.1973953664302823,1.3765660524368286,1.545629692077635,1.6630273389816284,0.0913876964456157,0.0980152320861816,0.1006896207332611,0.1011756455672414
4576,1252,5,16,0.4,0.89,False,False,False,True,4.450967062711715,4.722515225410461,4.921219670772553,4.927125179767609,11.483940902456784,10.584547345997002,10.159338007684624,10.123117833858666,1.1096120440959931,1.047723650932312,1.5445319652557372,1.5474313282966614,0.0897291037441176,0.0944773530960083,0.0984316103458404,0.0988031767159699
4472,1971,3,8,0.62,0.72,False,True,False,True,4.4354607558250425,4.90112829208374,5.051421451568603,5.058195588588714,11.875757231049237,10.191190021949918,9.893266218979212,9.153182935655469,1.0474126100540162,1.2277765274047852,1.4826895356178285,1.540682544708252,0.0902137328837075,0.0981239676475524,0.1010788528919219,0.1093911908882027
7590,90,6,8,1.04,0.71,True,False,True,True,5.098678625822068,4.867422580718994,6.292022252082825,6.30130761384964,10.359866276113491,10.272377051601095,7.946570752372839,7.9348609946332385,1.8174600481987,1.428101658821106,2.97367582321167,3.0145618677139283,0.1019735725164413,0.0973484516143798,0.1258404450416565,0.1260261522769928
5843,1161,3,32,1.03,0.85,True,True,False,True,4.852360373735428,4.8975701332092285,4.924059438705444,4.933707294464111,10.198035630738984,10.208601578349317,10.148006333857644,9.33617611605884,1.30482160449028,1.5441142320632937,1.590336310863495,1.5985514283180238,0.0983488132357597,0.0979566097259521,0.0985415298938751,0.1110943098068233
5630,1943,4,32,1.27,0.76,False,False,True,False,4.322323085069656,4.56676197052002,4.757283449172974,4.7743884110450745,11.79370482072346,10.946835252445862,10.506816177520786,10.454194053209724,1.1812149739265445,1.0944008827209473,1.694162368774414,1.69805104970932,0.0869754243761301,0.0913506031036376,0.0951763107776641,0.095655389213562
7929,1710,5,32,0.91,0.88,True,False,True,True,4.536398302316666,4.83012330532074,4.989228522777557,4.993002569675445,11.368658085032935,10.351702787535306,10.021589465712449,10.014014489520868,1.266397922039032,1.364895224571228,1.552636981010437,1.5664067149162293,0.0907279660463333,0.0966024661064147,0.0997845704555511,0.0998600513935089
4321,1966,8,32,1.22,0.76,True,True,True,True,4.895274120569229,4.921448349952698,4.948761224746704,4.966652972698212,10.16726563721323,10.158289521829827,10.09778375242622,9.76225598663318,1.2442684084177018,1.4892253875732422,1.5096484899520874,1.510354640483856,0.0983792332519184,0.0984417700767517,0.0990316324234008,0.1026259166153993
7675,1628,2,32,1.55,0.77,True,False,True,True,4.093373719453812,4.230041265487671,4.892890930175781,4.901905863285065,12.908692018341789,11.81300617793408,10.211574532684994,10.185603882236078,1.1430379390716552,1.3453425168991089,1.5492804169654846,1.557774121761322,0.0827725744181208,0.0846524572372436,0.0979280912876129,0.0981851235495672
7601,303,5,8,0.24,0.9,True,False,False,True,4.81164789557457,5.037537336349487,5.5298802852630615,5.53995343208313,10.885943345910448,9.924578911037838,9.03928815992731,9.024802340297324,1.5200289225578307,1.4610611200332642,2.169074010848999,2.210656957626343,0.096464625246294,0.1007599425315856,0.1106281802654266,0.110805758857727
4209,977,5,16,0.05,0.74,True,False,False,False,4.407471736669541,4.747661709785461,4.804016494750977,4.813601832389832,11.654040435402116,10.529651050316652,10.4034003923695,10.285279047711809,1.089928389787674,0.9507724046707152,1.4799165368080138,1.5437714600563048,0.0884746796888958,0.0949699091911316,0.0961224181652069,0.0972336256516945
6564,182,1,8,0.36,0.91,False,True,False,False,4.108049483299255,3.9852336645126334,5.047140300273895,5.062162437438965,12.847931285188686,12.544679094310734,9.90659998152742,9.877201813901332,0.7878354156017303,0.5072064399719238,1.5457787036895752,1.5887483143806458,0.0823408842795425,0.0797150731086731,0.1009428060054779,0.1012432487487793
7328,655,3,32,1.0,0.8,True,False,False,True,4.437104490995407,4.741962552070618,4.835995149612427,4.842110917568207,11.59111286526866,10.54415750044201,10.339133621440135,10.326075139351849,1.232074224948883,1.3747256994247437,1.534395444393158,1.570668246746063,0.0887420898199081,0.0948392510414123,0.0967199029922485,0.0968422183513641
8018,717,8,16,0.0,0.73,True,False,False,True,4.510316181182861,4.864174962043762,4.916225707530975,4.924343681335449,11.43903720615462,10.277466872014864,10.169713292913949,10.153403469915087,1.2026802492141724,1.3927119970321655,1.5216394186019897,1.5240779662132262,0.0903098798513412,0.0973002409934997,0.0983311891555786,0.0984891424179077
7214,199,3,8,1.86,0.98,False,True,False,False,4.129083530902863,3.805350780487061,5.78053058385849,5.814254813194275,12.795962944624089,13.139270907475048,8.648947695284358,8.592128467842965,0.8657257115840912,0.4462012052536011,2.510354232788086,2.514923808574677,0.0831140925774207,0.0761077237129211,0.1156210041046142,0.1163855969429016
6230,466,1,8,0.58,0.86,True,True,True,True,5.444327872991562,5.518052697181702,5.536936259269714,5.5434399652481074,8.98983264965976,9.060385784327003,9.021689626476538,5.180624256817581,1.902318331599236,1.9948220252990725,2.150031864643097,2.1570767998695373,0.1121519449081491,0.1103705763816833,0.1108439817428588,0.193060886596932
8077,1559,2,32,1.8,0.87,False,False,False,True,4.5358913147449496,4.810062289237976,5.184454965591431,5.614427306652069,11.337235468473471,10.393672594903364,9.626368502944723,8.896093082539142,1.4122570633888245,1.4635295867919922,2.138195550441742,2.388826246261597,0.0910298407588686,0.0962123823165893,0.1038813338279724,0.1124089084625244
7157,356,6,32,0.64,0.92,True,True,False,True,4.81032728254795,4.846307277679443,4.891322588920593,4.892597799301147,10.28239809547468,10.316307432261926,10.22159915260174,9.360421957847487,1.3816417515277863,1.609100580215454,1.6659463882446288,1.667611801624298,0.0975913802012801,0.0969339084625244,0.0978320500850677,0.1115353888452049
7501,681,8,8,0.29,0.81,False,False,False,False,4.477287803888321,4.799444675445557,4.854259502887726,4.857913119792938,11.46620688915004,10.417871947918156,10.300232192144229,10.29248549353563,1.2664317679405213,1.4110946655273438,1.5612718343734742,1.6042780900001523,0.0896080411422543,0.0959888935089111,0.0970851900577545,0.0971582623958587
5670,65,7,16,1.03,0.89,True,False,True,False,4.582571432590485,4.220227003097534,7.836240684986114,7.860460648536682,11.459691877826105,11.846139591135184,6.380610567835606,6.360950401520091,1.375638290643692,1.0972270965576172,4.300620925426483,4.311558918952942,0.0922717155707509,0.0844156861305236,0.1567248136997223,0.1572092129707336
8170,1236,8,32,1.65,0.81,False,False,True,False,4.400352926254272,4.4945151805877686,4.867915713787078,4.882963395118713,11.504118903946138,11.12467046125948,10.271337268148647,10.23968357598344,1.3926181030273437,1.2522175312042236,1.9723007917404167,1.9779323291778568,0.0880070585250854,0.0898903036117553,0.0973583142757415,0.0976592679023742
5546,1408,8,8,0.09,0.93,False,False,False,False,4.417431697845459,4.698601484298706,4.900700891017914,4.906371767520905,11.630046024574057,10.641171924012117,10.202299619297268,10.182905159897391,1.1344353067874908,1.1049655675888062,1.499136710166931,1.5167239499092102,0.0887442752543618,0.0939746117591857,0.0980171175003051,0.0982038027286529
4971,763,8,32,1.46,0.81,False,True,False,True,4.2361584305763245,4.2325745820999146,5.118638789653778,5.128052489757538,12.391526326487288,11.809421793029028,9.767663809036726,9.750040317551855,0.8116738080978394,0.5508075952529907,1.732448446750641,1.7376164174079896,0.085024931293442,0.0846781516075134,0.1023786261081695,0.1025636785030365
6436,103,4,16,1.96,0.84,True,True,False,True,4.866643688082695,4.898664951324463,4.932127904891968,4.937095406055451,10.16788366883712,10.20191581992648,10.130341282677804,9.29875377822724,1.599194973707199,1.510390043258667,1.8205351829528809,1.822520248889923,0.0986663958851029,0.0980208277702331,0.0987133574485778,0.1119609637653122
7156,484,8,16,1.34,0.95,False,False,True,True,4.638230168819428,4.809671640396118,5.48840149641037,5.499491429328918,11.120010873762912,10.391877340598398,9.106985582872968,9.081628146516994,1.1973090505599977,0.9451204538345336,1.7915757775306702,1.845554127693176,0.0932914322432718,0.0962290072441101,0.1098058178424835,0.1101124143123626
5132,532,6,16,0.38,0.75,True,True,True,True,4.883934873342514,4.893043518066406,4.92258323431015,4.925862185955047,10.238123220017693,10.218588863414258,10.15726857688857,10.150508591388794,1.3198337316513062,1.1102324724197388,1.610978162288666,1.6113581728935242,0.0976786974668503,0.0978608703613281,0.0984516646862029,0.0985172437191009
7071,1125,2,8,1.48,0.94,False,False,True,True,3.915912631750107,4.057086110115051,4.443420457839966,4.453678028583527,13.06449511447325,12.323381347010308,11.252592563553591,11.226675979382463,1.3993346095085144,1.3893001079559326,1.992617547512054,2.026322510242462,0.0786273658514022,0.0811465597152709,0.0888684091567993,0.0890735605716705
6506,734,7,16,0.13,0.9,True,False,True,True,4.375233985185624,4.671157479286194,4.81828955411911,4.82563588142395,11.645274622363788,10.702393847885428,10.374988966613548,10.3095826683578,1.155696541070938,1.198893427848816,1.471986997127533,1.482463264465332,0.0886051260615597,0.0934370398521423,0.0963856446743011,0.0971967073524694
6226,1071,5,8,0.05,0.99,True,False,False,True,4.572588844299316,4.656288385391235,5.426725316047668,5.441118037700653,11.485806715128328,10.736570035932472,9.21353759536064,9.182748345040746,1.4062291300296783,1.531095266342163,2.075536322593689,2.0821251130104064,0.0920441483943085,0.0931396150588989,0.1085359439849853,0.1088998589992523
5183,275,8,16,1.98,0.72,True,True,False,True,5.007843759655953,5.016156196594238,5.048341274261475,5.0673739314079285,9.984956214534892,9.96779169800516,9.904243359112062,9.86716166499964,1.215919953584671,1.0495110750198364,1.4813958764076234,1.4849461030960085,0.100156875193119,0.1003231239318847,0.1009668254852294,0.1013474786281585
4138,831,7,32,0.88,0.71,False,False,False,False,4.469489288330078,4.7423659563064575,4.96611487865448,4.9979776096344,11.5092677863504,10.541611831791812,10.063093378172674,9.994944552470894,1.1081254637241365,0.959886908531189,1.4690154314041113,1.6122919392585755,0.0898851332346598,0.0948621535301208,0.0993730220794677,0.1000505800724029
4966,1848,4,16,1.01,0.71,True,False,True,True,4.50720106959343,4.859352707862854,4.9493417859077455,4.959891223907471,11.372593198457569,10.285856443722704,10.093088384857134,9.997087985654376,1.1368006432056428,1.071328043937683,1.6046351194381714,1.6165680551528931,0.0909978997737169,0.0972208786010742,0.0990777034759521,0.1000810152530667
6231,258,2,16,1.12,0.92,False,True,True,False,3.8188301384449006,3.838516116142273,4.503026616573334,4.525615494251252,13.55354559998094,13.023301227216542,11.09168842956772,11.038919433779787,0.6613267636299134,0.4717481136322021,1.1898910641670226,1.236275703907013,0.0767961734265089,0.0767854475975036,0.0901575992107391,0.0905905517101287
7290,1159,4,8,0.75,0.92,False,False,True,False,4.469102269411087,4.80991518497467,4.945441687107087,4.978722362518311,11.44261513809859,10.393168593469452,10.101503706747524,8.99846616024683,1.2065468692779542,1.2825613021850586,1.5863548159599303,1.5953523182868956,0.0906674302336048,0.0962170481681823,0.0989951627254486,0.1112936465880445
5636,1950,4,8,0.42,0.91,False,False,False,False,4.459848654270172,4.7778400182724,4.860428106784821,4.863512282371521,11.541582539600574,10.464979974035078,10.287159683005164,10.28063624325504,1.163570635318756,1.137007713317871,1.4993547320365903,1.513098204135895,0.0891969730854034,0.095556800365448,0.0972085621356964,0.0972702456474304
5282,236,6,32,1.79,0.92,True,False,True,True,4.128653391599655,4.375828504562378,4.64288363456726,4.65724496126175,12.359076247114656,11.383945303343452,10.760487820599348,9.519749265974829,0.906096942424774,0.9018534421920776,1.4763456106185913,1.4809237694740296,0.0835668407612376,0.0878430104255676,0.0929325897693634,0.1050771985318923
4376,929,5,16,0.11,0.75,False,False,True,False,4.50088876247406,4.833431959152222,4.910420930385589,4.917351834774017,11.405146168142142,10.343264571748517,10.181035457425612,10.16443898345122,1.1292437624931335,1.008819580078125,1.58957781791687,1.5941489624977112,0.0904102613097145,0.0966812753677368,0.098221836566925,0.0983822138309478
4979,1155,6,32,1.99,0.8,True,False,True,True,4.501042611598969,4.830919861793518,4.974970757961273,4.984017293453216,11.50515222006871,10.349995743852569,10.050310330170053,10.032067986447691,1.1324444282054902,1.118250608444214,1.5518097400665285,1.6440459847450255,0.0900922426902331,0.0966183972358703,0.0994994151592254,0.0996803458690643
4061,620,5,8,1.98,0.92,False,False,True,False,4.651320444345474,5.065977334976196,5.331164348125458,5.338786952495575,11.139152668140383,9.868588635243398,9.377808662162206,9.364302423777913,1.204699945449829,1.2821390628814695,1.9044087886810304,1.912377777099609,0.0932944251122298,0.1013316130638122,0.1066347205638885,0.1067885204315185
4263,710,4,32,0.46,0.78,True,False,False,True,4.380932849645615,4.542418599128723,4.906799709796905,4.916791706085205,11.740089234823955,11.007351920374184,10.185731732439088,10.166089360412585,1.1373630809783934,0.9820374250411988,1.5447628259658814,1.649169201850891,0.0876286568062646,0.0908483719825744,0.0981765503883361,0.0983662414073944
5375,1303,4,32,1.48,0.75,True,False,False,True,3.988842566013336,3.847206473350525,4.774422526359558,4.7901824498176575,12.986166227767002,12.993348290847418,10.472470699555297,10.438015796487898,1.134286997318268,1.0922852754592896,1.5096113443374637,1.5115683341026307,0.0798410787332625,0.076962456703186,0.0954884505271911,0.0958036489963531
5172,397,4,32,0.08,0.89,False,False,True,True,4.528175691366196,4.770982027053833,5.10912104845047,5.125219371318817,11.3356905308508,10.478426718535024,9.78563780819042,9.73760449578774,1.1110090720653534,1.0456726551055908,1.50622318983078,1.5140406537055968,0.0914749220281839,0.0954341745376586,0.1021905798912048,0.102694661951065
6027,827,5,16,0.61,0.75,False,True,False,False,3.8219377386569975,3.83308470249176,4.550333905220032,4.572945535182953,13.527325696001398,13.039986630116196,10.981642723080544,10.882957727479315,0.633217443227768,0.4534221887588501,1.1013478875160216,1.1319179463386535,0.0773686346741284,0.0766871953010559,0.0910610575675964,0.0920095068875477
7809,972,3,8,0.86,0.7,False,False,True,False,4.501212378740311,4.835043907165527,4.882407438755036,4.893172068595886,11.443391214529314,10.341167730007548,10.240849566729835,10.218321366254692,1.2610893619060517,1.4986989498138428,1.562698495388031,1.5937977147102356,0.0900242475748062,0.0967008781433105,0.0976481487751007,0.0978634413719177
5203,1139,1,8,1.58,0.89,True,True,False,True,5.5069695353508,5.5189292430877686,5.542388796806336,5.557100284099579,9.07971704974555,9.059728462698295,9.021380823437177,8.99760124860982,1.8632115691900253,1.6713858842849731,2.1433844447135924,2.14578665971756,0.1101393907070159,0.1103785848617553,0.1108477759361267,0.1111420056819915
5360,377,8,8,1.79,0.82,False,False,False,True,4.827659775018692,4.7359102964401245,6.010298776626587,6.045780711174011,10.435466980911492,10.539407055460751,8.31636564321038,8.268904297880109,1.4830290627479554,1.6990370750427246,2.0963679790496825,2.0999062204360963,0.0974598810007025,0.0948821306228637,0.120244868516922,0.120935007238388
6730,1612,5,8,0.38,0.76,False,False,True,True,4.768687363862991,5.143087863922119,5.230769240856171,5.246312525272369,10.80969504432666,9.721323719352732,9.557464181280327,9.528876687921407,1.2568380451202392,1.313330888748169,1.6025932431221008,1.647485942840576,0.0957210911712164,0.1028666496276855,0.1046302642822265,0.1049441653728485
6690,932,2,8,1.37,0.83,True,True,False,True,5.4799868047237394,5.493934988975525,5.513371181488037,5.524149384498596,9.124415763822531,9.100945102362818,9.068861567178033,9.051167262062942,1.867906454205513,2.129353880882263,2.148881590366364,2.1908976459503173,0.1095997360944747,0.1098786997795105,0.1102674236297607,0.1104829876899719
6635,1000,5,16,1.38,0.72,True,False,False,False,4.381076147556305,4.738764882087708,4.821055138111115,4.83134696483612,11.833156010820623,10.551259316238903,10.368208262629992,10.348394177527709,1.1668634510040283,1.2516189813613892,1.510111153125763,1.5149657440185549,0.0877574836228345,0.0947754168510437,0.0964486799240112,0.0966333872795104
6026,1485,3,16,0.46,0.82,True,False,False,True,4.485336519479752,4.8183465003967285,4.876534950733185,4.89603807926178,11.496487059762352,10.377004049922204,10.253181922272187,10.212338873765605,1.2408763122558597,1.2897098064422607,1.6648579478263854,1.6720063924789428,0.089706730389595,0.0963669300079345,0.0975306990146636,0.0979207615852355
6795,672,4,32,0.41,0.91,True,False,False,True,4.478100761175155,4.828953504562378,4.877683615684509,4.8891772723197935,11.488474748424617,10.354045156342009,10.2462040816453,10.216197110706148,1.185060245990753,1.2467782497406006,1.5590693831443787,1.5627488946914674,0.0898974412024021,0.0965806102752685,0.0975971190929412,0.097883781003952
7240,1193,4,32,1.52,0.72,False,False,False,True,3.961624367237091,3.78486168384552,4.852849137783051,4.869455618858337,13.060073753692912,13.20797478920274,10.30045335408524,10.266077241042463,1.2219146192073822,1.4593534469604492,1.67921884059906,1.731588020324707,0.0796251543608638,0.0757118344306945,0.0970831089019775,0.0974081897735595
6879,1546,3,8,1.73,0.87,True,False,True,True,4.632418048381806,4.58868145942688,5.494442164897919,5.500618264675141,11.259929705965227,10.896376330484712,9.100104895102698,9.089887387249265,1.4468123519420624,1.414076805114746,2.1633773326873778,2.1671487283706665,0.0926483609676361,0.0917736291885376,0.1098888432979583,0.1100123652935028
6757,1592,2,16,1.9,0.96,True,False,False,True,4.484645613431931,4.835099220275879,4.886811006069183,4.893097157478333,11.50407829297336,10.340947951118968,10.231509803012106,10.211153214617529,1.19902738571167,1.2640509605407717,1.58399738073349,1.590064296722412,0.089796732622385,0.0967029333114624,0.0977372860908508,0.0979321316719055
7574,289,5,32,0.69,0.72,True,False,True,True,4.440748108625412,4.770431756973267,4.856549489498138,4.862128369808197,11.488127086466022,10.480430963663174,10.294142613096849,10.282878995052554,1.24913534283638,1.3596203327178955,1.5704632878303528,1.6106614589691162,0.0897320045083761,0.0954159235954284,0.0971426217555999,0.0972490303516387
6413,1434,6,32,0.38,0.75,False,True,False,False,3.66132896065712,3.893134951591492,4.014111387729645,4.021377940177917,13.895027551902633,12.83891014779608,12.455823193214378,12.432992158509371,0.719272928237915,0.5087035894393921,1.2224420428276062,1.2275691318511963,0.0737075030562642,0.0778882312774658,0.0802837343215942,0.0804311617851257
7282,477,7,8,0.56,0.95,False,True,False,False,4.06886441230774,3.86472749710083,5.096725749969482,5.108127086162567,12.955776549391253,12.93752277187382,9.810219828299486,9.788323422666709,0.7987200951576233,0.5518243312835693,1.6612507700920105,1.664917891025543,0.0817758685730559,0.0772945499420166,0.1019345149993896,0.1021625417232513
7871,1431,2,32,0.73,1.0,False,True,False,False,3.7733896005153658,3.5205721855163574,4.719794869422913,4.7377943110466,13.783830479380644,14.19400513221722,10.58644722322183,10.52180796536442,0.8188453531265258,0.6053099632263184,1.368265986442566,1.3751029086112976,0.0761660731076162,0.0704522800445556,0.0944603962898254,0.0950499854131177
7675,1616,7,8,1.5,0.86,True,False,False,True,4.769614173173904,4.822893500328064,5.782624089717865,5.801205072402954,11.00513812730198,10.362479566384206,8.645337776590928,8.595525190037872,1.3991588926315308,1.3931163549423218,2.0896002650260925,2.1395357203483583,0.0964956916275478,0.0965020036697387,0.1156692810058593,0.1164162343660987
7055,1618,8,8,0.89,0.73,False,False,True,True,4.2806085121631625,4.550784111022949,4.613909065723419,4.623878567218781,11.693787307723143,10.985261778758826,10.829723078718771,7.500654759203341,1.2201527976989746,1.3372722864151,1.5603288292884827,1.6043332266807555,0.0871996062026815,0.0910310578346252,0.0923384644985199,0.1333217342276322
4991,1447,6,8,1.51,0.86,True,False,True,True,4.804153739213944,4.881074666976929,5.703949964046478,5.712201707363128,10.864320252549946,10.243440906341558,8.761455215062457,8.653718217831615,1.3775766062736512,1.5070496797561646,2.15409539937973,2.1561358428001403,0.0970877283008475,0.0976234459877014,0.1141362907886505,0.1156014303207395
6764,1980,2,32,0.7,0.71,True,False,False,False,4.350518995523453,4.627483606338501,4.776776850223541,4.788208186626434,11.839516301385869,10.805008685111558,10.467309143727071,10.442319559066762,1.1985850918293,1.3330974578857422,1.5051670789718627,1.5174943065643312,0.087010379910469,0.09254967212677,0.0955355370044708,0.0957641637325286
4594,1095,8,32,1.77,0.94,True,True,False,True,4.959142136573791,4.997974872589111,5.0270424604415895,5.041324861049652,10.00727341566462,10.002868053253827,9.941100618465232,9.4279119603089,1.3443822652101516,1.3648329973220823,1.638038265705109,1.6423048400878906,0.0999903047959956,0.0999713277816772,0.1005924851894378,0.1067037301195991
6757,532,8,32,0.38,0.92,True,False,False,False,4.389398454427719,4.662631392478943,4.967190790176391,4.972905278205872,11.835952607641156,10.723558448689744,10.066051842734453,10.054484698054754,1.1143626403808593,1.2315926551818848,1.6644651889801023,1.6710602736473084,0.0877879690885543,0.0932526278495788,0.0993438158035278,0.0994581055641174
6252,1737,2,8,0.3,0.87,False,True,False,True,4.381913315057755,4.567980766296387,5.149319791793824,5.157502908706665,11.997149449879895,10.941512332725784,9.70529583999352,9.677831586157016,0.9518530154228212,1.0164176225662231,1.529215919971466,1.530488760471344,0.0884279931495731,0.0913950490951538,0.1030365295410156,0.1033341243432915
5794,1502,2,32,0.65,0.81,False,False,False,True,4.42910295009613,4.742911815643311,4.806769633293152,4.819213531017303,11.60478614066043,10.54204715814538,10.401996313330685,10.375136912323905,1.161026816368103,1.152925729751587,1.4987389087677,1.5088225245475768,0.0885820590019225,0.0948582363128662,0.096135392665863,0.096384270620346
7006,169,3,32,0.49,0.95,False,True,True,False,3.94564217209816,3.947347402572632,4.65729079246521,4.663397498130799,13.172763441217608,12.665844038366467,10.73585543434118,10.721796725180528,0.807215963602066,0.605137825012207,1.3326639294624327,1.340387794971466,0.0791063522117478,0.0789524960517883,0.0931458158493041,0.0932679499626159
7171,988,5,8,1.11,0.87,True,False,False,True,4.749304612874985,4.955997109413147,5.434291744232178,5.442060630321503,10.9035081282418,10.086897813299252,9.199105916325436,9.1857498247597,1.4231519675254822,1.4102165699005127,2.031855857372284,2.035069901943207,0.0955928950758541,0.0991385102272033,0.1087062165737152,0.1088642755508422
6178,1938,8,8,0.75,0.93,False,False,False,False,4.5020908510684965,4.852182984352112,4.946383011341095,4.955160644054413,11.500979704025422,10.302635407894304,10.106747591318284,10.067949909183753,1.1762282741069794,1.29823100566864,1.583917486667633,1.5971166729927062,0.0902110633884157,0.0970625472068786,0.0989437987804413,0.0993250922679901
8024,1929,2,32,1.27,0.73,False,True,False,True,4.049724757671356,3.8879956007003775,5.024538338184357,5.030963971614837,12.988382071071833,12.856393902194409,9.951162999788163,9.938453206836726,0.8768812036514282,0.5777987241744995,1.712061548233032,1.752790970802307,0.0811228067594415,0.0777823090553283,0.1004907667636871,0.1006192794322967
4406,1765,4,32,1.28,0.73,True,False,True,True,4.412503887414932,4.756422400474548,4.925446617603302,4.936443090438843,11.605378319953942,10.507121240482396,10.142835789794034,8.708115809284159,1.0782389211654664,0.9971786737442015,1.5283472657203674,1.530544183254242,0.0895623890309579,0.0951735496520996,0.0985917572975158,0.1149162810709738
7677,1877,3,16,0.46,0.75,True,True,True,True,4.939671379327774,4.9503480195999146,4.976775252819062,4.979413111209869,10.12271494355979,10.100299980330393,10.04666625899501,10.041344086329271,1.4007048428058624,1.3521875143051147,1.5912909507751465,1.5938444352149963,0.0987934275865554,0.0990069603919983,0.0995355050563812,0.0995882622241973
4758,651,1,8,1.46,0.85,True,False,False,False,4.5602992415428165,4.751067876815796,5.340958476066589,5.35003182888031,11.525046098727916,10.52332354022273,9.361615565798957,9.345739071990195,1.2508571982383727,1.1195154190063477,2.129698467254639,2.1347892475128174,0.0913712025221656,0.0950270128250122,0.1068191695213317,0.1070006365776062
4570,311,3,32,1.96,0.89,True,False,True,True,4.437394442558289,4.722350716590881,4.890160572528839,4.893322985172272,11.624387426830271,10.587947201296414,10.224613130540105,10.218005261625608,1.1350654780864715,1.1997532844543457,1.609187090396881,1.617241003513336,0.0887478888511657,0.0944470143318176,0.0978032114505767,0.0978664597034454
7953,1380,2,8,0.27,0.8,False,True,False,True,4.16224392414093,4.509501576423645,4.615108704566955,4.619192695617675,12.575190364299315,11.087699860536778,10.833980997314017,10.824402334390932,1.0438385999202728,1.0894460678100586,1.5889586567878724,1.6324479389190674,0.0832448784828186,0.0901900315284729,0.0923021740913391,0.0923838539123535
5578,112,8,32,1.63,0.86,False,False,True,True,4.586847220659256,4.779429912567139,5.402107775211334,5.6845978116989135,11.209985176802457,10.460819327970754,9.248355293965654,8.791416165338221,1.2387203550338746,1.0846807956695557,1.9100909948349,1.9123335671424864,0.0921098641330545,0.0955948066711425,0.108127337694168,0.1137473185062408
4537,908,5,16,1.25,1.0,True,True,True,True,4.887301766872406,4.924863815307617,4.936870908737182,4.953690023422241,10.167616546476587,10.15231680132938,10.125959472018891,9.643090881925607,1.341368156671524,1.6099318265914917,1.6305113077163695,1.6329487299919128,0.0984062796873705,0.0984996843338012,0.0987560737133026,0.1042719939947127
6991,1418,8,8,1.81,0.75,True,False,True,True,4.70999276638031,4.857683300971985,5.435010147094727,5.452459514141083,11.088204721502086,10.29297251653342,9.199614845791054,9.1701735513402,1.4352407383918762,1.4070391654968262,2.150016176700592,2.1554980158805845,0.0941998553276062,0.0971536660194397,0.1087002029418945,0.1090491902828216
5982,215,1,8,1.37,0.72,False,False,False,True,4.698112186193466,4.945774555206299,5.621983981132507,5.631743376255035,10.947270316522957,10.108617861723005,8.884405162182462,8.876906133433277,1.1793165016174316,1.0202593803405762,1.7997146129608157,1.804796895980835,0.0946127504685568,0.0989254927635192,0.1125567758083343,0.1126518617630004
6446,411,2,16,0.37,0.85,False,True,False,False,3.8200619328022,3.6002503633499146,4.710892915725708,4.718792643547058,13.73214625067051,13.88792325281816,10.613699135322936,10.595930734944805,0.6992956674098969,0.410733699798584,1.233640444278717,1.2395677018165587,0.0764437712474302,0.0720050072669983,0.0942178583145141,0.0943758528709411
6376,871,2,32,0.27,0.97,False,False,True,False,4.5668713974952695,4.871020793914795,5.142666518688202,5.155363614559174,11.283290218552589,10.260004762701907,9.717661465871732,9.525586960806477,1.146617430448532,1.206546187400818,1.4403817892074584,1.4554932641983032,0.0923366118199295,0.0974658417701721,0.1029054164886474,0.1050430705493144
4827,1995,1,16,1.43,0.91,True,False,True,False,4.261586347818374,4.4098793268203735,4.806765818595887,4.828497283458709,12.03418367681298,11.336335466955417,10.395556922346609,10.327914883435104,1.0946232879161837,1.0503156185150146,1.5159095287323,1.521247217655182,0.0855752976833117,0.0882119274139404,0.0961949424743652,0.0968270226981904
4240,2031,5,8,1.99,0.98,True,True,True,True,5.531265845894813,5.54679262638092,5.5680433988571165,5.572599482536316,9.039906809568862,9.014218386646805,8.979815114750782,8.972473312694202,1.7637698620557785,1.9261564016342163,2.123989582061768,2.1266446352005004,0.1106253169178962,0.1109358525276184,0.1113608679771423,0.1114519896507263
5319,372,1,8,1.89,0.87,False,True,True,True,4.459653288125992,4.664413690567017,5.277714216709137,5.282967786788941,11.611829928269312,10.709723853959566,9.473321694423836,9.421901364756652,1.2627946615219117,1.261918067932129,2.087949287891388,2.089819674491882,0.0898762894840801,0.0933730912208557,0.1055595948696136,0.1061442363023757
6369,1521,6,8,1.46,0.97,False,True,True,True,4.864424018859864,4.823193550109863,6.109649550914765,6.119424867630005,10.38808038858344,8.881763762865932,8.174730470353515,1.763582074540555,1.287052391767502,1.2225884199142456,1.958871567249298,2.020178859233856,0.1159860323495817,0.1125902533531189,0.1223281922340393,0.5694021922349883
6052,540,2,32,1.47,0.89,False,False,True,False,4.4861729156970975,4.851011872291565,5.074327743053436,5.082007060050964,11.47264170002244,10.290633733763883,9.849737813417828,9.531381542333271,1.082684810161591,1.115023136138916,1.6388127088546751,1.6447124242782594,0.0907017829190407,0.0971757626533508,0.1015255453586578,0.1049223843323332
5456,822,8,32,0.36,0.73,False,True,False,False,3.893328158855438,3.95284914970398,4.543493962287903,4.547313122749329,13.309940455255685,12.64681008745236,11.003825763711085,10.992474945495816,0.746492350101471,0.5772340297698975,1.240437817573547,1.243196167945862,0.0781378399065562,0.0790713238716125,0.0908774852752685,0.0909713245391845
