max-num-batched-tokens,max-num-seqs,swap-space,block-size,scheduler-delay-factor,gpu-memory-utilization,enable-chunked-prefill,enable-prefix-caching,disable-custom-all-reduce,use-v2-block-manager,latency_average,latency_p50,latency_p95,latency_p99,tokens_per_second_average,tokens_per_second_p50,tokens_per_second_p95,tokens_per_second_p99,time_to_first_token_average,time_to_first_token_p50,time_to_first_token_p95,time_to_first_token_p99,time_per_output_token_average,time_per_output_token_p50,time_per_output_token_p95,time_per_output_token_p99
6379,634,5,32,1.44,0.76,True,False,True,False,2.453710207939148,2.485271453857422,2.5394407749176025,2.559419491291046,20.401045089032788,20.118527351107712,19.68937460397444,19.53567993669144,0.3506506443023681,0.3918209075927734,0.4699954152107238,0.4789891266822814,0.0490742041587829,0.0497054290771484,0.050788815498352,0.0511883898258209
5703,1764,7,32,1.48,0.78,False,False,True,False,2.4729795694351195,2.472829222679138,2.5346606016159057,2.545409107208252,20.223045500203003,20.219754757431964,19.72650701824562,19.643207794546115,0.4023708415031433,0.3713730573654175,0.5457484602928162,0.5630085444450378,0.0494595913887024,0.0494565844535827,0.0506932120323181,0.050908182144165
4958,1373,5,32,0.87,0.92,False,False,True,False,2.5671468675136566,2.5724449157714844,2.6854575872421265,2.6978510308265684,19.38580634577503,19.41345169528661,18.60571904143273,18.46874331552285,0.4652696788311005,0.4826828241348266,0.5368655204772949,0.5604431986808777,0.0516341954803892,0.0515106749534606,0.0537469158172607,0.0541462303489446
8040,75,1,8,1.01,0.98,True,True,False,True,3.2254114747047424,3.232742547988892,3.2570852398872376,3.2594033074378967,15.503028193230898,15.46677511914596,15.351149386159364,15.340233173422662,1.009839141368866,1.0091731548309326,1.0154740452766418,1.0155568528175354,0.0645082294940948,0.0646548509597778,0.0651417047977447,0.0651880661487579
4380,1798,8,8,1.01,0.81,False,False,True,True,2.5437451684474945,2.5396445989608765,2.6103091835975647,2.6280177903175352,19.66113311401625,19.6877946380959,19.15481902187007,19.025746465604083,0.4661989426612854,0.4768024682998657,0.5468433618545532,0.5783990144729613,0.0508749033689498,0.0507928919792175,0.0522061836719512,0.0525603558063507
6994,1054,6,32,1.03,0.76,False,True,False,False,2.3520086658000947,2.3629159927368164,2.463066279888153,2.48876782655716,21.228680716639804,21.156796729004903,20.2378033026232,20.071681497128505,0.2695374488830566,0.2670838832855224,0.3761733293533317,0.4206361246109009,0.0471429541508356,0.0472661352157592,0.0494124970436096,0.0498214365005493
5052,1194,1,8,0.05,0.9,False,False,False,False,2.5466432797908785,2.538527250289917,2.6492223501205445,2.669536943435669,19.644685677772472,19.69645982830753,18.87346300023469,18.72984054669537,0.4607955634593964,0.4761750698089599,0.5572947025299072,0.5856854701042175,0.0509328655958175,0.0507705450057983,0.0529844470024108,0.0533907388687133
5275,1281,8,8,0.65,0.91,False,False,True,True,2.543957052230835,2.541008949279785,2.590039038658142,2.603807532787323,19.657176529173867,19.67722310243157,19.30472834736281,19.202648654731505,0.4644213652610778,0.4753775596618652,0.5266659617424011,0.5469125103950501,0.0508791410446167,0.0508201789855957,0.0518007807731628,0.0520761506557464
4789,1774,4,32,0.17,0.81,True,False,False,False,2.4230365455150604,2.454020380973816,2.516605865955353,2.5201695466041567,20.58246286315837,20.36543914095376,19.865954512424725,19.839433594055222,0.3582668268680573,0.3964153528213501,0.4701637983322143,0.5115661072731017,0.0486654806109035,0.0491028022766113,0.0503373749256134,0.0504046648979187
6615,1334,1,8,1.65,0.9,True,True,True,True,3.0517629981040955,3.0566803216934204,3.0799433469772337,3.0811997747421263,16.385034032894424,16.357630804748247,16.234065062595736,16.22744575857352,0.9279757857322692,0.8997609615325928,0.9946357488632204,0.9955406522750856,0.0610352599620819,0.0611336064338684,0.0615988669395446,0.0616239954948425
6810,626,6,16,1.79,0.81,True,False,True,False,2.4836760580539705,2.4994471073150635,2.585286808013916,2.5991161036491395,20.15518060040935,20.00442422559354,19.34021395445752,19.23730915987253,0.4059936547279358,0.4307188987731933,0.5156013488769531,0.5523522043228148,0.0496735211610794,0.0499889421463012,0.0517057361602783,0.0519823220729827
5824,1545,7,8,0.4,0.92,False,False,False,False,2.5213205921649933,2.5419185161590576,2.62204110622406,2.6296926164627075,19.78482241164781,19.663923185560847,19.06308907090536,19.01348921919281,0.431452692747116,0.4447884559631347,0.5117998480796814,0.5297260427474976,0.0505914645930995,0.0508545517921447,0.0524573969841003,0.0525942393302917
6351,993,7,16,0.66,0.7,False,False,True,False,2.561309381723404,2.577246904373169,2.6344261884689333,2.649210214614868,19.44826559648021,19.395712467022136,18.97862089024131,18.85913859087404,0.4605450868606567,0.4750657081604004,0.5391469717025756,0.5590937709808348,0.0514735394150018,0.0515577864646911,0.0526908676624298,0.0530246971130371
6974,788,3,32,1.21,0.77,True,True,True,True,2.504432773590088,2.5110270977020264,2.537262892723084,2.542194743156433,19.96724229628783,19.91217149244401,19.70628098618779,19.668064515531235,0.3597598910331726,0.4254902601242065,0.4321471214294433,0.4342251014709473,0.0500886554718017,0.0502205419540405,0.0507452578544616,0.0508438948631286
6352,1713,5,8,1.35,0.79,False,True,True,False,2.422209012508392,2.355524778366089,3.1156496167182923,3.128874850273132,20.812146797556725,21.226712154942625,16.04801853283458,15.980189881395155,0.3382949411869049,0.2509796619415283,1.031387722492218,1.0726180601119994,0.0484441802501677,0.0471104955673217,0.0623129923343658,0.0625774970054626
7916,451,7,16,1.31,0.8,True,False,False,True,2.4121592557430267,2.457043409347534,2.556820583343506,2.5740806174278257,20.59850230185497,20.32724201851048,19.52334469377415,19.377603977340414,0.3160729396343231,0.3685932159423828,0.4408387303352356,0.4614128565788268,0.0486563481285021,0.049195065498352,0.0512207317352294,0.0516059736251831
5069,1508,7,8,1.09,0.81,False,False,True,False,2.522185518741608,2.5234155654907227,2.5946318745613097,2.614648487567901,19.829901404458106,19.814415204686867,19.27055652095985,19.12303007753456,0.4801726949214935,0.4841208457946777,0.5669222474098206,0.5999495053291319,0.0504437103748321,0.0504683113098144,0.0518926374912262,0.052292969751358
4646,161,3,16,1.09,0.97,True,True,True,True,2.51875034570694,2.533305525779724,2.545925986766816,2.556944825649261,19.85373624229202,19.737059808145645,19.63924987983523,19.554684081798943,0.4324320912361145,0.4305216073989868,0.4461486577987671,0.4487836408615112,0.0503750069141388,0.0506661105155944,0.0509185197353363,0.0511388965129852
4949,232,7,8,1.79,0.97,True,False,False,False,2.5054513812065125,2.492145299911499,3.15566508769989,3.1818625783920287,19.902002105020085,20.05310485222989,15.831197575411686,15.695262585789598,0.4558068335056305,0.4391363859176636,1.0677218794822694,1.0785287714004517,0.0506262937019,0.0498675894737243,0.0631664178371429,0.0637144435942172
4701,1992,1,8,0.46,0.9,True,True,True,True,3.114586937427521,3.123749017715454,3.1453820705413817,3.147025899887085,16.054656713173422,16.006407599945703,15.896320383666373,15.888017838766078,1.0297940254211426,1.028937816619873,1.0337401747703552,1.0390222811698913,0.0622917387485504,0.062474980354309,0.0629076414108276,0.0629405179977417
7044,1374,4,16,1.96,0.93,False,False,True,False,2.5751594257354737,2.575064420700073,2.6455537557601927,2.659533517360688,19.42250500663066,19.416991680344942,18.899643758282213,18.80029045554988,0.4976315879821777,0.4850227832794189,0.6345393896102905,0.6530566334724426,0.0515031885147094,0.0515012884140014,0.0529110751152038,0.0531906703472137
5733,1583,6,16,0.3,0.78,True,False,False,False,2.435249974727631,2.4649158716201782,2.562833321094513,2.579753179550171,20.443009470936687,20.27415332578787,19.481904402586032,19.25521637852149,0.3573181021213532,0.4065999984741211,0.514136552810669,0.5232393550872803,0.0490202679293253,0.0493238854408264,0.0513296844959259,0.0519376727768868
4560,1762,1,32,0.47,0.82,True,False,True,True,2.4497844767570496,2.499893069267273,2.5752514600753784,2.587927134037018,20.39394872964289,20.000857630870065,19.415579725807497,19.320482373004648,0.4013446283340454,0.4348093271255493,0.5200666904449462,0.5331810092926025,0.0491336097452375,0.0499978613853454,0.0515050292015075,0.0517585426807403
5058,1731,1,32,1.17,0.8,False,True,False,False,2.360000698566437,2.3643393516540527,2.519608151912689,2.540710613727569,21.1288661605576,21.144577824991863,19.81322534388073,19.67277229928765,0.2547300398349762,0.2429378032684326,0.4219763875007629,0.4291889452934265,0.0474120693445206,0.0472934484481811,0.0504713385105133,0.0508316766738891
5008,1814,2,32,1.86,0.93,False,True,True,True,2.3740173625946044,2.37751579284668,2.633451330661773,2.660323483943939,21.00638909108802,21.028729820070545,18.953598250553167,18.79076608700436,0.276269348859787,0.2516371011734009,0.5543876171112061,0.5588470530509948,0.0477401604890823,0.0475539898872375,0.0527604303359985,0.0532176300525665
5183,1127,1,16,0.08,0.86,True,False,True,True,2.2753592801094054,2.2362332344055176,2.5594019174575804,2.5791819310188293,21.946710516334694,22.35027577245336,19.533323395202583,19.38599193373073,0.2996245348453522,0.3244243860244751,0.4644103407859801,0.4824485707283019,0.0458219853204839,0.0447421813011169,0.0511945652961731,0.0515836386203765
4741,184,1,16,0.25,0.79,True,False,False,False,2.4365202367305754,2.452937126159668,2.565969669818878,2.590265743732453,20.5522204898696,20.380924102703204,19.48581973262993,19.30303938695777,0.3476648700237274,0.3884962797164917,0.4865544319152832,0.5007316398620605,0.0487354108002721,0.0490654897689819,0.0513193933963775,0.051805314874649
6309,1940,6,32,1.5,0.77,False,True,False,False,2.339546443223953,2.3261865377426147,2.52819287776947,2.5423391771316526,21.395162950448835,21.4944071102958,19.776972459816488,19.66692888096584,0.259582337141037,0.2433065176010131,0.4852506518363952,0.4920599746704101,0.046790928864479,0.0465237307548522,0.0505638575553894,0.050846783542633
7858,1915,5,8,0.09,0.82,False,False,True,True,2.5579855370521547,2.573415994644165,2.6581817865371704,2.665921082496643,19.46043967499545,19.42658579890881,18.79060119757604,18.71353441429931,0.4350779151916504,0.458109974861145,0.5211529731750488,0.536471083164215,0.0514392029352131,0.0514758491516113,0.0532180950641632,0.0534372720196133
6050,1553,3,32,1.58,1.0,True,True,True,True,2.6289511919021606,2.6376328468322754,2.662333381175995,2.679483964443207,19.021435907540912,18.95639519257734,18.78058161225216,18.66051424032121,0.4889619827270507,0.5586237907409668,0.5630419254302979,0.5832781314849853,0.0525790238380432,0.0527526569366455,0.0532466676235199,0.0535896792888641
4922,569,7,8,1.38,0.72,True,True,False,True,3.1372042179107664,3.142345070838928,3.165946221351624,3.166935200691224,15.93870650335634,15.911688125476385,15.793066876462913,15.78813525727413,0.9418848276138304,0.9430609941482544,1.0286238074302674,1.0289570307731628,0.0627440843582153,0.0628469014167785,0.0633189244270324,0.0633387040138244
4217,1564,7,32,0.77,0.71,True,True,False,False,2.511888635158539,2.5212810039520264,2.5317031383514403,2.5495424556732176,19.90723288534248,19.83120334840575,19.74963087589157,19.611619289107004,0.4328570008277893,0.4308935403823852,0.4384822368621826,0.4534774684906005,0.0502377727031707,0.0504256200790405,0.0506340627670288,0.0509908491134643
7904,1971,4,16,1.73,0.86,True,True,True,False,2.500387597084045,2.5064398050308228,2.527560770511627,2.534708130359649,19.999185758523684,19.94861503239695,19.781931003626493,19.726178953331296,0.4359734535217285,0.4350262880325317,0.4427691102027893,0.4455097317695617,0.0500077519416809,0.0501287961006164,0.0505512154102325,0.0506941626071929
6870,615,1,16,0.78,0.79,False,True,False,False,2.2562147796154024,2.28544819355011,2.390378284454345,2.4140337753295897,22.20570193702388,21.87754688802562,20.91719136825895,20.712220577664144,0.2456990671157836,0.2283810377120971,0.4313495516777038,0.4348106122016906,0.045124295592308,0.0457089638710021,0.0478075656890869,0.0482806755065918
7991,1446,2,16,1.04,0.86,False,True,True,True,2.358842588663101,2.386314868927002,2.513915753364563,2.5164491391181945,21.100220244212025,20.951165945348578,19.88744022700783,19.78569458759127,0.2438969588279724,0.2326971292495727,0.4535863518714905,0.4594455242156982,0.0474670329562255,0.0477300405502319,0.0502829921245574,0.0505418737053871
5896,1689,3,8,1.27,0.91,False,True,False,True,2.393958157300949,2.371705412864685,2.8832571029663083,3.005046272277832,21.04069318065362,21.06606483422915,17.341502729103507,16.63868016249565,0.2984523928165435,0.2370991706848144,0.7082640528678893,0.9290186381340028,0.0478839536194898,0.0474697256088256,0.0576651420593261,0.0601009254455566
4251,1523,6,32,1.17,0.93,False,True,False,True,2.35927716255188,2.3618305921554565,2.5710556745529174,2.592194693088532,21.127654598059344,21.168712945035946,19.437207615232623,19.252076032123192,0.2752053570747375,0.2603094577789306,0.4869524955749512,0.490259199142456,0.0474260210749297,0.0472395277023315,0.0514477481842041,0.0519424501895904
5677,1718,7,32,0.08,0.85,False,True,False,False,2.341068434715271,2.3296512365341187,2.466285419464111,2.490959365367889,21.37641143303084,21.462445324990885,20.273408578420096,20.072587958765435,0.2481305909156799,0.2323814630508422,0.4059483766555786,0.4119436812400818,0.0468213686943054,0.0465930247306823,0.0493257083892822,0.0498191873073577
4398,721,6,8,0.7,0.72,True,True,False,True,3.110682773590088,3.1185755729675293,3.145146989822388,3.1454898166656493,16.074890480719308,16.03296534899719,15.897508196165974,15.895775561998192,1.0172351121902463,1.0167447328567505,1.0244332194328307,1.0353861021995543,0.0622136554718017,0.0623715114593505,0.0629029397964477,0.0629097963333129
4982,1194,7,32,1.08,0.96,True,False,False,False,2.4271677708625794,2.4608259201049805,2.527637779712677,2.5399593687057496,20.57942089716103,20.31490405594744,19.76322318761388,19.68008725247668,0.3704138028621673,0.411413311958313,0.4943371891975402,0.5316119122505187,0.0486565159252711,0.049224944114685,0.0505990343093872,0.0508127833366394
6842,1837,2,16,1.86,0.78,False,True,True,True,2.3690678310394286,2.3711743354797363,2.5619650959968565,2.587786452770233,21.132677968404337,21.086598000910563,19.516269618266296,19.321532500541466,0.28463827252388,0.2689778804779053,0.4671167373657226,0.4745829081535339,0.0473813566207885,0.0474234867095947,0.0512393019199371,0.0517557290554046
6364,918,8,8,1.4,0.96,False,True,False,False,2.4274145567417147,2.376410722732544,3.157942032814026,3.175010619163513,20.770232731746123,21.03505441169465,15.833096234172135,15.747979645015748,0.34454873919487,0.2582786083221435,1.0301291942596436,1.062842307090759,0.0485683627429216,0.0475396919250488,0.0631588406562805,0.0635002123832702
6136,516,8,16,1.26,0.83,True,False,True,True,2.410808477401733,2.4414939880371094,2.551111805438995,2.5889378023147582,20.69712282125619,20.477754300307755,19.57982185712067,19.29758669804078,0.3026341438293457,0.3412395715713501,0.4272392988204955,0.4808626890182495,0.0483980566104253,0.0488334798812866,0.0510729885101318,0.0518199511528015
5085,1295,7,16,0.59,0.74,True,True,False,True,2.595378291606904,2.599886655807495,2.633283865451813,2.641553928852081,19.267665519797173,19.231612636762264,18.98771380559779,18.92830215186384,0.4525234222412109,0.5114675760269165,0.5268877863883972,0.5352248930931092,0.051907565832138,0.0519977331161499,0.0526656773090362,0.0528310785770416
5728,2031,1,16,0.17,0.98,False,False,True,True,16.630812886935562,2.568954348564148,60.07610079050064,60.09160632371903,15.321938887519837,19.41207411700421,0.8322777167992224,0.8320629667127792,14.559916268533737,0.4677835702896118,58.00840537548065,58.03518296957016,0.3330929624732122,0.0515143704414367,1.2015220158100128,1.2018321264743803
7221,1032,7,32,1.98,0.89,False,True,False,False,2.3541080355644226,2.36689829826355,2.5657058119773866,2.581306538581848,21.1922967683188,21.12057128568681,19.481527848626072,19.329389591111763,0.2868158042430878,0.2739142179489136,0.4660020470619201,0.4735338401794433,0.0472607397450341,0.0473472046852111,0.0513306767940521,0.051734691286087
5517,654,4,16,0.88,0.9,False,True,False,False,26.38610876241379,13.90471601486206,59.96221618652344,59.98696457862854,10.857893795753563,3.595902278518848,0.8338421170947027,0.8334004518145386,18.70018818815784,0.4818370342254638,57.91460556983948,57.94443894386291,0.5299867061613059,0.2780943202972412,1.199267798423767,1.1999033979415892
5860,441,4,32,0.0,0.84,True,False,True,True,24.316662164167923,2.607099294662476,59.946785831451415,59.955082149505614,10.97012976862082,19.17840264172722,0.8340370156277507,0.8339371085604425,21.90141120823947,0.5114023685455322,57.87542071342468,57.905807456970216,0.489413867417868,0.0521419858932495,1.1989875526428222,1.199131193161011
5477,134,3,16,1.7,0.82,True,False,False,False,13.003724178635933,2.529356002807617,59.71190011501312,59.74115455150604,13.985277715833494,19.743859992532126,0.8373540273327754,0.8369439867392525,9.874373964516511,0.4589931964874267,57.6434263586998,57.66492469310761,0.2603386881383577,0.0506487154960632,1.1942380023002626,1.194823091030121
5864,1673,8,8,1.49,0.91,False,True,True,True,2.442661553621292,2.3840402364730835,3.145753729343414,3.157432610988617,20.567456216196163,20.97042746745415,15.894442679596777,15.835650746419198,0.3432026922702789,0.2594294548034668,1.0338131546974183,1.0734946846961977,0.0490381053388118,0.0476862001419067,0.0629150745868682,0.0631486522197723
5259,1423,6,8,0.96,0.73,True,False,False,True,2.528261911869049,2.5112552642822266,3.107417869567871,3.130535542964936,19.80974658442293,19.903948818875,16.09053675785363,15.971708142046944,0.4395405137538909,0.4275064468383789,0.9658738732337953,1.0400923776626587,0.0507799992163975,0.0502412867546081,0.0621483573913574,0.0626107108592987
6406,1512,7,32,1.74,0.92,True,True,False,True,2.6922585487365724,2.696946740150452,2.717924427986145,2.723756470680237,18.57311385630042,18.539484019230315,18.39639776936525,18.35702336951939,0.439731764793396,0.4931517839431762,0.4965909957885742,0.4988762664794922,0.0538451709747314,0.053938934803009,0.0543584885597228,0.0544751294136047
4340,493,8,32,0.99,0.9,False,False,True,False,2.4860341584682466,2.5241619348526,2.868332624435425,2.8974781370162965,19.969937400098924,19.800210935905923,17.40689501382655,17.212830527423186,0.4656075072288513,0.4565260410308838,0.8170803427696228,0.8215357851982117,0.0503743510593135,0.0505045127868652,0.0574484996795654,0.0581074092051561
6656,824,6,8,0.71,0.87,False,False,False,False,2.5478257393836974,2.577231287956238,2.6593206882476808,2.680812792778015,19.48939148271036,19.376077444569592,18.755766070330928,18.52377100520654,0.4412434041500092,0.451654314994812,0.5243204712867737,0.5397369408607483,0.0513761633291203,0.0516100335121154,0.0533169374465942,0.0539906621786263
7773,980,4,32,0.32,0.87,False,True,True,False,2.334114509820938,2.340253949165344,2.489078664779663,2.5158207249641418,21.36188022616528,21.363998029393134,20.032037070377573,19.871565338350266,0.253164290189743,0.2377454042434692,0.4311749935150146,0.4368283128738403,0.0468898697027793,0.0468077182769775,0.0499200356006622,0.0503231643676757
5561,1043,7,32,0.05,0.81,True,True,False,True,2.5026626586914062,2.5148783922195435,2.535420680046081,2.5356058645248414,19.98152001402585,19.8816831418288,19.72059327883401,19.71915303186691,0.4217923521995544,0.421269416809082,0.4308736562728882,0.4315516996383667,0.0500532531738281,0.0502975678443908,0.0507084136009216,0.0507121172904968
7413,1204,4,16,1.58,0.76,False,False,False,True,2.587807751893997,2.5747472047805786,2.7336493253707883,2.7581336379051207,19.283412511729047,19.388961028093743,18.27270665045065,18.105225302286023,0.4369363617897033,0.4685468673706054,0.5705850005149841,0.592174859046936,0.0519361119725487,0.0515757393836975,0.0547264311313629,0.0552326780796051
4219,203,1,8,1.57,0.81,False,True,False,True,5.526859107837882,2.413466691970825,23.99439311027527,32.273796224594115,18.3820843796906,20.71056493519523,2.0838202199185085,1.549244461477715,3.552907966798352,0.2728506326675415,21.908122181892395,30.09811071157456,0.1108709848782462,0.04828453540802,0.4798878622055054,0.6454759244918824
7275,191,4,32,0.76,0.83,False,False,False,True,2.540009092092514,2.5592647790908813,2.619296741485596,2.638991360664368,19.537041083466235,19.53313802873844,19.07620314416869,18.75462986520372,0.4599578881263733,0.4758534431457519,0.5312034487724304,0.5506490755081176,0.0512517740989822,0.0511950516700744,0.0524213345050811,0.0533508326951193
5895,1194,2,16,1.32,0.81,False,True,True,True,2.3463821387290955,2.3452998399734497,2.595292055606842,2.6254719495773315,21.245502543142536,21.3090320727175,19.21015094051785,19.02629229814354,0.2466624236106872,0.2272295951843261,0.5093687891960144,0.5137821674346924,0.0471822051081902,0.0469284582138061,0.0520558173656463,0.0525588519573211
6579,82,4,32,0.82,0.93,True,True,False,True,2.495714581012726,2.504443049430847,2.524902415275574,2.5282121801376345,20.036730140740392,19.96455772591094,19.80274831693662,19.776830144828818,0.4218044400215149,0.4208332300186157,0.4292440176010131,0.4337736082077026,0.0499142916202545,0.0500888609886169,0.0504980483055114,0.0505642436027526
4914,197,1,8,0.82,0.76,True,False,False,False,4.84643524377904,2.450814008712769,3.09601012468338,58.40431819677353,19.49423585289049,20.390149047852496,16.149818545292888,0.8561010820614027,2.8088256412364068,0.4160972833633423,1.0650304794311525,56.39096134424209,0.0973051440588293,0.0490432906150817,0.0619202024936676,1.1680863639354706
5480,522,2,32,1.0,0.91,True,True,False,False,2.470327877998352,2.4764281511306763,2.5006070375442504,2.5022671747207643,20.24256899831648,20.190432030488328,19.99514560272276,19.981881380378542,0.4230644106864929,0.4229230880737304,0.435490083694458,0.437761583328247,0.049406557559967,0.0495285630226135,0.050012140750885,0.0500453434944152
7152,1019,2,32,0.91,0.92,False,False,True,False,20.843377459118937,2.602020740509033,59.912094712257385,59.92681505680084,12.148507895464965,19.2000925785714,0.8345560317059348,0.834351032971597,15.553008079528809,0.4943842887878418,57.90588390827179,57.93249223232269,0.416947783627215,0.0520830821990966,1.1982418942451476,1.1985363011360168
7975,2000,1,32,0.96,0.99,False,False,True,True,2.535502105951309,2.5480339527130127,2.7290229916572573,2.741537024974823,19.764176887906302,19.622983988716047,18.321575243003124,18.23794446712354,0.4797089970111847,0.4836846590042114,0.6834482789039611,0.6950028324127197,0.0507100421190261,0.0509606790542602,0.0545804598331451,0.0548307404994964
5829,661,6,32,0.03,0.74,True,False,True,False,2.449104689359665,2.4666908979415894,2.5984287738800047,2.6152905654907226,20.387864021337823,20.269883065215403,19.24087913571476,19.09401937304802,0.3776659858226776,0.4187588691711426,0.4924164414405822,0.5229534578323363,0.049106295772835,0.0493342757225036,0.0519726772308349,0.0523724223613739
4317,984,7,32,1.5,0.84,True,False,True,False,2.5161748707294462,2.5313421487808228,2.595129418373108,2.6069162797927854,19.826185902882045,19.74740397725408,19.2647573306084,19.156093892621566,0.4213565373420715,0.4443223476409912,0.5009328484535217,0.515125811100006,0.0504807407659033,0.0506395697593688,0.0519082586765289,0.0522027109622955
4678,1548,5,16,1.31,0.74,False,False,True,True,2.5322056555747987,2.5519604682922363,2.6070183753967284,2.6237053799629213,19.763549475616102,19.592779990994096,19.17899905547001,19.05701809190435,0.4666172254085541,0.4792166948318481,0.5477801203727722,0.5664731621742248,0.0506441131114959,0.0510392093658447,0.0521403675079345,0.0524741075992584
6360,525,8,16,1.49,0.72,False,True,False,True,2.246705421209336,2.2428994178771973,2.589873671531677,2.6457343316078186,22.351939697676727,22.272279072450985,19.092381491792256,18.890438318141445,0.269215258359909,0.2519629001617431,0.375200486183163,0.5804273319244385,0.0450283135219053,0.0448988628387451,0.0523769409656524,0.05293683552742
5815,730,2,16,0.02,0.89,False,False,True,False,2.5273520386219026,2.555449604988098,2.604869067668915,2.621955089569092,19.73344810762286,19.5615435135965,19.177457445503894,19.019082202226578,0.4487643599510192,0.4577034711837768,0.5349377512931823,0.561534903049469,0.0507106782296903,0.0511207103729248,0.0521445558071136,0.0525791803333494
6200,1073,4,32,0.29,0.95,False,True,True,False,2.2775716841220857,2.3307559490203857,2.6385376811027528,2.666899650096893,21.89667236072228,21.4258914231592,18.840029068024563,18.664153192548056,0.2316053879261017,0.2151660919189453,0.516267466545105,0.5199876928329468,0.0459439968149567,0.0466725063323974,0.053078476190567,0.0535789664544557
6993,1450,2,32,0.95,0.81,False,False,False,False,2.496063333749772,2.504756450653076,2.540657567977905,2.549652292728424,20.035839126033792,19.96202150206697,19.679944532357183,19.61051759418841,0.4368865811824798,0.4528384208679199,0.5188989877700806,0.5441118383407593,0.0499212666749954,0.0500951290130615,0.0508131513595581,0.0509930458545684
5506,742,2,8,0.76,0.98,True,True,False,True,3.0286744952201845,3.0424901247024536,3.0681432247161866,3.072399206161499,16.44340719468418,16.396822360595245,16.26582587854818,16.228325074084168,0.972513210773468,0.972403049468994,0.977295446395874,0.9798764324188232,0.0608201149961222,0.060987491607666,0.0614786144754161,0.0616207412388013
4456,1808,5,8,0.81,0.86,False,False,True,False,2.5568308448791504,2.5436582565307617,2.952557289600372,2.9697529315948485,19.574432923291223,19.649783573581846,16.934472612205813,16.836417699902317,0.4382936751842499,0.4449688196182251,0.5125685334205627,0.5302998447418212,0.0512552097540487,0.050891146659851,0.0590511457920074,0.0593950586318969
7378,133,8,8,0.56,0.7,True,False,True,False,2.468390507698059,2.480483651161194,3.079175102710724,3.098348383903504,20.14848841622665,20.15593721262261,16.23723954906829,16.134390502232808,0.4081292724609375,0.3992460966110229,0.9952312231063842,1.004654576778412,0.0499785547614098,0.049613173007965,0.0615868251323699,0.061979409790039
6070,626,7,8,0.71,0.85,True,True,True,False,2.8449537634849547,2.854024171829224,2.873745620250702,2.874784791469574,17.576410938187315,17.51912560609162,17.39889577737771,17.392606879535567,0.9841466307640075,0.9840017557144164,0.9915881514549256,0.993317325115204,0.056899075269699,0.0570804834365844,0.057474912405014,0.0574956958293914
5638,1003,6,8,1.25,0.83,True,False,False,False,2.5453531074523927,2.511165976524353,3.051009953022003,3.071426928043365,19.727043308743745,19.911069871462352,16.38801962379291,16.279078496663136,0.4974502348899841,0.4611185789108276,0.8906339287757873,1.0228584480285643,0.0509070621490478,0.050223319530487,0.06102019906044,0.0614285385608673
5505,293,6,8,0.31,0.74,True,False,True,True,2.5353168904781342,2.494443297386169,3.096985733509064,3.112953791618347,19.829984677987337,20.044552772322994,16.144730860973198,16.061915304734747,0.4306218838691711,0.4132956266403198,0.8914576411247254,1.0237744235992432,0.0507063378095626,0.0498888659477233,0.0619397146701812,0.0622590758323669
6457,112,6,32,0.46,0.78,False,False,False,True,2.52369664311409,2.5853383541107178,2.642952680587769,2.657217335700989,19.53917221615008,19.31754330876496,18.844863167228507,15.664544267714684,0.4126305854320526,0.4372549057006836,0.5110695838928222,0.5353274822235106,0.0513200909357119,0.0517664170265197,0.053064858675003,0.0638392373783136
4526,1394,3,8,1.13,0.95,False,False,True,False,2.5159775829315185,2.506331443786621,2.6146109461784364,2.6271643614768982,19.88075759990549,19.94947729432261,19.12330402892137,19.03192692651121,0.4585205543041229,0.4781191349029541,0.5394532442092895,0.5686601328849792,0.0503195516586304,0.0501266288757324,0.0522922189235687,0.0525432872295379
4677,1961,7,16,0.0,0.98,True,True,False,True,2.515513563156128,2.5228089094161987,2.54842609167099,2.550161063671112,19.87871147402534,19.819184907352103,19.61995369129184,19.606607159878543,0.3706809520721436,0.3720051050186157,0.4679397702217102,0.4686959099769592,0.0503102712631225,0.0504561781883239,0.0509685218334198,0.0510032212734222
7898,1204,7,32,1.9,0.97,True,False,False,False,2.424096568822861,2.4324876070022583,2.5354655623435973,2.546764509677887,20.659898871983064,20.55508969759896,19.72024418074323,19.632753778044243,0.361917724609375,0.4052717685699463,0.4907864928245543,0.5234544253349304,0.0484819313764572,0.0486497521400451,0.0507093112468719,0.0509352901935577
7070,1320,7,8,1.99,0.83,True,False,True,True,2.5560619926452635,2.488279342651367,3.130654513835907,3.154856150150299,19.688521811453864,20.09420692608833,15.971102098395775,15.848583165231965,0.4714952981472015,0.4410358667373657,1.0409164786338807,1.0469778728485106,0.0511212398529052,0.0497655868530273,0.0626130902767181,0.0630971230030059
4299,130,7,32,0.61,0.92,True,True,False,True,2.509254217147827,2.517803311347961,2.538246047496796,2.53986070394516,19.92873480661435,19.85858106392331,19.698642577209988,19.686121096853235,0.4397457599639892,0.4381269216537475,0.4492758274078369,0.4523395252227783,0.0501850843429565,0.0503560662269592,0.0507649209499359,0.0507972140789032
5971,1859,6,16,1.48,0.9,True,True,False,True,2.487858545780182,2.556609988212585,2.583411467075348,2.5856005215644835,19.39328992235638,19.53145145327155,19.128214623919213,16.003693354851777,0.4178209543228149,0.499416708946228,0.5086464524269104,0.511871235370636,0.0517279297113418,0.0511994981765747,0.0524214059114456,0.0630378490686416
4002,1138,7,16,1.98,0.8,True,True,False,True,2.5140918254852296,2.5583720207214355,2.583734953403473,2.5873583722114564,19.458899956842927,19.49902584054396,19.226048787771056,17.828909126474656,0.4302479982376098,0.4123297929763794,0.4892423033714294,0.4912461733818054,0.0514260258674621,0.0512846803665161,0.0520374937057495,0.0561750730514526
4516,1799,5,8,0.53,0.82,True,False,False,False,2.509328063726425,2.4636532068252563,3.102876901626587,3.1302759218215943,20.04936525661489,20.295069754095515,16.11407790353904,15.973032809920849,0.4473592901229858,0.435031533241272,0.9468561410903932,1.0464561414718627,0.0501865612745284,0.0492730641365051,0.0620575380325317,0.0626055184364318
7526,1914,6,8,0.34,0.95,True,False,True,False,2.5672337019443514,2.540614366531372,3.088158702850342,3.1011042833328246,19.531562438266,19.67368656253675,16.19087776540822,16.12329020835476,0.4839116013050079,0.4579643011093139,1.0497137665748597,1.059557147026062,0.0514649954762952,0.0508293151855468,0.0617631740570068,0.0620220856666564
5576,1627,3,8,0.17,0.81,True,True,True,True,4.659888410568238,4.664087772369385,4.697025275230407,4.71018714427948,10.730300304542377,10.720225836972412,10.645042181008836,10.615311606933547,2.4832644701004027,2.4831318855285645,2.56394248008728,2.584255514144897,0.0931977682113647,0.0932817554473877,0.0939405055046081,0.0942037428855896
7087,1780,6,32,0.41,0.92,False,False,False,True,2.77123908996582,2.5132107734680176,5.164366579055785,5.374379143714905,19.083030180524,19.89487188503755,9.681840974950166,9.3034086929291,0.6661876638730367,0.4400062561035156,2.786432790756225,2.963824174404145,0.0555161681528444,0.0502642154693603,0.1032873315811157,0.107487582874298
5374,1291,5,8,0.18,0.77,True,False,True,False,2.578453714847565,2.58148729801178,3.089627087116241,3.111069235801697,19.336392263685536,19.35102369070773,16.167904887705507,16.04344261173417,0.4337842917442321,0.4180856943130493,0.9910998582839966,0.9972348737716676,0.0520301623713736,0.0516768527030944,0.0618509490489959,0.062332562526067
7728,303,3,8,0.14,0.77,False,False,True,True,2.574280563592911,2.548443913459778,2.807718873023987,2.843457028865814,19.41822230139134,19.60159724952714,17.808051405066063,17.584230538714852,0.4237194550037384,0.4369559288024902,0.5101249814033508,0.5293320822715759,0.0515918854598076,0.0510162806510925,0.0561543774604797,0.0568691405773162
8176,397,1,8,1.27,0.72,False,False,True,False,2.53554580450058,2.5289294719696045,2.669441866874694,2.677614963054657,19.73556969793884,19.77121184092949,18.730507192660625,18.67333518952753,0.4690022730827332,0.4976102113723755,0.5721349596977234,0.5921760129928588,0.0507109160900115,0.050578589439392,0.0533888373374938,0.0535522992610931
6561,936,5,32,1.63,0.77,True,True,False,True,2.533518707752228,2.5376075506210327,2.5456571221351623,2.5473489689826967,19.735666085826544,19.70359837659897,19.64129472896715,19.62825136587441,0.4560080289840698,0.452446699142456,0.4942245125770569,0.4968513417243957,0.0506703741550445,0.0507521510124206,0.0509131424427032,0.0509469793796539
5759,1521,1,8,0.7,0.92,True,False,False,True,2.485381358861923,2.48765230178833,3.08223557472229,3.098694107532501,20.0343583307952,20.080138583344823,16.186782806041453,16.1054709772575,0.3974557650089264,0.3877912759780884,1.0379555106163023,1.0398538517951963,0.0502726795943159,0.0498004531860351,0.0617788007259368,0.0620917677226819
4327,241,2,16,0.65,0.95,False,True,True,True,2.37276597738266,2.3765844106674194,2.573811066150665,2.5970261526107787,21.10540155981992,21.03859648996948,19.426445730948725,19.252790525688653,0.2443476796150207,0.2289737462997436,0.4153828024864197,0.4900290775299072,0.0474553195476532,0.0475316882133483,0.0514762213230133,0.0519405230522155
4136,280,3,32,0.05,0.95,False,False,True,True,2.527363831996918,2.5343493223190308,2.6376680612564085,2.6515233874320985,19.71390844388314,19.71956322239829,18.93228292303132,18.79704069706841,0.4350874149799347,0.4496985673904419,0.5325027704238892,0.5518621015548705,0.0508065583864847,0.0507110667228698,0.0528198318481445,0.0531999113559722
4379,1330,7,32,0.37,0.84,True,False,False,False,2.435402016639709,2.489237189292908,2.5324175119400025,2.5494249653816223,20.43770874446609,20.08143879317885,19.74033798230125,19.59698277611685,0.3681111633777618,0.4101380109786987,0.4755954504013061,0.4974640321731567,0.049048527199067,0.0497972297668457,0.0506576943397521,0.0510282638072967
7412,1928,1,32,0.68,0.84,False,False,True,True,2.5264068162441253,2.539040684700012,2.6742748022079468,2.6818468379974365,19.719642196432734,19.675531683316745,18.69138394617101,18.590777143102446,0.4062068915367126,0.4342133998870849,0.5030479073524475,0.5313737654685973,0.0507566284632497,0.0508245515823364,0.0535005872249603,0.0537901405652364
5301,429,4,8,0.47,1.0,True,False,False,False,2.550195535421372,2.543211340904236,3.119537878036499,3.1326463055610656,19.607678487217537,19.65834920740108,16.01796650722182,15.959319814547074,0.5032937693595886,0.4692126512527466,1.033748555183411,1.0406753015518189,0.0512909873709959,0.0508689713478088,0.062429897069931,0.0626593121528625
7100,313,6,32,0.02,0.96,True,False,True,True,2.459914208650589,2.4925307035446167,2.6022623419761657,2.6275944089889527,20.27252421481265,20.058101266926247,19.196496473480448,19.01555553452329,0.3733261620998382,0.4142508506774902,0.5525923490524292,0.5565586161613464,0.0494167871922254,0.0498551678657531,0.0520928418636322,0.0525885243892669
6335,713,8,32,0.72,0.81,True,True,False,True,2.630432558059693,2.641125202178955,2.657503092288971,2.660437958240509,19.00987548837795,18.93132872976708,18.814655438583326,18.79390424133048,0.5230130195617676,0.5226962566375732,0.5284904956817627,0.5296929264068604,0.0526086511611938,0.0528225040435791,0.0531500618457794,0.0532087591648101
7878,747,6,16,1.08,0.88,False,True,True,True,2.366913012266159,2.34068214893341,2.607116544246673,2.639759292602539,21.17816069735654,21.361294288055653,19.17828339949433,18.94112120491956,0.2773938298225403,0.2313618659973144,0.524699306488037,0.5665314555168149,0.0473382602453231,0.0468136429786682,0.0521423308849334,0.0527951858520507
6139,715,8,16,1.5,0.73,False,True,True,True,2.363412823677063,2.378247022628784,2.514159286022186,2.5355852961540224,21.08566759872613,21.01940925287264,19.864442145050127,19.70455445982643,0.2652318775653839,0.2500863075256347,0.4127794981002807,0.4199811863899231,0.0474972080010634,0.047575078010559,0.050341209411621,0.0507496888160705
7435,1139,7,8,1.31,0.94,True,False,False,False,2.446299993991852,2.434491515159607,3.157137131690979,3.171965892314911,20.45848229458191,20.52066157140715,15.83489582678622,15.75117030450383,0.4217994606494903,0.4002285003662109,1.091047430038452,1.0948609972000125,0.0493382446041395,0.0487313723564147,0.0631516635417938,0.0634873657703399
6525,992,3,8,0.2,0.72,False,False,False,False,2.5401756882667543,2.544644474983216,2.589753472805023,2.600126118659973,19.68782633474278,19.64911104466096,19.306857027731827,19.229836747417195,0.4667718100547791,0.473373532295227,0.5398435354232788,0.5569592428207397,0.0508035137653351,0.0508928894996643,0.0517950694561004,0.0520025223731994
4004,127,8,8,1.79,0.78,False,True,False,True,2.4204710900783537,2.3565081357955933,3.336935746669769,3.357764821052552,20.73443953953738,21.209139791222864,14.983806659738828,14.890858591866811,0.3575817251205444,0.2540067434310913,1.241419506072998,1.2665810322761537,0.0487506729971278,0.0471494841575622,0.0667387149333953,0.067155296421051
7777,1517,1,16,1.38,0.85,True,False,True,False,2.415319002866745,2.4479217529296875,2.562821519374848,2.572442057132721,20.593892129705683,20.40471875830003,19.481059323731944,19.39165058318078,0.3113114511966705,0.349159836769104,0.5111415028572082,0.5536175823211669,0.0486454305177977,0.0490082716941833,0.0513319108486175,0.0515686456748417
8008,1798,5,16,1.86,0.99,True,False,True,True,2.4722634756565096,2.498719930648804,2.5795063734054566,2.590677638053894,20.16121992821073,20.00523449547861,19.37406479364921,19.24464292908964,0.4076261603832244,0.4318767786026001,0.5234378457069397,0.5572296452522277,0.0496686996519565,0.0499869179725647,0.0516153950691223,0.0519625142097473
4270,1246,2,16,0.61,0.84,False,False,False,True,2.5825882279872894,2.596098780632019,2.733716595172882,2.750687251091003,19.31272458712166,19.245087499315048,18.274278318305228,18.176936608621368,0.4487355697154999,0.4685888290405273,0.5594169616699218,0.5790117383003234,0.0518512003183364,0.0519613242149353,0.0547217314243316,0.0550147717952728
8002,1442,2,32,0.74,0.93,True,False,True,True,2.4847973108291628,2.527487874031067,2.587225377559662,2.604092032909393,20.078663373248784,19.77333248222031,19.309565636693826,19.12868309497781,0.3959959864616394,0.4296261072158813,0.5142274141311645,0.5372082829475402,0.0498925946530086,0.0505731654167175,0.0517878041267395,0.0522775144100189
7257,419,2,16,1.53,1.0,True,False,True,True,2.501297937631607,2.52385675907135,2.6859862089157103,2.696584689617157,20.019143820461924,19.810950065277755,18.615136561785462,18.54197322580264,0.3688312363624573,0.3948047161102295,0.5011621594429015,0.5477468132972717,0.0500259587526321,0.050477135181427,0.0537197241783142,0.0539316937923431
7385,702,5,8,0.92,0.85,False,True,False,True,2.412863026857376,2.3707916736602783,2.877638757228852,2.897964425086975,20.80305197819669,21.08803137656365,17.375356982933575,17.25349021959397,0.3017821645736694,0.2330219745635986,0.8012475252151489,0.8491489338874816,0.0483252490295304,0.0474202632904052,0.057552775144577,0.0579592885017395
6084,1273,2,32,1.81,0.83,True,False,True,True,2.4933426094055178,2.5025676488876343,2.57933828830719,2.587912259101868,20.062141765406988,19.9777736528242,19.38481697155593,19.32059374301515,0.421350713968277,0.4527060985565185,0.5267727136611938,0.5509117221832275,0.0498872983745906,0.0500556278228759,0.0515867657661437,0.0517582451820373
7704,776,3,16,1.16,0.8,False,True,False,True,2.3633878576755523,2.373729467391968,2.5242532014846804,2.540574874877929,21.03070478601723,21.06158883276961,19.77233478741835,19.622750496521785,0.2517689573764801,0.2366988658905029,0.4344717621803283,0.4433421468734741,0.0476312878826085,0.0474797987937927,0.0505757188796997,0.0509682551145553
6661,202,3,16,1.18,0.95,True,False,True,True,2.4759219419956207,2.4888304471969604,2.6788402795791626,2.686141543388367,20.21176370352109,20.087266541678105,18.662278946362783,18.577296315210216,0.3669907510280609,0.3957598209381103,0.5443912148475647,0.5547516274452209,0.0495912103762497,0.0497827816009521,0.0535840239524841,0.053829147863388
7620,424,8,32,1.16,0.9,True,False,True,False,2.503568956851959,2.532865762710572,2.802797770500183,2.813842420578003,19.749368724101085,19.73383194029364,17.820562535740454,15.642617801888196,0.418995132446289,0.4338805675506592,0.5205852746963501,0.5428382539749145,0.0508061470134167,0.0506743955612182,0.0561149513721466,0.0639281172173864
6087,1655,2,32,0.03,0.93,True,True,False,True,2.5643534064292908,2.570279836654663,2.588386607170105,2.58847104549408,19.49947527380818,19.453174898409426,19.317052509030272,19.31642237266486,0.3916225790977478,0.3600754737854004,0.4671445488929748,0.4706317067146301,0.0512870681285858,0.0514055967330932,0.0517677321434021,0.0517694209098815
7472,1220,2,8,0.11,0.82,False,False,True,True,2.6303532123565674,2.626899242401123,2.8310134291648863,2.840526297092438,18.943173791724988,19.01730937894152,17.658341691612748,17.548324166372648,0.4174225282669067,0.4436279535293579,0.5390908598899842,0.5559800505638122,0.0529045871417953,0.0525836825370788,0.0566304593086242,0.0569885247799657
5634,505,2,16,0.41,0.82,False,True,True,False,2.246245900392532,2.282637119293213,2.4103083372116085,2.4402348470687865,22.197100367513432,21.88021712603249,20.7442582739356,20.489831296121714,0.2341603326797485,0.2154873609542846,0.4677087187767029,0.4710206961631775,0.0451331136823982,0.045703387260437,0.0482061667442321,0.0488046969413757
5279,1144,7,8,1.67,0.81,False,True,True,True,2.480154467821121,2.39767587184906,3.3751202344894407,3.3879862666130065,20.38831231522912,20.853530132139824,14.814287574657175,14.758029125948536,0.3811887717247009,0.2821850776672363,1.2622289180755617,1.306506485939026,0.0496030893564224,0.0479535174369812,0.0675024046897888,0.0677597253322601
6384,448,1,8,1.15,0.72,True,False,True,True,2.5544701838493347,2.535913586616516,3.103845977783203,3.12251576423645,19.701109009321154,19.71676025079878,16.109046998611237,16.012729414385355,0.4852815449237823,0.4531826972961426,0.8971530437469452,1.078432457447052,0.0510894036769867,0.0507182717323303,0.062076919555664,0.062450315284729
7724,1810,2,16,0.77,0.94,True,True,True,True,2.6277631878852845,2.6298828125,2.654001438617706,2.6540480065345764,19.02899922910549,19.01225433966998,18.839477354355765,18.839146798021613,0.4869513869285583,0.4774829149246216,0.5454951763153076,0.5455951976776123,0.0525552637577056,0.05259765625,0.0530800287723541,0.0530809601306915
6128,1000,8,8,0.04,1.0,False,True,False,True,2.432151744365692,2.380540132522583,3.0240118861198426,3.038126378059387,20.60827257358414,20.994010058191627,16.534326603178975,16.457511745714868,0.2869742977619171,0.2147896289825439,0.8387112855911254,0.8817617225646971,0.048864361480699,0.0476326346397399,0.0604802377223968,0.0607625275611877
4900,344,6,8,0.95,0.96,True,False,False,False,2.4887033820152284,2.474526047706604,3.107985484600067,3.133925421237945,20.06101793916781,20.19975636076702,16.081847064749184,15.942546006548454,0.4359577310085296,0.417338490486145,1.0307965755462647,1.0377423191070556,0.0502449409176875,0.0495055484771728,0.0621819155216217,0.0627252384662628
8039,1058,1,32,0.96,0.87,False,True,True,True,2.3720265793800355,2.397342801094055,2.477256906032562,2.5007077121734618,20.92443340057636,20.84310110148308,20.11633072563479,19.964364659844936,0.2570833539962768,0.2421432733535766,0.408012318611145,0.4140352320671081,0.0478553363982368,0.0479775118827819,0.0497108566761016,0.0500986926555632
5909,112,5,8,0.56,0.81,False,True,True,True,2.5875181555747986,2.4169191122055054,3.453738808631897,3.464876565933228,19.99403305541692,19.8407279870138,14.47706465093828,14.4305286581957,0.2967174732685089,0.2353724241256714,0.780398416519165,0.8262842559814452,0.0519577396491513,0.0504014015197753,0.0690747761726379,0.0692975313186645
4492,1512,5,32,1.55,0.85,True,True,False,True,2.4479536652565,2.485933542251587,2.514605128765106,2.5202452826499937,19.9834176633552,20.094503089066794,19.73335913564204,18.29109106033273,0.3979489684104919,0.3780606985092163,0.4572430849075317,0.4644457101821899,0.0500744896729787,0.0497648882865905,0.0506999920209248,0.0547566531181335
5204,1264,8,16,0.96,0.9,False,True,True,False,2.331836322546005,2.3497745990753174,2.4493613958358766,2.471677896976471,21.46137974808804,21.27694420805487,20.413484440310487,20.22917336445258,0.2430720508098602,0.2333376407623291,0.3806307554244995,0.3934907031059264,0.0466656478881836,0.0469992303848266,0.0489872279167175,0.0494335579395294
6143,1185,6,32,0.06,0.71,True,True,True,True,2.523658215999604,2.535815715789795,2.552100086212158,2.5529538917541506,19.81458807660168,19.71752144801719,19.591708307271418,19.585156493423625,0.3716790437698364,0.4380848407745361,0.4458765625953674,0.446339886188507,0.050473164319992,0.0507163143157959,0.0510420017242431,0.051059077835083
7974,1205,5,32,1.7,0.95,False,False,False,False,2.536376007795334,2.549494743347168,2.7722602009773256,2.8045598816871644,19.627972314111208,19.60644224219892,17.940525032817064,17.745178982541166,0.4250794196128845,0.4165674448013305,0.5844081401824951,0.5877293586730957,0.051078250930356,0.0510036444664001,0.0557397294044494,0.0563534851663252
4128,1587,5,16,1.54,0.91,True,False,False,False,2.4381688868999483,2.463472366333008,2.528574693202972,2.5443551087379457,20.46166630130124,20.286573626694697,19.746980794137656,19.63350264933622,0.3709716773033142,0.4049983024597168,0.4869144797325133,0.528684504032135,0.0489202860977339,0.0492936873435974,0.0506406528949737,0.0509333468437194
4796,730,5,32,1.16,0.87,False,True,True,False,2.354099291563034,2.389783501625061,2.566999244689941,2.594275484085083,21.147048625034778,20.894888123172493,19.37622670130494,19.126931029664345,0.2847600126266479,0.2693110704421997,0.4477844715118408,0.4594101238250732,0.0474247642119725,0.0478585958480834,0.0516096386909484,0.0522835218906402
5257,1100,3,32,0.25,0.73,True,False,True,False,2.465208729505539,2.4843605756759644,2.836802947521209,2.8843714666366576,20.315317127057043,20.12590329051909,17.625489893024454,17.334799499222928,0.3763619172573089,0.393417477607727,0.5002333045005798,0.5255732107162474,0.0494119539635522,0.0496872115135192,0.0567360589504241,0.0576874293327331
5963,483,5,32,1.44,0.85,True,False,False,False,2.564122177362442,2.514276146888733,3.315484821796417,3.332529413700104,19.67044728308649,19.855496597743187,15.07423114937658,14.748598869104544,0.3320355427265167,0.3566488027572632,0.5186301708221435,0.5547858047485351,0.0516736501892781,0.0503638958930969,0.0663383750915527,0.0678039264065878
4158,1836,8,32,0.88,0.9,False,True,False,True,2.357916792631149,2.3885213136672974,2.5178906321525574,2.5420388913154603,21.066188717867018,20.929723365740443,19.8043486516754,19.66925064389803,0.2583187997341156,0.2466998100280761,0.4230003237724303,0.4316386222839355,0.0475271433585767,0.0477789402008056,0.0504939610958099,0.0508407778263092
7569,1748,5,16,0.32,0.83,True,True,True,False,2.601865828037262,2.605894923210144,2.633692169189453,2.6426129150390625,19.218966505274324,19.18726681226846,18.984772621175672,18.920724995645024,0.4427081346511841,0.4442843198776245,0.4594478487968444,0.4613611197471619,0.0520373165607452,0.0521178984642028,0.052673843383789,0.0528522583007812
5517,1115,7,8,0.81,0.8,False,True,False,True,2.4489872753620148,2.353454113006592,2.8752058029174803,2.8871052289009094,20.524719465488857,21.24536868489156,17.390059748957196,17.318385040211204,0.2875568330287933,0.2257460355758667,0.8016265034675598,0.8130947589874268,0.0489797455072402,0.0470690822601318,0.0575041160583496,0.0577421045780181
7030,1169,1,8,1.41,0.71,False,False,True,False,2.569935792684555,2.583076596260071,2.614862632751465,2.626214065551758,19.46221283320256,19.35676242759345,19.12146335133068,19.038814544192505,0.4937642383575439,0.5043975114822388,0.5715635776519775,0.5867743492126465,0.051398715853691,0.0516615319252014,0.0522972526550292,0.0525242813110351
4377,945,5,8,1.94,0.87,False,True,False,False,2.496409306526184,2.4392136335372925,3.1134535908699035,3.251887016296387,20.11751415191188,20.49624802844894,16.059336855721764,15.375687998518142,0.2888762176036835,0.2601300477981567,0.332849371433258,1.1051163363456726,0.0500690552031243,0.0487894177436828,0.062269071817398,0.0650377403259277
5100,352,8,32,1.91,0.79,False,False,False,False,2.554536646604538,2.553595185279846,2.635947108268738,2.6651740527153014,19.580881940117663,19.580237681313264,18.96851496765744,18.76050339692612,0.4956725525856018,0.5115638971328735,0.656566071510315,0.6588619875907898,0.0510907329320907,0.0510719037055969,0.0527189421653747,0.053303481054306
8057,914,2,16,1.33,0.78,False,False,True,False,2.5709259414672854,2.556002140045166,2.712770116329193,2.7337381649017334,19.432095769596845,19.536134208615564,18.391722202570573,18.238209870883388,0.4429525542259216,0.4592669010162353,0.5435043573379517,0.5744492530822753,0.0515285229367594,0.0511872577667236,0.0543722887039184,0.054830671930313
7831,1353,4,8,1.34,0.97,True,False,False,True,2.486270660161972,2.487647771835327,3.0977432847023008,3.1291336917877195,20.186200871318725,20.09567908377651,16.14078340228042,15.97886352023787,0.4125807690620422,0.4065225124359131,1.04876389503479,1.0526943397521973,0.0499673341738293,0.0497619414329528,0.061954865694046,0.0625826738357543
5201,1137,8,8,1.72,0.86,False,False,True,True,2.566346372365952,2.551644802093506,2.7182724237442017,2.74801552772522,19.43248324744484,19.590071088477853,18.375504927219875,18.08579578469393,0.4423073804378509,0.4949883222579956,0.5642056584358215,0.5886558675765989,0.0515531537877189,0.0510462689399719,0.0544203045368194,0.0552920117378234
5246,1456,7,8,1.04,1.0,False,False,False,False,2.5657957363128663,2.5895028114318848,2.676693332195282,2.690765404701233,19.441348066802245,19.30377528157657,18.6785088184357,18.468630446035,0.4566441166400909,0.4627186059951782,0.5569511175155639,0.583796453475952,0.051484646510365,0.0518033385276794,0.0535374643802642,0.0541458665847778
6027,1885,2,16,1.61,0.75,True,True,True,True,2.567553448677063,2.572726249694824,2.599481105804444,2.6016083717346192,19.47548705676412,19.4346747493667,19.234609029980977,19.21888377066102,0.4254101157188416,0.374752402305603,0.5107461214065552,0.5110450983047485,0.0513510689735412,0.0514545249938964,0.0519896221160888,0.0520321674346923
4061,1211,6,8,1.27,0.73,False,True,True,False,2.384744052886963,2.352744579315185,3.0055570960044857,3.030088312625885,20.981972676525984,21.24406180260968,16.604618575185913,16.501169258871872,0.2718847000598907,0.2382593154907226,0.9479690313339232,0.9527427840232848,0.0479981696803106,0.0470719790458679,0.060224213031622,0.0606017662525177
5122,955,6,32,0.49,0.71,False,False,False,False,2.5063872170448303,2.521558403968811,2.6091431260108946,2.62566602230072,19.862798389626263,19.79787517771457,19.159371382613884,18.91064224443109,0.4216357696056366,0.4344434738159179,0.5076177835464477,0.539498176574707,0.0503932595233512,0.0505104732513427,0.0521937792301177,0.0528804156012005
6419,537,3,16,1.03,0.72,True,True,True,True,2.539016675949097,2.545263290405273,2.5670687198638915,2.5700171756744385,19.694715268264684,19.644334251536915,19.47747056014571,19.455129726136228,0.4087333679199219,0.4033913612365722,0.4510161995887756,0.4510236287117004,0.0507803335189819,0.0509052658081054,0.0513413743972778,0.0514003435134887
8108,1629,7,32,0.11,0.72,False,True,False,True,2.324193731546402,2.358695387840271,2.539952576160431,2.559633972644806,21.500960429001424,21.19498303536318,19.64036369415956,19.495643106129435,0.2518594932556152,0.2394125461578369,0.4238807797431946,0.4338782382011413,0.046640940606594,0.0471809768676757,0.0509155559539794,0.0512935119628906
6542,1861,7,8,1.49,0.89,False,False,True,False,2.576140260696411,2.594762921333313,2.7752726316452025,2.8033960127830504,19.32803351447454,19.26557191584095,18.00800362305781,17.35258057949005,0.4473526430130005,0.4659899473190307,0.5305725097656249,0.5554916381835937,0.0518850770733822,0.0519060635566711,0.055530864238739,0.0576288530875896
7796,1494,4,8,1.92,0.77,True,True,False,True,3.115513288974762,3.1255956888198853,3.148173689842224,3.151987910270691,16.05017735837719,15.997042986313248,15.882225999290636,15.863011201554237,0.929804253578186,0.8942549228668213,1.0080532908439637,1.0082306838035584,0.0623102657794952,0.0625119137763977,0.0629634737968444,0.0630397582054138
4179,1093,8,8,0.53,0.9,False,True,True,False,2.354125075340271,2.3088027238845825,3.017686057090759,3.041809446811676,21.40116677421508,21.644960187904104,16.568986850298355,16.437584563935197,0.2881729686260223,0.2352187633514404,0.9484300971031188,0.9523739290237426,0.0470964410954333,0.0462001323699951,0.0603537211418151,0.0608361889362335
4140,1504,1,16,0.57,0.96,True,True,False,True,2.5694651126861574,2.5779768228530884,2.5985570549964905,2.6000474095344543,19.46123626460296,19.39505474041235,19.24144834745321,19.23042025922827,0.4025153279304504,0.4797055721282959,0.4838651537895203,0.484041097164154,0.0513893022537231,0.0515595364570617,0.0519711410999298,0.052000948190689
5922,1590,7,32,0.38,0.7,False,True,True,True,2.317444169521332,2.321935176849365,2.7382548451423645,2.771022319793701,21.74670326518349,21.521992490265813,18.245325329311104,18.027434517157825,0.2403335630893707,0.2300422191619873,0.4166999697685241,0.4603288054466247,0.0464882062249418,0.0464641022682189,0.0548085789680481,0.055471020412445
7456,1848,6,32,0.9,0.9,False,False,False,False,2.4860724401474,2.5079063177108765,2.6089358568191527,2.6301410484313963,20.145671548088725,19.936948940017228,19.16490433897514,19.01038745171001,0.4611148273944854,0.4698126316070556,0.567216432094574,0.5971799850463866,0.0497214488029479,0.0501581263542175,0.052178717136383,0.0526028209686279
7746,1605,6,32,0.05,0.79,True,True,True,True,2.5011687874794006,2.5105289220809937,2.524683904647828,2.5274446392059327,19.992419058141778,19.91612346783063,19.804461389511616,19.78283327509144,0.3826743483543396,0.3602385520935058,0.4547027707099914,0.4558321785926819,0.050023375749588,0.0502105784416198,0.0504936780929565,0.0505488927841186
4998,1191,3,32,0.33,0.71,False,False,True,True,2.54675297498703,2.5458940267562866,3.0498039245605466,3.0694436025619507,19.66068104491762,19.63923274724735,16.37665370248119,16.28406052454405,0.5087536835670471,0.4733773469924927,0.9833609342575074,0.9872500991821288,0.0511618700891733,0.0509184861183166,0.0610625422000885,0.0614097456932067
6118,1910,7,8,1.61,0.84,False,False,False,False,2.512625908851624,2.524902820587158,2.5781354188919066,2.588268587589264,19.856342424745257,19.79717625467957,19.39049096511833,19.29965226544629,0.4321747708320618,0.4101183414459228,0.5801856994628906,0.6443391036987305,0.050383497316749,0.0505122542381286,0.0515716700553894,0.0518144052028656
6653,1901,2,16,1.64,0.87,True,False,False,False,2.4842659151554107,2.4662766456604004,3.029309618473053,3.039288399219513,20.11316598484396,20.26565037866534,16.50333983615744,16.41875892688922,0.4111658263206482,0.3921989202499389,0.969310700893402,1.0028193020820615,0.050031327374007,0.0493445801734924,0.0605937962532043,0.0609059567451477
6528,268,3,16,0.9,0.88,True,True,False,True,2.7490209341049194,2.752729296684265,2.777968692779541,2.7794153785705564,18.19001094302627,18.16379577637009,17.998763356986007,17.989395898265528,0.4333907723426818,0.4328705072402954,0.4376053333282471,0.4433014774322509,0.0549804186820983,0.0550545859336853,0.0555593738555908,0.0555883075714111
6142,1804,7,8,0.29,0.75,True,True,True,True,3.09867103099823,3.1015307903289795,3.132974827289581,3.134391252994537,16.13734693421962,16.121111497264422,15.959273085910295,15.9520617197427,0.934951150417328,0.8815134763717651,1.028822839260101,1.035787189006805,0.0619734206199646,0.0620306158065795,0.0626594965457916,0.0626878250598907
6257,543,4,16,1.33,0.84,True,False,True,True,2.5100632905960083,2.510938048362732,2.6629787564277647,2.683386387825012,19.87143490060722,19.90733773634932,18.77495308116133,18.587486973317063,0.4040575420856476,0.4389545917510986,0.5381518006324768,0.5776701474189757,0.0503840981850877,0.0502327370643615,0.0532624518871307,0.0537996342182159
4147,353,4,16,0.07,0.82,True,False,True,True,2.4549919819831847,2.487083077430725,2.555457651615143,2.5619647121429443,20.33011549026642,20.0946026595618,19.56358103978549,19.49865433916187,0.3773938488960266,0.4156750440597534,0.5009742498397827,0.5368413829803464,0.049257548687769,0.0497646069526672,0.0511153862476348,0.0512855925559997
6126,633,3,8,1.23,0.74,False,False,False,False,2.523070659637451,2.5328205823898315,2.603031063079834,2.6138393783569334,19.82684847164019,19.740837689524938,19.208376232062065,19.128949286871688,0.458559067249298,0.4733313322067261,0.5420239686965942,0.5600046610832213,0.050461413192749,0.0506564116477966,0.0520606212615966,0.0522767875671386
4720,178,2,32,0.21,0.89,False,True,True,True,2.3202020597457884,2.322653293609619,2.5234373807907104,2.527085537910461,21.514258830677107,21.502266948649755,19.81424243565904,19.78563895092145,0.2486739575862884,0.2350789308547973,0.4845240950584411,0.4902357149124145,0.0465368985925401,0.0465067243576049,0.0504687476158142,0.0505417107582092
4698,460,2,16,0.87,0.99,True,True,True,True,2.583312201499939,2.597616910934448,2.618411457538605,2.618928415775299,19.35861968478984,19.24841822756388,19.095547422955963,19.09177823188981,0.4086959600448608,0.4835786819458008,0.4911917805671691,0.49260023355484,0.0516662440299987,0.0519523382186889,0.0523682291507721,0.0523785683155059
7825,1787,8,8,0.12,0.98,False,False,True,False,2.544534441232681,2.5091203451156616,2.737389719486236,2.7582801008224487,19.67406173725534,19.9273055179528,18.26558437510532,18.127238421495807,0.4434188508987426,0.456551194190979,0.5327300071716309,0.5662430238723755,0.0508906888246536,0.0501824069023132,0.0547477943897247,0.0551656020164489
6043,1947,3,32,1.86,0.91,True,False,True,False,2.4181556713581087,2.445398092269897,2.489795994758606,2.4984404397010804,20.65681804500707,20.44656954646277,20.081966621239104,20.012485339700152,0.3530031752586364,0.4008965492248535,0.4500572919845581,0.4709511113166809,0.0484488197434333,0.0489079618453979,0.0497959198951721,0.0499688087940216
5209,2036,3,32,0.43,0.94,True,False,True,False,2.484589343070984,2.4670026302337646,3.193287372589112,3.21639121055603,20.148414018783257,20.263743915028265,15.653547622825956,15.497576212006583,0.4195091140270233,0.3969241380691528,1.1347305417060851,1.1764088869094849,0.0501582771945127,0.0493492221832275,0.0638832950592041,0.0645262269496917
6623,1557,3,8,0.34,0.74,False,False,False,True,2.556544474363327,2.560582041740417,2.6530022025108337,2.681600570678711,19.56604038274076,19.526810386474462,18.846574393800825,18.64558078324957,0.4505623531341552,0.4633640050888061,0.5297179579734802,0.5500437688827514,0.0511308894872665,0.0512116408348083,0.0530600440502166,0.0536320114135742
5445,108,6,8,1.66,0.99,False,False,False,False,2.544182546138764,2.574065089225769,2.6924720287323,2.7966932249069214,19.47793471600276,19.39280469709326,18.55763970142712,16.517521849136795,0.4291240847110748,0.4631614685058594,0.5453272700309754,0.5863541841506957,0.0514449348596965,0.0515655183792114,0.0538861637115478,0.0605486754459492
6791,1030,8,32,1.07,1.0,False,True,False,False,2.1743474161624907,2.1148680448532104,2.5266254782676696,2.5413925099372863,23.11364222338002,23.623212067887746,19.789240853947632,19.674254517622668,0.2690685510635376,0.2547805309295654,0.3978912115097046,0.4269300627708433,0.0435581651421154,0.0423312473297119,0.0505325095653533,0.0508278501987457
6163,754,4,16,0.61,0.74,True,True,False,False,2.633803927898407,2.6430264711380005,2.664100682735443,2.666108901500702,18.98559031591347,18.9177092730106,18.76806032834734,18.753925443636287,0.453464925289154,0.4534240961074829,0.4595573425292968,0.4603227233886718,0.0526760785579681,0.05286052942276,0.0532820136547088,0.053322178030014
5009,445,2,16,1.78,0.95,True,True,True,False,2.500029671192169,2.498950839042664,2.5141302943229675,2.517677247524261,20.000280252937323,20.00840899665017,19.88759623292781,19.859585465722688,0.4220678210258484,0.421119213104248,0.4319804072380066,0.4384605956077576,0.0500005934238433,0.0499790167808532,0.0502826058864593,0.0503535449504852
7623,1938,8,8,1.53,0.75,False,False,True,True,2.5803442180156706,2.591930747032165,2.645476520061493,2.6574997782707213,19.37746352096982,19.290640415338203,18.90018667861018,18.81469120384247,0.4859327745437622,0.4984726905822754,0.5713135361671448,0.5867011237144469,0.0516270151169403,0.0518386149406433,0.0529095304012298,0.0531499955654144
6015,1689,3,16,0.11,0.94,False,False,False,False,2.4705720317363737,2.5398197174072266,2.608471345901489,2.6173311281204223,20.160343408992336,19.67732485943269,19.162757031476065,19.100575173502428,0.4134926116466522,0.4252640008926391,0.5006230711936951,0.5218137526512145,0.0497505542745192,0.0508199167251586,0.052184558391571,0.052354444360733
7906,1541,4,16,1.58,0.92,False,False,False,True,2.577078630924225,2.5940099954605103,2.7018433094024656,2.721857621669769,19.2511821322098,19.245918453930216,18.470524861884325,17.65298267089518,0.4789378583431244,0.4895579814910888,0.5594724535942077,0.5712680459022521,0.0520052038133432,0.051959068775177,0.0541403155326843,0.0566476591557264
6526,1369,3,8,1.94,0.99,True,True,True,True,3.111684024333954,3.121371865272522,3.1423887848854064,3.1424353528022766,16.069675327056977,16.0185982501465,15.911462083049134,15.9112262908887,1.0294851660728457,1.0291858911514282,1.0378429651260377,1.0385492753982544,0.062233680486679,0.0624274373054504,0.0628477756977081,0.0628487070560455
8001,1126,1,16,1.64,0.83,True,True,False,True,2.571736347675324,2.5776965618133545,2.6047303557395933,2.610796687602997,19.44449302068842,19.39719358359068,19.19585347154565,19.15126991711396,0.4630678534507751,0.460261583328247,0.4749355673789978,0.4784259867668152,0.0514347269535064,0.051553931236267,0.0520946071147918,0.0522159337520599
4151,407,1,8,1.68,0.87,False,True,False,True,2.4491109716892243,2.399286985397339,3.3523693919181823,3.3693248057365417,20.562302136988187,20.83891366165277,14.914824160129392,14.83976851250383,0.3469426536560058,0.2515535354614258,1.182720923423767,1.215612006187439,0.0491775009523738,0.0479871463775634,0.0670473878383636,0.0673864961147308
4702,1680,4,32,1.93,0.89,True,False,False,False,2.314974681138992,2.347042918205261,2.464159548282624,2.484145469665527,21.40108331112624,21.17252714293299,20.209745767858344,19.482162697100232,0.3070143210887909,0.3276782035827636,0.4837666630744934,0.5189823269844055,0.0468257245488859,0.0472310328483581,0.049481077671051,0.0513292533159255
4802,407,2,8,0.41,0.94,False,True,True,True,2.464499583244324,2.4048213958740234,3.1254394173622133,3.1295951771736146,20.38837246477631,20.78477960621632,15.997750558667452,15.976508662884,0.3169718670845032,0.2447119951248169,0.9032269954681396,0.9400353527069092,0.0494547939739729,0.0481121325492858,0.0625087883472442,0.0625919035434722
7700,1918,5,32,0.89,0.7,True,True,True,True,2.588536787033081,2.592485308647156,2.618072950839996,2.632296459674836,19.31845949029141,19.28652421654886,19.098062401766065,18.994969400116524,0.4484827995300293,0.5079456567764282,0.5240392208099365,0.5324569606781006,0.0517707357406616,0.0518497061729431,0.0523614590167999,0.0526459291934967
4752,96,2,32,1.04,0.88,False,True,True,False,2.262753163576126,2.253272771835327,2.490064513683319,2.510289533138275,22.14943474197505,22.18994560923243,20.079808498145223,19.918021201165374,0.2225109612941742,0.2102872133255005,0.4301351547241211,0.4333274793624878,0.0452550632715225,0.0450654554367065,0.0498012902736663,0.0502057906627655
4944,1317,2,16,1.17,0.86,True,False,True,False,2.4072052109241486,2.442419171333313,2.533911728858948,2.5561559987068176,20.64869434528865,20.46691043109601,19.658237500475927,19.53699767397713,0.3579626572132111,0.3864237070083618,0.4918029665946959,0.5233506751060485,0.0485245351841728,0.0488593530654907,0.0508692605495452,0.0511856858798435
5462,2046,8,8,0.37,1.0,False,False,True,False,2.524037181138992,2.537187695503235,2.608911955356598,2.614620840549469,19.744193104642203,19.702640437995363,19.1647102268596,19.04987704939485,0.4433644711971283,0.4542087316513061,0.5232699513435364,0.5513259625434875,0.0506790030232791,0.0507546186447143,0.0521792392730712,0.0524956666469573
4416,1823,5,8,1.4,0.72,True,True,False,False,3.107093262672424,3.114699959754944,3.1354103684425354,3.141622745990753,16.09342630731566,16.05292344835826,15.946881023193749,15.915358469503712,1.005272376537323,1.0044639110565186,1.0093793153762818,1.0118062829971313,0.0621418652534485,0.0622939991950988,0.0627082073688507,0.062832454919815
6209,254,3,16,0.84,0.96,True,False,False,True,2.4782950174808502,2.507190704345703,2.57542599439621,2.580741326808929,20.120108662109388,19.92552745892461,19.408272361808752,19.31644649458532,0.3906743967533111,0.428503155708313,0.4991243839263916,0.5222790789604187,0.0498032812034382,0.0501868891716003,0.0515244212150573,0.0517693564414978
6000,1255,4,8,1.98,0.98,True,False,False,True,2.552146909236908,2.5176554918289185,3.0766420483589174,3.1021987295150755,19.68715898443837,19.859751832355705,16.251484576975443,16.11760056932578,0.4749543178081512,0.4472635984420776,1.0006595253944397,1.002516565322876,0.0510429381847381,0.0503531098365783,0.0615328409671783,0.0620439745903015
6140,88,7,32,1.67,0.79,True,True,True,False,2.480938136577606,2.4910006523132324,2.511619436740875,2.513085148334503,20.15628812398011,20.072282266528724,19.90747510069804,19.89586567212999,0.4187634229660034,0.4182907342910766,0.4247028112411499,0.4261041975021362,0.0496187627315521,0.0498200130462646,0.0502323887348175,0.05026170296669
7483,769,7,32,1.81,0.72,True,True,True,False,2.509122133255005,2.515162467956543,2.540038549900055,2.54165429353714,19.92933019087474,19.879521276154968,19.68474126682587,19.67222903358195,0.4471137523651123,0.4472957849502563,0.4530665040016174,0.4541089367866516,0.0501824426651,0.0503032493591308,0.050800770998001,0.0508330858707428
6393,849,8,8,0.56,0.76,True,True,False,True,3.134580147266388,3.145896792411804,3.1719831228256226,3.1724995374679565,15.952946929319785,15.89371914705326,15.76300950316058,15.76044370142086,0.9398359298706056,0.944912314414978,1.027079200744629,1.0273234558105468,0.0626916029453277,0.062917935848236,0.0634396624565124,0.0634499907493591
6825,1526,1,32,1.51,0.76,True,False,False,False,2.458388423919678,2.488296627998352,2.5567195892333983,2.564536874294281,20.340733871668505,20.094067511429387,19.556309763401817,19.49669763149145,0.3934736704826355,0.432090163230896,0.4891888737678527,0.5123537254333496,0.0492269140369013,0.049765932559967,0.0511343917846679,0.0512907374858856
6815,847,7,16,1.6,0.95,False,False,True,False,2.548012355566025,2.547670125961304,2.6784081935882567,2.717554409503937,19.576872338902835,19.625142042080807,18.655724101714124,18.38361777965609,0.4361628365516662,0.471888780593872,0.5388189554214478,0.5624608826637266,0.0511191449145475,0.050955045223236,0.0536028537750244,0.0543963303089141
4622,1407,6,8,1.1,0.8,False,True,True,False,2.424145309925079,2.416471481323242,3.015621316432953,3.0279933643341064,20.61991441237377,20.685533195263112,16.580331161737984,16.51258708274993,0.310622923374176,0.2296161651611328,0.9537732362747192,0.9927518868446348,0.0488364819049835,0.0483429646492004,0.060312426328659,0.0605598672866821
7540,327,3,16,0.11,0.72,False,True,True,False,2.310180834531784,2.305509567260742,2.574325156211853,2.591482033729553,21.59466529863305,21.685797066934505,19.41502579243057,19.27709099235105,0.2334150004386901,0.2158970832824707,0.4802947759628296,0.4878062152862549,0.0463839240116231,0.0461131310462951,0.0515064992904663,0.0518750471591949
5748,993,4,16,0.24,0.76,False,True,True,False,2.28651637673378,2.295896291732788,2.440551996231079,2.4620687270164487,21.783104442653865,21.76895596887876,20.42896310843953,20.259003716285577,0.2210738694667816,0.2135723829269409,0.3711133480072021,0.3750396251678466,0.0459544434936423,0.0459369778633117,0.048950112581253,0.0493607688903808
6233,916,3,32,0.02,0.95,False,True,False,False,2.334960941076279,2.3407198190689087,2.486600720882416,2.506283376216889,21.430942570984715,21.360951344488285,20.107772972605616,19.949859023660206,0.2456919026374817,0.2386372089385986,0.3426704764366137,0.4224791693687438,0.0466992188215255,0.0468143963813781,0.0497320144176483,0.0501256675243377
7314,1496,1,8,0.75,0.82,False,True,False,True,2.468590313196182,2.4102357625961304,3.018229722976685,3.0277715444564817,20.271292593074108,20.68774093755944,16.56319161241168,16.478919065193374,0.3263575160503387,0.2346303462982177,0.8319741010665893,0.8791202545166016,0.0497783667394129,0.0483378076553344,0.060374837398529,0.0606835983276367
5388,1022,3,32,1.57,0.96,False,False,False,False,2.5451321983337403,2.5617083311080933,2.631699109077453,2.781977362632752,19.58608503570464,19.502749738258984,18.9510965030554,17.97282777078842,0.4529018938541412,0.47797691822052,0.5614911556243897,0.5760985469818115,0.0510934715914319,0.0512748217582702,0.0527689011096954,0.055639547252655
5774,857,8,8,0.45,0.74,False,False,True,False,2.630843591690064,2.5511276721954346,3.419158971309662,3.4295476722717284,19.13718435275841,19.588688668719065,14.623479234310564,14.579182422479214,0.5173564898967743,0.4630011320114136,1.2241466760635376,1.2574396204948426,0.0527034553752225,0.0510498738288879,0.0683831794261932,0.0685909534454345
7918,576,5,32,1.04,0.78,False,False,True,False,2.5289158630371094,2.532278537750244,2.604419243335724,2.660980825424194,19.758388029351966,19.736668875964018,19.182971946899,18.579712026696207,0.4536236405372619,0.4806467294692993,0.5414307355880738,0.5653217220306396,0.0506375145991643,0.0506671142578125,0.0521295664310455,0.053822223329544
6370,471,1,8,0.88,0.95,True,True,False,False,3.100649785995484,3.1103307008743286,3.1336514472961428,3.134480609893799,16.127002027032685,16.07546155986877,15.955826973333,15.951606392020231,1.0048925757408145,1.004542589187622,1.0112640738487244,1.0114450907707215,0.0620129957199096,0.0622066140174865,0.0626730289459228,0.0626896121978759
6335,579,4,32,1.45,0.86,False,True,False,True,2.350646612644196,2.361923933029175,2.567065107822418,2.5959141874313354,21.30403054505134,21.169183258116416,19.47751267027927,19.261037399136782,0.2705666971206665,0.2507076263427734,0.5504946231842041,0.5559118366241455,0.0470129322528839,0.0472384786605835,0.0513413021564483,0.0519182837486267
6796,873,6,16,1.51,0.79,False,False,False,False,2.4891206657886507,2.509558916091919,2.6722208619117738,2.6906298780441285,19.87355032837355,19.892214210968604,18.638687098666534,14.7583847047918,0.3797321653366088,0.4019882678985595,0.5252814650535583,0.5346424674987793,0.050521731662906,0.0502709245681762,0.0536518490314483,0.067758684403756
6521,1295,3,8,0.74,0.92,True,False,True,False,2.52518270611763,2.483269691467285,3.053494167327881,3.071929278373718,19.89066017236783,20.134744297430814,16.374683537094644,16.27641642260523,0.4675430297851562,0.4403859376907348,0.8882940053939818,1.0272202467918397,0.0505036541223525,0.0496653938293457,0.0610698833465576,0.0614385855674743
6000,1008,1,32,1.49,0.83,True,False,True,True,2.501983145475388,2.5326989889144897,2.585234999656677,2.5987499284744264,20.003167875534366,19.741785435437794,19.340601550839345,19.24001978143939,0.3985399878025055,0.4352147579193115,0.4969279408454895,0.5261766505241394,0.0500396629095077,0.0506539797782897,0.0517046999931335,0.0519749985694885
4874,1188,3,16,0.65,0.72,True,False,False,True,2.4212701296806336,2.459704875946045,2.56638298034668,2.575040934085846,20.603021977179623,20.29433863080433,19.464061646218862,19.37219503667578,0.3497945952415466,0.391605019569397,0.5036530017852783,0.542976701259613,0.0486484057505925,0.0492748308181762,0.0513767385482788,0.0516203766822814
4561,1986,7,16,0.67,0.99,True,False,False,True,2.5125551545619964,2.5399227142333984,2.578402352333069,2.589897186756134,19.850993418612145,19.6826194195268,19.388157090742013,19.224262523095955,0.4375847387313842,0.4583127498626709,0.5178990602493286,0.5376744961738587,0.0504222808962282,0.050806245803833,0.051577877998352,0.0520176536083221
5034,1155,7,32,1.66,0.86,False,False,False,True,2.5542301619052887,2.566957235336304,2.640446126461029,2.848743488788605,19.50819992654711,19.474112755113307,18.929935367248163,17.55101229500593,0.4670356857776642,0.479465126991272,0.5484195828437806,0.5875481057167053,0.0513267933621126,0.0513502216339111,0.0528263823986053,0.0569767707824707
4046,431,7,16,1.01,0.91,True,True,True,True,2.55747936964035,2.5637688636779785,2.5876012325286863,2.5879643535614014,19.55262553287577,19.502567857844948,19.32291554525917,19.3202043890228,0.4110771775245666,0.3807351589202881,0.4778353810310364,0.4792481827735901,0.051149587392807,0.0512753772735595,0.0517520246505737,0.051759287071228
4693,1401,2,8,0.36,0.93,False,True,True,True,2.373616696596146,2.3137906789779663,2.9983139872550963,3.004436478614807,21.13517407068085,21.605305146488867,16.674669056016473,16.630368034724192,0.2781275939941406,0.2046537399291992,0.8564754843711853,0.88816082239151,0.0476877544096951,0.0462849283218383,0.0599712052345275,0.0601309648513793
4871,710,8,32,0.0,0.81,True,False,False,False,2.416653409004212,2.4557310342788696,2.514148116111756,2.5335627102851865,20.649597349167863,20.35639279929624,19.84466527733378,19.70022357005321,0.3522071146965027,0.404037594795227,0.4726387739181518,0.5008993577957153,0.0485183799266815,0.0491246175765991,0.0503913786411285,0.0507608588218689
4846,411,1,8,1.58,0.86,True,False,True,False,2.5883486664295194,2.517964601516724,3.16176837682724,3.187209866046905,19.436814824505223,19.85730898474561,15.813937465755668,15.687702471705768,0.448366093635559,0.4218437671661377,1.0202746033668515,1.028607029914856,0.0517669733285903,0.0503592920303344,0.0632353675365448,0.0637441973209381
8057,181,4,8,1.05,0.8,False,False,False,False,2.5349685621261595,2.5372331142425537,2.629305779933929,2.689788219928741,19.693847733272342,19.700740947654552,19.01413141078324,18.44294654057308,0.4375531828403473,0.44344162940979,0.5122589707374572,0.5315400195121764,0.0508107454935709,0.0507595133781433,0.05259246301651,0.0542212711811065
6729,707,6,16,0.3,0.72,False,True,False,True,2.371582655906677,2.3588032722473145,2.735085356235504,2.758138482570648,20.956926692031967,21.1697383243912,18.279067231475285,18.113320890657857,0.2407462036609649,0.2197623252868652,0.4722416520118713,0.479216513633728,0.0478689134424383,0.04723726272583,0.0547073884010314,0.0552079879760742
4173,1765,1,16,0.2,0.83,False,True,True,True,2.2886695146560667,2.335801362991333,2.3918035984039308,2.399861288070679,21.821715356129022,21.370113450761327,20.9023064566639,20.74409241988613,0.2260788452625274,0.2177051305770874,0.3423718333244324,0.4232356190681457,0.0459104496569859,0.0467943263053894,0.0478416104316711,0.0482065245174226
6510,192,7,8,1.84,0.98,True,False,True,False,2.499255405664444,2.4889631271362305,3.1071740627288817,3.1336686301231382,20.048327662576952,20.084699223571825,16.091793183289344,15.955739399712662,0.417027062177658,0.4091655015945434,0.8737386465072605,1.0270294594764708,0.0502237687727196,0.0497891449928283,0.0621434812545776,0.0626733726024627
4744,2010,2,16,0.37,0.72,True,False,True,False,2.468494209051132,2.481938123703003,2.566833126544952,2.573392686843872,20.276361295461296,20.145546584520645,19.479256191619367,19.42960370968496,0.3907507216930389,0.4273524284362793,0.4894373774528503,0.5101037383079529,0.0493698841810226,0.04963876247406,0.051336662530899,0.0514678537368774
7970,975,4,16,1.18,0.83,True,False,True,True,2.4858288526535035,2.507182240486145,2.553619968891144,2.5645413970947266,20.13160515323835,19.942706682578223,19.58004740160052,19.49666351593709,0.3981735944747925,0.4343122243881225,0.5075043559074401,0.5269582700729369,0.04971657705307,0.0501436448097229,0.0510723993778228,0.0512908279418945
6436,973,6,32,0.09,0.91,True,False,True,False,2.4127504551410675,2.4501572847366333,2.539416515827179,2.5596932792663574,20.63466472366847,20.38936128656264,19.66939973725417,19.4686335257994,0.3564993226528167,0.4069849252700805,0.4804147481918335,0.4993368315696716,0.0485705881891427,0.0490451884269714,0.0508403935432434,0.0513667798872346
5128,1663,6,8,1.24,0.94,True,False,False,True,2.5340319204330446,2.5016688108444214,3.0676337480545044,3.0841875958442686,19.82919673890391,19.98665893052492,16.299208493135378,16.211726831550035,0.4386601626873016,0.4264270067214966,0.9416154146194458,1.0034194111824035,0.0506806384086608,0.0500333762168884,0.06135267496109,0.0616837519168853
6091,1324,1,16,1.83,0.98,True,True,True,False,2.4786970615386963,2.4871798753738403,2.5082807421684263,2.5092336630821226,20.17397107854701,20.10313568224777,19.93397300095544,19.92640329101853,0.4283630609512329,0.4279612302780151,0.4349629998207092,0.4350646519660949,0.0495739412307739,0.0497435975074768,0.0501656148433685,0.0501846732616424
5798,435,6,16,1.91,0.76,True,True,False,True,2.584707963466644,2.5884045362472534,2.6104392051696776,2.6141450691223143,19.34624037014745,19.31692216825023,19.15386812069778,19.126722305830285,0.4002647519111633,0.4527186155319214,0.458645236492157,0.462155225276947,0.0516941592693328,0.051768090724945,0.0522087841033935,0.0522829013824462
5626,1681,3,8,0.71,0.83,True,False,False,True,2.540070840120316,2.528364419937134,3.1152877807617188,3.1370622396469114,19.679333689291145,19.75706338867116,16.038088042453182,15.891954343527296,0.3977642881870269,0.3916932344436645,0.8750141739845275,1.0237775087356566,0.051156850356857,0.0506148171424865,0.0623515729904174,0.0629249295711517
6147,313,2,32,1.21,0.88,False,True,False,False,2.3954168450832367,2.409239411354065,2.5310314297676086,2.540437195301056,20.82211684362052,20.75253821291752,19.73588443171348,19.675192639305177,0.260184828042984,0.247300386428833,0.4630603194236755,0.466931276321411,0.0480956377744674,0.0481868767738342,0.0506691253185272,0.050825423669815
7559,113,5,16,1.27,0.98,True,False,False,False,2.4650717318058013,2.491541862487793,2.5766881942749023,2.588678216934204,20.22360765727828,20.055165963685653,19.403745926307405,19.287173228608683,0.3882775521278381,0.4230670928955078,0.48705335855484,0.5219374442100524,0.0495389397770165,0.049862470626831,0.0515364425182342,0.0518479296207428
5340,639,8,16,0.09,0.94,True,True,True,True,2.530604648590088,2.539408087730408,2.5575957536697387,2.5598139810562133,19.760406746541022,19.68967788367871,19.54961139504517,19.53267322593464,0.3974669218063354,0.4576882123947143,0.4656345844268799,0.470200777053833,0.0506120929718017,0.0507881617546081,0.0511519150733947,0.0511962796211242
4256,566,5,16,1.76,0.75,True,True,False,True,2.5721209049224854,2.58008360862732,2.598473644256592,2.5991455268859864,19.441085174788466,19.379258009929494,19.24206558159188,19.237091718497307,0.4731080889701843,0.4737447500228882,0.4791459321975708,0.4818809366226196,0.0514424180984497,0.0516016721725463,0.0519694728851318,0.0519829105377197
5831,1392,6,32,1.83,0.98,False,True,False,True,2.404652771949768,2.4128960371017456,2.5519215941429136,2.5715991830825806,20.812665000083268,20.721986954247164,19.593081295021257,19.443155063371105,0.3039595472812653,0.2917367219924927,0.4377123475074768,0.4438998699188232,0.0480930554389953,0.0482579207420349,0.0510384318828582,0.0514319836616516
4852,923,7,16,0.61,0.72,False,False,True,True,2.514167791604996,2.575572967529297,2.6536672115325928,2.678178331851959,19.75413275586,19.370645133760764,18.81796098111792,18.42023983487361,0.427768748998642,0.4535224437713623,0.5302613615989684,0.5562566924095154,0.0507747635631225,0.0516245317459106,0.0531407282352447,0.0543029317672435
5531,926,3,32,0.91,0.75,False,False,True,True,2.5321398830413817,2.5585381984710693,2.60511212348938,2.6104774713516234,19.7686264483694,19.542409210867262,19.193031866557977,19.15358601564771,0.4697493493556976,0.4877088069915771,0.5425114035606384,0.5681131482124328,0.0506427976608276,0.0511707639694213,0.0521022424697876,0.0522095494270324
7252,581,6,8,0.62,0.85,True,False,True,True,2.5466083455085755,2.532827377319336,3.0801010012626646,3.105150887966156,19.692284335706333,19.73214832861997,16.21349029626061,16.080142680511038,0.4228599393367767,0.4192013740539551,0.9142505168914794,1.011221718788147,0.0510806412378947,0.0506787228584289,0.0616770372390747,0.0621885047912597
5495,424,1,8,0.58,0.97,False,False,False,False,2.60059525847435,2.538243889808655,3.135823118686676,3.1496072363853456,19.31056401032464,19.698658971855416,15.944776943993416,15.874996714652893,0.5220006048679352,0.4896165132522583,1.092892038822174,1.0975143671035767,0.052011905169487,0.050764877796173,0.0627164623737335,0.0629921447277069
7885,1953,5,16,0.84,0.89,False,False,False,False,2.5269865775108338,2.543146014213562,2.605037474632263,2.6101829361915585,19.67955742704267,19.65424632896827,19.18085589133835,18.927868849695024,0.4467619740962982,0.4647271633148193,0.5344064116477966,0.550307936668396,0.0508827072959107,0.050879590511322,0.0521353175640106,0.0528356416846766
7378,504,1,32,1.98,0.86,False,False,True,False,2.6243758368492127,2.622108578681946,2.733991730213165,2.742760796546936,18.97857550790282,19.06628803113153,18.287681304198344,18.168710647896607,0.5035726797580719,0.4823473691940307,0.6729519248008728,0.6810374641418456,0.0527668362696965,0.0524485945701599,0.0546816179752349,0.0550396789073944
4772,1069,1,16,1.47,0.95,False,False,False,False,2.5126141500473023,2.515636324882508,2.5841782808303835,2.6002029967308045,19.90770903103269,19.87568825966792,19.34851106908714,19.229267905270827,0.4448060309886932,0.4729115962982178,0.548367178440094,0.5644749736785888,0.050252283000946,0.0503127264976501,0.0516835656166076,0.052004059934616
5014,192,5,32,0.47,0.72,False,True,False,True,2.368401402235031,2.3646997213363647,2.5182026386260987,2.537644505500793,21.046207745710944,21.134256505486604,19.84181516807396,19.67192952842269,0.2603460788726807,0.2468022108078003,0.4329251408576964,0.4386792802810669,0.0475684063883389,0.0473165464401245,0.0503986208438873,0.0508338547706604
5711,1683,2,16,1.27,0.84,False,True,True,True,2.362061848640442,2.414908170700073,2.559919762611389,2.5836464667320254,21.11609711140872,20.694659661800813,19.52567806527805,19.350988331967148,0.2613013207912445,0.2371668815612793,0.4821340441703796,0.4873642873764038,0.0475205066830504,0.0483216452598571,0.0512146186828613,0.0516769473552703
6956,1420,3,8,0.93,0.74,True,True,True,True,3.0512118577957152,3.055749535560608,3.080472457408905,3.0890683150291443,16.3880153255072,16.362597897303104,16.23128679215471,16.186143618163978,0.9165338754653932,0.8713521957397461,0.990860915184021,0.9955934476852416,0.0610242371559143,0.0611149907112121,0.0616094491481781,0.0617813663005828
7464,1229,3,16,1.99,0.99,False,False,True,False,2.4575476849079134,2.448061227798462,2.658604848384857,2.6832661485672,20.362398557337475,20.408406037207538,18.789617402699232,18.56153686605024,0.4888750851154327,0.5076810121536255,0.5879017710685724,0.6382504439353942,0.0492526880353689,0.048999433517456,0.0532208817005157,0.0538760982215404
5162,473,7,16,1.58,0.87,True,False,True,True,2.4691564655303955,2.493573904037476,2.5334799528121947,2.5437170386314394,20.179549010554705,20.04816568164373,19.73291919535885,19.655506248401245,0.4002996361255646,0.4264553785324096,0.4858667612075805,0.5191018891334533,0.0496126884698867,0.0498798751831054,0.0506767392158508,0.050876331949234
7151,335,8,8,1.15,0.86,False,True,True,False,2.377875876426697,2.32623553276062,2.9999551653862,3.018220925331116,21.131600953763783,21.490147278981,16.666916810368892,16.566050459648846,0.2702444994449615,0.2372745275497436,0.9702470064163208,0.9719432091712952,0.0476351994738859,0.0465329527854919,0.059999103307724,0.0603644185066223
6421,946,6,8,0.14,0.73,True,False,True,True,2.519886065721512,2.4936214685440063,3.000205051898956,3.0275114297866823,19.8920068096456,20.046203378653296,16.665528453547907,16.515214368837484,0.4373850977420807,0.4295002222061157,0.9603328466415404,0.9638274598121644,0.0504814918307697,0.0498847579956054,0.0600041010379791,0.0605502285957336
4512,977,3,32,0.97,0.82,False,False,False,False,2.479320009946824,2.4972691535949707,2.556535851955414,2.5732778215408323,20.092823453764048,20.019538016676247,19.55662014402417,19.30007472045883,0.4314160442352295,0.4408212900161743,0.5178560376167297,0.5583945345878601,0.0498188016563653,0.0499512028694152,0.0511335799694061,0.0518137233257293
6751,764,4,32,1.73,1.0,False,True,True,True,2.387908947467804,2.395834684371948,2.5818012952804565,2.611291253566742,20.866904572171464,20.84835072037509,19.34375825567092,19.141728048625083,0.2569396483898163,0.2371300458908081,0.5584094882011413,0.5610580611228942,0.048000857846139,0.0479654455184936,0.0516962630748748,0.0522418875217437
6428,1420,2,16,0.67,0.98,False,False,False,False,2.5412178242206576,2.543346881866455,2.6116066217422484,2.6286814045906066,19.66904779528081,19.65466531907408,19.13379718512485,19.00644031587518,0.4363370680809021,0.4544283151626587,0.5175285935401917,0.5383871006965637,0.0508618740824766,0.0508785057067871,0.0522635414600372,0.0526137447834014
7633,163,7,32,1.6,0.86,False,False,False,False,2.567278153896332,2.578147530555725,2.6872456789016725,2.69928349494934,19.364167859196662,19.3833886772982,18.57740494077907,17.735033923461216,0.4924926328659058,0.5023996829986572,0.5872209072113037,0.651883020401001,0.0517203714024889,0.0515905666351318,0.053828831911087,0.0563889372825622
4394,68,4,8,0.92,0.73,True,True,True,True,3.0715380787849424,3.0762293338775635,3.101007580757141,3.102285027503968,16.279706572372206,16.253681792152612,16.123791830663105,16.117152942559475,0.9730332970619202,0.9732186794281006,0.9797464728355408,0.9826041483879088,0.0614307615756988,0.0615245866775512,0.0620201516151428,0.0620457005500793
6083,921,6,16,1.88,0.73,True,False,False,True,2.46586869597435,2.503897786140442,2.551419496536255,2.562579665184021,20.28133726811457,19.960688141624765,19.593086416241004,19.49459085966071,0.3724312746524811,0.4132922887802124,0.4897024035453796,0.5114010643959045,0.0493686700165271,0.0500984787940979,0.0510384111404418,0.0512962805151939
4817,1686,4,8,1.03,0.87,False,False,False,False,2.5056282615661623,2.500847816467285,2.6272496581077576,2.6448028564453123,19.881717437448827,19.98960189164616,19.029401313667343,18.881145080960312,0.4532777893543243,0.4646422863006592,0.545309829711914,0.5688675546646117,0.0503455796718597,0.0500260090827941,0.0525502610206604,0.0529629648685455
6936,96,2,8,0.64,0.71,True,False,True,True,2.483510065078735,2.456153988838196,3.061867010593414,3.0800804185867308,20.236370107456075,20.355701042599804,16.329906770987044,16.23334238232438,0.3858030211925506,0.3842182159423828,0.9660934567451476,0.9757756781578064,0.0497003394766287,0.0491262865066528,0.0612373402118682,0.0616016083717346
6287,1375,5,16,0.57,0.82,False,False,True,True,2.458722586631775,2.4934722185134888,2.5755110502243044,2.601789882183075,20.295415811118666,20.04983990250029,19.40312698533124,19.21177643780047,0.4097745048999786,0.4306901693344116,0.4895041108131408,0.5084045028686522,0.0494164371877908,0.0498757100105285,0.0515380897521972,0.0520514073371887
8142,1418,3,32,1.71,0.75,False,True,False,False,2.393390506505966,2.4214162826538086,2.5181089520454405,2.6441214728355407,20.84351636997142,20.64420917579831,19.83699350610549,18.891015286398066,0.2811766338348389,0.2711995840072632,0.3565021276473998,0.6166804480552673,0.048065542602539,0.0484397339820861,0.05041086769104,0.0529352302551269
6842,220,2,16,0.44,0.95,True,True,False,True,2.4549654722213745,2.4639732837677,2.476566183567047,2.4807136273384094,20.368877102718105,20.292428074624112,20.18924906621099,20.15550555215664,0.3790353417396545,0.4461010694503784,0.4513531327247619,0.4518179059028625,0.0490993094444274,0.049279465675354,0.0495313236713409,0.0496142725467681
6210,1517,1,32,1.21,0.77,False,False,True,True,2.582658680677414,2.59431540966034,2.717662036418915,2.751783502101898,19.274862003224843,19.26311318093636,18.386239089101103,17.822538825764067,0.4342833709716797,0.4545420408248901,0.5380192875862121,0.569454219341278,0.0519675497698061,0.0519126892089843,0.0543885064125061,0.0561146150444492
5490,1484,5,8,0.89,0.84,False,True,True,False,2.2661622130870818,2.2765016555786133,3.004938304424286,3.025168406963348,22.24827523361868,21.953403715927728,16.639278137155205,16.52800548020465,0.2397068679332733,0.2084898948669433,0.3275575637817381,0.9538161516189576,0.0455332604169845,0.0455510258674621,0.0600987660884857,0.0605033681392669
5071,533,3,8,0.02,0.94,True,False,True,True,2.534174304008484,2.5174089670181274,3.036494255065918,3.0544660186767576,19.72329842359101,19.84851789826764,16.466357585145087,16.369473333681363,0.4518475687503814,0.4366586208343506,0.973373794555664,0.9809522438049316,0.0509214734017506,0.0503815984725952,0.0607298851013183,0.0610893203735351
5657,188,4,8,0.17,1.0,False,True,True,True,2.3997635996341704,2.3543715476989746,3.0585896611213683,3.062142786979676,20.83868473690211,21.217895886103065,16.347403722433054,16.32843601495076,0.3059489750862121,0.2302362918853759,0.9151410698890686,0.9516211462020872,0.0484089136556937,0.0471300268173217,0.0611717932224273,0.0612428557395935
5796,1755,2,32,0.05,0.93,False,False,True,False,2.509540059566498,2.553133487701416,2.59808109998703,2.6140029740333555,19.82734231306072,19.57931151846593,19.241782650116964,18.998330933783567,0.4206072878837585,0.4434832334518432,0.5173007369041442,0.5412013983726501,0.0505292307982841,0.0510743188858032,0.0519702367782592,0.0526379473050435
5576,871,3,16,1.94,0.86,False,True,False,False,2.385490416288376,2.423404812812805,2.494708478450775,2.588791966438293,20.827620621219893,20.612994976701337,20.03499766504984,19.26023238802758,0.2646954238414764,0.2590470314025879,0.3690038084983825,0.6155778336524963,0.0480813686731016,0.0485130882263183,0.0499126586914062,0.0519204569339752
6714,1196,5,32,0.77,0.73,True,False,True,False,2.4467935395240783,2.483095169067383,2.622555661201477,2.63814211845398,20.29232995437456,20.08801908358276,19.05656737467456,18.93417182096288,0.3576115572452545,0.4054412841796875,0.4905251741409301,0.5270037651062011,0.0493769298681164,0.0497809171676635,0.0524753491878509,0.0528145625591278
6081,1260,6,16,1.79,0.99,True,False,True,True,2.462757887840271,2.5077016353607178,2.57013635635376,2.58756959438324,20.24433382347817,19.937484312464743,19.445574257914824,19.32187857526789,0.3440292191505432,0.3880889415740967,0.4975068926811218,0.5062328624725342,0.0494795633713404,0.0501567792892456,0.0514255852699279,0.0517548022270202
6841,196,6,16,0.49,0.79,True,True,False,True,2.28078156709671,2.2879689931869507,2.308908450603485,2.310459325313568,21.924883774013992,21.85355449027726,21.65525525301616,21.64072115793996,0.4705491423606872,0.4698008298873901,0.4789753556251526,0.4792625546455383,0.0456156313419342,0.045759379863739,0.0461781690120697,0.0462091865062713
6217,1909,3,8,1.59,0.99,False,False,False,True,2.589197278022766,2.5635781288146973,2.926840794086456,2.940578827857971,19.342834954652083,19.50399182926465,17.083267150654436,17.003456246745486,0.4731558704376221,0.5019881725311279,0.5683950066566468,0.5919386458396911,0.0517839455604552,0.0512715625762939,0.0585368158817291,0.0588115765571594
4848,1298,5,32,1.99,0.9,False,False,False,False,2.55779412150383,2.553521990776062,2.725107491016388,2.9431713104248045,19.48936007732937,19.5726518466368,18.32688792242453,16.958174972516982,0.5001926398277283,0.4740391969680786,0.6813297152519225,0.7658694267272949,0.0513827780420877,0.0510916972160339,0.0545646505355834,0.0589686145305633
5280,1296,8,32,1.93,0.89,True,False,False,False,2.3782426571846007,2.447318911552429,2.5269787430763246,2.5390704607963563,20.74491504500689,20.41639217279625,19.757427599201645,16.697107316458034,0.3302604115009308,0.3848789930343628,0.4866812944412231,0.5347761940956115,0.0483926234311916,0.0489802503585815,0.0506138787269592,0.059890854358673
4149,74,4,8,1.07,0.95,True,True,False,True,3.0868810296058653,3.097914814949036,3.113251602649689,3.1144172501564027,16.19876675016016,16.13988895042622,16.060378972780125,16.054368394047682,0.9627689361572266,1.0226961374282837,1.027159285545349,1.0304980421066283,0.0617376205921173,0.0619582962989807,0.0622650320529937,0.062288345003128
7541,930,1,16,0.36,0.74,False,True,False,False,2.335165294408798,2.356275796890259,2.4685961484909056,2.4957843708992,21.30832364760434,21.217380643086283,20.192668249860148,20.01615963190737,0.2282469296455383,0.2287919521331787,0.3415556550025939,0.3483098697662353,0.0469800019880135,0.0471311712265014,0.0495229291915893,0.0499601742863654
7443,1581,1,8,0.12,0.75,False,True,True,False,2.3639823877811432,2.293334484100342,3.0305163979530336,3.049320151805877,21.31595030844817,21.80231464329485,16.4988387720324,16.397098141486218,0.2672991931438446,0.215990662574768,0.9185116291046144,0.925002908706665,0.0472796477556228,0.0458666896820068,0.0606103279590606,0.0609864030361175
6545,1142,7,16,0.92,0.84,True,True,False,False,2.493948483467102,2.505549550056457,2.518596541881561,2.5194610381126403,20.05049852393089,19.955702166672644,19.85232634636108,19.845514898862312,0.4170259237289428,0.4158101081848144,0.4278865694999695,0.4307254004478454,0.049878969669342,0.0501109910011291,0.0503719308376312,0.0503892207622528
4717,988,2,8,1.95,0.97,True,False,False,True,2.5273328280448912,2.511757254600525,3.0548927664756773,3.084056694507599,19.895945746548527,19.906382241584,16.367190459499085,16.21241273021779,0.417366578578949,0.4062868356704712,1.0116739749908448,1.018064992427826,0.0505466565608978,0.0502351450920105,0.0610978553295135,0.0616811338901519
5945,476,3,8,0.86,0.87,True,False,True,True,2.445704817771912,2.444715976715088,3.0232675671577454,3.034273054599762,20.38837184187187,20.443589865789928,16.53585477861068,16.444617207048825,0.3600606048107147,0.3532724380493164,0.9934521555900574,1.0002289700508118,0.0493820201311792,0.0489150881767272,0.0604746489524841,0.0608101728439331
6837,533,3,32,0.6,0.79,False,False,True,False,2.5203423488140104,2.5183305740356445,2.613525009155273,2.6214006328582764,19.848992429333745,19.8544233813543,19.13124988316305,19.073772851930595,0.4542788016796112,0.4593237638473511,0.5359425663948059,0.5638836193084716,0.0504068469762802,0.0503666114807128,0.0522705001831054,0.0524280126571655
4987,1557,3,32,0.56,0.73,True,True,True,False,2.5305436134338377,2.537410855293274,2.5611286759376526,2.561444866657257,19.76073617572735,19.70512858847765,19.52264270531317,19.520232839630832,0.4634302258491516,0.4628386497497558,0.468388020992279,0.4697279810905456,0.0506108722686767,0.0507482171058654,0.051222573518753,0.0512288973331451
6037,1511,3,16,0.45,0.91,True,True,True,True,2.49489690065384,2.5001524686813354,2.525847470760345,2.528268821239472,20.04311650245591,19.99882310690556,19.79533774433398,19.77638287864325,0.3595692873001098,0.3636974096298218,0.443826949596405,0.4445341658592224,0.0498979380130767,0.0500030493736267,0.0505169494152069,0.0505653764247894
5262,2016,7,16,0.15,0.93,False,True,True,True,12.315226968705964,2.293341636657715,57.76593775749207,58.56626356124866,16.666453094435056,21.802246643404303,0.8655385764507204,0.7636074112433219,6.676945073616937,0.220679759979248,52.25463733673096,55.79580734252929,0.258740857472074,0.0458668327331543,1.15535000705719,1.3095734691619874
5528,1355,3,32,0.3,0.81,False,True,True,True,13.05035971403122,2.3379743099212646,59.734398221969606,59.75583553552627,17.357963869134053,21.38603542831459,0.8370386492323394,0.8367383629573673,6.707573494646284,0.2428749799728393,57.600260770320894,57.624221141338346,0.2610071942806244,0.0467594861984252,1.1946879644393922,1.1951167107105254
5668,1769,8,8,0.34,0.94,True,False,True,False,8.65025689642308,2.497695207595825,59.97132782936096,60.00643567085266,17.701989500807066,20.00966348036428,0.8337317494283514,0.8332439620138145,5.977398796943621,0.4684796333312988,57.77797679901123,57.80118705749512,0.173273039268235,0.0499758529663086,1.199426556587219,1.2001287134170533
7086,1228,1,8,0.26,0.77,False,True,True,True,18.79283284992905,2.4537484645843506,59.87955403327942,60.06519346237182,13.768206314715624,20.376986770104686,0.835009558892362,0.8324288550678677,16.717794323559872,0.4125826358795166,57.71951699256897,57.88634781837463,0.375909546958445,0.049074969291687,1.1975910806655885,1.2013038692474365
7870,198,1,16,0.36,0.91,True,False,True,False,20.541645091805755,2.5256893634796143,59.86058130264282,59.8753227519989,12.50456920088023,19.7790751608855,0.8352742142657498,0.8350685676553553,12.77132281071722,0.4457414150238037,57.74570574760437,57.783716173172,0.4136333292256571,0.0505584812164306,1.1972116260528565,1.197506455039978
4659,1863,1,32,0.22,0.89,True,False,True,True,2.4699889075756074,2.500211358070373,2.589556121826172,2.6012807631492616,20.27399710030871,19.998311867833586,19.30832842262592,19.22130225168745,0.3782212483882904,0.4213119745254516,0.4911389231681822,0.5158251547813415,0.0493997781515121,0.0500042271614074,0.0517911224365234,0.0520256152629852
4894,1275,8,16,1.03,0.74,True,True,False,True,2.5105833768844605,2.519386649131775,2.5451916098594665,2.546145980358124,19.91821245987951,19.84610445288796,19.64488661057603,19.63752363691821,0.4520312786102295,0.4513566493988037,0.4577987074851989,0.4585051989555359,0.0502116675376892,0.0503877329826355,0.0509038321971893,0.0509229196071624
4428,995,5,32,1.05,0.81,False,True,True,False,2.3472274494171144,2.374009609222412,2.495267736911773,2.51693635225296,21.25443926431834,21.0571420721148,19.987833435239818,19.847864086538927,0.2652286469936371,0.2596175670623779,0.425384497642517,0.4322265791893005,0.0471322491327921,0.0474898266792297,0.0500304350852966,0.0503832556724548
7141,930,2,8,1.93,0.76,True,False,False,False,9.082157264321538,2.6092991828918457,57.4208270072937,57.42980094909668,14.88472712150374,19.109621776282367,0.8707641915447903,0.8706281282409623,7.015340873750589,0.5489203929901123,55.277078580856326,55.395976324081424,0.1824017954061523,0.0523296594619751,1.148416540145874,1.1485960189819338
4217,912,8,32,1.57,0.97,False,False,True,False,21.44893403527159,2.5597591400146484,59.911062717437744,59.94323606491089,12.984086060967908,19.448864507903345,0.8345302356723235,0.8340639304833521,11.133447518259842,0.463512659072876,57.8649492263794,57.88983817100525,0.4337668205334792,0.0514168834686279,1.1982789325714112,1.198948865890503
4687,1359,5,8,0.59,0.97,False,False,True,False,5.204008700847626,2.5342050790786743,29.64151371717453,29.65456416606903,18.040022298299743,19.704499962728303,1.686823435438942,1.6860810943265354,0.4346266162395477,0.4399874210357666,0.5327519774436951,0.5698120808601379,0.1047149835421665,0.0507498288154602,0.5928302743434906,0.5930912833213806
4578,147,6,8,0.94,0.78,False,False,True,True,21.13012613346374,2.5338828563690186,60.03615303039551,60.04695338249206,13.827722584389443,19.707278384364624,0.8328125164507717,0.8326801151369685,13.059399193408442,0.433408260345459,57.9935866355896,58.01802215576172,0.4406588837368034,0.0507426738739013,1.2007504453659057,1.2009413721084594
6932,1437,1,8,0.23,0.81,False,False,False,False,2.49559000492096,2.4972598552703857,2.579812514781952,2.588916385173797,20.04469507081756,20.02194529445606,19.38125355555875,19.313100525827075,0.4212282729148864,0.4335149526596069,0.5011801123619078,0.5325700426101685,0.0499118000984191,0.0499451971054077,0.051596250295639,0.0517783277034759
4752,1687,5,8,1.73,0.85,False,False,True,False,24.414744428127488,3.109544277191162,59.87623896598816,60.19654589653016,11.192726397157209,16.079526626057497,0.8334351725542017,0.8304795423548319,11.76195807815287,0.5321166515350342,57.97022304534912,58.14934497833252,0.5041464517479458,0.0621908855438232,1.1998601598739624,1.2041235898971558
4114,1590,5,8,0.7,0.72,True,True,False,True,3.252695846557617,3.259879469871521,3.2797725081443785,3.2808160281181333,15.3727737521095,15.337990447740673,15.244959914728517,15.240111277074668,0.928042221069336,0.9920551776885986,0.997145402431488,1.0014432406425475,0.0650539169311523,0.0651975893974304,0.0655954501628875,0.0656163205623626
4341,872,1,32,0.55,0.94,True,False,False,False,8.314457888505897,2.5211706161499023,46.33211290836334,46.35424901247025,16.931871510956,19.81120085293729,1.0791651160852769,1.0786497692681896,6.280027483190809,0.4532539844512939,44.4037424325943,44.42796822786331,0.1663655161073688,0.050476496219635,0.9266422581672668,0.927084980249405
7612,2018,6,8,0.67,0.75,True,False,True,False,2.524950371980667,2.4926440715789795,3.0304779171943665,3.052523322105408,19.86186161105136,20.059021090059915,16.499049682042187,16.379891241023486,0.4721625328063965,0.4442049264907837,0.9760411858558656,0.9800138807296752,0.0505621333966384,0.0498528814315795,0.0606095583438873,0.0610504664421081
4988,1763,6,32,0.31,0.95,True,False,False,True,2.455328149795532,2.48302161693573,2.545119035243988,2.561751720905304,20.303293619418355,20.13548366815274,19.636011918189148,19.51281126812048,0.3796011459827423,0.4162276983261108,0.4957682728767395,0.5274936342239379,0.0493273450821638,0.0496635699272155,0.0509268445968627,0.0512484016418456
5721,693,8,8,1.64,0.96,False,False,True,False,8.629364719873742,2.6032915115356445,59.76258281469345,59.77571123361587,17.433409703330675,19.19029937862461,0.8366438939770438,0.8364601461762543,6.539085453069663,0.4834257364273071,57.72350553274155,57.74937712430954,0.1728113528353738,0.0521096634864807,1.195251656293869,1.1955142246723176
6249,530,4,8,0.32,0.7,True,True,True,True,3.069959008693695,3.076539397239685,3.104350233078003,3.104642324447632,16.287899366995358,16.252029730482032,16.106430100453874,16.104914799429313,0.9845535397529602,0.9845458269119264,0.9889157295227052,0.9915474510192872,0.0613991801738739,0.0615307879447937,0.06208700466156,0.0620928464889526
7496,1199,4,8,1.19,0.82,True,False,True,True,2.5188298845291137,2.4774149656295776,3.1659021973609924,3.184085938930512,19.923866505238813,20.175891129690324,15.79328828768768,15.703093785027264,0.4193930125236511,0.399519681930542,1.050269627571106,1.0549988222122193,0.050589616844058,0.0495641088485717,0.0633180439472198,0.0636817187786102
4869,191,8,16,0.12,0.82,False,True,False,True,2.321390428543091,2.348171353340149,2.595560324192048,2.61688362121582,21.37494957756228,21.28357806332332,19.23879720587445,19.061487814392382,0.2212880778312683,0.2030110359191894,0.4709579706192016,0.4816946744918823,0.0469221431748438,0.0469845819473266,0.0519783015251159,0.052462056239446
6267,1377,3,32,0.2,0.82,False,False,False,False,2.361224911212921,2.2912039756774902,2.550101971626282,2.5601391053199767,21.21768689974897,21.822590086622355,19.60705909937259,19.5301888362783,0.4241716313362121,0.4316203594207763,0.4942451834678649,0.5163702011108399,0.0472519034331495,0.0458240795135498,0.0510020394325256,0.0512027821063995
6131,2006,8,8,0.13,0.79,True,True,False,True,2.89494047164917,2.899577379226685,2.919669473171234,2.923584620952606,17.272828117612683,17.243893920324854,17.12522867450844,17.102300908093603,0.9926064610481262,0.990131974220276,1.0013334274291992,1.0018690490722657,0.0578988094329834,0.0579915475845336,0.0583933894634246,0.0584716924190521
4714,1329,4,8,1.39,0.78,False,True,True,False,2.242506207227707,2.157196283340454,2.781809091567993,2.843605535030365,22.39066108631925,23.15963413579653,17.973915036590114,17.58331097004009,0.2633450496196747,0.2309566736221313,0.3114596009254455,1.0324274563789368,0.0450342540234167,0.0431785750389099,0.0556361818313598,0.0568721107006073
5565,896,5,16,0.75,0.79,True,True,False,True,2.585922026634216,2.5957303047180176,2.6100778341293336,2.610729784965516,19.33710945641066,19.262402077347225,19.15651694469315,19.15173340377397,0.3830182790756226,0.4397646188735962,0.44646737575531,0.4481014204025269,0.0517184405326843,0.0519146060943603,0.0522015566825866,0.0522145956993103
7190,1242,7,32,1.32,0.81,False,False,True,True,22.17081277732608,2.656909942626953,60.03166768550873,60.05420876264572,11.521679503892836,18.761426363698888,0.8328937367210213,0.8325811153385986,16.227282711222202,0.5001342296600342,57.87512086629867,57.895708184242245,0.4435417448172841,0.0533013081550598,1.2006333537101743,1.2010841752529144
7819,462,6,8,0.12,0.73,False,False,True,False,2.515965529680252,2.504858374595642,2.589965832233429,2.6050572872161863,19.88244026950812,19.961208435850978,19.30527430803226,19.19343596064489,0.4556581687927246,0.4663386344909668,0.5457751750946044,0.5672946953773498,0.050319310593605,0.0500971674919128,0.0517993166446685,0.0521011457443237
5176,1276,7,8,1.87,0.88,False,False,False,False,6.461419173820534,2.6270012855529785,44.99918601512909,45.999073114395145,17.530527046417166,19.032545199245504,1.1111312104095994,1.0869784247019851,1.815784080543709,0.5235733985900879,0.6270675182342529,43.81996736049652,0.1294211440709368,0.0525415802001953,0.8999837203025818,0.9199814622879028
4804,1100,3,16,1.29,0.92,True,False,True,False,23.65690678179621,2.523988485336304,59.85272352695465,59.86924406528473,11.37036940257494,19.809916047750058,0.8353838731864931,0.835153354659284,15.029841440166544,0.4720730781555176,57.80795695781708,57.84768915176392,0.4731381356359243,0.050479769706726,1.1970544705390929,1.1973848813056944
6977,1350,7,16,0.97,0.77,False,True,True,True,20.85599742616926,2.585559606552124,60.201364970207216,60.21604762077332,13.136037089954836,19.292440983852376,0.830512669733413,0.830269585411781,17.492015716980916,0.3016109466552734,57.94925153255463,57.96083334445953,0.4240646879474919,0.0518337726593017,1.2040755505561829,1.2044280807495118
7169,1727,2,16,0.7,0.86,False,False,False,False,13.193069380831856,2.578881025314331,57.35547852516174,59.957235193252565,14.439313936185496,19.34506079923164,0.8717563047092434,0.8339277138339606,11.03662270066366,0.4585080146789551,55.31472640037536,57.72080182075501,0.2668453174857808,0.0516927814483642,1.1471095705032348,1.1991447038650511
4559,1803,3,16,0.84,0.87,False,True,True,False,24.005856771527984,2.4467270374298096,59.94997261762619,59.97747061729431,13.357705118743375,20.35269186677784,0.8340287379261347,0.8336463590671934,18.187705662515427,0.2668575048446655,57.84807078838348,57.87426918506623,0.48034741426201,0.0491339302062988,1.1989994523525238,1.1995494123458863
7312,1790,7,16,0.96,0.9,True,False,False,True,23.364118094507017,2.6914132833480835,60.25508735179901,60.29008096218109,11.233710714105523,18.57760031515437,0.8297954803768203,0.8292911145930395,21.3118049690598,0.6475725173950195,58.09658899307251,58.11972076892853,0.482449083796131,0.0538282656669616,1.2051162288188937,1.2058491677761076
4673,1818,2,32,1.15,0.98,True,False,False,True,13.60693972292002,2.5559535026550293,59.80315887928009,59.82810862064362,14.77928849361026,19.56107823444449,0.8360762364226219,0.8357275860186119,10.982633887675773,0.455216646194458,57.68673586845398,57.71563541889191,0.2723625068357814,0.0511219263076782,1.196063177585602,1.1965621724128723
7181,667,1,16,0.5,0.78,False,True,True,False,5.482354677915573,2.3192455768585205,20.709383976459502,20.71974441051483,17.834826261103757,21.54864719271182,2.414319370077098,2.412425417088546,3.266640981435776,0.2207132577896118,18.52808964252472,18.54287420511245,0.1137552416181252,0.0464066290855407,0.4141954095363617,0.414520587015152
5388,1054,8,8,0.13,0.99,False,False,False,True,2.5501667356491087,2.575106978416443,2.611142611503601,2.6205899858474733,19.56593288141068,19.41538112730889,19.146292316837453,19.07014250198219,0.4684085965156555,0.4783731698989868,0.5520529747009276,0.5764415884017944,0.0511420375017019,0.0515055561065673,0.0522294337749481,0.0524379939079284
5321,1897,5,16,0.78,0.89,False,False,True,False,2.499516575336456,2.507030725479126,2.6161325454711912,2.620578017234802,19.93519907281416,19.93969486287601,19.088578524071128,18.988363467052963,0.4503000867366791,0.4624507427215576,0.5338392376899719,0.5621567392349243,0.0502077854421403,0.0501512193679809,0.0523873476982116,0.0526638338565826
7302,1844,4,8,0.88,0.92,True,False,False,False,2.5414789044857025,2.517945408821106,3.096989154815674,3.120344965457916,19.697239153287583,19.849433558082943,16.10525065593575,16.0137556060134,0.4724165892601013,0.4439276456832886,1.0249972820281985,1.0345911121368407,0.0510612262487411,0.0503792715072631,0.0620915517807006,0.0624463193416595
5329,1718,7,8,1.38,0.85,False,False,True,False,2.580481584072113,2.581866860389709,2.8840693831443787,2.9028152751922605,19.211644420534668,19.284456894207743,17.268748413952242,15.951330519077068,0.4481152606010437,0.4723242521286011,0.5495522618293761,0.5882956123352043,0.0522394050294702,0.0518552327156066,0.0579080762863159,0.0626916840076446
8140,648,3,32,0.12,0.87,True,False,True,False,2.477127637863159,2.492255926132202,2.5672260999679564,2.577441220283508,20.16170695300169,20.05409245541928,19.462081542590063,19.39566863587579,0.4014962565898895,0.4260393381118774,0.4983398675918578,0.5345871663093567,0.0496449454560875,0.0498651361465454,0.0513819670677185,0.0515579029083251
6933,369,8,8,0.19,0.7,True,False,True,False,2.54676086306572,2.527454137802124,3.0810932397842405,3.104330940246582,19.734640773824232,19.782752655676223,16.228008555310815,16.106530245345343,0.4401842999458313,0.4263463020324707,1.0022000312805175,1.0068281507492065,0.0509352172613143,0.0505490827560424,0.0616218647956848,0.0620866188049316
7311,1848,6,8,0.03,0.78,True,True,False,True,3.039039409160614,3.046779751777649,3.069833588600159,3.075238003730774,16.453945959877945,16.41078603929276,16.287531970175323,16.258917567959735,0.9222708106040954,0.979900360107422,0.9840585708618164,0.9849384689331054,0.0607807881832122,0.0609355950355529,0.0613966717720031,0.0615047600746154
7577,1219,4,8,1.33,0.93,True,False,False,False,2.5225653183460235,2.504323363304138,3.047797703742981,3.0639364075660707,19.929188138036864,19.9654728052632,16.40528873425198,16.31887687875431,0.4327965450286865,0.4253954887390136,1.002933931350708,1.0108028507232667,0.0504513063669204,0.0500864672660827,0.0609559540748596,0.0612787281513214
5943,183,2,8,1.89,0.79,False,True,True,True,26.36714062830981,2.6920377016067505,59.952206146717074,59.99154062747955,12.079678896834768,18.57329114498997,0.8339976711828112,0.8334508458547023,12.842584838586696,0.2785487174987793,57.8282526254654,57.84466885566712,0.5275181934008157,0.053840754032135,1.1990441229343414,1.1998308125495911
7116,1798,3,16,1.38,0.77,True,False,True,True,23.56822314785748,2.766490340232849,59.70013935565949,60.14872458934784,11.133265971979135,18.073441134228737,0.8375189831540688,0.8312728215244088,15.46428628665645,0.4879978895187378,57.59119910001755,57.81195974349976,0.4713644629571497,0.0553298068046569,1.1940027871131895,1.2029744917869567
4347,764,8,8,0.03,0.88,True,False,False,False,19.44383912986809,3.013211488723755,59.78176062107086,60.072981057167055,11.92052832257224,16.564519617146424,0.836375501192252,0.8323209392366896,17.010160741272507,0.9741480350494384,57.65030515193939,57.87878398895264,0.38911623983268,0.0603699970245361,1.1956352124214171,1.201459621143341
7266,1358,5,16,0.08,0.88,False,False,False,True,23.936216265492185,2.651400327682495,59.8258614063263,59.848455028533934,10.959213968034994,18.85795950085871,0.8357589648474326,0.8354434542452706,15.645276983814126,0.4836583137512207,57.635598230361936,57.66235006332398,0.4787243253098439,0.0530280065536499,1.196517228126526,1.1969691005706786
5126,214,6,16,1.5,0.97,False,False,False,False,25.61053823454436,2.645550489425659,59.82974467277527,75.81213714599565,10.701485536007173,18.89994583592004,0.8357047197444517,0.7194211526081395,14.215599488380343,0.4921648502349853,57.81985346078873,57.83551980495453,0.5148661241159558,0.0529110097885131,1.1965948934555053,1.5162427429199132
6778,375,6,32,0.8,0.86,False,False,True,True,27.416924994567346,14.257046103477478,59.84042075872421,59.872581033706666,9.939513562463244,3.507037834047804,0.8355556235817767,0.8351068330931627,15.538604603416616,0.4856059551239013,57.749327826499936,57.77765769481659,0.5487633324531281,0.2851409220695495,1.1968084151744842,1.1974516206741332
5638,227,4,32,0.06,0.86,False,True,False,False,26.377720920379552,13.552900791168211,59.803167247772215,59.82449231147766,10.837218495963292,3.689247104397211,0.8360761194420346,0.8357780914712344,15.518435584623262,0.3679292201995849,57.74337477684021,57.78304268836976,0.5275544184075917,0.2710580158233642,1.1960633449554443,1.1964898462295532
6675,1997,2,8,1.28,0.82,False,False,True,True,2.600891149044037,2.630432367324829,2.6903594970703124,2.7594037628173824,19.08265064119425,19.00403080662948,18.493565472365454,17.801035399627267,0.465666846036911,0.4794797897338867,0.5482039451599121,0.5606904911994933,0.0524596049728639,0.052620415687561,0.0540728614330291,0.0561765697956085
7611,447,3,8,0.98,0.77,True,False,False,True,2.630655446052552,2.58882999420166,3.413717234134674,3.439949371814728,19.03161605099403,19.30438163435601,14.646791636107466,14.535097641779576,0.5309746515750885,0.4710248708724975,1.3353670239448547,1.3401485919952392,0.0531042746116363,0.0518017148971557,0.0682743446826934,0.0687989874362945
4653,1335,4,16,0.16,0.99,True,True,True,True,2.5012518882751467,2.5115320682525635,2.533471167087555,2.5350231289863587,19.992488595544845,19.90817765345508,19.73576892898421,19.72368789222713,0.4278156399726868,0.4262651205062866,0.4331769347190857,0.4355098605155945,0.0500250377655029,0.0502306413650512,0.0506694233417511,0.0507004625797271
4096,1097,1,16,0.35,0.76,False,False,False,False,2.5552677905559538,2.54907774925232,2.6645737051963807,2.676208643913269,19.57617806255831,19.61493763331056,18.76473011822651,18.68314723338069,0.4466282570362091,0.4586633443832397,0.5326645731925964,0.5500831079483032,0.051105355811119,0.0509815549850463,0.0532914741039276,0.0535241728782653
4197,325,7,16,0.49,0.79,False,True,False,True,2.3615822660923005,2.3322707414627075,2.7995548605918885,2.81772381067276,21.16744409746046,21.43099944531049,17.843027775908393,17.699965700749956,0.2549195504188538,0.2318214178085327,0.4566234111785888,0.464396002292633,0.0474284246027469,0.0466613817214965,0.0560443003177642,0.0564972887992858
7226,763,3,8,0.44,0.93,False,False,True,True,2.5487612044811248,2.570445418357849,2.62084538936615,2.6344378781318665,19.552871232142834,19.444683121224493,19.07476941818832,18.94765317524336,0.4410673260688781,0.4504728317260742,0.5403366088867186,0.5630043601989746,0.051182740357187,0.0514279413223266,0.0524252767562866,0.0527769899368286
4539,1220,6,16,1.12,0.8,True,False,False,False,2.457436032295227,2.472497820854187,2.528076338768005,2.543005542755127,20.35911473275551,20.222464749639627,19.77788594603489,19.661774298448872,0.4086625027656555,0.424972653388977,0.4851421952247619,0.4974407696723937,0.0491487206459045,0.0494499564170837,0.0505615267753601,0.0508601108551025
7806,1577,4,16,1.16,0.91,False,True,True,False,2.323633071184158,2.322821021080017,2.4491357684135435,2.476276366710662,21.538512225267308,21.52555047400285,20.41537423688408,20.19160803185645,0.2507170438766479,0.2344406843185424,0.358897030353546,0.4035517239570617,0.0464726614236832,0.0464564204216003,0.0489827153682708,0.0495255273342132
7783,925,8,8,1.54,0.72,False,True,True,True,2.3745067489147185,2.392917275428772,2.9523354172706604,3.3363693046569822,20.93997884843746,20.784975211868463,16.916964472621643,14.934190414992724,0.2965349066257476,0.2063335180282592,0.8260288357734679,1.1809570622444152,0.0484260220645839,0.0481116771697998,0.0591122598648071,0.0669604495048523
5346,754,8,32,0.83,0.98,False,False,True,False,2.484691276550293,2.4877238273620605,2.5673167943954467,2.5758709263801576,20.134879748129634,20.09873165945752,19.47558640878965,19.410910751366067,0.4417061185836792,0.4635686874389648,0.5345741033554077,0.5537782835960388,0.0496938255310058,0.0497544765472412,0.0513463358879089,0.0515174185276031
4990,1047,3,8,1.46,0.75,False,True,False,True,2.496458821296692,2.4076039791107178,3.2471495985984804,3.260940034389496,20.22915324543772,20.767535047922944,15.398120253420204,15.33300203046922,0.3503531312942505,0.2513792514801025,1.1273365974426268,1.1804661202430724,0.0499291764259338,0.0481520795822143,0.0649429919719696,0.0652188006877899
7771,462,3,32,1.39,0.73,False,False,False,True,2.5387267220020293,2.5592371225357056,2.671489489078522,2.741499395370484,19.63257576373368,19.52477338906887,18.71511119102572,18.22497284625858,0.4664448833465576,0.4904491901397705,0.5496127009391785,0.5674484992027282,0.0510288394927978,0.051216983795166,0.053432757616043,0.0548697883129119
5330,467,5,32,1.79,0.88,True,False,True,False,2.467135421037674,2.474898219108581,2.5538140773773192,2.5794302225112915,20.26897417770506,20.197703596704343,19.578560275481635,19.3841297719366,0.4005277502536774,0.4182726144790649,0.5201506614685059,0.5470727920532227,0.0493880267782908,0.0495105814933776,0.0510762815475463,0.0515886044502258
5649,660,8,8,1.14,1.0,False,False,True,True,2.509161548614502,2.542179107666016,2.693573009967804,2.7189257526397705,19.973281582726624,19.66816573300605,18.56271032673051,18.38961588028792,0.4739117610454559,0.4878206253051758,0.5533061027526855,0.5699732804298401,0.05018323097229,0.0508435821533203,0.053871460199356,0.0543785150527954
7498,889,4,16,1.84,0.83,False,False,True,True,2.5535290169715883,2.5595351457595825,2.7526596307754514,2.773826458454132,19.6022563791184,19.520912277163163,18.1378666851905,17.98425484480344,0.4612080502510071,0.437025785446167,0.6220861792564392,0.6420034098625182,0.0511054455616257,0.0512271332740783,0.0551332755088806,0.0556041942596435
5278,182,6,8,1.61,0.89,True,False,True,False,2.408989105224609,2.410739660263061,3.079276943206787,3.0964945912361146,20.767245097296524,20.64504071776925,16.228465295459824,16.119948717237364,0.386836256980896,0.3638730049133301,0.9938701629638672,1.00314786195755,0.048660486316603,0.0484377884864807,0.0616201219558715,0.0620349421501159
7525,1715,2,8,0.16,0.79,False,True,False,True,2.457373719215393,2.3649230003356934,3.2173977136611938,3.2354341530799866,20.485277035837445,21.13238370523201,15.540509735393917,15.453876604957948,0.322778114080429,0.231500506401062,1.118612575531006,1.1631378054618835,0.0493529270797968,0.0473207426071167,0.0643479542732238,0.0647086830615997
7564,1023,2,16,1.01,0.94,True,False,False,False,2.42949022769928,2.473881840705872,2.5480544328689576,2.5624951624870302,20.40091224569867,20.205102137462298,19.61047912595933,16.977278107982542,0.3765115511417389,0.3987458944320678,0.5071665287017821,0.5394876742362976,0.049146702565422,0.049492449760437,0.0509931459426879,0.0589029347970618
5350,1433,4,32,0.45,0.82,True,False,True,False,2.4648648738861083,2.479733467102051,2.5372385144233705,2.546624295711517,20.298325530185146,20.16345734899068,19.70646422009274,19.633834575617367,0.3748480534553527,0.410216212272644,0.4962814331054687,0.51681312084198,0.0492972974777221,0.049594669342041,0.0507447702884674,0.0509324859142303
5703,1791,7,16,0.32,0.73,True,True,True,False,2.505633533000946,2.515002965927124,2.536047613620758,2.5380503964424133,19.9572507352273,19.880696716426208,19.71571917399428,19.700163704805348,0.4475789308547974,0.4472966194152832,0.451858127117157,0.4535880255699158,0.0501126706600189,0.0503000593185424,0.0507209522724151,0.0507610079288482
6087,1936,5,8,0.03,0.83,False,True,False,True,2.3738531041145325,2.327099919319153,2.840148913860321,2.8617183661460874,21.01783937109205,21.48210892467221,17.604713029868932,17.472019875741054,0.2860989999771118,0.2152221202850341,0.7925722360610962,0.828568615913391,0.047833553007245,0.0465503644943237,0.0568029782772064,0.0572343673229217
4679,706,5,32,1.87,0.81,False,False,True,True,2.5808905959129333,2.571844220161438,2.848114991188049,2.928541526794433,19.171921490897702,19.43443769328983,17.548350926736347,17.027258527523703,0.4471967136859894,0.4231101274490356,0.6425944566726685,0.6766365718841552,0.0532717874884605,0.0514550518989563,0.0569854598045349,0.0587830600976942
5946,1326,5,8,0.57,0.82,True,False,True,False,2.505151333808899,2.4893667697906494,3.089341628551483,3.10893542766571,20.01727303586166,20.083522054792667,16.169869365752522,16.056995104166177,0.4286924481391906,0.4191920757293701,1.0569047689437867,1.059262771606445,0.0502871612219583,0.0497920632362365,0.0618434190750122,0.062278153181076
5709,1466,6,8,1.94,0.91,False,True,True,False,2.4752342963218688,2.388690233230591,3.484273982048035,3.51212593793869,20.38334906687584,20.925810918130857,14.350191883139354,14.236394223880287,0.384180337190628,0.2706124782562256,1.380122184753418,1.392773711681366,0.0497289489849754,0.0477878737449646,0.0696854796409607,0.0702425187587738
5196,1644,8,8,1.24,0.88,False,True,False,False,2.4335273158550264,2.364766478538513,3.048311412334442,3.0686281681060787,20.679260536451224,21.136260546167406,16.402524101619953,16.29393009202841,0.2664044141769409,0.2327073812484741,0.3193456649780272,1.026404824256897,0.0488544010498944,0.0473120641708374,0.0609662282466888,0.0613725633621215
6093,1814,6,8,1.03,0.8,False,False,False,True,2.555120049715042,2.553858160972595,2.632948076725006,2.653693459033966,19.573815422239484,19.57822121573009,18.990120861802453,18.84166385880954,0.4625979328155518,0.4695807695388794,0.5708255887031555,0.5845358753204345,0.0511024009943007,0.0510771632194519,0.0526589615345001,0.0530738691806793
7623,1259,7,32,1.39,0.78,False,False,False,False,2.523767604827881,2.5390888452529907,2.66579304933548,2.732872197628021,19.66276320770835,19.686375690836314,18.72876153183972,17.201012621913165,0.4414378154277801,0.4649717807769775,0.5346277594566345,0.5581672930717467,0.0509822888555435,0.0507965517044067,0.0533938136100769,0.0581382615749652
5788,356,1,16,0.93,0.95,True,True,True,True,2.4929400205612184,2.503806710243225,2.522501969337464,2.5240497636795043,20.05909021342028,19.969611451946307,19.821590688435304,19.80943709260456,0.4067399740219116,0.4056166410446167,0.4186003804206848,0.4211235642433166,0.0498588004112243,0.0500761342048645,0.0504500393867492,0.05048099527359
4760,425,7,32,0.53,0.97,True,True,False,False,2.3261513710021973,2.3261513710021973,2.3261513710021973,2.3261513710021973,19.775153316949183,19.775153316949183,19.775153316949183,19.775153316949183,0.4028706550598144,0.4028706550598144,0.4028706550598144,0.4028706550598144,0.0505685080652651,0.0505685080652651,0.0505685080652651,0.0505685080652651
4566,852,4,32,1.74,0.97,True,True,False,True,2.5378106474876403,2.545484781265259,2.568976640701294,2.578558397293091,19.704426248474498,19.64262496252377,19.463025143054743,19.390751270218,0.4610315561294555,0.4612377882003784,0.4673262476921082,0.4682226347923279,0.0507562129497528,0.0509096956253051,0.0513795328140258,0.0515711679458618
5475,1452,6,32,1.43,0.96,True,False,True,False,2.494567037820816,2.5110578536987305,2.542380428314209,2.5518219828605653,20.02292378276596,19.910529767687507,19.664605056509604,19.55315068745426,0.4345143854618072,0.4563539028167724,0.515887463092804,0.5313332843780517,0.0499669752293163,0.0502246809005737,0.0508527884483337,0.0511426532745361
6804,1633,5,32,1.19,0.9,True,False,True,True,2.502678246498108,2.5221790075302124,2.59845187664032,2.61332126379013,20.00357863952021,19.82412821163009,19.24222669334753,19.132742144262703,0.4061491358280182,0.4313840866088867,0.5254494428634643,0.5487719821929931,0.0500535649299621,0.0504435801506042,0.0519690375328063,0.0522664252758026
7201,383,4,8,1.32,0.78,True,False,True,True,2.524429349899292,2.49128520488739,3.3759989619255064,3.401095943450928,20.00767020817588,20.063751267028582,14.810431470551132,14.701143935805725,0.4495441913604736,0.4393042325973511,1.0274356961250306,1.0323938298225404,0.0506642305173371,0.0498411297798156,0.0675199792385101,0.0680219188690185
6603,1196,1,16,1.88,0.79,False,False,True,False,2.5752353191375734,2.5986878871917725,2.708761179447174,2.770405447483063,19.27273912146892,19.18680757500145,18.43356789454702,17.94176568949993,0.4561805319786072,0.4958401918411255,0.595047676563263,0.6011664605140685,0.0520383658568064,0.0521191692352294,0.0542489418983459,0.0557824998378752
5885,709,2,16,1.1,0.93,False,False,True,True,2.799538531899452,2.5548263788223267,5.233724880218506,5.414615616798401,18.67655066864443,19.55596894188216,9.553429029965274,9.234267787448548,0.5421682015061379,0.3292009830474853,2.7704949259757994,2.862602741718292,0.0563421600719703,0.0511352896690368,0.1046744976043701,0.108292312335968
6939,991,1,16,1.65,0.78,True,False,True,False,2.4449849367141723,2.475980043411255,2.5813063740730287,2.5955268859863283,20.462208919905475,20.193770071643577,19.3581526364328,19.25629229991745,0.3317755687236786,0.3647123575210571,0.5043481588363646,0.5344869542121886,0.0489737879077593,0.0495202231407165,0.0516578233242034,0.051931078338623
6855,1187,5,16,1.1,0.75,True,True,True,True,2.541403019428253,2.5496163368225098,2.5719995856285096,2.578505141735077,19.676700624818075,19.6108415673565,19.440137746274218,19.391113156751377,0.4589105367660522,0.457661509513855,0.469948661327362,0.4795976424217223,0.050828060388565,0.0509923267364502,0.0514399917125701,0.0515701028347015
7149,370,4,32,0.1,0.95,False,False,True,False,2.503434519767761,2.533836007118225,2.5869258761405947,2.592105827331543,19.944319312021644,19.72701814154889,19.32025710191284,19.04174656981704,0.4056395936012268,0.4302536249160766,0.5036073207855225,0.5199909543991088,0.0501844174538787,0.0506919002532958,0.0517591457366943,0.0525161959717148
5206,300,5,32,1.27,0.86,False,True,True,False,2.3703997004032136,2.385074257850647,2.609478187561035,2.6428074979782106,21.030297483423748,20.95597914071461,19.13729870032241,18.857418395240988,0.2783015894889831,0.2648816108703613,0.4459944128990173,0.5798601460456848,0.0476495389074013,0.0477190780639648,0.0522539875507354,0.0530295281887054
4844,376,6,8,1.93,0.79,False,True,False,False,2.599828282594681,2.3359802961349487,4.850423836708068,4.869539816379547,20.241630668018303,21.39847630935843,10.308378958756371,10.26791154708784,0.509822244644165,0.250180721282959,2.6789339542388912,2.7359039306640622,0.0520108592068895,0.0467322993278503,0.0970084767341613,0.0973907963275909
5505,1955,3,16,1.55,0.89,False,False,True,False,2.4574018228054046,2.506843090057373,2.5618602633476257,2.574487204551697,20.392930779124,19.945404719720457,19.51706790742446,19.42134337228459,0.4605779767036438,0.4863436222076416,0.5513011336326599,0.5656933999061584,0.0491480364561081,0.0501368618011474,0.0512372052669525,0.0514897440910339
7653,1962,3,16,1.11,0.84,True,True,True,False,2.484612429141998,2.4880017042160034,2.516537225246429,2.517998225688934,20.1259588127698,20.096459189861108,19.86857213290256,19.857045162744527,0.429351270198822,0.4293017387390136,0.4363083243370056,0.4395110011100769,0.0496922485828399,0.04976003408432,0.0503307445049285,0.0503599645137786
7197,919,3,32,1.1,0.71,False,False,True,False,2.5473209714889524,2.5588327646255493,2.6675690531730654,2.6800014114379884,19.54925295666196,19.494985403030693,18.702515398041687,18.39146499747304,0.4520918083190918,0.471051812171936,0.5549469590187073,0.5775044631958007,0.0512037333785019,0.0512952423095703,0.0534687461853027,0.0543754992226661
5642,1200,8,8,1.15,0.75,True,False,True,False,2.4934508526325225,2.467237949371338,3.0070995330810546,3.019522361755372,20.14836854171387,20.26558234700265,16.627319213218875,16.558910528765082,0.4302834761142731,0.4259119033813476,0.9944989323616028,1.000989146232605,0.0498690170526504,0.0493447589874267,0.060141990661621,0.0603904472351074
4654,537,4,8,1.66,0.79,False,False,True,True,2.5912992811203,2.5913991928100586,2.6853047013282776,2.8294810438156124,19.20368654472537,19.289906987570312,18.6033699668552,17.348675117728604,0.5020748496055603,0.5070629119873047,0.5949338793754577,0.6235864996910095,0.0521258254982688,0.0518405818939209,0.0537537031173706,0.0576412909507751
7001,299,1,8,1.3,0.77,False,True,False,True,2.449427725076676,2.44194757938385,3.0812535285949707,3.0982485175132752,20.326201038409494,20.47026464432857,16.22581273920842,16.13034618478362,0.3147498178482055,0.2451748847961425,0.9305203557014464,0.9503933501243592,0.0497529249672901,0.0488513469696045,0.0616301960945129,0.06199494972229
6141,1514,1,8,1.14,0.95,True,True,True,False,2.863233089447021,2.863233089447021,2.863233089447021,2.863233089447021,16.065754537952763,16.065754537952763,16.065754537952763,16.065754537952763,0.9778518676757812,0.9778518676757812,0.9778518676757812,0.9778518676757812,0.0622441975966743,0.0622441975966743,0.0622441975966743,0.0622441975966743
8140,1344,6,8,0.02,0.89,True,False,True,True,2.517838580608368,2.509431481361389,3.3097422480583187,3.330440595149994,19.75955070482045,19.90980005905893,15.072622888190908,15.004583550981984,0.4603704571723938,0.4233655929565429,1.2422717452049254,1.247019865512848,0.0511458538518831,0.0502265214920043,0.0663454535007476,0.0666463015556335
6076,100,2,8,1.43,0.77,True,False,True,True,2.5561771309375763,2.5011390447616577,3.093172740936279,3.1087193775177,19.6764624402213,19.99089372168679,16.164632855935356,16.083793392145278,0.4373850512504578,0.4171532392501831,1.003324770927429,1.00811838388443,0.0511235426187515,0.0500227808952331,0.0618634548187255,0.062174387550354
5956,481,2,16,0.98,0.73,False,True,False,False,2.320524328947067,2.337331295013428,2.533985269069672,2.5560052227973937,21.45087832482169,21.3764260135428,19.709208305217032,19.52045934582324,0.2394011390209198,0.222440481185913,0.4183938860893249,0.4280511140823364,0.0466967589672223,0.0467805051803588,0.0507377095222473,0.0512283033847808
7349,1151,1,8,0.91,0.82,True,False,True,True,2.5092928445339204,2.4767937660217285,3.1555336833000185,3.1782056379318235,20.052429921091683,20.18378157663539,15.84518055479211,15.732147538007188,0.4045921814441681,0.395230770111084,1.0792299151420592,1.0907507920265198,0.050242986534192,0.0495447301864624,0.0631106736660003,0.0635641127586364
6797,83,6,32,1.24,0.75,False,False,False,True,2.581477324962616,2.587319493293762,2.674292135238648,2.717132053375244,19.25153464176611,19.31964763707028,18.67717832150745,17.988822161643178,0.4586688601970672,0.4757190942764282,0.5671412110328674,0.592750322818756,0.0520162787024513,0.051760778427124,0.0535412797927856,0.055594078350067
4654,860,7,32,0.17,0.72,False,True,True,True,2.324079152345657,2.333836555480957,2.499183714389801,2.508867847919464,21.55956069742776,21.423953542400028,20.00653242954607,19.92930881190798,0.261503689289093,0.239406943321228,0.4224658370018005,0.4313689947128296,0.0464898993263641,0.0466767311096191,0.049983674287796,0.0501773569583892
7897,1236,4,8,1.23,0.76,True,False,True,False,2.518328069448471,2.482638597488404,3.0565502166748044,3.07346871137619,19.9537292105937,20.13986274899909,16.3583124160379,16.268263958099016,0.4588483941555023,0.4336820840835571,0.9687129855155944,1.0146435928344726,0.0503665613889694,0.049652771949768,0.061131004333496,0.0614693742275238
6899,1008,8,8,1.48,0.87,True,True,False,True,3.1053914189338685,3.11028516292572,3.1319189786911013,3.1485866689682007,16.102204197228687,16.075702194568805,15.96469004092574,15.880260007394591,0.9807899236679076,0.9599610567092896,1.0441656112670898,1.0635791778564452,0.0621078283786773,0.0622057032585144,0.062638379573822,0.062971733379364
6281,891,8,8,0.82,0.97,False,False,True,False,4.84726163319179,4.874345541000366,5.066846895217895,5.128956232070923,10.325383848239005,10.257981544283354,9.86930893971483,9.749180628914926,2.758367231913976,2.822574734687805,2.9273298501968386,2.944788136482239,0.0969452326638358,0.0974869108200073,0.1013369379043579,0.1025791246414184
7584,101,3,32,1.32,0.75,False,False,False,False,2.52726238489151,2.534460663795471,2.6553826332092285,2.7502930569648742,19.72677257182181,19.716625952511663,18.7999480311249,18.0858464359362,0.4391218066215515,0.4536030292510986,0.552661395072937,0.567261083126068,0.0507740422368049,0.0507186198234558,0.0531916413307189,0.0552918604373931
4645,744,2,32,1.48,0.87,True,False,False,False,2.414910238981247,2.4682838916778564,2.53793283700943,2.551470561027527,20.628444895246027,20.23681317757439,19.66190040109993,19.354847666106103,0.3337736165523529,0.3784933090209961,0.5030137300491333,0.5304879879951476,0.0485934431112173,0.0494148969650268,0.0508597836494445,0.0516677184654004
6928,1173,5,8,0.12,0.91,False,False,True,False,2.53487450003624,2.542642593383789,2.619405126571656,2.635548939704895,19.712448818079505,19.66065100925041,19.075211851180978,18.913894943699542,0.4406288564205169,0.4464755058288574,0.5176331281661988,0.5364464116096497,0.0507509568572044,0.0508630156517028,0.0524240646362304,0.0528711833000183
5092,162,1,32,1.75,0.77,True,True,False,True,2.6291647791862487,2.638528823852539,2.657655727863312,2.6631027245521546,19.01955891149976,18.949995483460192,18.813579466443937,18.77511346678255,0.4789979338645935,0.4311574697494507,0.5494516730308533,0.5519897150993347,0.0525832955837249,0.0527705764770507,0.0531531145572662,0.053262054491043
6809,1629,6,8,0.97,0.94,True,False,False,True,2.5431370687484742,2.532812118530273,3.176013696193695,3.1965366196632385,19.631669263460275,19.73335870380797,15.686817488338296,15.538900630232458,0.4491177535057067,0.4160323143005371,1.0727102637290955,1.0789744114875794,0.0513213841143776,0.0506756114959716,0.0637477936744689,0.0643551701910355
4610,462,5,16,0.85,0.71,False,False,True,True,2.523274405002594,2.5325140953063965,2.5872756242752075,2.6095653414726256,19.823600583264007,19.743226788703023,19.32534731465091,19.160280308761905,0.4537461340427399,0.4565261602401733,0.5301325559616089,0.5494653034210204,0.0504654881000519,0.0506502819061279,0.0517455124855041,0.0521913068294525
5008,1414,5,32,1.9,0.95,True,False,True,True,2.468031046390533,2.461784601211548,2.6080333471298216,2.6203163766860964,20.285686866484472,20.310469086727835,19.17153430034921,19.08166529380046,0.3749505639076232,0.4044947624206543,0.5042137265205383,0.5375853323936461,0.0493606209278106,0.0492356920242309,0.0521606669425964,0.0524063275337219
6380,1557,4,8,1.79,0.87,False,False,True,False,2.563104099035263,2.6146422624588013,2.7011208295822144,2.882969307899475,19.23363677788148,19.117189008401425,17.66136657881934,15.677626742035526,0.4089409923553467,0.4337302446365356,0.5688353896141052,0.6078456616401671,0.0521374935106227,0.0523089456558227,0.0566208539009094,0.063789869070053
4705,693,7,32,1.09,0.92,False,False,False,True,2.532931807041168,2.548493981361389,2.612490403652191,2.667515785694122,19.673857814602044,19.613142577544053,19.13816041672787,18.528898429753063,0.4367450392246246,0.4570659399032593,0.5437881588935851,0.5818520331382752,0.0508722689263961,0.0509862208366394,0.0522516264915466,0.0539697994232177
7310,826,8,32,1.06,0.71,True,False,True,False,2.496734163761139,2.5055408477783203,2.581980848312378,2.590031533241272,20.04070301494672,19.955771525580005,19.36497718697068,19.30478439356792,0.4230571687221527,0.4392820596694946,0.5124534606933594,0.5410007286071776,0.0499346832752227,0.0501108169555664,0.0516396169662475,0.0518006306648254
7468,1162,6,32,1.18,0.86,True,False,False,False,2.44332392692566,2.4825347661972046,2.528813362121582,2.5452423095703125,20.49598014019623,20.14070742317889,19.77211951370349,19.64449760268349,0.3654520130157471,0.4141323566436767,0.4816012024879455,0.503363492488861,0.0488664785385131,0.049650695323944,0.0505762672424316,0.0509048461914062
5225,69,6,8,0.25,0.8,False,False,True,True,2.5222738099098208,2.543550968170166,2.603095889091492,2.6257582545280456,19.752034112099608,19.650506137880328,19.20607515539355,19.011076426075547,0.4625507843494415,0.4702173471450805,0.5297706246376037,0.5495685029029845,0.0506998559296131,0.0508892750740051,0.0520668621063232,0.0526009142398834
4121,785,1,8,0.68,0.81,False,False,True,True,2.6033987653255464,2.608659505844116,2.732559084892273,2.7451722407341004,19.07281192524957,19.0966077480786,18.265304085813984,18.1907382348558,0.4411067152023315,0.4581958055496216,0.5191250085830689,0.5478249239921569,0.0524859638510612,0.0523653316497802,0.0547486200332641,0.0549750403225421
7087,136,7,8,0.07,0.74,False,False,False,False,2.508525842428208,2.530167579650879,2.622453665733337,2.634048240184784,19.868651331524887,19.75650381395168,19.052770757877312,18.97647683587318,0.4401493692398071,0.4634474515914917,0.5333565950393676,0.5535838985443116,0.0503880722492933,0.0506162452697753,0.0524858062267303,0.0526968235015869
5506,148,7,32,0.73,1.0,False,False,False,False,2.5432074344158173,2.5636366605758667,2.6067384004592897,2.6183058762550355,19.64920650636575,19.50281561541868,19.18076143800367,19.081370073216007,0.4354987120628357,0.4579302072525024,0.5328780293464661,0.5484392833709717,0.050921995183749,0.0512746477127075,0.0521355736255645,0.0524071387767791
7556,1648,2,32,0.67,0.85,False,True,False,False,2.33470086812973,2.3590489625930786,2.4456323146820065,2.4607085537910462,21.311743832173327,21.168177794923405,20.38037469077437,20.30120975886681,0.2473853898048401,0.2360554933547973,0.3596399307250976,0.3811692976951598,0.0469722819879942,0.0472407221794128,0.0490668125152587,0.0492581535339355
7361,1032,6,32,1.73,0.79,True,False,False,False,2.38574027299881,2.4269758462905884,2.523249161243439,2.530706264972687,20.86098644595568,20.59385950851059,19.80126990851443,19.009560456387668,0.3164700543880462,0.3634986877441406,0.4638794302940368,0.4957743048667907,0.0480325024414421,0.0485581636428833,0.050501811504364,0.0526066391419105
5612,122,7,8,0.05,0.76,False,True,True,False,2.3637394917011263,2.3303142786026,3.0296738505363465,3.042657630443573,21.20213196614411,21.44336885225301,16.503427165615335,16.433004254686878,0.2539058554172516,0.1974542140960693,0.9809952139854432,0.9874473619461058,0.0475372138231426,0.046634464263916,0.0605934770107269,0.0608531526088714
5850,1870,1,16,0.9,0.82,True,True,False,False,2.541936218738556,2.545496106147766,2.56622326374054,2.568841576576233,19.671280625370848,19.64253744895401,19.483887073183286,19.46403168956844,0.4241198062896728,0.4227399826049804,0.429764974117279,0.432696578502655,0.0508387243747711,0.0509099221229553,0.0513244652748107,0.0513768315315246
4737,409,5,16,1.11,0.85,False,False,True,True,2.5498252487182618,2.5566866397857666,2.6248468160629272,2.640089967250824,19.617940759392223,19.556563051906075,19.04873114192577,18.93874859374942,0.459521062374115,0.4815829992294311,0.5563967108726501,0.5728122329711913,0.0509965049743652,0.0511337327957153,0.0524969363212585,0.0528017993450164
6942,2009,5,16,1.56,0.82,False,True,False,False,2.3437175011634825,2.3480080366134644,2.60880274772644,2.6398357462883,21.15503069905101,21.29306984173132,19.11656446845628,18.88134349797313,0.248276971578598,0.2362022399902343,0.4767865777015685,0.4805950164794922,0.0478069229543209,0.0469636368751525,0.0523106853961944,0.0529655975222587
8148,497,2,32,0.71,0.99,True,False,False,False,2.3942746579647065,2.414780378341675,2.540188789367676,2.5625749707221983,20.80832000306727,20.70142438234617,19.66534095638398,19.507169876387746,0.3637500512599945,0.3967701196670532,0.4666083335876464,0.4890117168426512,0.0481582072459015,0.0483058547973632,0.0508508856296539,0.0512632025718688
4863,1999,2,16,1.53,0.77,False,False,False,False,2.5560095620155336,2.5957459211349487,2.650595283508301,2.829224548339844,19.359182545276177,19.24301611773665,18.472954809262564,17.36257547724676,0.4831692004203796,0.4897127151489258,0.557216465473175,0.5805978918075562,0.0517400123391095,0.051966905593872,0.0541332465807596,0.0575951420027634
4794,905,8,32,0.45,0.72,True,False,True,True,2.4348510587215424,2.4736931324005127,2.5897611737251283,2.608590950965881,20.49653556213961,20.2090069967796,19.300483768867373,19.114556257503946,0.3852780866622924,0.4193735122680664,0.5088164567947387,0.528754358291626,0.0488924218893051,0.0494828867912292,0.0518121736049652,0.0523161549568176
6260,1529,3,8,1.33,0.71,False,True,False,False,2.419456973075867,2.3497060537338257,3.112596309185028,3.125344114303589,20.8304409957695,21.279257435569413,16.06376004500335,15.998238337226168,0.3256763970851898,0.2417469024658203,0.9964731454849244,1.008644287586212,0.0483891394615173,0.0469941210746765,0.0622519261837005,0.0625068822860717
6804,1735,8,16,1.65,0.75,True,False,False,False,2.3967789435386657,2.414602279663086,2.5325979828834533,2.548120765686035,20.79570520789556,20.666306357241,19.74219234383793,19.570845401806988,0.3223095726966858,0.3536405563354492,0.4803668379783629,0.5262940979003905,0.0482075632180402,0.0483879423141479,0.0506529357433319,0.0510964143276214
7436,690,1,32,0.85,0.98,False,False,False,True,2.5066234529018403,2.5186805725097656,2.56086140871048,2.5780065846443176,19.95496965628739,19.85166382355825,19.52468029888561,19.394835565646144,0.4601757001876831,0.4669008255004883,0.5389875173568726,0.5599613285064697,0.0501324690580368,0.0503736114501953,0.0512172281742095,0.0515601316928863
7704,198,5,8,0.43,0.75,True,False,True,True,2.521900535821915,2.486429810523987,3.035897171497345,3.053649291992188,19.88224173680112,20.105588055982707,16.46959612981821,16.373851613901053,0.4395854961872101,0.4273247718811035,0.9008668422698974,1.0150325536727904,0.0505177007402692,0.0497374176979064,0.0607179434299469,0.0610729858398437
5178,1565,7,32,0.53,0.81,True,True,False,False,2.4918063640594483,2.504461646080017,2.523055815696716,2.5270207929611206,20.069387993218577,19.96441786875237,19.81724297366082,19.78615806374313,0.4379583239555359,0.4400341510772705,0.4483490705490112,0.4492633962631225,0.0498361272811889,0.0500892329216003,0.0504611163139343,0.0505404158592224
6981,1508,3,32,0.84,0.82,False,False,True,False,2.467825560569763,2.536165714263916,2.613736402988434,2.636567585468292,20.128357375319407,19.71193059679102,19.1235707732196,18.74807338842996,0.4457954716682434,0.4668431282043457,0.53168705701828,0.5499874401092529,0.0497984433218164,0.050730698108673,0.0522914898395538,0.0533406088155858
5424,1658,3,32,0.51,0.87,True,True,False,False,2.506837618350983,2.514025092124939,2.539043700695038,2.5410700392723085,19.947776076622667,19.888519196844115,19.69245452638233,19.67675337731601,0.4278031349182128,0.4276551008224487,0.4335922122001648,0.4364281439781189,0.0501367523670196,0.0502805018424987,0.0507808740139007,0.0508214007854461
4515,620,3,32,0.18,0.98,True,False,True,False,2.438291082382202,2.456153631210327,2.5239532709121706,2.5341943049430844,20.5196239174058,20.35703279316733,19.81019267555955,19.73014335457132,0.3775525498390197,0.4175606966018677,0.4883107542991637,0.5089937710762024,0.0487853699891463,0.0491230726242065,0.0504790654182434,0.0506838860988616
4902,1819,6,32,1.73,0.75,False,True,False,False,2.343666204214096,2.355491518974304,2.486022102832794,2.603220655918121,21.271980174510496,21.22588787105433,20.06157513262809,19.203930465111352,0.2818057370185852,0.2680044174194336,0.3498213291168213,0.6204130959510803,0.0470690406888723,0.0471122813224792,0.049846535205841,0.0520726765155792
7000,1547,6,8,0.56,0.72,True,True,False,True,3.1093226313591003,3.1168566942214966,3.137836241722107,3.1439031171798706,16.08168101574372,16.041804367582166,15.934552183191252,15.903813770694956,0.9692863702774048,1.0332437753677368,1.0405839323997497,1.0424297976493837,0.062186452627182,0.0623371338844299,0.0627567248344421,0.0628780623435974
5034,477,3,32,0.39,0.73,False,False,False,True,27.82287451042526,14.310078263282776,60.02045365571976,60.03683160066605,9.992846230804036,3.494041150249485,0.8329987050778805,0.7849771841632791,15.956470337407342,0.4648056030273437,57.94172843694687,57.96368596792221,0.5603140892506069,0.2862015652656555,1.2004820582866669,1.2883366055158505
4716,726,2,32,0.73,0.9,False,False,True,False,22.74109715025946,2.568642854690552,59.993104338645935,60.01002621650696,11.55118373197442,19.45778958459285,0.8333899667514424,0.7698358979618369,17.889428560307483,0.4857425689697265,57.974196553230286,57.99273347854614,0.4603518227065442,0.0513932991027832,1.1999184536933898,1.30779357001895
5325,1475,2,8,0.05,0.89,False,False,False,False,26.233739690234263,11.81459140777588,59.81117399930954,59.83987036705017,10.609055229053244,4.232055250851065,0.8359641971217492,0.8355633077351917,12.049778789281843,0.4601231813430786,57.786056792736055,57.814876565933226,0.5247740744443109,0.2362918281555175,1.1962234799861908,1.1967974073410037
5802,1322,2,16,1.89,0.77,False,False,False,False,25.015164510587628,2.782779812812805,59.89575965404511,59.926082167625424,10.727752642661155,17.73616573234756,0.8347684538734155,0.8343005912328278,12.230493966113317,0.5039153099060059,57.8442631483078,57.865730776786805,0.5160269022135715,0.056382268790541,1.1979369792938233,1.1986087636470797
6458,376,8,8,0.77,0.82,True,False,True,False,19.139124148280903,3.026331663131714,59.94466280937195,59.96550917625427,12.040047828432591,16.521652470918838,0.8341026149234229,0.8338126481481921,17.097459077835083,0.976982355117798,57.73730683326721,57.75113997459412,0.3829851832892498,0.0605266332626342,1.198893256187439,1.1993101835250854
6686,78,8,16,0.47,0.99,False,False,True,True,24.72695894648389,2.587319493293762,59.82417577505112,59.83732290744781,10.8562078906965,19.32502662518773,0.8357825139721289,0.8355988842607298,19.70194186524647,0.6767352819442749,57.97408790588379,58.00753596782684,0.4945391789296779,0.0517463898658752,1.1964835155010225,1.1967464581489562
7452,1029,6,16,0.06,0.82,True,False,True,False,17.785337763496592,2.489659905433655,59.85476092100144,59.981977868080136,13.500560694022935,20.06417616133212,0.8353554379216702,0.8335837206607671,15.407194474075414,0.4485429525375366,57.79339526891708,57.82326390028,0.3563429649813119,0.0498400735855102,1.1970952184200288,1.1996395573616028
5584,1195,4,8,0.17,0.78,True,False,True,True,2.5459752666950224,2.5002111196517944,3.0915133118629456,3.109377055168152,19.74481629864704,19.998311289200448,16.173309027982643,16.08039147254208,0.4324795603752136,0.4180487394332886,1.0065198063850402,1.0120612359046937,0.0509195053339004,0.0500042223930358,0.0618302662372589,0.062187541103363
5543,1687,7,16,1.65,0.78,True,True,True,True,2.581582283973694,2.585555076599121,2.6190946102142334,2.6204572200775145,19.370165812090523,19.33820760678244,19.09056699107889,19.08064105021753,0.4227792143821716,0.487947940826416,0.4978020191192627,0.4989943027496338,0.0516316456794738,0.0517111015319824,0.0523818922042846,0.0524091444015502
4092,825,5,16,1.55,0.81,False,True,True,False,2.3537624287605285,2.366362333297729,2.491377830505371,2.511067388057709,21.23553024200152,21.128327048497432,20.069216312645104,19.911851264127893,0.2640327429771423,0.2545527219772339,0.427588939666748,0.4318611669540405,0.047147358911378,0.0473298239707946,0.0498275566101074,0.0502213477611541
6619,1658,6,32,1.78,0.7,True,False,True,True,2.49113636136055,2.494992136955261,2.564418768882752,2.5748205685615537,20.08255995635187,20.040144586391285,19.497596657303635,19.418831004926524,0.397852224111557,0.4271575212478637,0.4869248032569885,0.5042520904541015,0.0498227272272109,0.0498998427391052,0.051288375377655,0.051496411371231
4863,552,6,8,1.72,0.95,False,False,True,False,2.5739474999904632,2.580750226974488,2.719644677639008,2.852611074447632,19.37480006295831,19.37246897095114,18.34218577492876,17.493866253225715,0.4714929568767547,0.4825367927551269,0.6095936298370361,0.6625938177108763,0.0516988267342249,0.0516196465492248,0.0545191383361816,0.05716292014122
4935,1303,3,32,1.74,0.87,False,True,False,True,2.368581360578537,2.3444738388061523,2.6650663733482363,2.6920069074630737,21.11405325273217,21.323813179006653,18.76125881930555,18.573506036538767,0.2729129469394684,0.2543553113937378,0.644191038608551,0.647706573009491,0.0474781246741612,0.0468959283828735,0.0533013274669647,0.0538401381492614
6202,487,5,32,0.52,0.74,False,True,True,False,24.11675337533266,2.50919508934021,59.99603509902954,60.01628313064575,11.973375074451855,19.926708852737093,0.8333884050415986,0.833107243294963,17.15236703466974,0.3122189044952392,57.86954307556152,57.89330358505249,0.4823931069859768,0.0501839017868042,1.1999207019805909,1.200325662612915
7392,273,8,32,1.03,0.87,True,False,False,True,7.113880444299146,2.516995429992676,45.5056830406189,45.61656383514404,17.23818948344372,19.86495462176723,1.0987638709762937,1.096093081134077,4.113036797131379,0.4341301918029785,43.455076694488525,43.48483103752136,0.1422776088859829,0.0503399085998535,0.910113660812378,0.9123312767028808
6023,1155,5,32,0.46,0.89,True,False,True,True,2.499865630865097,2.5257965326309204,2.56201719045639,2.57590788602829,20.01592818041382,19.79573547437501,19.515872236445773,19.410632382636752,0.4274671149253845,0.4458988904953003,0.5235170245170593,0.5442650270462036,0.0499973126173019,0.0505159306526184,0.0512403438091278,0.0515181577205657
6162,162,8,16,1.64,0.82,True,True,False,False,2.491394245624542,2.494099974632263,2.499689054489136,2.5012611293792726,20.06937343231321,20.047311939814687,20.002488523656265,19.98991815693525,0.4725163459777832,0.4720512628555298,0.48438321352005,0.4869542336463928,0.0498278849124908,0.0498819994926452,0.0499937810897827,0.0500252225875854
5387,161,3,32,1.84,0.91,True,False,False,True,2.389453411102295,2.4301074743270874,2.5538047552108765,2.562031524181366,20.768929887100555,20.51754826929256,19.572055303003246,17.82446811006078,0.3061693227291107,0.3294081687927246,0.4920994997024536,0.5222694897651671,0.0483149654176055,0.0487387704849243,0.0510932545661926,0.0561041924612862
4410,1327,2,16,1.59,0.9,False,True,True,False,2.3538321149349213,2.3653640747070312,2.475589907169342,2.498874320983887,21.223968677981546,21.13382361708448,20.197208712551586,20.00900955064992,0.2704186105728149,0.2495298385620117,0.4208597540855407,0.4310193204879761,0.0471706775765265,0.0473175144195556,0.0495117981433868,0.0499774864196777
4718,250,6,8,1.45,0.78,False,True,False,False,2.2932414805889128,2.289306282997132,3.1451106905937194,3.176767692565918,22.145517210746544,21.81677584706918,15.897696069614256,15.739268954266423,0.2763561761379242,0.2103821039199829,1.0207898020744324,1.025569393634796,0.0459154619143559,0.0458363413810729,0.0629022138118743,0.0635353538513183
7443,430,8,32,0.3,0.77,True,True,True,False,2.5542418003082275,2.564658761024475,2.5854085206985475,2.585710396766663,19.57745518116696,19.4957714516086,19.33930350107323,19.337045727984503,0.467273736000061,0.4674961566925049,0.4732537508010864,0.474301438331604,0.0510848360061645,0.0512931752204895,0.0517081704139709,0.0517142079353332
4243,1978,3,16,1.65,0.93,True,False,True,True,2.4527169609069825,2.4853217601776123,2.570768654346466,2.5819225883483887,20.36385221772151,20.100445274080748,19.43791073200984,19.32281276303231,0.3426878666877747,0.3935587406158447,0.4625937342643738,0.4869770836830138,0.0491736156141227,0.0497501420974731,0.0514458582401275,0.0517523002147674
7001,1050,3,16,1.46,1.0,True,False,True,True,2.4110238826274872,2.464674949645996,2.528037226200104,2.541399393081665,20.648154779590683,20.27705622536244,19.738377268803664,19.617161691985707,0.3176737141609191,0.3760943412780761,0.4611633777618408,0.5033147478103637,0.048565578457713,0.0493168234825134,0.0506627271175384,0.0509788355350494
7944,1296,7,16,0.9,0.81,False,False,False,True,2.576599255800247,2.547424554824829,3.0547393560409546,3.077374234199524,19.47862602632969,19.62766698269272,16.36801238243877,16.247617738345006,0.5244447100162506,0.4876050949096679,1.0036059737205505,1.007836458683014,0.0515319851160049,0.0509484910964965,0.061094787120819,0.0615474846839904
8145,807,5,32,0.78,0.89,True,False,True,True,2.473234885931015,2.510282278060913,2.559314155578613,2.5751243305206297,20.14969355686185,19.914436031997845,19.53573824352706,19.364718269158548,0.3946542119979858,0.4351987838745117,0.5148863673210143,0.542401099205017,0.0497057185070855,0.0502148294448852,0.0511882383823394,0.0516403083801269
5185,1015,5,16,0.07,0.86,False,False,False,False,2.496332323551178,2.527261018753052,2.5761663556098937,2.5889335560798643,19.830927365445163,19.781508017783068,19.39687708041505,17.097382744669577,0.4470232927799225,0.4518207311630249,0.5426572561264038,0.5734395122528075,0.0504968932276539,0.0505522632598876,0.0515546908378601,0.0584923692251506
5438,209,4,16,1.16,0.75,False,False,False,True,2.527615197896957,2.5341622829437256,2.591434454917908,2.6014361071586607,19.78751506464356,19.73038604485213,19.29433329886384,19.22015539638073,0.4598536038398743,0.4774327278137207,0.5353556871414183,0.5691614198684692,0.0505523039579391,0.0506832456588745,0.0518286890983581,0.0520287221431732
6060,1323,8,32,0.38,0.86,False,True,False,True,2.309692566394806,2.32408094406128,2.499958801269531,2.520869128704071,21.41902289597695,21.49032114438919,19.94513780679758,19.7863225083704,0.232432245016098,0.223038911819458,0.4250404000282287,0.431910355091095,0.0467997907053158,0.0465325760841369,0.0501375379562377,0.0505457045555114
8115,392,2,16,1.16,0.7,False,True,True,True,2.369957755804062,2.38305401802063,2.5236313581466674,2.537302732467652,21.12236985095186,20.98147998512909,19.81272009889657,19.705965596426008,0.2640697419643402,0.2484480142593383,0.4105476379394531,0.41803546667099,0.0473991551160812,0.0476610803604126,0.0504726271629333,0.050746054649353
4431,195,1,32,0.37,0.81,True,True,True,True,2.5173843145370483,2.52869713306427,2.5475932717323304,2.547675354480744,19.86418632135659,19.773029870637604,19.626366798444646,19.62573446647811,0.4453983545303345,0.4450242519378662,0.4522922396659851,0.4538365912437438,0.0503476862907409,0.0505739426612854,0.0509518654346466,0.0509535070896148
6568,1936,8,16,0.43,0.96,True,False,True,False,2.374206300973892,2.409531593322754,2.5183263540267946,2.5301756381988527,20.95486131867845,20.71151733846482,19.840689871358204,19.69323516710612,0.3930948495864868,0.4260915517807007,0.505542004108429,0.5252492642402649,0.0478674122571945,0.0482823157310485,0.0504014906883239,0.0508028815984724
5502,952,1,16,1.22,0.78,False,True,False,True,2.3705327343940734,2.381137251853943,2.5792630672454835,2.5953870606422424,21.09349511456097,20.99836976189762,19.38538251590688,19.264949255914942,0.2560837578773498,0.232927918434143,0.4630101919174194,0.4703587770462036,0.0474861003658701,0.0476227450370788,0.0515852613449096,0.0519077412128448
6272,281,6,16,0.84,1.0,True,True,False,False,2.5288074135780336,2.539449691772461,2.5622658014297484,2.563351902961731,19.77456039319776,19.68932619912628,19.51397888171193,19.50571138311194,0.4468196630477905,0.445426344871521,0.4539019227027893,0.4565606427192687,0.0505761482715606,0.0507889938354492,0.0512453160285949,0.0512670380592346
6998,192,7,32,0.98,0.97,False,True,False,True,2.3737029457092285,2.3587582111358643,2.5556028604507444,2.581536204814911,21.09424217762028,21.197594467205267,19.56487347664565,19.36831252898675,0.2889150381088257,0.2661758661270141,0.4764585018157959,0.4804077076911926,0.0474740589141845,0.0471751642227172,0.0511120572090148,0.0516307240962982
7761,629,7,8,0.91,0.97,False,True,False,False,2.3259184539318083,2.312856793403625,2.6814985513687133,2.699323027133941,21.52139226598692,21.60696089102157,18.64629026169041,18.523162925155034,0.3025708603858947,0.2281819581985473,0.823613154888153,0.8697875452041626,0.0466612696165121,0.0462813830375671,0.0536299710273742,0.0539864605426788
4505,1144,8,32,1.42,0.83,False,True,True,True,2.3655131113529206,2.391119122505188,2.557843399047852,2.58660855770111,21.054118126434645,20.906068349006148,19.51983876343525,19.3259314144932,0.2910308921337127,0.2743330001831054,0.4889746069908142,0.4974451446533203,0.0475922730706373,0.0478330016136169,0.051229932308197,0.0517439485549926
4179,732,4,8,0.11,0.8,True,False,True,True,2.524553180932999,2.494434118270874,3.039662408828735,3.059773643016815,19.742892244354326,20.0200536985853,16.434312238800064,16.326790716126254,0.4543712079524994,0.4214130640029907,0.9882384538650512,0.9936083436012269,0.051515227559841,0.0499499201774597,0.0608483023643493,0.0612490251541137
7614,2009,4,8,0.45,0.75,True,True,True,True,3.074669206142425,3.083289861679077,3.1039750814437865,3.1047328519821167,16.26298144347741,16.216446174333726,16.1083768178106,16.10444543138373,0.953606915473938,0.8960224390029907,1.034173858165741,1.0351724410057068,0.0614933841228485,0.0616657972335815,0.0620795016288757,0.0620946570396423
6595,760,1,8,0.61,0.99,False,False,True,True,2.4549235820770265,2.431233763694763,2.653344678878784,2.664430973529816,20.298666919528184,20.47405251019769,18.838128356557927,18.761987438555693,0.4420990443229675,0.4557896852493286,0.5209766507148742,0.5430681228637695,0.0494159435907999,0.0488423156738281,0.0530838298797607,0.0532992575168609
5001,1397,3,16,1.99,0.99,True,False,False,False,2.39162361741066,2.450464367866516,2.514140272140503,2.5344073891639707,20.880179945625187,20.395550558964665,19.876535384680665,19.662438198802576,0.3319817960262298,0.3819643259048462,0.4682949662208557,0.5034896397590636,0.048038551300764,0.0490303063392639,0.0503105790615081,0.0508583936214447
5207,299,8,32,0.14,0.96,False,True,True,True,2.3382080936431886,2.3524657487869263,2.551288878917694,2.5679874730110166,21.31790217847632,21.243017844987563,19.59264780697033,19.43289547974529,0.2467881870269775,0.2339529991149902,0.4247632622718811,0.4322409272193908,0.0469779556880394,0.0470742964744567,0.051039555311203,0.0514591354846954
7144,436,1,8,1.18,0.94,True,True,False,True,3.065390396118164,3.070737242698669,3.096024000644684,3.1071997570991514,16.31244271576037,16.282743699931437,16.149762837431826,16.09171497192804,0.9167593121528624,0.8591272830963135,0.9969632267951966,1.003561918735504,0.0613078079223632,0.0614147448539733,0.0619204800128936,0.062143995141983
5412,692,6,32,1.33,0.75,False,False,False,False,2.489451698064804,2.5045082569122314,2.7225342631340026,2.747295982837677,20.00478415115009,19.934655771527183,18.361071477063085,18.010290555030643,0.4633571231365204,0.4767066240310669,0.5424218893051147,0.5578178358078002,0.0501572454948355,0.0501638960838317,0.0544630525112152,0.0555238324097224
8118,692,5,16,0.46,0.84,False,False,True,False,2.47989559173584,2.4830304384231567,2.5874173998832704,2.6069044280052185,20.179070902791025,20.13668428398164,19.32428871958287,19.17983623527952,0.4439822733402252,0.4539120197296142,0.5252877116203307,0.5424286150932311,0.0495979118347167,0.0496606087684631,0.0517483479976654,0.0521380885601043
5734,1156,6,8,1.61,0.87,False,False,False,True,2.597043999433517,2.6487057209014893,2.76006098985672,2.78055319070816,19.128410559501383,18.87573320794274,18.03155624123033,17.431092088757765,0.4411751234531402,0.4758164882659912,0.5533477306365966,0.5846718049049376,0.0523998099280843,0.0529780745506286,0.0554583311080932,0.0573688980191945
7790,1335,5,8,1.15,0.84,True,True,True,True,3.078662872314453,3.0882585048675537,3.1073626041412354,3.1102559757232666,16.2420004635473,16.190376525576724,16.090817175456003,16.07585096795444,0.9873402714729308,0.9863930940628052,0.9923641204833984,0.9940159225463868,0.061573257446289,0.061765170097351,0.0621472520828247,0.0622051195144653
5957,672,7,32,1.09,0.96,False,False,False,True,2.559670488834381,2.605079174041748,2.646693968772888,2.724113340377808,19.405865474941017,19.166655528184897,18.82877680605503,18.05385950195807,0.4326649951934814,0.4495335817337036,0.5439091444015502,0.5635875844955442,0.0515992020557129,0.0521739435195922,0.0531102249622344,0.0553902948042925
6570,1946,5,16,0.14,0.89,True,False,False,True,2.4480670487880705,2.485126256942749,2.5581223011016845,2.566519525051117,20.3665165217566,20.11043519287955,19.53812441227717,19.44186660875439,0.3838546144962311,0.4131016731262207,0.5212090253829955,0.5420934963226317,0.0491993001381556,0.0497254300117492,0.0511819882392883,0.0514353911876678
7112,1115,7,32,1.61,0.84,False,False,True,True,2.5401416313648224,2.559292793273926,2.716268217563629,2.736457233428955,19.63973691247888,19.52202184192059,18.346034226373423,18.15831434445168,0.3775816786289215,0.3739162683486938,0.5720691442489624,0.5745103216171265,0.0510263226465237,0.0512242031097412,0.0545076959133148,0.0550714975870572
5073,529,3,16,1.31,0.76,False,True,False,True,2.3846919679641725,2.376914143562317,2.5413906812667846,2.56039654493332,21.03182971990871,21.035678034456662,19.67426889839652,19.52822510546141,0.2606401014328003,0.247471809387207,0.3542576193809481,0.5164510774612426,0.0476938393592834,0.0475382828712463,0.0508278136253356,0.0512079308986663
4901,174,5,32,0.45,0.83,False,False,True,False,2.531938776969909,2.547597289085388,2.6647259116172792,2.6763733768463136,19.675761972224777,19.606600658795585,18.74213724897217,18.61385016983097,0.4036492526531219,0.4312859773635864,0.4918833732604979,0.5098602604866027,0.0509098462859789,0.0510032510757446,0.0533557078838348,0.0537236807902653
8014,1746,7,32,1.19,0.89,False,True,False,True,2.354689650535584,2.3848079442977905,2.637384724617005,2.6509257674217226,20.9720909443556,20.954847507084537,18.92103416612736,18.83156305130288,0.2629126834869384,0.2432835102081298,0.5114046096801758,0.5196405172348022,0.0481604300566845,0.0477216553688049,0.0528512344360351,0.0531025505754682
6849,1931,4,32,0.9,0.86,False,False,True,True,2.556100506782532,2.5252764225006104,2.810021793842316,2.839143142700195,19.592237895327568,19.799812673955927,17.793456668789137,17.61095497473719,0.4615254783630371,0.466497540473938,0.5290794849395752,0.5418871688842773,0.0511220101356506,0.0505055284500122,0.0562004358768463,0.0567828628540039
7827,2041,6,32,1.4,0.97,True,False,False,True,2.3982927894592283,2.3965303897857666,2.539095234870911,2.5547605538368225,20.790699241799736,20.835385756596544,19.69115360787637,19.5582160190517,0.3974980139732361,0.4303851127624511,0.4906186342239379,0.507914547920227,0.048229725274629,0.0479952716827392,0.0507842264175415,0.051129408121109
4343,811,1,8,0.9,0.89,True,False,True,True,2.526164138317108,2.4962345361709595,3.040764856338501,3.0486501288414,19.911045099459084,20.03016915452686,16.44323135577724,16.400701273959914,0.4415558195114136,0.4085192680358886,0.965864074230194,1.026353602409363,0.0505232827663421,0.0499246907234191,0.06081529712677,0.060973002576828
7960,720,2,16,0.16,0.72,True,False,False,False,2.4017885339260103,2.4488240480422974,2.5120601296424865,2.5202037119865417,20.859287303142168,20.417963538634982,19.90398216445924,19.839666187640766,0.3757182347774506,0.4177956581115722,0.4655905604362487,0.4855811834335327,0.0480357706785201,0.0489764809608459,0.0502412025928497,0.0504040742397308
5667,1209,3,8,0.9,0.82,True,False,False,True,2.3038734126091005,2.219972252845764,3.048828518390655,3.0690914583206177,21.76311008127862,22.520597036888347,16.3592041230465,16.281400022549832,0.4338509392738342,0.4155545234680176,0.936503529548645,0.9985933017730712,0.0473000557233125,0.0444037961959838,0.0611276681423187,0.0614197797775268
6251,584,1,16,0.4,0.84,True,True,True,True,2.5103853821754454,2.5207806825637817,2.5413161277771,2.5425714683532714,19.919748397923364,19.83513506345537,19.67484503648703,19.66513188369088,0.3985856294631958,0.4613429307937622,0.4654449582099914,0.465447313785553,0.0502077076435089,0.0504156136512756,0.0508263225555419,0.0508514293670654
6232,1363,3,8,0.87,0.91,False,True,True,True,2.414458636045456,2.3730216026306152,3.029904103279114,3.050137495994568,20.70822013873953,21.064655268556507,16.500887079059652,16.38332405867696,0.2950996768474578,0.2283705472946167,0.8624336719512938,0.9083186197280884,0.0487206235246822,0.0474728870391845,0.0606028070449829,0.061037676000595
5067,1717,5,32,0.29,0.79,False,True,True,False,2.2847089302539825,2.2863168716430664,2.4699435114860533,2.496339449882507,21.812928150658507,21.86837030194787,20.227959201324563,20.02443842005892,0.2447761750221252,0.2333755493164062,0.3983673691749572,0.4076073980331421,0.045920820735051,0.0457281446456909,0.0494365253448486,0.0499389808177948
5767,1744,3,32,1.73,0.93,True,False,True,True,2.415235893726349,2.466286063194275,2.528444147109985,2.5418745779991148,20.50525268302848,20.269579399217506,19.75742042073729,18.775550465216988,0.3482571542263031,0.3954209089279175,0.4490334272384643,0.47321706533432,0.0488844552859409,0.0493350148200988,0.0506138951778411,0.0532812457926132
5753,396,4,16,0.69,0.97,True,True,False,True,2.537188160419464,2.549572467803955,2.5701629281044007,2.570382721424102,19.709673338263205,19.611155320708864,19.454019620049817,19.45235613384344,0.4230806708335876,0.423711895942688,0.4317488074302673,0.4349804759025574,0.0507437632083892,0.0509914493560791,0.051403258562088,0.051407654428482
6234,1348,4,16,0.07,0.74,False,False,True,False,2.4987002635002136,2.5039401054382324,2.5338680744171143,2.5432374238967896,20.0130417805226,19.96852880754788,19.73267690457608,19.65998122606561,0.4498787951469421,0.4611507654190063,0.5201322793960571,0.5347083544731139,0.0499740052700042,0.0500788021087646,0.0506773614883422,0.0508647484779357
7785,238,3,32,1.83,0.79,False,False,True,False,2.566245366334915,2.575435519218445,2.648642933368683,2.6836095786094667,19.458314809470263,19.411732985121507,18.87075740041253,18.578512111537048,0.4935786128044128,0.4937841892242431,0.5828877568244933,0.6175610494613646,0.0514211124160073,0.0515152359008789,0.0529920437335968,0.0538269084453582
5923,1454,3,32,1.86,0.84,True,False,False,False,2.4242503380775453,2.4553322792053223,2.5209624052047728,2.528503234386444,20.63322520410309,20.359299604753843,19.833695320495647,19.774545135584333,0.3529183626174926,0.3770405054092407,0.5089573383331298,0.5329027366638183,0.048535241907835,0.0491176033020019,0.0504192481040954,0.0505700646877288
4066,1118,8,16,0.99,0.82,False,True,True,False,2.3091521763801577,2.339757204055786,2.438607633113861,2.457882347106933,21.51372805564192,21.35488093414513,20.405786720273856,20.28583457353576,0.2359453809261322,0.2239447832107544,0.4044003367424011,0.4125966310501098,0.0465592783729235,0.0468277025222778,0.0490057067871093,0.0492978951215743
5672,442,5,8,1.7,0.85,True,False,False,False,2.5087254345417023,2.4944331645965576,3.012860417366028,3.030467646121979,20.01961216254119,20.04463407163859,16.5926870768505,16.473458162469587,0.4481353843212127,0.4353069067001343,1.0022717356681825,1.0098914766311646,0.0501993269101433,0.0498886632919311,0.0602675240039825,0.0607037089824676
4801,407,8,16,0.18,0.83,False,True,False,False,2.287060173749924,2.274217963218689,2.4920428872108458,2.5129813838005064,21.886543175327034,21.985579576099845,20.06386913922137,19.896685545723816,0.224474036693573,0.2072367668151855,0.4282325148582458,0.4328559136390685,0.0457412034749984,0.0454843592643737,0.0498408577442169,0.0502596276760101
5303,469,8,32,0.39,0.79,False,False,False,True,2.5278869318962096,2.547461152076721,2.5800938606262207,2.5848389792442323,19.70360312821016,19.62442254934261,19.369406383643184,19.332329915003616,0.4379360449314117,0.4495118856430053,0.518330430984497,0.526554684638977,0.0508032020211219,0.0509569144248962,0.0516278083324432,0.0517268226146698
4344,640,1,16,1.11,0.94,True,False,True,True,2.4403306102752684,2.4670647382736206,2.549285244941712,2.5529709672927856,20.51917223629093,20.26699961950709,19.613340681523976,19.585024920657656,0.3250760114192962,0.3634077310562134,0.4522691965103149,0.4727393007278442,0.0488066122055053,0.0493412947654724,0.0509857048988342,0.0510594193458557
4859,1926,2,32,1.28,0.91,False,True,True,False,2.3437351620197298,2.3494341373443604,2.49557546377182,2.509967494010925,21.317528154563355,21.27091054037537,20.035459051359048,19.92057684513553,0.2799522852897644,0.2604516744613647,0.4459614872932433,0.4514095783233642,0.0469460447686059,0.04701256275177,0.0499115092754363,0.0501993498802185
7157,388,4,16,0.04,0.87,True,False,True,False,2.438752259016037,2.452678680419922,2.519869017601013,2.528540117740631,20.51846227974027,20.385874810270263,19.842301236543403,19.77425617119459,0.395329372882843,0.4211217164993286,0.5008966088294982,0.5322460794448852,0.0487750451803207,0.0490535736083984,0.0503973803520202,0.0505708023548126
4442,141,5,16,1.1,0.8,True,False,True,True,2.4655926632881164,2.4921350479125977,2.543817353248596,2.557420253753662,20.302541090214305,20.06311818530712,19.65550118830538,19.5509524820356,0.3879806232452392,0.4221260547637939,0.5126136422157287,0.5413485932350158,0.0493118532657623,0.0498427009582519,0.0508763470649719,0.0511484050750732
5847,1562,8,8,1.4,0.84,False,True,True,False,2.42523268699646,2.400283098220825,3.087253475189209,3.097773234844208,20.697193157844303,20.82711418330481,16.195625182804445,16.140626637324484,0.3460402536392212,0.250385046005249,1.1324456214904786,1.1680727863311766,0.0487085512496004,0.0480143332481384,0.0617450695037841,0.0619554646968841
4010,112,7,16,0.98,0.71,False,False,True,False,2.5392714667320253,2.5274441242218018,2.7034640192985533,2.7174772930145266,19.70745609616594,19.782831327399883,18.494790266947497,18.39941777362357,0.4589995408058167,0.4666521549224853,0.5649012684822082,0.5863790726661682,0.0507854293346404,0.050548882484436,0.054069280385971,0.0543495458602905
6728,1563,5,8,1.49,0.97,True,False,True,False,2.4716639614105222,2.4665160179138184,3.027500641345977,3.041390306949616,20.267977792595097,20.262514615874835,16.515276105079693,16.43985007647884,0.4050946080684662,0.3961623907089233,0.9538654565811158,0.9635125589370724,0.0496406072636445,0.049352216720581,0.0605500128269195,0.0608278061389923
6972,1471,3,32,0.92,0.89,False,False,True,False,2.5472964739799497,2.5386195182800293,2.9232368230819703,2.945547413825989,19.53955081959815,19.6691952316544,17.073105394008547,16.953047596467744,0.4751601231098175,0.4595973491668701,0.8695606112480163,0.8749844765663147,0.0513650387154384,0.0508409285545349,0.058571655511856,0.0589874212655153
4987,199,8,32,0.33,0.8,False,True,False,True,2.346889718770981,2.2846404314041138,2.6577019691467285,2.664613525867462,21.37397779871509,21.88528232759497,18.813245681021115,18.76444739042579,0.2745361912250519,0.2305018901824951,0.6391011476516724,0.6560059666633606,0.0469377943754196,0.0456928086280822,0.0531540393829345,0.0532922705173492
7917,1426,1,8,0.01,0.89,True,False,False,False,2.463104921579361,2.457852482795716,2.913617086410522,2.9303510928154,20.38981945683584,20.342962154622786,17.160800032820458,17.062801839307305,0.448884949684143,0.433681845664978,0.85607191324234,0.9894848704338074,0.0492620984315871,0.0491570496559143,0.0582723417282104,0.0586070218563079
6369,156,4,8,0.66,0.87,False,False,True,False,2.501668585538864,2.522240996360779,2.641599333286285,2.6557788491249084,19.88954527835749,19.79705226464627,18.913810612360475,18.813707489145205,0.4264833867549896,0.4390932321548462,0.503742516040802,0.5177024149894713,0.0503494535002952,0.0505125713348388,0.0528714187145233,0.0531527542114257
7883,1162,2,8,0.76,0.92,True,False,True,True,2.549909226894379,2.497416853904724,3.3585540413856507,3.377716033458709,19.61857336831352,19.99304094654417,14.887361032757951,14.802902169666464,0.4458585929870605,0.4252928495407104,1.0224811553955078,1.0264546608924865,0.0515135851598742,0.0500174045562744,0.067171080827713,0.0675543206691741
7323,988,3,8,0.39,0.75,False,True,True,True,2.411901955604553,2.3253690004348755,3.0125093936920164,3.0256102895736694,20.87134902789825,21.50196424983801,16.597458628075337,16.52559278507521,0.3041287291049957,0.2309094667434692,0.9028451681137084,0.9415000867843628,0.048238039112091,0.0465073800086975,0.0602501878738403,0.0605122057914733
4205,249,8,32,1.83,0.73,True,False,False,True,2.4246156227588656,2.475115776062012,2.5377840280532835,2.5450848460197446,20.65738038522165,20.20107524481061,19.702228818456323,19.645711469329424,0.3456410205364227,0.3916125297546386,0.509945249557495,0.5464177107810972,0.0484923124551773,0.0495023155212402,0.0507556805610656,0.0509016969203948
7328,2041,8,16,1.83,0.83,True,False,False,False,2.328694200515747,2.3851298093795776,2.4475906133651733,2.452076015472412,21.32528737155669,20.93981953913775,20.424887185182225,20.28937172211792,0.2690511751174926,0.2958019971847534,0.4407086849212646,0.4455292558670043,0.0470279286953119,0.0477559041976928,0.0489598789215087,0.0493104272365568
4040,148,2,16,0.41,0.93,False,False,True,False,2.515762860774994,2.5355312824249268,2.593167579174042,2.609709458351136,19.76298298803304,19.71403656198688,19.26158619736174,19.04659306228661,0.4457900297641754,0.4543938636779785,0.5254011988639831,0.5514844965934752,0.0506600378591906,0.0507252788543701,0.0519168045520782,0.0525044688918373
8192,1793,5,16,1.02,0.83,False,False,True,False,2.4835828161239624,2.490231990814209,2.577998423576355,2.6168981218338008,20.018049909556343,20.065901757286007,19.36233480794728,18.55190014402981,0.4373495626449585,0.4429119825363159,0.5067149043083191,0.5248782420158385,0.0500001153905783,0.049835786819458,0.0516466641426086,0.0539030877425752
7804,961,4,32,0.64,0.73,False,True,True,False,2.2643313252925874,2.286156177520752,2.4290107250213624,2.4485766243934632,22.12116406243041,21.870771908910548,20.58451671015374,20.420026768627103,0.2491216385364532,0.2359373569488525,0.3653978228569031,0.3728726220130919,0.0453230417694364,0.045723123550415,0.0485802145004272,0.0489715324878692
7802,405,3,32,0.52,0.81,False,False,True,True,2.428365008831024,2.451064229011536,2.593567895889282,2.59922835111618,20.54892097193323,20.384548838527344,19.274667826734536,19.229337820755443,0.4467742335796356,0.4539742469787597,0.5170378565788268,0.5388749933242798,0.0488061878859996,0.0490567731857299,0.0518815686702728,0.0520038708209991
5797,1488,2,16,0.3,0.78,True,False,True,False,2.436755828857422,2.46505093574524,2.513039267063141,2.517689673900604,20.53784562371328,20.28355653193953,19.896227426017603,19.85947705562033,0.3835791945457458,0.4143555164337158,0.5019165277481079,0.5254732608795165,0.0487351165771484,0.0493010187149047,0.0502607853412628,0.050353793478012
8117,791,7,32,0.18,0.75,False,True,False,False,4.464490675926209,4.73869252204895,5.117630577087402,5.168381996154785,11.44985037762132,10.55173766898994,9.770224509381956,9.67445808891046,2.2577380418777464,2.73291540145874,3.017216670513153,3.020028684139252,0.0892898135185241,0.094773850440979,0.102352611541748,0.1033676399230957
7642,715,4,16,1.85,0.78,False,False,False,False,2.520250731706619,2.531013607978821,2.585874140262604,2.7843893480300905,19.83385046993258,19.752333858262872,19.316158310339045,17.957258809986655,0.4444459640979767,0.4242607355117798,0.5964882731437683,0.6363745427131653,0.0504529570974954,0.0506269288063049,0.0517701296806335,0.0556877869606018
6408,556,8,16,1.72,0.97,False,True,True,False,2.344594099521637,2.363684058189392,2.4097791790962217,2.50995600938797,21.313428697407804,21.149603901996805,20.748789139646604,19.920670188355007,0.2645626962184906,0.2525330781936645,0.3766812324523926,0.6083856725692749,0.0469539943881937,0.0472822093963623,0.0481955835819244,0.0501991201877594
4769,955,4,8,1.2,0.94,False,True,True,False,2.6083706855773925,2.369575262069702,4.101324450969696,4.111543283462525,19.891853932394262,21.10082816047739,12.19118378050788,12.16088377352454,0.5153992247581481,0.2363911867141723,2.023377728462219,2.063498454093933,0.0523024974425633,0.047391505241394,0.0820264890193939,0.0822308656692504
5535,789,3,32,0.75,0.82,False,False,True,False,2.443760005235672,2.483775019645691,2.668006134033204,2.6817229628562926,20.48764789670792,20.099221062570543,18.740586950146845,18.644730639838134,0.4616267585754394,0.4418898820877075,0.7870232701301574,0.8288062453269958,0.0489914635040141,0.049753291606903,0.053360122680664,0.0536344592571258
5207,114,8,8,0.49,0.99,True,False,False,False,9.334472299381426,2.5771429538726807,59.676461124420165,59.731598148345945,15.644844328207354,19.33839451688824,0.8378513695206972,0.8370778876620434,7.270157282519492,0.5381741523742676,57.51842617988586,57.54291957855224,0.1867629021249447,0.0517106008529663,1.193529222488403,1.194631962966919
4824,1854,8,32,0.04,0.81,False,False,False,False,17.27161419479935,2.512202501296997,59.926067805290224,60.10020807743072,15.686699992916775,19.90285415852665,0.834361436748813,0.831943883591805,15.25595146814982,0.4435100555419922,57.87481107711792,57.8868096780777,0.345523378151673,0.0502440500259399,1.1985213561058043,1.2020041615486146
5317,316,2,16,0.67,0.98,False,True,True,False,27.91412582216056,9.131515264511108,59.7842378616333,115.58838374137878,11.18889042093624,5.475111440154766,0.8363408448642337,0.4325694202695543,15.2494770741981,0.2645829916000366,57.73998882770538,57.76266597986221,0.5599119813866017,0.1826446843147277,1.195684757232666,2.311767674827576
6405,87,4,16,0.28,0.86,True,True,False,False,2.472011625766754,2.481338858604431,2.503080141544342,2.505874397754669,20.22912838758034,20.15042169432897,19.975391233980883,19.953121602996674,0.4101205706596375,0.4095985889434814,0.4209476113319397,0.4241665959358215,0.049440232515335,0.0496267771720886,0.0500616028308868,0.0501174879550933
5506,787,2,16,1.66,0.82,False,False,True,True,20.655331302861697,3.4709362983703613,59.79493236541748,59.79786329269409,12.41212418529382,14.4053349591796,0.8361912627384724,0.8361502778937376,18.50729208305233,1.0422132015228271,57.78443956375122,57.80498309135437,0.4131066260572341,0.0694187259674072,1.1958986473083495,1.195957265853882
7813,500,4,16,1.5,0.88,True,False,False,True,25.84656903306408,11.792507410049438,59.88233962059021,59.90284192085266,10.494704164545936,4.239980375792732,0.8349707162169918,0.8346849404610136,17.899210960907343,0.4598610401153564,57.72488870620728,57.74646748542786,0.5169313806612813,0.2358501482009887,1.1976467924118042,1.1980568384170531
4092,1683,5,8,0.02,0.88,True,False,True,False,25.04667867570234,3.1852011680603027,59.934100437164304,59.95055575370789,10.199028425723943,10.776544856943,0.8342436266041338,0.8340079507873074,19.03724520869509,1.0350868701934814,57.9043541431427,57.91581781387329,0.5147941016393153,0.092794120311737,1.1986906080245971,1.1990293371200562
4210,1793,7,32,1.06,0.75,True,True,False,True,2.44285728931427,2.443496584892273,2.4543756008148194,2.458330793380737,20.468099901741308,20.462480510331,20.37178443309893,20.33901811157333,0.4441577196121216,0.4445507526397705,0.4498207688331604,0.4524048352241516,0.0488571457862854,0.0488699316978454,0.0490875120162963,0.0491666158676147
5784,625,8,32,1.97,0.83,False,False,True,True,19.00155486455604,2.917097330093384,59.92592570781708,59.939471292495725,11.861346808884056,17.140326576745707,0.8343634146586874,0.8341748620735743,16.927128736652545,0.9495137929916382,57.6292918086052,57.7499789261818,0.380031097291121,0.0583419466018676,1.1985185141563417,1.1987894258499143
6147,1085,2,8,1.56,0.98,True,False,True,False,20.813527609008588,3.0276689529418945,59.87978610992432,59.89491703033448,11.632307253891518,16.514355029276405,0.8350063226436213,0.8347953796601562,16.96208762343413,0.8520431518554688,57.81604838371277,57.853601722717286,0.4163834515703224,0.0605533790588378,1.1975957221984863,1.1978983406066894
7518,2009,7,16,0.08,0.97,False,True,False,True,25.63401289873345,13.314853429794312,59.920409536361696,59.92948730230332,11.136256872992114,3.562067713286635,0.8344402249853129,0.8343138286715016,18.390934718209643,0.4744889736175537,57.8604878783226,57.89782604455948,0.5155919440384029,0.2807358741760254,1.198408190727234,1.1985897460460662
4602,1932,1,8,0.27,0.97,True,False,True,True,18.012191737201853,3.04996144771576,59.74476553201676,60.08532304286957,12.14230515736826,16.39365013125827,0.8368934007111406,0.8321499745203642,15.978071926345288,0.9986008405685424,57.6831866145134,57.83114998817444,0.3602907529487945,0.0609992289543151,1.194895310640335,1.2017064608573915
6560,874,1,8,1.79,0.84,False,False,True,True,19.256537449824343,2.593507647514344,59.81954132318496,60.07142504453659,12.502144073812778,19.2789482556284,0.8358472691655778,0.8323425129962759,14.693837887280948,0.5158846378326416,57.73851987123489,58.02725338697434,0.3851307489964868,0.0518701529502868,1.196390826463699,1.2014285008907315
4610,994,7,16,0.19,0.88,False,True,False,False,23.689944049716,2.5306442975997925,59.96016305685043,59.99202330589294,11.91176763543412,19.75781435698147,0.8338869918128323,0.8334441497123521,18.107912269234657,0.2909942865371704,57.86270534992218,57.88683913230896,0.47379888099432,0.0506128859519958,1.1992032611370087,1.199840466117859
5762,1905,7,32,0.4,0.99,False,False,True,True,22.396441987484177,2.652808427810669,59.775202894210814,60.14172074317932,11.689017937950876,18.843141898970703,0.8364672606507035,0.8313696315939885,13.10820047290339,0.4680123329162597,57.55856451988221,57.86627643585205,0.448189863184203,0.0530697059631347,1.1955040578842162,1.2028344148635863
6263,1376,7,32,0.45,0.79,False,True,True,False,23.477445704391204,2.505149722099304,59.86077731847763,59.87568862438202,12.00880234346264,19.95889494102268,0.8352714794838996,0.8350634650391126,12.016231914600692,0.2891736030578613,57.79002207517624,57.82325664758682,0.4695489140878242,0.050102994441986,1.1972155463695526,1.1975137724876403
4580,843,8,32,0.86,0.77,True,False,False,False,25.85606639809404,13.679262161254885,59.90915417671204,60.00795300006867,10.559223157576534,3.655167903837672,0.8339790183382854,0.8331898798262019,18.45795007863659,0.4911208152770996,57.86414918899536,57.888129024505616,0.5185130434192274,0.2735852432250976,1.1990710062980652,1.2002066089630128
5103,1841,5,16,0.92,0.9,False,False,True,True,16.317669233718476,2.5444058179855347,59.88433067798614,60.813345773220064,13.839743117800827,19.65095451927525,0.8349429555466881,0.8221879496001926,12.788645228782258,0.5004773139953613,57.61631231307983,58.65855410575867,0.3263533846743695,0.0508881163597106,1.197686613559723,1.2162669154644012
5036,1076,4,32,0.04,0.75,True,False,False,False,21.09262628043258,2.6600701808929443,59.81122665405273,60.20604496002197,12.337823907666989,18.77290831517796,0.8359634624399316,0.8304813928122207,12.79798885959907,0.4777600765228271,57.71720476150513,57.97444416999817,0.4219678845471106,0.0532682514190673,1.1962245330810548,1.2041208992004395
4217,1404,2,8,1.05,0.81,True,False,True,True,13.414767406707586,2.540395975112915,59.5108642578125,60.289383194446565,14.41256658655906,19.34169765634058,0.8399952526666962,0.8291997791304042,10.398298869299332,0.4555974006652832,57.588038372993466,58.04178926229477,0.2861610381838229,0.0517169284820556,1.1904829857349395,1.205982062482834
7478,1815,8,8,1.87,0.88,False,False,True,True,2.6951789045333863,2.632456064224243,3.427801716327667,3.4554425263404847,18.67836301963085,18.99366934488645,14.586608515770449,14.469926709166607,0.5756831789016723,0.5148600339889526,1.310753345489502,1.3595984387397766,0.0539035780906677,0.0526491212844848,0.0685560343265533,0.0691088505268096
6725,1048,3,16,1.21,0.95,True,False,True,True,2.486934604644776,2.497377395629883,2.654636418819428,2.677649462223053,20.082602204157705,20.01722674254627,18.83497373734609,18.673094177364195,0.3631426501274108,0.38978111743927,0.5182320952415467,0.5344530439376831,0.049877841089545,0.0499569702148437,0.0530927283763885,0.053552989244461
5399,824,7,32,1.71,0.86,True,False,True,False,16.85344345969443,2.5827794075012207,59.835768938064575,60.20580615997314,15.04789368143917,19.35898972044765,0.8356205809230014,0.8304846860209744,11.708195880333088,0.4810233116149902,57.819602251052856,57.91400461196899,0.3370688691938887,0.0516555881500244,1.1967153787612914,1.2041161231994628
6140,647,1,32,0.59,0.81,False,False,False,False,23.582480142642925,5.074681878089905,59.97026236057282,59.98938489437104,10.5745107640137,9.852864070066856,0.8336643886433492,0.8334591579290942,20.909568082202565,2.6634294986724854,57.89366611242294,57.92662398576736,0.4923127151845575,0.1014936375617981,1.1995234706401825,1.1998188402175904
5456,734,4,32,0.25,0.79,True,True,True,False,2.523338842391968,2.531617999076844,2.555438446998596,2.5558070039749143,19.817370994793897,19.75022246174573,19.566114043654814,19.563292611415942,0.4578664422035217,0.4570412635803222,0.4640821576118469,0.4690312218666077,0.0504667768478393,0.0506323599815368,0.0511087689399719,0.0511161400794982
5617,720,8,8,1.07,0.79,True,False,False,True,2.5681726861000063,2.5397599935531616,3.093152868747711,3.117110953330993,19.50288187748292,19.671790474438883,16.153305806292927,16.03584900003191,0.3846048927307129,0.3752429485321045,1.0027257919311523,1.016202039718628,0.0517598959085003,0.0508342146873474,0.0619068326950073,0.0623602797985076
5478,1905,3,32,0.49,0.83,False,False,True,False,2.460474021434784,2.4454267024993896,2.621113348007202,2.628786187171936,20.366454880949547,20.44637747566418,19.075863376621204,19.020185171767608,0.4629666876792908,0.4731512069702148,0.5453465938568115,0.5683765959739684,0.0492094804286956,0.0489085340499877,0.052422266960144,0.0525757237434387
4504,1564,1,32,1.53,0.88,False,True,True,True,2.406188745498657,2.421172022819519,2.6180944800376893,2.640841166973114,20.822752678311485,20.6511555314219,19.09785949052377,18.933361328916675,0.2533144748210907,0.2359156608581543,0.5144453287124634,0.5217615175247192,0.0481237749099731,0.0484234404563903,0.0523618896007537,0.0528168233394622
4043,1992,3,32,0.51,0.76,True,True,False,True,2.46286770105362,2.462546944618225,2.471333396434784,2.472763230800629,20.301678727196425,20.30418155095665,20.23199356573695,20.22029599667716,0.4172206282615661,0.4169627428054809,0.4288741707801818,0.4316017460823059,0.0492573540210723,0.0492509388923645,0.0494266679286956,0.0494552646160125
7800,1673,8,8,0.09,0.87,False,True,True,False,2.4630983650684355,2.37310254573822,3.399263203144073,3.418036987781525,20.41486143478052,21.038986740343063,14.709069935874366,14.628279385717793,0.3604482233524322,0.216124415397644,1.5542020559310912,1.5949353885650634,0.0496874538761701,0.0475308084487915,0.0679852640628814,0.0683607397556304
6546,465,6,32,1.8,0.95,False,True,True,False,2.3700525689125063,2.3936352729797363,2.545128512382507,2.5758481860160827,20.869002330842093,20.88119631306615,19.58624393945596,18.50130171357628,0.2997986125946045,0.2871414422988891,0.4465218186378479,0.4556124520301817,0.048032928013177,0.0478899765014648,0.0510562753677368,0.05405306532979
6822,1258,1,8,1.51,0.91,False,False,True,True,2.517261600494385,2.538588047027588,2.628922414779664,2.646433944702148,19.86318285283015,19.691989746990643,19.006735292006468,18.799529135741253,0.4452529656887054,0.4906703233718872,0.5725700497627259,0.5859356021881104,0.0504181666271106,0.0507820701599121,0.0526129353046417,0.0531928826332092
5818,806,3,16,0.88,0.76,False,False,True,True,2.540985339879989,2.5783090591430664,2.624000644683838,2.630891845226288,19.57673438556843,19.387209931772183,19.049943364425413,18.97014679399205,0.4399073219299316,0.4602433443069458,0.5294246077537537,0.549602472782135,0.0511460988242138,0.0515803980827331,0.0524935944080352,0.0527161421852726
7193,1581,6,32,0.39,0.93,True,False,False,False,2.4216481184959413,2.4508761167526245,2.539209198951721,2.567912948131561,20.68745402360837,20.400870036090268,19.69117469442351,19.471065158455875,0.3486514186859131,0.3876978158950805,0.5048735857009887,0.5114097237586974,0.0484329623699188,0.0490175223350524,0.0507841839790344,0.0513582589626312
7523,1746,5,32,1.81,0.75,False,False,False,False,2.3715593206882475,2.338223576545716,2.6639758586883544,2.691079082489013,20.963349705801537,21.3793571091662,18.75979598019527,18.03342931244421,0.4633132314682007,0.464024543762207,0.5952496767044066,0.6591296100616452,0.0479224837870968,0.046774091720581,0.0533054838180541,0.0554639284947338
5593,1591,4,8,1.52,0.83,False,True,False,False,2.4466112804412843,2.3815629482269287,3.3244786262512207,3.3352904319763184,20.529439701084573,20.954720685119845,15.039952370448075,14.991198232146594,0.3504207348823547,0.2486464977264404,1.2441696763038634,1.2790501999855042,0.0492838088105927,0.0477219438552856,0.0664895725250244,0.0667058086395263
8095,1050,3,8,0.79,0.96,True,False,False,False,2.4990392076969146,2.473635315895081,3.151240265369416,3.181350553035736,20.024232637610968,20.201154316053184,15.862326170141449,15.713772580200862,0.4437885630130768,0.4189527034759521,1.0320465564727783,1.1094141602516174,0.0503136651436488,0.0495021224021911,0.0630424561500549,0.0636384419441223
7253,302,3,32,1.47,0.92,True,False,False,False,2.4522490203380585,2.4891058206558228,2.5648337483406065,2.576521019935608,20.406633998911783,20.08464370133769,19.48729617085987,19.406013610787493,0.4116003274917602,0.4358130693435669,0.5078677415847778,0.533673071861267,0.0490912834621057,0.0497892832756042,0.0513154835700988,0.0515304203987121
5461,143,3,16,1.8,0.99,True,True,False,True,2.4747002720832825,2.48037326335907,2.502556085586548,2.518679094314576,20.206575803403616,20.15825727529168,19.9796398841052,19.851893360850468,0.4626105666160583,0.5088602304458618,0.5300458431243896,0.5480873775482178,0.0494940054416656,0.0496074652671814,0.0500511217117309,0.0503735818862915
8155,1685,1,8,0.57,0.88,True,False,True,False,21.7658102264652,2.701275944709778,60.04576843976975,60.056360859870914,13.156176225479006,18.509788994825755,0.8326850119785205,0.8324158873255281,16.518919096364602,0.6321746110916138,58.01018941402435,58.04019231796265,0.4494645266796089,0.0540255188941955,1.2009343099594116,1.201322598838806
7577,768,7,8,1.24,1.0,False,True,True,True,20.84307534262638,2.415775775909424,59.9945860862732,60.01950086593628,14.594531864490303,20.674285793151856,0.8334085522380921,0.8330625763180785,15.201146564227622,0.2739942073822021,57.89719910621643,57.91466656684875,0.4171753381653779,0.0483692646026611,1.199891721725464,1.2003900173187256
6711,872,6,32,1.11,0.93,False,True,False,True,21.216168476117623,2.6425886154174805,59.84238210916519,59.87559916257858,12.382231961056112,18.911940512952256,0.8355282551024454,0.8350647130427217,12.357339941166543,0.2810087203979492,57.75648885965347,57.81668636322021,0.4249028710967958,0.0528766512870788,1.196847642183304,1.1975119832515717
5384,1956,5,16,0.92,0.84,True,False,False,False,19.78922254615035,2.601464033126831,60.01371853351593,60.05874841690064,12.371560894463814,19.219946677449343,0.8326048470691696,0.284295744493266,16.69517322551985,0.5064241886138916,57.85961225032806,57.90328488349915,0.4416731844440373,0.0520292806625366,1.2010499382019042,3.52046946600956
7288,1471,1,8,0.04,0.79,True,False,False,False,2.430606461763382,2.434423327445984,3.097877442836761,3.116396653652191,20.68881539776364,20.530906224955515,16.140084117859747,16.04417084672078,0.4322081935405731,0.3995189666748047,1.029868471622467,1.03694922208786,0.0488404246992535,0.0487070560455322,0.0619575488567352,0.0623279330730438
7577,795,5,8,0.65,0.82,False,False,True,True,2.563572907447815,2.604091763496399,2.6543007135391234,2.6711097598075866,19.42227465283136,19.18941356651512,18.830054205193985,18.67197913414304,0.4181413412094116,0.4476169347763061,0.5143563985824584,0.5334880757331847,0.0515422376845965,0.052112066745758,0.0531065919399261,0.0535562669302287
4484,853,2,8,1.94,0.76,True,False,False,False,2.5020619368553163,2.466026782989502,3.16881411075592,3.197205696105957,20.01657081217688,20.268067075384494,15.770149328487792,15.62521687915395,0.4126879513263702,0.382124662399292,1.0210196375846865,1.0418367075920103,0.050405783614942,0.0493386960029602,0.0634109501838684,0.0639991454601287
5698,564,1,16,0.73,0.82,False,True,True,False,2.3517981398105623,2.3554394245147705,2.5530616998672486,2.575865252017975,21.192451811309912,21.226762265234207,19.579559346682792,19.39581160917716,0.2425424623489379,0.2274266481399536,0.3636239528655994,0.4357191038131713,0.0472639854464266,0.0471103405952453,0.0510737071037292,0.0515575522899627
7206,257,5,16,1.39,0.71,False,True,False,False,2.287247693538666,2.373224139213562,2.4556171655654904,2.4950826287269594,21.878495070373123,21.06586876005619,20.29508179156216,20.03480644267701,0.2556392407417297,0.2472778558731079,0.3267754435539244,0.5163149452209472,0.0459286533762427,0.0474701523780822,0.0492730247974395,0.049913135099411
4930,589,3,32,1.91,1.0,False,False,True,True,2.616806221008301,2.603469967842102,2.746080112457276,2.7583052802085875,19.128432233080577,19.20514008245484,18.20777183087918,18.127074712220548,0.4971127605438232,0.5188530683517456,0.5843649625778198,0.5964398765563964,0.052336124420166,0.052069399356842,0.0549216022491455,0.0551661056041717
5256,1698,3,16,1.42,0.8,False,False,False,True,2.536410849094391,2.547413468360901,2.651305067539215,2.720446255207061,19.67062690509672,19.615082306749947,18.829896420319884,18.001027989113283,0.4657995188236236,0.472570538520813,0.5647014617919921,0.6049934220314025,0.0508949881831114,0.0509811782836914,0.0531070373058319,0.0555525900625413
4446,746,3,8,1.19,0.76,False,True,False,True,2.447024210691452,2.371694326400757,3.181162583827972,3.1923925948143004,20.44842366198476,20.92855715775713,15.717524350576614,15.662234345854095,0.323497200012207,0.224557876586914,1.0949543833732605,1.1416579008102417,0.0493451793479197,0.0477816271781921,0.0636232516765594,0.063847851896286
6031,1100,3,16,0.28,0.73,True,False,False,True,2.510109707117081,2.520012855529785,2.606944465637207,2.612122616767884,19.933631709585885,19.84116862486242,19.179541768851603,19.141526576487745,0.4079856717586517,0.4338810443878174,0.5046154856681824,0.526211621761322,0.0502021941423416,0.0504002571105957,0.0521388893127441,0.0522424523353576
6813,608,5,8,1.03,0.96,True,False,True,False,2.3754329335689546,2.312651991844177,3.0863095879554745,3.114751660823822,21.164280648986235,21.61701753130296,16.139925864902615,16.051622914773795,0.3915360295772552,0.3790681362152099,1.0675457835197448,1.0715293622016906,0.0476762779052092,0.0462598514556884,0.0619581584930419,0.0622990141868591
7456,1187,5,32,0.76,0.79,False,True,False,False,2.3313963127136232,2.3453510999679565,2.454239749908447,2.4733894181251523,21.381546596305583,21.31747385292311,20.36465067960357,20.177890094240823,0.2377113604545593,0.227025032043457,0.3817048549652099,0.3870334863662719,0.0468093968082876,0.0469098734855651,0.0491047055721282,0.049559195613861
5751,331,6,8,0.97,0.82,False,True,True,False,2.3742744743824007,2.317164659500122,2.894479537010193,2.901459667682648,21.16317903521969,21.5768665429592,17.2742627338484,17.232705919588273,0.298517769575119,0.2325860261917114,0.7972499251365661,0.8402153658866881,0.0475286363235334,0.046345932483673,0.0578895907402038,0.0580291933536529
6420,495,1,16,0.69,0.98,False,False,True,False,2.5546554362773897,2.5713194608688354,2.6187353253364565,2.63396110534668,19.518478702764167,19.44446724772161,19.084540946468625,18.9686885429998,0.4489498972892761,0.473236083984375,0.5319194078445434,0.5575358915328978,0.0512553676584492,0.0514285111427307,0.0523984327316284,0.0527185467720031
6158,1633,2,16,0.48,0.84,False,True,True,True,2.2740241503715515,2.309293031692505,2.5989608645439146,2.627730884552002,21.840343945077425,21.633029937573028,19.19900610177197,18.975497187046948,0.2299449121952057,0.2143740653991699,0.5015354871749877,0.5065140414237976,0.046004372426827,0.0462256097793579,0.0520860557556152,0.052700265713299
5918,1305,4,32,0.04,0.91,True,False,True,False,2.44718742966652,2.481814384460449,2.5372859716415403,2.54506760597229,20.31244986439608,20.11932469796849,19.68931704703549,18.9653421321424,0.3730012953281402,0.4070433378219604,0.4897982358932494,0.5165103220939636,0.0493066779403233,0.049703459739685,0.050788963317871,0.052727893470337
5419,1491,2,8,1.48,0.83,False,False,False,True,2.6316809248924256,2.660775899887085,2.795622909069061,2.8405761671066285,18.9450758021297,18.790319092640715,17.815813207833692,17.599832568369486,0.4452222502231598,0.4742403030395508,0.550467848777771,0.5806427764892578,0.0528632483839989,0.0532188940048217,0.0561299118995666,0.0568187294483184
5483,912,8,32,1.34,0.83,True,False,True,True,2.470574176311493,2.501761794090271,2.5823946356773377,2.5956610250473022,20.20875155117009,19.985915574375145,19.361876698331848,19.262915982188584,0.3797759902477264,0.4228041172027588,0.5057479381561278,0.5403731036186218,0.0495621371058856,0.0500352358818054,0.0516478927135467,0.051913220500946
6219,287,4,16,1.51,0.86,True,False,True,True,2.484276671409607,2.525222420692444,2.592296874523163,2.5981546545028684,20.106043478854232,19.799100429360514,19.280541080494043,19.1360401875668,0.3974455595016479,0.4354449510574341,0.5311306118965148,0.560794723033905,0.0498161842112226,0.0505073451995849,0.0518657643795013,0.0522574157714843
7688,620,5,32,0.85,0.72,False,True,False,True,2.371283804178238,2.370046854019165,2.560106027126312,2.586421322822571,21.120562949680423,21.096635738168874,19.530444453027435,19.33173064322335,0.2760143649578094,0.2555540800094604,0.4617255687713623,0.474833288192749,0.0474305186763101,0.0474009370803833,0.0512021205425262,0.0517284264564514
6437,1694,6,8,1.13,0.91,True,False,True,False,2.530906856060028,2.5093986988067627,3.084009110927582,3.1107084727287293,19.762295150662787,19.9128418311646,16.204194477276666,16.07023524135399,0.4560590040683746,0.4347181320190429,1.001715326309204,1.0072695779800416,0.0508845833235316,0.0502188491821289,0.0617124166488647,0.0622268429279327
6766,968,7,16,0.8,0.74,False,False,True,True,2.54452573299408,2.546223521232605,2.603801417350769,2.61015914440155,19.6560730077914,19.63692487514337,19.202693375974206,19.15592014975299,0.4738088238239288,0.4799599647521972,0.5504798769950866,0.5795835185050964,0.0508905146598815,0.0509244704246521,0.0520760283470153,0.052203182888031
6705,1983,5,32,0.42,0.81,False,True,True,True,2.209500540494919,2.1834553480148315,2.4644206404685973,2.4815662336349487,22.54935444100592,22.86346603658634,20.288744225754986,20.14856567606052,0.2219102549552917,0.218898057937622,0.302115225791929,0.4258351731300354,0.0445126449189853,0.0437379169464111,0.0492884128093719,0.0496313246726989
7135,144,8,8,0.91,0.73,True,False,True,True,2.541753579378128,2.506022095680237,3.147246897220612,3.178119132518768,19.711476745644667,19.945707467797085,15.865662388992982,15.71865416193105,0.4395077872276306,0.4250932931900024,1.015516197681427,1.094005138874054,0.0510687652428945,0.0501361036300659,0.0630292007923126,0.0636186885356903
5381,1238,3,16,0.35,0.76,False,False,False,True,2.53301372051239,2.5480153560638428,2.638432276248932,2.6676388144493104,19.67411018839037,19.620912607497296,18.917332831305565,18.69293709685711,0.4350542330741882,0.4464387893676758,0.5156305074691773,0.5226901817321776,0.0508978441378649,0.0509660291671753,0.0528615760803222,0.0534961411952972
7497,684,7,32,0.3,0.85,True,False,True,False,2.507122676372528,2.512200832366944,2.590561187267304,2.609949977397919,19.958817086229768,19.902867384838547,19.30083735205974,19.15745548307491,0.4358657550811767,0.4482077360153198,0.5113999962806701,0.5271940684318541,0.0501424535274505,0.0502440166473388,0.051811223745346,0.0521989995479583
6194,1660,1,32,1.99,0.82,False,False,True,False,2.570327941179276,2.567480087280273,2.74620099067688,2.78950829744339,19.463622777846748,19.47315789172108,18.20697052412244,17.924307415709297,0.4783847498893738,0.4629822969436645,0.6311473250389099,0.6657196688652037,0.0514275383918181,0.0513527393341064,0.0549240198135375,0.0557901659488678
6703,975,3,16,1.54,0.77,False,True,True,True,2.3745991611480712,2.363877296447754,2.6355037569999693,2.683687334060669,20.940881648827325,21.144540501957348,18.840711978618284,18.6303799879477,0.2570869207382202,0.2311201095581054,0.3898691058158871,0.5889906668663025,0.0478928206442694,0.0472935318946838,0.0530765509605407,0.0536757707118988
6093,497,8,16,1.22,0.81,False,False,False,True,2.60360915184021,2.617478966712952,2.7610737085342407,2.779462304115296,19.13109439010421,19.10023395042216,18.095247360033657,17.877580123312406,0.4462770497798919,0.4562301635742187,0.544867968559265,0.5742933964729309,0.0523583623064888,0.0523553800582885,0.0552631297111511,0.0559360928058624
7555,314,1,16,1.61,0.75,False,False,True,False,2.542644703388214,2.5462870597839355,2.629664695262909,2.6542168235778805,19.651079002446657,19.631564646162765,19.012494451865347,18.57775738283152,0.4886895096302032,0.5063763856887817,0.5816653251647949,0.6107639050483703,0.0509185646483772,0.0509383749961853,0.0525969910621643,0.0538279261112213
4461,1839,1,32,0.28,0.82,True,False,True,True,2.3567988908290864,2.3696188926696777,2.511964464187622,2.531555275917053,21.165966255168804,21.09073727812313,19.901763594617865,19.74032853120727,0.340554815530777,0.3507158756256103,0.5184834003448485,0.5519048380851745,0.0472960956073942,0.0474141812324523,0.0502468032836914,0.0506577534198761
6793,554,4,8,0.17,0.73,True,True,False,True,6.789963185787201,6.771350145339966,7.251556885242462,7.375319006443023,7.380408789601327,7.384735404249356,6.895232954172926,6.779883518241215,4.653939652442932,4.637733697891235,5.159461641311646,5.168675928115845,0.135799263715744,0.1354270029067993,0.1450311377048492,0.1475063801288604
4561,291,7,16,1.45,0.82,False,False,True,False,2.544690762758255,2.562324047088623,2.665965938568115,2.769584367275238,19.5467524187348,19.48767889924704,18.74619478715564,17.787682802587046,0.4504329943656921,0.4875485897064209,0.5722696185112,0.5752265930175782,0.0512160059015393,0.0513144826889038,0.0533441605567932,0.0562204294908614
7388,288,4,8,0.14,0.88,True,True,False,False,3.054264771938324,3.0674678087234497,3.083966052532196,3.085144383907318,16.372154718281188,16.300089801374206,16.212889424950678,16.20669755517086,1.0057143330574037,1.006536602973938,1.0135295510292053,1.0151423954963683,0.0610852954387664,0.0613493561744689,0.0616793210506439,0.0617028876781463
5727,356,4,8,1.74,0.93,True,False,False,False,2.5464026868343352,2.51475191116333,3.061441683769226,3.0794972443580626,19.65394215552494,19.87531275871482,16.324248085803628,16.219338280005363,0.429514217376709,0.4129877090454101,1.001581025123596,1.0083660697937011,0.0511643430789311,0.0503136801719665,0.0612585668563842,0.0616547966480255
5604,230,4,8,0.44,0.79,True,False,True,True,2.5183595204353333,2.508151650428772,3.0993539571762083,3.116128163337708,19.864581078131803,19.92717953747289,16.132394336764683,16.045553143973894,0.4373923146724701,0.4179571866989136,1.0174690008163452,1.0212833309173583,0.0506570912080652,0.050182716846466,0.0619870791435241,0.0623225632667541
4189,962,5,16,1.29,0.75,True,False,True,False,2.425025629997253,2.474182367324829,2.503716194629669,2.5157853960990906,20.56226271492989,20.20542154706574,19.964506542747376,19.83164231070213,0.3691660642623901,0.4141467809677124,0.500922691822052,0.5264474368095396,0.0487069109313628,0.0494916677474975,0.050088891506195,0.0504244685173034
6997,471,4,32,0.1,0.99,True,True,False,False,2.2754239797592164,2.274237036705017,2.290686917304993,2.291525139808655,21.97443391545784,21.98540644004664,21.82751390974496,21.81953010879669,0.425117290019989,0.4245136976242065,0.4312305569648743,0.4324411416053772,0.0455084795951843,0.0454847407341003,0.0458137383460998,0.045830502796173
6191,1660,5,8,1.57,0.74,False,False,False,True,2.552839878797532,2.540858507156372,2.6793765783309937,2.8056714606285094,19.52113177446888,19.648151841686,18.62942889747752,17.733135322811872,0.4774414420127869,0.4749737977981567,0.5659144163131713,0.6033125782012938,0.0512753704527847,0.0508953881263732,0.0536785285472869,0.0563916095761691
5466,451,4,32,0.57,0.96,True,False,False,True,2.46355917096138,2.48395037651062,2.648719203472137,2.661944279670715,20.223023362157274,20.12472106236399,18.824021932294936,18.78225972874901,0.3964748990535736,0.429123044013977,0.518773102760315,0.5617099666595459,0.0496080174830278,0.0496901297569274,0.0531236100196838,0.0532417349815368
6146,1502,4,32,1.87,0.87,False,False,False,False,2.540679467916489,2.563494682312012,2.7269766688346864,2.74487544298172,19.64729754700414,19.496886766359992,18.32016198757111,18.181567591217185,0.4746328234672546,0.5059031248092651,0.5869996190071105,0.6297576904296874,0.0510220109377588,0.0512902402877807,0.0545846705436706,0.055000795841217
7439,1071,5,8,1.18,0.83,False,True,True,False,2.405503807067871,2.3553653955459595,2.898292624950409,2.922119529247284,20.879064914888858,21.226281150397902,17.25153650785308,17.110867481792596,0.3093563520908355,0.2476180791854858,0.8317952632904052,0.8760984683036803,0.0481434177038281,0.0471114087104797,0.0579658524990081,0.0584423905849456
6113,759,3,32,0.25,0.96,False,True,False,False,2.335762006044388,2.336367964744568,2.4381890535354613,2.4635583066940305,21.327504609743773,21.39858119376892,20.44498111259468,20.274647928935472,0.2500467121601105,0.2310162782669067,0.3865432500839233,0.419117088317871,0.0469245101145335,0.0467320704460144,0.0489117727279663,0.0493226845741271
7974,1848,2,8,1.86,0.82,False,False,False,False,2.612788701057434,2.640430927276612,2.7383399724960324,2.7942614698410035,19.09196326058537,18.926978171293094,18.21082689567851,17.87915788966273,0.4936013948917389,0.5206221342086792,0.5863914728164672,0.6008048510551453,0.052465373134613,0.0528346467018127,0.0549124128818512,0.0559310474395751
4870,1912,2,32,1.24,0.88,True,False,False,True,2.482993714809418,2.515909433364868,2.5639277935028075,2.57418440580368,20.07407851876769,19.8707604754748,19.49732741549544,19.415600036846445,0.4210807859897613,0.4454959630966186,0.5149958729743958,0.5353311157226562,0.0498856065541505,0.0503252005577087,0.051289082288742,0.0515049758434295
5236,407,7,8,1.14,0.95,False,True,False,True,2.452051528692245,2.3832000494003296,3.144553864002228,3.173125340938568,20.33838514420192,20.977167061433697,15.863841635645064,15.72735993159526,0.2856583380699157,0.2425789833068847,0.6204509258270262,0.670916802883148,0.0496575431494151,0.0476708793640136,0.0630364346504211,0.0635834627628326
8021,705,8,32,1.74,0.9,False,True,False,False,2.364996565580368,2.394410014152527,2.5178715467453,2.5329274129867554,21.09225362298416,20.87985226346077,19.84120600923097,19.73333719655377,0.2945724582672119,0.2804403305053711,0.4414443135261535,0.4511829257011413,0.0475099167178658,0.0478930592536926,0.0504001622200012,0.050675671672821
7674,649,3,8,0.76,0.89,True,True,True,True,3.132147467136383,3.1363720893859863,3.167098379135132,3.1809941005706786,15.965029533499555,15.94201325703306,15.78734625828715,15.718436927104232,1.0029239773750305,1.0689222812652588,1.0799318194389342,1.0969041037559508,0.0626429493427276,0.0627274417877197,0.0633419675827026,0.0636198820114135
4096,571,1,16,1.94,0.89,True,False,True,True,2.426079998016357,2.47454035282135,2.577774477005005,2.5901661920547485,20.505072348478745,20.197617838415724,19.394833137917484,19.30157334899068,0.3489560294151306,0.3844053745269775,0.5051280975341795,0.5463950276374816,0.0489023164354521,0.0495107913017272,0.0515601239204406,0.0518092552661895
7250,812,7,32,0.44,0.75,False,True,True,False,2.30378448843956,2.2818349599838257,2.520490884780884,2.540918536186218,21.730530282075776,21.912189478332024,19.83740665957505,19.67792330370925,0.2580889701843262,0.2385292053222656,0.4437134385108948,0.4508083271980285,0.0460756897687912,0.0456366991996765,0.0504098176956176,0.0508183707237243
5341,1975,3,16,0.54,0.93,False,True,False,False,2.27851229429245,2.3173277378082275,2.495270025730133,2.517881801128387,21.704450246833403,21.57190831713549,19.987155110453447,19.678475136852168,0.228390325307846,0.2141494750976562,0.3646791815757751,0.4317975950241088,0.0461694008581778,0.0463565850257873,0.0500321338176727,0.0508237687629811
5643,706,5,8,1.01,0.99,True,True,False,True,3.1078649878501894,3.115112543106079,3.137378251552582,3.138451488018036,16.08935294677008,16.050800551431966,15.936873552376507,15.93142406350113,0.991904091835022,0.9925597906112672,0.9947457671165466,0.9981238436698914,0.0621572997570037,0.0623022508621215,0.0627475650310516,0.0627690297603607
6630,605,6,8,1.56,0.82,True,True,False,True,3.1363839149475097,3.1429234743118286,3.1669906854629515,3.1673338747024538,15.943050761931149,15.908814478481684,15.78785825856307,15.786147635326165,0.960307252407074,0.9602433443069458,0.9659573078155518,0.967264108657837,0.0627276782989501,0.0628584694862365,0.063339813709259,0.063346677494049
5330,959,7,16,0.1,0.99,True,True,True,False,2.4639119029045107,2.4620723724365234,2.4862785220146177,2.487303922176361,20.293772586630794,20.30809957198751,20.11037792280032,20.10208797531668,0.4284175515174865,0.4281084537506103,0.4344298124313354,0.435559401512146,0.0492782380580902,0.0492414474487304,0.0497255704402923,0.0497460784435272
5168,865,8,32,0.19,0.96,False,True,False,True,2.390614149570465,2.3893392086029053,2.505417251586914,2.508017497062683,20.92962532468351,20.92628784116144,19.95675569460796,19.936065093948304,0.2469683253765106,0.2315735816955566,0.435373044013977,0.4403686094284058,0.0478122829914093,0.0477867841720581,0.0501083450317382,0.0501603499412536
5764,874,8,8,1.85,0.93,True,True,True,True,2.9824040651321413,2.9924391508102417,3.0109874963760377,3.019206280708313,16.76644607936681,16.7087850630244,16.605857911267712,16.56067664562629,1.013770842552185,1.015350580215454,1.0243188738822937,1.0275650382041932,0.0596480813026428,0.0598487830162048,0.0602197499275207,0.0603841256141662
7395,238,6,8,1.68,0.71,False,True,False,False,2.285513744354248,2.271259069442749,2.84529767036438,2.8652369737625123,21.97098205990585,22.00241676157801,17.572854582956367,17.450563680608983,0.3003336179256439,0.2475801706314087,1.0020191669464111,1.0064199733734132,0.0458703790061614,0.0454495549201965,0.0569059534072875,0.0573047394752502
6250,664,3,16,0.21,0.82,False,True,False,True,2.2200234258174896,2.2521673440933228,2.51414954662323,2.5255996966362,22.52653369787585,22.18151283805408,19.88744197825235,19.79727827389031,0.2274868953227996,0.2104142904281616,0.4245964288711548,0.4339923858642578,0.0446117851914477,0.0450826168060302,0.0502829909324646,0.050511993932724
8170,1903,2,32,1.17,0.84,False,False,False,False,2.5444531631469727,2.5576034784317017,2.622749316692352,2.7115839862823488,19.57898982092974,19.54772075103977,19.05557161159263,18.42907645491842,0.458507809638977,0.47816002368927,0.5407292366027832,0.5598303389549255,0.0511322220951319,0.0511568593978881,0.0524780964851379,0.0542620927810669
5778,501,4,32,1.21,0.87,False,False,False,False,2.48831307888031,2.498443603515625,2.553356301784516,2.5684295630455014,20.10236317884949,20.012459245340345,19.58206929878273,19.467152300689623,0.4259270191192627,0.4494091272354126,0.5323233246803284,0.5479286193847656,0.0497662615776062,0.0499688720703125,0.0510671260356903,0.05136859126091
4863,1863,8,8,1.93,0.71,False,False,True,False,2.560422031879425,2.565168857574463,2.694265568256378,2.725937089920044,19.5467124985366,19.4918945126822,18.557933314207844,18.34231620911542,0.4802668631076813,0.4963301420211792,0.5937983512878418,0.650001380443573,0.0512084406375885,0.0513033771514892,0.0538853113651275,0.0545187417984008
5110,1184,2,16,0.44,0.89,True,True,False,False,2.48320277929306,2.499260663986206,2.516625368595123,2.517987434864044,20.13897786901443,20.00592537661985,19.86787617563032,19.857130026814843,0.4305466413497925,0.4332232475280761,0.4416072726249694,0.4441735816001892,0.0496640555858612,0.0499852132797241,0.0503325073719024,0.0503597486972808
5096,1595,1,8,0.56,0.99,False,True,False,True,2.440840711593628,2.40505850315094,2.965257811546325,2.9742742371559143,20.5162179643728,20.766258835284297,16.861940340586436,16.810823755349134,0.3023803949356079,0.2348908185958862,0.8447229981422424,0.8885913825035094,0.0490214940881485,0.048155071735382,0.0593051562309265,0.0594854847431182
8035,929,8,32,1.77,0.7,False,True,False,False,2.399538332223892,2.417636036872864,2.494655036926269,2.5108207058906555,20.768413989135112,20.67727569935108,20.0335403746114,19.89838474003279,0.2995483577251434,0.2863441705703735,0.4412679314613342,0.4449411273002624,0.0482078205108642,0.048362271785736,0.0499162902832031,0.0502553359985351
5443,1148,5,8,1.9,0.94,False,True,True,True,2.465278208255768,2.378243923187256,3.526114976406097,3.535549223423004,20.61169416871046,21.023915847092063,14.179912332111344,14.142074390069276,0.3892293655872345,0.2728289365768432,1.3958327293395996,1.4361437749862669,0.0493055641651153,0.0475648784637451,0.0705222995281219,0.07071098446846
5269,167,6,16,0.55,0.75,False,False,True,True,2.5214952981472014,2.5458035469055176,2.612686443328857,2.626068847179413,19.605855213422576,19.63487215248149,19.102265715221822,15.972773132603995,0.4602497220039367,0.4667649269104004,0.5359345912933349,0.5555339717864989,0.0510868991404771,0.0509297943115234,0.0523498120307922,0.0626116154491901
5362,749,8,8,0.48,0.71,False,False,False,True,2.4344578647613524,2.402093768119812,2.758876347541809,2.77668550491333,20.409999693928267,20.680253157792343,18.09320808872178,17.90508903133399,0.4292084562778473,0.4373798370361328,0.6619531273841858,0.6960285067558288,0.0492807678345087,0.0483554005622863,0.055269359588623,0.0558787336230276
4769,901,7,16,1.4,0.8,True,True,True,True,2.473291790485382,2.4842833280563354,2.498767066001892,2.50264361858368,20.218086187736123,20.12652970656224,20.009872292031144,19.9788861802727,0.3550173640251159,0.3256410360336303,0.4180821180343628,0.419613242149353,0.0494658358097076,0.0496856665611267,0.0499753413200378,0.0500528723716735
6431,1104,3,32,0.34,0.96,False,False,True,True,2.499066301584244,2.534010052680969,2.593499171733856,2.6120936369895933,19.94973905363946,19.723911201697923,19.26881816268548,19.094909129917912,0.4447619521617889,0.4524877071380615,0.5165637493133545,0.534132285118103,0.0502250825464725,0.0506998896598815,0.0518973190784454,0.0523699805736541
5024,2047,3,16,0.2,0.82,True,False,True,True,2.469824208021164,2.498149037361145,2.603515028953552,2.618068451881409,20.27661996924512,20.01481881817524,19.20480563926957,19.09805036928862,0.3675515818595886,0.417366623878479,0.4641230940818786,0.4967249798774718,0.0493964841604232,0.0499629807472229,0.052070300579071,0.0523613690376281
4875,743,5,16,1.66,0.78,False,False,True,False,2.5972337520122526,2.5945080518722534,2.75187771320343,2.7683331251144407,19.245102881248144,19.25426762872205,18.159953293440573,18.05642072823469,0.4672135698795319,0.5004411935806274,0.595271372795105,0.602737066745758,0.0520353643291136,0.0519365572929382,0.0550662217140197,0.055381970500946
5930,807,5,8,0.24,0.84,False,True,True,True,2.40049029827118,2.322364568710327,3.1203951358795163,3.163968234062194,21.015017695256173,21.51956012414295,16.023614987416362,15.802940352667765,0.3116687226295471,0.2122331857681274,1.114781653881073,1.1503452897071835,0.0480470729464576,0.0464693570137023,0.0624079027175903,0.0632793646812439
5102,379,7,16,1.88,0.95,False,True,True,False,2.363157719373703,2.386150598526001,2.546008789539337,2.566520524024963,21.184094385949656,20.941421611956905,19.638589363193105,19.48163106284857,0.2727325737476349,0.2512612342834472,0.4653497219085693,0.4727145218849182,0.047291890963641,0.047752251625061,0.0509201757907867,0.0513304104804992
5247,697,6,8,0.01,0.72,True,False,False,True,2.496979467868805,2.489095687866211,3.0265932440757752,3.04343341588974,20.08577897209149,20.07387457074225,16.520224551852905,16.428813504308525,0.4185433542728424,0.4131145477294922,0.98172926902771,0.9846994805335998,0.0500769422054291,0.0498159933090209,0.0605318648815155,0.0608686683177948
5223,176,4,32,1.05,0.71,False,False,False,False,2.4963801348209382,2.534063220024109,2.617348861694336,2.705133571624756,19.89076231226691,19.72179140861896,19.089226934175603,18.37371390947591,0.4453025865554809,0.4685600996017456,0.5286621570587158,0.5445581674575806,0.0504179530556239,0.0507053351402282,0.052385568857193,0.0544513380739422
6360,1111,7,8,1.28,0.92,False,True,True,True,2.433263120651245,2.3760757446289062,3.1048324584960936,3.1247857880592345,20.69703499136456,21.04048863773111,16.103928530546874,16.001096866737413,0.3375198066234589,0.256570816040039,0.995725965499878,1.0431924057006836,0.0486853816260462,0.047527413368225,0.0620966491699218,0.0624957157611846
5964,1168,4,32,1.89,0.85,False,False,False,False,2.5427674114704133,2.5552635192871094,2.629604089260101,2.663031647205353,19.672226714294155,19.567453640138744,19.014274883764426,18.77559365725136,0.4700869941711426,0.5020086765289307,0.6420550227165222,0.6458135962486267,0.0508553482294082,0.0511052703857421,0.052592081785202,0.053260632944107
4641,641,5,8,1.53,0.94,True,False,True,False,2.475442625284195,2.453349471092224,2.855143427848816,2.8773399710655214,20.230278961273537,20.373118528257883,17.512262715495677,17.37716106245139,0.428466272354126,0.3965510129928589,1.0346263885498046,1.0380325102806092,0.0495967569365645,0.049084289073944,0.0571028685569763,0.0575467994213104
4709,1958,3,32,1.19,0.89,True,False,True,True,2.3404584908485413,2.4581040143966675,2.5371187210083006,2.551998696327209,21.424279364146347,20.27411290318836,19.700758499083804,19.5291086412454,0.3283332228660583,0.3785555362701416,0.4789973974227905,0.5000971078872679,0.0470272022836348,0.0493241047859191,0.0507594671249389,0.0512056141853332
6448,825,6,8,0.44,1.0,True,False,True,False,2.5127566134929658,2.479671001434326,3.052892327308655,3.073523097038269,19.93362882417233,20.161673023707795,16.37598977612698,16.254593376830556,0.4591976833343505,0.4367492198944092,1.0232579112052915,1.028461663722992,0.050435697440874,0.0495990586280822,0.061065021276474,0.061521071767807
4912,293,3,16,0.11,0.87,True,False,True,False,2.4526390373706817,2.446667790412903,2.6509679198265075,2.678884210586548,20.41437926645117,20.43595794220557,18.86104289670911,18.664488045872915,0.3851145207881927,0.4135686159133911,0.4900143384933472,0.512686583995819,0.0490527807474135,0.048933355808258,0.0530193583965301,0.0535776842117309
6724,1777,5,16,1.06,0.98,False,False,False,False,2.510560208559036,2.517470121383667,2.6350636005401613,2.6848686122894287,19.791025258705563,19.85852889041856,18.969652232699765,18.135774708922177,0.4633804130554199,0.4763286113739013,0.5407343745231628,0.5768460655212402,0.0505879770221618,0.0503561973571777,0.0527157793045043,0.0551410961334521
8177,1733,5,8,1.52,0.79,False,False,True,True,2.547536518573761,2.5622693300247192,2.6089129567146303,2.624881010055542,19.61396919470898,19.5114881606489,19.16029674060453,19.018197350244414,0.4720992064476013,0.4795835018157959,0.5548003554344176,0.587849416732788,0.0510057125508785,0.0512518572807312,0.0521912596225738,0.0525815606117248
5252,282,5,16,1.73,0.84,True,True,True,True,2.711111509799957,2.71782648563385,2.7330388903617857,2.7363365149497985,18.44365964996296,18.3970875731146,18.29465586967403,18.272613435616258,0.6314074754714966,0.6827710866928101,0.6905231952667237,0.6922163105010987,0.0542222301959991,0.054356529712677,0.0546607778072357,0.0547267302989959
6436,1813,6,32,0.75,0.86,True,False,False,True,2.4727012050151824,2.493701815605164,2.648729717731476,2.660946402549744,20.26200969278533,20.050512774471144,18.876973466548,18.790307580789094,0.3630299699306488,0.4140999317169189,0.4752727389335631,0.4943119096755981,0.0494540241003036,0.0498740363121032,0.0529745943546295,0.0532189280509948
6489,172,2,8,1.05,0.8,True,False,False,True,2.5077889358997343,2.494405508041382,3.018770360946655,3.031173095703125,19.95473523757662,20.039199012968872,16.55797898021497,16.478978737451097,0.3965588891506195,0.3902894258499145,0.8828412175178528,0.9616477751731872,0.0503799494117498,0.0499021959304809,0.0603938446044921,0.0606833729743957
5602,1608,3,16,0.91,0.86,False,True,False,True,2.36499028801918,2.372992753982544,2.5947364568710327,2.6191168355941774,21.08673121174748,21.066956524850568,19.22166156250013,19.075107570659625,0.2481171524524688,0.2379964590072631,0.3775379419326782,0.4365207982063293,0.0475265028182198,0.0474677014350891,0.05202463889122,0.052424345254898
4914,1792,7,32,1.34,0.85,False,False,False,False,2.5436195766925813,2.560925364494324,2.6556490421295167,2.6851566767692567,19.54514421678626,19.508397322596466,18.80899982785644,18.57562629760772,0.4693456268310547,0.4885768890380859,0.5618123292922974,0.5754587793350219,0.0512366700648944,0.0512599778175354,0.0531660380363464,0.0538348417758941
4879,956,3,32,1.13,1.0,False,False,True,False,2.529711465835572,2.54809844493866,2.609758353233337,2.6686561107635494,19.70922821312272,19.62107962879832,19.10883249587281,18.55635449949363,0.4619009065628052,0.476481556892395,0.5350070476531982,0.5520288038253783,0.0507829711079597,0.0509655952453613,0.0523318221569061,0.0538898954391479
6663,80,8,8,0.28,0.75,False,False,True,True,2.541126732826233,2.542346477508545,2.6272637486457824,2.633632221221924,19.686099014862823,19.66687109365288,19.03120691420498,18.985187360707886,0.4225123691558838,0.4393929243087768,0.5371316313743592,0.5550438761711121,0.0508225346565246,0.0508469295501708,0.0525452749729156,0.0526726444244384
5963,1995,4,16,1.38,0.91,True,True,True,True,2.540068411827088,2.541889905929565,2.5708653211593626,2.572455153465271,19.6864512293023,19.67042799474237,19.448705134333583,19.436686786822445,0.3706682085990905,0.4451173543930053,0.448410177230835,0.4501735973358154,0.0508013682365417,0.0508377981185913,0.0514173064231872,0.0514491030693054
5538,210,5,32,1.68,0.7,False,False,False,True,2.5839475560188294,2.590989112854004,2.654152452945709,2.869301083087921,19.282067242564253,19.291011005097424,18.8309400776555,17.41085996360752,0.4547093689441681,0.4789185523986816,0.5581902146339416,0.5790898561477661,0.0519235293107874,0.0518376159667968,0.0531041316986084,0.0574355245113372
4761,1647,6,32,0.51,0.94,False,False,False,False,2.51212353348732,2.523751974105835,2.5578152537345886,2.580247287750244,19.91011915673625,19.811772728876644,19.547932615918924,19.377987635809827,0.4526657605171204,0.4628515243530273,0.5275691032409667,0.5412610459327697,0.0502424706697464,0.0504750394821167,0.0511563050746917,0.0516049457550048
6505,1977,8,32,0.42,0.92,False,True,False,False,2.307752004861832,2.283269762992859,2.443983745574951,2.4758548164367675,21.68478743881836,21.89842017529732,20.458402340281072,20.19504526354032,0.2454045438766479,0.2400968074798584,0.3763519525527954,0.3836695289611816,0.0461550400972366,0.0456653952598571,0.048879674911499,0.0495170963287353
5994,1273,1,32,0.35,0.94,False,False,False,False,2.4730257105827333,2.474548101425171,2.5433671474456787,2.557626638412476,20.18969252057225,20.196761825605897,19.65241400513066,19.526601408422334,0.4206330680847168,0.4265456199645996,0.4995368719100951,0.5290509557723998,0.0495475878182579,0.0495128917694091,0.0508843355178833,0.0512121901988983
4677,1131,1,16,1.58,0.79,True,False,False,True,2.490857299566269,2.5026556253433228,2.5800017714500427,2.5966795110702514,20.009396064197308,19.9713572197625,19.37450730466956,19.236328782301843,0.4077935087680817,0.4366543292999267,0.5011661291122437,0.5285533499717712,0.0500449996501207,0.0500717139244079,0.0516142218112945,0.0519849723815918
5272,1972,5,32,0.71,0.9,False,False,True,True,2.5155668795108794,2.5341299772262573,2.644338345527649,2.657384977340698,19.76287708053356,19.690647843099548,18.906544874925448,18.76877627563084,0.4315428972244263,0.445515513420105,0.5324083089828491,0.5623572087287902,0.0506717213467781,0.0507855534553527,0.0528917386531829,0.053282549715042
6055,1414,4,8,0.0,0.94,True,False,False,True,2.5633732366561888,2.509061098098755,3.266246998310089,3.2918363761901857,19.649584177718417,19.9277732216932,15.308093348372966,15.189090309444463,0.4724818444252014,0.429712176322937,1.215101420879364,1.220371208190918,0.0512674647331238,0.050181221961975,0.0653249399662017,0.0658367275238037
8171,70,6,8,0.79,0.82,True,False,True,False,2.4651284265518187,2.456000804901123,3.06441148519516,3.081529200077057,20.262384944196985,20.33565277738257,16.305224795708103,16.21937975464736,0.4054144525527954,0.4053279161453247,0.8661931872367858,1.01633109331131,0.0497026108805747,0.0491747188568115,0.0613300790786743,0.0616546389579772
5620,113,2,16,1.37,0.95,False,False,True,True,2.534895238876343,2.536055326461792,2.62796710729599,2.641417682170868,19.73331717909155,19.715658203713467,19.026114874825254,18.92922895449695,0.4551964282989502,0.4625022411346435,0.5552183985710144,0.573955147266388,0.0506979047775268,0.0507211065292358,0.0525593421459198,0.0528283536434173
6649,1901,8,16,1.69,0.85,True,True,True,True,2.5097405195236204,2.513396382331848,2.5447790384292603,2.5469784212112425,19.92508799080295,19.89342135389957,19.64807250971885,19.631108581367208,0.3682158589363098,0.302282452583313,0.4628008842468262,0.4724283027648925,0.0501948103904724,0.0502679276466369,0.0508955807685852,0.0509395684242248
5495,1802,7,16,1.12,0.95,False,False,True,False,2.521955316066742,2.527063012123108,2.587883448600769,2.6057169461250305,19.82280451162439,19.779388055580213,19.320808663202417,19.18857690828316,0.4634685933589935,0.4830595254898071,0.5554919004440307,0.5772678470611572,0.0504597665911136,0.0505576848983764,0.0517576689720153,0.0521143389225006
7292,732,1,32,1.12,0.91,False,False,True,True,2.566313101053238,2.5674794912338257,2.644897258281708,2.6585051941871645,19.46816323920234,19.473036738723096,18.89623080301661,18.765149924010487,0.4577554142475128,0.472886323928833,0.5377555847167969,0.5516907906532288,0.0513806575000286,0.0513530588150024,0.0529206101894378,0.0532902837753295
5808,885,6,16,1.8,0.74,False,True,True,True,2.365371285676956,2.3724613189697266,2.5260463476181028,2.6259566164016723,21.166247833211493,21.075159224149488,19.79378337964604,19.04068103779277,0.2619261121749878,0.2510753870010376,0.3444356083869934,0.6213260221481324,0.047307425713539,0.0474492263793945,0.050520926952362,0.0525191323280334
6132,507,1,32,1.01,0.74,True,True,False,True,2.429756152629852,2.431720495223999,2.462849795818329,2.4665598273277283,20.58056965312681,20.561573807994364,20.30168847447156,20.271160514244475,0.363383948802948,0.4377940893173218,0.4421357631683349,0.4482849025726318,0.048595123052597,0.0486344099044799,0.0492569959163665,0.0493311965465545
5945,1610,2,16,0.26,0.88,False,False,False,False,2.4881350672245026,2.4974547624588013,2.560427188873291,2.5645715594291687,20.01879795297853,20.01753818147664,19.52748031734878,19.48557585476212,0.4230185782909393,0.4403587579727173,0.5153659582138062,0.5384908080101012,0.0499987496435641,0.0499561929702758,0.0512098839282989,0.0513200160503387
5038,1547,1,8,1.59,0.92,False,False,False,True,2.5412622475624085,2.533035635948181,2.6915366291999816,2.767411694526672,19.477880017901487,19.72633444859033,18.567249222537622,18.060232103388422,0.4279625594615936,0.4517018795013428,0.5435940265655518,0.5623405480384827,0.051946309073863,0.0506936597824096,0.0538582806587219,0.0553706115722656
6819,1638,4,16,0.98,0.85,True,False,False,True,2.4727086412906645,2.5313059091568,2.581106007099152,2.5908450388908384,20.05862213959488,19.738513316358578,19.339489669575272,18.577228956033327,0.3900991547107696,0.4298940896987915,0.502329659461975,0.5295989251136779,0.0499720018632431,0.0506623768806457,0.0517076725959777,0.0538371267020701
5468,1774,4,16,0.22,0.72,False,False,True,False,2.4899433100223543,2.510661482810974,2.584753918647766,2.5991066193580625,19.99989965224804,19.904971813364185,19.32557450440576,19.210513843496884,0.4049997854232788,0.4244086742401123,0.4915579080581665,0.5071600580215454,0.0500325500316345,0.0502387046813964,0.0517449090480804,0.0520550629675388
6775,1783,7,8,1.17,0.84,True,False,True,True,2.523862730264664,2.4581414461135864,3.076451110839844,3.104006028175354,19.89753813976015,20.32807089494626,16.20434870969001,16.038199917504308,0.4105255436897277,0.3917313814163208,0.9160340785980224,1.0097013211250303,0.0506081763520836,0.0491930723190307,0.0617118444442749,0.0623511374950408
6439,1507,4,32,1.72,0.82,False,False,True,False,2.599623383283616,2.580934524536133,2.7706610918045045,2.8163778162002564,19.232904832720013,19.368773868407047,18.02087425778256,17.733569165124944,0.4693775069713592,0.524176836013794,0.596704351902008,0.6209477257728576,0.0520907537843242,0.0516294956207275,0.0554913141727447,0.0563902417659759
6531,1829,4,16,0.79,0.93,True,False,False,False,2.406208146810532,2.438778519630432,2.51141928434372,2.524183452129364,20.72707221950371,20.485305095576336,19.9020692353606,19.777249617454853,0.3326674461364746,0.367759108543396,0.4720402240753173,0.4976469993591307,0.0483474011182784,0.0488154864311218,0.0502460327148437,0.0505631537437438
7999,2006,6,32,1.58,0.94,True,False,True,False,2.4219069290161133,2.4679890871047974,2.530882561206817,2.536263298988342,20.555477664062067,20.24633374369727,19.75339758437155,19.60039209033568,0.3540861678123474,0.3921571969985962,0.4845773339271544,0.5176774716377258,0.0487475183970611,0.0493916678428649,0.0506242027282714,0.051022112884829
5023,632,7,16,1.35,0.88,True,False,False,False,2.4225022423267366,2.4661518335342407,2.540211832523346,2.547012162208557,20.53666558340161,20.230616320683545,19.668229917131296,18.76771757758998,0.3729035770893097,0.4186611175537109,0.4919390439987182,0.5123263835906982,0.0487924851221272,0.0494300317764282,0.0508434176445007,0.0532829979830264
7527,619,2,16,1.13,0.94,True,True,False,True,2.5023005962371827,2.5100170373916626,2.535647428035736,2.536753280162811,19.984201100919343,19.92020852154034,19.718830082150745,19.710234701827883,0.3886521935462951,0.4327161312103271,0.438938581943512,0.4404311108589172,0.0500460119247436,0.0502003407478332,0.0507129485607147,0.0507350656032562
6832,190,2,32,1.4,0.77,True,False,False,False,2.444272731542587,2.468948245048523,2.5339378714561462,2.560292856693268,20.477278905057748,20.251538324538032,19.73213343223012,19.529016872582385,0.3848282992839813,0.4162942171096802,0.499470055103302,0.5184165358543396,0.0488854546308517,0.0493789649009704,0.0506787574291229,0.0512058571338653
6418,409,1,8,0.91,0.9,False,True,True,False,2.380085859298706,2.32969331741333,3.061997807025909,3.084815707206726,21.080841750873613,21.45706909833545,16.31096482833012,16.201657449250302,0.2575526618957519,0.2242162227630615,0.3339369416236812,0.916063313484192,0.0479203404300353,0.046604688167572,0.061308452129364,0.0617220812320709
5118,789,4,16,1.26,0.71,True,False,False,False,2.406284244060517,2.4173707962036133,2.5687503576278687,2.584441900253296,20.83384039249088,20.683631472049512,19.46472032476237,19.34653669556622,0.3780169296264648,0.3872973918914795,0.5206817746162413,0.5488190555572509,0.0481256848812103,0.0483474159240722,0.0513750071525573,0.0516888380050659
7241,1355,4,8,0.96,0.77,True,False,False,False,2.5233484601974485,2.5059016942977905,2.997587692737579,3.0228392362594603,19.85794874316605,19.942562374007608,16.680081931677638,16.54074071343263,0.4793528783321381,0.4631794691085815,0.9692239999771118,0.9746110725402832,0.0505601192019202,0.0501440119743347,0.0599517538547515,0.0604567847251892
6382,907,7,16,1.09,0.87,False,False,True,True,2.567282040119171,2.58612060546875,2.722266936302185,2.739919295310974,19.33738337148912,19.2751491618413,18.31391168735957,17.598240791536178,0.4289749085903168,0.443153977394104,0.5151425361633301,0.5349054861068725,0.0518367695102029,0.0518802785873413,0.0546033000946044,0.0568271362337817
8120,286,1,16,1.7,0.89,True,True,False,True,2.571306121349335,2.5835362672805786,2.598184049129486,2.5989333033561706,19.447788003953644,19.353364874220865,19.24421033936362,19.23866266323656,0.4042426347732544,0.3936400413513183,0.4593995451927185,0.4612127947807312,0.0514261224269866,0.0516707253456115,0.0519636809825897,0.0519786660671234
5124,299,7,8,1.11,0.86,False,False,False,True,2.54049742937088,2.561699867248535,2.6630775809288023,2.683651275634765,19.518238233197568,19.496625713946862,18.71436011341803,17.584027858227106,0.421319545507431,0.4313036203384399,0.5201224565505981,0.5575120067596434,0.0513112320787766,0.0512909269332885,0.0534349029064178,0.056880549879635
4579,1577,8,16,1.13,0.93,False,False,False,True,2.518844201564789,2.5455609560012817,2.604453074932098,2.703783016204833,19.83577513297718,19.634940801403246,19.183432402300934,18.42497939205719,0.4318562519550323,0.4377204179763794,0.5150222063064575,0.5269183278083801,0.0504854221979777,0.0509296178817749,0.0521283164024353,0.0542741919994354
6966,413,3,8,0.99,0.88,False,False,True,False,2.525837233066559,2.575079560279846,2.657557618618012,2.671769089698792,19.535920428008623,19.36121766758682,18.781797874129754,15.278235970792627,0.4087746691703796,0.4258003234863281,0.5200814247131347,0.5594406247138977,0.0513088991011528,0.0516496467590332,0.0532430393695831,0.0654527272897608
6208,1938,3,8,1.76,0.92,True,False,True,False,2.463925479650497,2.449384450912476,3.0726056337356566,3.08878716468811,20.3128837035495,20.39103700284696,16.255590570565715,16.158005955036273,0.3930849850177765,0.3885804414749145,0.8976269006729126,1.0164891743659974,0.0495965151363163,0.0490411639213562,0.0615172989368438,0.0618888253211975
4861,837,4,8,1.88,0.86,True,False,False,True,2.5221966087818144,2.4983960390090942,3.038230812549591,3.121843066215515,19.836609581971764,20.00990690736388,16.44510182457699,16.011554954507943,0.4424817931652069,0.43074631690979,0.9160825967788696,0.9798844480514526,0.0506878715366125,0.0499752449989318,0.0608083801269531,0.0624548979759216
5154,886,3,16,1.26,0.93,True,False,True,True,2.4434933400154115,2.4739160537719727,2.5398585557937623,2.5466805505752563,20.464305522575025,20.208442245601027,19.68336840972956,19.56379457606721,0.3601523101329803,0.4007810354232788,0.4878296613693237,0.5262409472465513,0.0489263441079702,0.049484269618988,0.0508043127059936,0.0511148368835449
7839,1233,7,32,1.89,0.83,True,True,True,False,2.550478398799896,2.557868003845215,2.5829074144363404,2.583718819618225,19.606433678017343,19.547535195592005,19.35803046062488,19.351951510589483,0.4517072319984436,0.4515606164932251,0.4593349933624268,0.4626603412628173,0.0510095679759979,0.0511573600769043,0.0516581482887268,0.0516743763923645
6864,1728,7,8,0.16,0.86,True,True,False,True,3.4109368324279785,3.416364908218384,3.4381526589393614,3.438418838977814,14.65939766730972,14.63545957018869,14.542693412592026,14.541567627842625,1.3230104088783263,1.3227742910385132,1.3347124099731444,1.337392692565918,0.0682187366485595,0.0683272981643676,0.0687630531787872,0.0687683767795562
4911,1793,5,8,1.43,0.91,True,True,False,True,3.13142158985138,3.141729474067688,3.1652162432670594,3.165702397823334,15.968658454566796,15.914804650058484,15.796709056874755,15.794283236670172,0.945431125164032,0.9025659561157228,1.0380298614501953,1.0463207626342774,0.0626284317970275,0.0628345894813537,0.0633043248653412,0.0633140479564666
4817,232,2,8,1.48,0.75,True,True,True,True,3.0583120703697206,3.0653862953186035,3.0917842984199524,3.0925534844398497,16.350028588595656,16.311159005406978,16.17189151260433,16.167869392040718,0.9201064229011536,0.8927663564682007,0.991584837436676,0.9945791363716124,0.0611662414073944,0.061307725906372,0.061835685968399,0.061851069688797
7114,1016,1,32,1.07,0.79,False,False,True,True,2.523001388311386,2.5249180793762207,2.614234042167664,2.6291276335716245,19.795849597904784,19.72885535927646,19.12428748352257,18.856627022948924,0.458684995174408,0.4617320299148559,0.5628090262413024,0.5854781341552734,0.0505449540460811,0.0506876420974731,0.052289529800415,0.0530317541290732
4631,300,5,16,1.63,0.92,False,False,False,False,2.522286270856857,2.527799725532532,2.641284930706024,2.6547614526748644,19.735486675538088,19.77756709461657,18.909759680140027,18.01443969576832,0.4791952323913574,0.4939604997634887,0.5567311882972716,0.5675036883354186,0.0507035975928009,0.0505623364448547,0.0528827455043792,0.0555116787433624
8045,1208,8,32,1.63,1.0,False,False,False,True,2.5506945347785948,2.546887516975403,2.6796515941619874,2.689101982116699,19.61311026685166,19.631805357771363,18.65914218703912,18.593568907675525,0.4642695641517639,0.4837156534194946,0.5830847501754761,0.5971648240089416,0.0510138906955719,0.050937750339508,0.0535930318832397,0.0537820396423339
7652,1483,4,16,0.99,0.85,False,False,True,True,2.553054941892624,2.5599299669265747,2.6383079648017884,2.65218270778656,19.562004226432144,19.529939037921096,18.922023740180368,18.84448281383808,0.4581406843662262,0.4797573089599609,0.5486379981040954,0.5664631462097167,0.0511402787208557,0.0512034368515014,0.0528484699726104,0.0530659326076507
8054,552,2,8,0.31,0.98,False,True,False,False,2.405646765232086,2.295188069343567,3.358939039707184,3.365464470386505,21.075379372499675,21.784707174047192,14.885652790821531,14.856790588160251,0.3416506195068359,0.2220553159713745,1.2873496413230896,1.330678162574768,0.0481129353046416,0.0459037613868713,0.0671787807941436,0.0673092894077301
4887,1929,7,16,0.38,0.93,False,False,True,False,2.505776495933533,2.5073888301849365,2.645652365684509,2.6699075007438657,19.88638690511328,19.940395186245496,18.86001311820156,18.713043877682544,0.4315769016742706,0.4458205699920654,0.5819454908370971,0.5871017169952393,0.0503297051205354,0.0501494574546814,0.0530222344398498,0.0534386605739593
7357,1957,5,32,0.71,0.91,False,True,True,True,2.3227632796764373,2.3302992582321167,2.48961740732193,2.507267322540283,21.551426655836465,21.456471947777963,20.08340901349599,19.942029965069587,0.2426442837715149,0.2302417755126953,0.425757622718811,0.4327932643890381,0.0464552655935287,0.0466059851646423,0.0497923481464386,0.0501453464508056
7367,1132,2,16,0.68,0.91,False,True,True,False,2.298046085834504,2.308472156524658,2.46612548828125,2.492629361152649,21.70273030198923,21.656898029565475,20.251823761245213,20.03891456226722,0.2395156741142273,0.2256284952163696,0.3960849404335022,0.4070779395103454,0.0461364944191539,0.0461746644973754,0.0493782978057861,0.0499029025554657
5925,209,2,16,0.23,0.87,False,False,True,False,2.4968163883686065,2.510751247406006,2.5946332216262817,2.610328364372253,19.973850953675854,19.91239656516484,19.265927566265905,19.15373183617321,0.3968806719779968,0.4237443208694458,0.4889514684677123,0.5110124135017394,0.0501232262730598,0.0502199721336364,0.0519051053524017,0.0522091482639312
5999,952,8,8,0.43,0.94,False,True,True,True,2.399311032295227,2.2936573028564453,2.966337168216705,2.979543099403381,20.985218738521063,21.79924621700676,16.855804733894214,16.78109640800171,0.2963776874542236,0.2187263965606689,0.8963826417922973,0.9377606511116028,0.0479862206459045,0.0458731460571289,0.0593267433643341,0.0595908619880676
6065,1380,1,16,1.88,0.92,False,True,False,False,2.325801686048508,2.326745390892029,2.461953830718994,2.483550968170166,21.51724478835381,21.48924523165828,20.30907437341813,20.13246382475697,0.267033109664917,0.2506684064865112,0.4495339632034302,0.4566298270225525,0.0465160337209701,0.0465349078178405,0.0492390766143798,0.0496710193634033
7818,936,8,8,1.14,0.89,False,True,False,False,2.4191754734516144,2.366149663925171,3.2029918789863587,3.2124697279930112,20.81105515619625,21.112713566686708,15.610404998660218,15.564349491070733,0.3333414363861084,0.2371625900268554,1.136573898792267,1.1784156918525694,0.0485317423026566,0.0473648262023925,0.0640598375797271,0.0642493945598602
6574,237,3,16,0.24,0.73,False,False,False,False,2.529733896255493,2.529220700263977,2.588447844982148,2.6017978048324584,19.772044648297385,19.768935265133216,19.316595625629592,19.21748131547024,0.4343243157863617,0.4567276239395141,0.5224189400672913,0.5484152126312256,0.0505946779251098,0.0505844140052795,0.0517689568996429,0.0520359560966491
4324,1467,3,16,0.72,0.9,False,True,False,False,2.310235174894333,2.3394588232040405,2.472260868549347,2.488900394439697,21.525917165809005,21.36308422410528,20.202049606100488,20.065652222872487,0.2278286099433898,0.2176840305328369,0.4075534343719482,0.4108836269378662,0.0465684132128953,0.0468097209930419,0.0494999303817749,0.049836503958702
5577,1743,7,8,0.1,0.95,True,False,False,False,2.5240690433979034,2.490388989448548,3.11232293844223,3.142693240642548,19.871114800456635,20.053206495483245,16.065175990639798,15.9099206818543,0.42758838057518,0.4111140966415405,1.0832395076751709,1.0897146463394165,0.0506366374683758,0.0498673367500305,0.0622464587688446,0.0628538648128509
6105,1390,8,8,0.17,0.75,False,True,False,False,2.393439801931381,2.3422218561172485,3.102640080451965,3.1186769008636475,20.95399677065348,21.343549884132088,16.115308161669752,16.03243998298049,0.2308438920974731,0.2045598030090332,0.3965813279151916,0.9617619752883912,0.0481336708002969,0.0468525624275207,0.0620528016090393,0.0623735380172729
6917,1302,1,16,0.72,0.89,True,False,True,True,2.492734091281891,2.5043550729751587,2.6679412722587585,2.679062931537628,20.0703858007304,19.964211725237497,18.741042211667217,18.66324287450152,0.3795001065731048,0.4192073345184326,0.4897204637527464,0.5131717491149902,0.0499337165538523,0.0500896310806274,0.0533588254451751,0.0535812586307525
4267,1311,1,16,1.39,0.87,True,True,True,True,2.5193188905715944,2.5274420976638794,2.550040912628174,2.5510222816467287,19.849059900661025,19.7828468782014,19.607528789479662,19.599986378769604,0.3829411506652832,0.4443835020065307,0.4516870379447937,0.45175861120224,0.0503863778114318,0.0505488419532775,0.0510008182525634,0.0510204456329345
4342,315,3,16,1.16,0.75,True,False,False,True,2.495399801731109,2.505694627761841,2.595225989818573,2.612299339771271,20.049892272068792,19.9408570900522,19.26614506690761,19.140226100542115,0.3869733285903931,0.4242537021636963,0.4754454970359801,0.4909635257720947,0.0499281862901604,0.0501482987403869,0.0519045197963714,0.0522459867954254
4048,642,7,8,0.52,0.88,False,False,False,False,2.508596510887146,2.5348267555236816,2.607550489902496,2.620747663974762,19.871299722714948,19.72410729701188,19.165383288797045,19.07453320909728,0.4397927069664001,0.4565600156784057,0.5235034823417664,0.5404049944877625,0.0504270842969417,0.0506993794441223,0.0521774082183837,0.0524259239196777
8092,1340,2,16,1.61,0.83,True,True,True,True,2.4952863097190856,2.4981517791748047,2.5161471128463746,2.517241187095642,20.03880458729586,20.014803801800845,19.871652385405152,19.863016215481075,0.4223021388053894,0.4156607389450073,0.4626047849655151,0.4629023122787475,0.0499057261943817,0.049963035583496,0.0503229422569274,0.0503448237419128
4485,1782,2,16,0.99,0.97,False,True,False,False,2.313469090461731,2.3345285654068,2.5347517490386964,2.5639817476272584,21.47868351004576,21.41483602640731,19.653013340197607,19.46177038850052,0.2405581605434417,0.2261104583740234,0.4470743417739868,0.4538312578201294,0.0466565122986903,0.0466965985298156,0.0508827826976776,0.0513843040606554
4816,640,5,8,0.78,0.92,False,False,False,False,2.5127915644645693,2.5376871824264526,2.5960968375206,2.6213188886642453,19.812040576239085,19.694701638230576,19.24887352183505,18.90663809092125,0.4387063336372375,0.4492511749267578,0.5400235652923584,0.561798915863037,0.0505161708667815,0.0507750821113586,0.0519510970115661,0.0528921911803158
7236,959,4,32,1.13,0.84,False,True,False,False,2.3269168293476103,2.315372586250305,2.507951354980469,2.534915273189545,21.409949265015484,21.58457831528844,19.906694239272223,19.716161343853923,0.2624562072753906,0.2495769262313842,0.4160311341285705,0.4271542286872863,0.0467705816702536,0.0463293766975402,0.0502343835830688,0.0507198122024536
5192,1966,2,16,1.51,0.98,False,True,True,True,2.3310045170784,2.3420084714889526,2.441632664203644,2.4666495180130004,21.470085793129265,21.34919690159981,20.478101159923767,20.27041119648805,0.2614987277984619,0.2480019330978393,0.500784957408905,0.5076056504249573,0.0466200903415679,0.046840169429779,0.0488326532840728,0.04933299036026
7506,506,1,16,1.91,0.97,True,True,True,False,2.531367671489716,2.538053631782532,2.5590723156929016,2.562885630130768,19.7542096868371,19.700136658983936,19.538333796754035,19.50927069927001,0.4446584224700928,0.4431159496307373,0.4524790525436401,0.4543841695785522,0.0506273534297943,0.0507610726356506,0.051181446313858,0.0512577126026153
6389,806,6,8,1.59,0.82,False,False,True,False,20.9519082047292,2.712366342544556,59.76326596736908,59.80246579647064,12.073338617732537,18.43408805651726,0.8366343303202166,0.8360859441454789,17.779917068039346,0.683067798614502,57.59128928184509,57.60974633693695,0.4190381640945836,0.0542473268508911,1.1952653193473814,1.1960493159294128
6505,1326,8,16,0.17,0.8,False,True,True,False,22.300431852691744,2.5202865600585938,59.83512532711029,59.849174690246585,12.514267748383386,19.839013861518016,0.8356295692897108,0.8354334087518167,12.220117428551422,0.2238302230834961,57.7954781293869,57.81340658664704,0.4460086370538348,0.0504057312011718,1.1967025065422057,1.1969834938049315
6325,1329,2,32,0.59,0.87,True,False,True,False,25.879896925299207,14.161109447479248,59.87829041481018,59.90167589187622,10.700623981686157,3.5307968055356187,0.8350271801953968,0.8347011877016486,12.870640902229436,0.4668436050415039,57.83018279075623,57.84698352813721,0.517597938505984,0.2832221889495849,1.1975658082962035,1.1980335178375243
7119,1919,2,16,0.56,0.87,True,False,False,False,4.149595595598221,2.487470746040344,16.052445363998412,16.06230561256409,17.547203829049955,20.10074065962453,3.1147902308771616,3.112878143163225,2.0837501108646395,0.4349678754806518,14.038389933109285,14.07072921514511,0.0829919119119644,0.0497494149208068,0.3210489072799682,0.3212461122512817
4656,170,5,16,1.28,0.8,True,True,False,True,2.5386036157608034,2.547473311424256,2.568181848526001,2.568371744155884,19.697924611438232,19.627300373059303,19.46902632739045,19.467586881300484,0.4541307330131531,0.4530584812164306,0.4595005035400391,0.4610182189941406,0.050772072315216,0.0509494662284851,0.05136363697052,0.0513674348831176
4046,98,6,16,0.29,0.8,True,False,True,False,2.433646250963211,2.4426904916763306,2.560511517524719,2.581693000793457,20.564500897612525,20.469232722773874,19.527348910716075,19.36713626042105,0.3880070281028747,0.4142953157424927,0.5190250873565674,0.5649746751785277,0.0486729250192641,0.0488538098335266,0.0512102303504943,0.0516338600158691
4645,689,2,8,0.8,0.99,True,True,True,True,3.102967345714569,3.1084717512130737,3.1275570511817934,3.1323843502998354,16.114735184046147,16.085078458656984,15.986921728226145,15.962291369289485,1.0241521000862122,1.0241143703460691,1.0322682023048402,1.033709270954132,0.0620593469142913,0.0621694350242614,0.0625511410236358,0.0626476870059967
4305,316,5,16,1.08,0.92,False,True,False,False,2.3415283966064453,2.355622887611389,2.532250952720642,2.55570924282074,21.24335481992583,21.22300741725156,19.655854863361498,19.52390538925705,0.2490571999549865,0.2303087711334228,0.3947871923446655,0.4049908924102782,0.0471708607884014,0.0471186757087707,0.050875426530838,0.0512192623138427
4415,189,1,8,1.9,0.86,False,False,False,True,2.5968578779697418,2.6028839349746704,2.771104264259338,2.9218449306488035,19.07812579287468,19.16502459829229,17.9001956495943,16.544251427288074,0.4737310099601746,0.4946800470352173,0.597235107421875,0.632232010364532,0.0526764698609327,0.0521783876419067,0.0558653831481933,0.0604963567892708
6274,1520,4,32,1.72,0.81,False,False,False,False,2.535787228345871,2.5441372394561768,2.6719787836074813,2.85152138710022,19.58299344002613,19.64145582759829,18.07262913031818,17.419319697959455,0.4715229332447052,0.4863724708557129,0.5803402185440063,0.6284494853019713,0.0511729078278821,0.0509127235412597,0.0553327503204345,0.0574238744735716
4237,1865,4,32,1.11,0.74,False,True,False,False,2.3513271582126616,2.351938486099243,2.528288388252258,2.5451848340034484,21.26341186836719,21.25692942507576,19.77623385287244,19.64493908121567,0.2712580919265747,0.253029465675354,0.4661967635154724,0.4715913319587707,0.0470782057434049,0.0470434832572937,0.0505657677650451,0.0509036966800689
5763,1399,6,16,0.4,0.95,True,False,True,False,2.477017751932144,2.500041365623474,2.5985353231430053,2.608670480251312,20.112437672516936,19.98099822821624,19.23302157254652,18.985154673273414,0.4192829942703247,0.4416015148162842,0.5402410864830016,0.5861016178131103,0.049815727835543,0.050047550201416,0.0519939112663269,0.0526732951164245
5280,1574,1,16,0.76,0.83,False,True,False,True,2.3555736434459686,2.334817409515381,2.5640791058540344,2.586152317523956,21.258419341188173,21.41495086005351,19.500183247887456,19.333742309057545,0.2570680654048919,0.2452626228332519,0.4423247218132018,0.4487217092514038,0.0471114728689193,0.0466963481903076,0.0512815821170806,0.0517230463504791
7453,423,3,32,0.27,0.96,False,True,True,False,2.330702961683273,2.335924863815308,2.5082812666893006,2.528847584724426,21.446328622482817,21.400342232989846,19.93396863026878,19.77185194185668,0.2502449154853821,0.2364444732666015,0.4139096140861511,0.4232137084007263,0.0466772520045975,0.0467282247543335,0.050165625333786,0.0505769516944885
7515,1121,3,16,1.42,0.87,False,False,False,False,2.5396563458442687,2.566612720489502,2.647790801525116,2.777775089740753,19.55149177367601,19.45997451541389,18.861401464541537,17.850650368224777,0.4596769654750824,0.4754230976104736,0.5423498153686522,0.6087855720520019,0.0512427092506772,0.0513875317573547,0.0530183374881744,0.0560328304835727
4316,80,3,32,0.34,0.85,True,False,True,True,2.4346071445941924,2.473477840423584,2.556718420982361,2.57252112865448,20.47767634143423,20.18242389928499,19.52733422264783,19.434452662804937,0.381730329990387,0.4166438579559326,0.4819376945495605,0.5025014781951904,0.0489221195220947,0.0495480895042419,0.0512102673053741,0.0514550140857696
4411,1086,2,8,0.61,0.91,True,False,True,True,2.600493048429489,2.568255662918091,3.0996019721031187,3.129623212814331,19.33868885995771,19.46846683735504,16.131105873112087,15.976364335876587,0.4450618684291839,0.4231988191604614,1.0077182173728942,1.0171792316436767,0.0520098609685897,0.0513651132583618,0.0619920394420623,0.0625924642562866
6159,751,7,8,1.85,0.82,False,True,False,True,17.914134128250346,2.544048309326172,59.91746377944946,59.94266442298889,15.287668808470093,19.653714835801694,0.8344812488082503,0.834130423918811,15.841426689259327,0.4049501419067383,57.8287109375,57.837377347946166,0.3582826825650068,0.0508809661865234,1.1983492755889893,1.1988532884597778
8128,1962,5,32,0.87,0.89,False,False,True,False,24.251913060624915,2.5759594440460205,59.927220702171326,59.93657283782959,11.15298589203037,18.835373153000624,0.8343453847786638,0.8342151988831916,13.891655167901371,0.4774144887924194,57.79317396879196,57.82947984933853,0.4851568218150052,0.0531358657777309,1.1985444140434265,1.198731456756592
6860,1828,2,8,1.87,0.74,True,False,True,True,21.68819169849157,2.948609709739685,59.80594255924225,59.966381945610046,11.502104514546376,16.94721355892697,0.8360373210775428,0.8338005134189851,13.7063505589962,0.4932979345321655,57.72801564931869,57.7524418926239,0.4342512080402271,0.0590067648887634,1.196118851184845,1.199327638912201
7500,789,7,16,0.0,0.93,False,False,True,True,25.94767316801105,16.019726037979126,59.87183437347412,60.00341150760651,10.39003609711166,3.12115200231648,0.8339268914282274,0.833213292443467,19.929876411746363,0.5102417469024658,57.79386434555054,57.81027739524841,0.5237719963767574,0.3203945207595825,1.1991467971801757,1.200172885608673
4312,337,3,32,1.7,0.71,False,True,True,True,25.51616740507238,11.388545513153076,59.89682035446167,59.91292603492737,11.046220818789,4.390376599105702,0.8347688531085838,0.8345444516746156,16.645740604400636,0.3755111694335937,57.79294739961624,57.80762766838074,0.511217989327236,0.2277709102630615,1.197936407089233,1.1982585206985474
7808,795,8,16,0.81,0.73,False,False,True,True,2.5864450585842134,2.600144743919373,2.668109047412872,2.6774533700942995,19.20762633923225,19.22218245158544,18.727768366452786,18.64753809440679,0.4762148582935333,0.4873281717300415,0.540866708755493,0.5702172088623046,0.0521192165789696,0.0520232319831848,0.0533966455459594,0.0536302288348857
7824,1641,3,8,1.49,0.91,True,False,False,False,5.751968841552735,2.5255613327026367,36.169977962970734,36.1980437040329,17.895413151873463,19.797579110393883,1.3823619149573916,1.381290116449006,0.4783431077003479,0.44887375831604,0.971259105205536,0.9788650441169738,0.1150393768310547,0.0505112266540527,0.7233995592594146,0.723960874080658
7417,1294,2,8,1.7,0.95,True,False,True,True,25.163600313592944,3.3184731006622314,59.96114087104797,59.96696659088135,10.314252045117392,15.067170497787686,0.83387339323172,0.8337923839370254,23.06302721683796,0.9982414245605468,57.87995772361755,57.91072577476501,0.5036368903316953,0.0663694620132446,1.1992228174209596,1.199339331817627
7784,458,6,16,1.38,0.84,False,True,False,True,5.975984189510346,2.369466781616211,27.104916036129,27.116603119373323,17.382170483132366,21.097633296767604,1.8446626221737548,1.843791258040073,3.75699857711792,0.2396571636199951,24.953403663635253,24.998652822971344,0.1227492654211991,0.0473986816406249,0.5421045496463776,0.5423607451438904
7423,1585,7,8,0.24,0.85,False,True,False,True,2.407569856643677,2.3697757720947266,2.9310477495193483,2.9467621278762817,20.75907540477962,21.09340726256053,17.047634843531544,16.960918110815125,0.2834281146526337,0.2229261398315429,0.7851782202720642,0.8228199505805969,0.0484995178880044,0.0474081778526306,0.0586591644287109,0.0589590744495391
6512,258,6,8,0.41,0.85,True,True,False,True,3.068051242828369,3.076296210289001,3.093200850486755,3.095522723197937,16.29814630605105,16.253311478131536,16.16448615256246,16.15236325846044,0.9356330513954164,1.0003747940063477,1.005872857570648,1.0116659426689147,0.0613610248565673,0.06152592420578,0.0618640170097351,0.0619104544639587
6149,1285,6,8,0.38,0.96,False,False,False,True,2.562801411151886,2.572571873664856,2.6760942578315734,2.693388149738312,19.450100925387773,19.43400369334044,18.68256202061744,18.46739051817435,0.4224779272079468,0.4424327611923218,0.5277657747268676,0.5568039083480835,0.0514849609431098,0.0514562010765075,0.0535258493423461,0.0541495362281799
6288,2001,8,8,1.73,0.98,False,False,True,False,2.5194884049892425,2.537400364875793,2.70953882932663,2.769175980091095,19.661795643083707,19.67937445742948,18.351603499358667,14.852868436714264,0.4795749127864838,0.4953581094741821,0.5860727787017822,0.6099885654449462,0.0510310549978132,0.0508146262168884,0.0544911522865295,0.0673270729599353
6531,1801,6,16,0.76,0.8,True,False,False,True,2.3554220819473266,2.3607465028762817,2.588545632362366,2.599468672275543,21.25583446454428,21.173996407208666,19.30983751793883,19.2186330377208,0.4127479684352875,0.4332375526428222,0.5165692806243897,0.5297728371620178,0.047302069791158,0.0472277402877807,0.051787074804306,0.0520328370094299
7897,1174,1,16,1.52,0.7,False,False,False,True,2.5879769325256348,2.605597496032715,2.731292450428009,2.739407176971435,19.24984033649774,19.173739814751976,18.28290747829722,18.04340076886644,0.4549062979221344,0.4910006523132324,0.5772717833518982,0.5797488617897034,0.0520240953936721,0.0521546697616577,0.0546958956718444,0.0554224551865548
8085,1801,3,16,1.7,0.9,False,False,False,True,2.5655150091648102,2.601399540901184,2.737057566642761,2.8077899646759032,19.29325048794319,19.187326078429248,17.968102069315716,17.57828784287572,0.3947791540622711,0.4313235282897949,0.5497422456741333,0.5554638528823852,0.0519495695870572,0.052117736339569,0.0556541828127468,0.0568932280302047
4189,324,1,16,0.78,0.72,False,False,False,False,2.521846745014191,2.554353833198548,2.6325951337814333,2.647016179561615,19.682191032556617,19.55192807896593,18.967066018648016,18.85754865838597,0.4572539436817169,0.4604971408843994,0.5422728419303894,0.5764529728889465,0.0508908353867038,0.051145851612091,0.0527229676246643,0.053035203622447
6765,901,1,8,0.16,0.97,True,True,False,True,2.9125399947166444,2.9177948236465454,2.950957107543945,2.951820335388184,17.16870456279073,17.136249464752687,16.943655407226814,16.938700685871623,0.9873190641403198,1.0327143669128418,1.0407116413116455,1.0550190448760983,0.0582507998943328,0.0583558964729309,0.0590191421508789,0.0590364067077636
5172,130,5,8,1.94,0.71,False,False,False,False,2.589838548898697,2.598832845687866,2.820528972148895,2.845738537311554,19.34150535708265,19.23940613606101,17.72717178306105,17.57013266385469,0.4845282506942749,0.4663494825363159,0.6497405171394347,0.6592521381378174,0.0517967709779739,0.0519766569137573,0.0564105794429779,0.056914770746231
4728,1714,6,16,1.38,0.81,False,False,True,True,2.588778018951416,2.612021207809448,2.6957475185394286,2.760371890068054,19.191612588124755,19.138301483378683,18.518810365215018,17.704566041404604,0.4373632681369781,0.4704492092132568,0.5575182676315308,0.5596543693542481,0.0522205994014953,0.0522512412071228,0.0539991490840911,0.0564826084256172
4870,590,5,16,0.73,0.75,False,True,False,True,2.327811963558197,2.335353970527649,2.566466641426086,2.589262199401856,21.496719854816217,21.40807562933159,19.482038769235665,19.31052023072473,0.247433340549469,0.239642858505249,0.3245553374290466,0.4639208364486694,0.0466139389289052,0.0467113447189331,0.0513293328285217,0.0517852439880371
7397,792,5,32,1.94,0.98,True,False,False,False,2.3773848593235014,2.2186107635498047,3.1349513292312623,4.778817389011383,21.369920554205724,22.519291692390688,15.949315709617313,10.462843460746516,0.3159487028916677,0.1001638174057006,1.090470004081726,2.6638871693611144,0.0484095907781053,0.0444063711166381,0.0626990265846252,0.0955763477802276
4027,1487,2,8,0.0,0.93,False,True,False,True,2.361891611814499,2.321483850479126,3.083223164081573,3.092451844215393,21.067624235623025,21.51682364304342,16.216795808835553,16.168400770939577,0.2918029510974884,0.2104781866073608,0.969832408428192,1.0097557377815245,0.0479376978248358,0.0464752626419067,0.0616644632816314,0.0618490368843078
5378,1392,8,8,0.52,0.82,True,True,False,True,3.137148153781891,3.1402742862701416,3.169299066066742,3.181394946575165,15.939441915126716,15.9221929408519,15.776377862272271,15.716436979391238,1.0130987405776977,1.074840784072876,1.0809966802597046,1.09853919506073,0.0627429630756378,0.0628054857254028,0.0633859813213348,0.0636278989315033
4006,254,1,16,1.24,0.79,False,True,False,True,2.325804170370102,2.3328797817230225,2.501601314544678,2.522718417644501,21.52327596146994,21.432738193044187,19.987199787221304,19.819889525523102,0.2589278149604797,0.2457618713378906,0.4228925228118896,0.4310319781303405,0.046516083407402,0.0466575956344604,0.0500320262908935,0.05045436835289
7823,1470,3,16,1.19,0.82,False,True,False,False,2.2980937349796293,2.330542206764221,2.527958714962005,2.5423673129081727,21.79653077320527,21.4542349536813,19.778804780289907,19.66670974180062,0.2378987228870391,0.2199976444244384,0.4504015803337097,0.4540896749496459,0.0460234859320852,0.0466108441352844,0.0505591742992401,0.0508473462581634
4947,1648,8,32,1.53,0.96,False,True,True,True,2.3959676313400267,2.393131375312805,2.593426501750946,2.6203103494644164,20.781213844316216,20.88487880077508,19.241038336756368,19.047410331121,0.2922219061851501,0.2651323080062866,0.492250120639801,0.5005891704559325,0.0482020534945469,0.0478815340995788,0.0519722483158111,0.0525005846977233
5909,1661,4,16,1.78,0.76,True,False,True,False,2.428264741897583,2.460305333137512,2.5604763507843016,2.571323480606079,20.483410343493865,20.31745148765485,19.525969349838057,19.43161465268303,0.3505534660816192,0.3826949596405029,0.5182499051094054,0.547338855266571,0.048909261384431,0.0492187714576721,0.0512138469219207,0.0514632728296167
5182,755,6,8,1.93,0.9,True,False,False,False,2.477799158096313,2.4673362970352173,3.111033046245575,3.133715298175812,20.21081637409595,20.26191451891757,16.03984333219584,15.931096455763482,0.4215228450298309,0.4222383499145508,0.8967224955558777,1.0323416543006896,0.0498555089036623,0.0493536782264709,0.0623447520732879,0.062770319700241
6468,297,4,8,0.47,0.93,False,False,False,False,2.4293052303791045,2.4735299348831177,2.5576255202293394,2.564208674430847,20.51845985249053,20.20439903103356,19.543402703092223,19.336629344198244,0.4336776709556579,0.4402167797088623,0.5208444714546203,0.5507169389724731,0.0488433829006257,0.049494172164372,0.0511681625843048,0.0517153214931488
7260,1406,6,8,1.37,0.91,False,True,False,True,2.453155336380005,2.406471848487854,3.03691030740738,3.0492023062706,20.443692093013563,20.76945865275055,16.464101738119577,16.397732476611797,0.3219595408439636,0.2506147623062134,0.8752046108245849,0.9285140204429624,0.0492478369628682,0.0481476235389709,0.0607382061481475,0.0609840461254119
5293,286,1,32,1.5,0.82,True,True,False,False,2.594334828853607,2.596365213394165,2.6208777904510496,2.6377698040008544,19.27432906171212,19.25769187406709,19.07764249671308,18.95561513702778,0.5294582605361938,0.5271490812301636,0.5381918907165527,0.5467132759094239,0.0518866965770721,0.0519273042678833,0.0524175558090209,0.052755396080017
4262,1933,4,16,0.05,0.93,True,True,False,True,2.6532336831092835,2.6585593223571777,2.6840404272079468,2.6895434141159056,18.846631403894424,18.807182186522663,18.62863790564917,18.59053681882932,0.4607122540473938,0.5104734897613525,0.5160250425338745,0.531245322227478,0.0530646736621856,0.0531711864471435,0.0536808085441589,0.0537908682823181
6868,717,4,16,1.82,0.91,True,False,False,False,9.40620652390592,2.456308603286743,59.82731509208679,59.83496625900269,16.86270849880225,20.35574843205609,0.835738657770319,0.8356317915105882,6.881034574029166,0.4028427600860595,57.79428391456604,57.831418280601504,0.1881241304781184,0.0491261720657348,1.196546301841736,1.1966993251800535
6392,103,6,32,1.67,0.71,False,True,True,True,2.3493659222126007,2.3502429723739624,2.646464896202087,2.676709563732147,21.219035380834,21.25512728472991,18.893140349859504,18.679651227871627,0.2712981796264648,0.2424997091293335,0.5796960115432739,0.5839963006973267,0.0472263750959719,0.0470474743843078,0.0529292979240417,0.0535341912746429
7736,96,3,8,1.22,0.9,True,False,False,False,2.5170980501174927,2.4978471994400024,3.1189788222312926,3.135711550712585,19.902829013389336,20.014609739210016,16.01345992628685,15.933610645259357,0.4708681952953338,0.452930212020874,1.0624189972877502,1.0656278324127195,0.0505618883877992,0.0499635028839111,0.0624474675655365,0.0627604329586029
5304,1374,5,8,1.18,0.94,False,True,True,False,2.3458472406864166,2.3192622661590576,3.1166975498199463,3.1406319427490232,21.48760386470104,21.55352242628128,16.042621788648173,15.920362816211544,0.2876577985286712,0.2406427860260009,1.047203528881073,1.0525255870819092,0.0471163739751367,0.0463961291313171,0.0623339509963989,0.0628126388549804
6346,1146,6,8,0.31,0.7,False,False,True,True,2.5262093591690062,2.5555604696273804,2.595012795925141,2.607554214000702,19.68542180311448,19.56277799253755,19.260129109738703,19.034812636430864,0.4126403772830963,0.4426103830337524,0.5075880527496337,0.5329552936553955,0.0508688263565302,0.0511174845695495,0.0519207327365875,0.0525357219874858
7729,1057,4,16,1.57,0.85,True,False,False,True,2.5046534430980683,2.5252163410186768,2.6182000279426574,2.642774827480316,19.945720314264697,19.79949204358585,19.041099333074584,18.898759480917896,0.4095874559879303,0.4382287263870239,0.5092527985572814,0.5284197258949279,0.0501834875265757,0.0505063462257385,0.0525179803371429,0.0529135294437408
5240,1995,1,8,0.85,0.89,False,False,True,True,2.543951103687286,2.5545605421066284,2.6339550256729125,2.648521828651428,19.59464171271589,19.5726116231354,18.98024826249912,18.86536873133036,0.4650378513336182,0.4711507558822632,0.544756293296814,0.5584924483299255,0.0510815601468085,0.0510918021202087,0.0526863524913787,0.0530071802139282
4586,1557,7,16,0.09,0.97,False,False,True,True,2.519505616426468,2.560420513153076,2.583952033519745,2.5957285022735594,19.68924625465401,19.520455292325707,19.336542321710034,19.13033366171815,0.4434944105148315,0.4589109420776367,0.5174347639083862,0.534772629737854,0.0508886838185841,0.0512283134460449,0.0517155542373657,0.0523068361478692
6829,1811,3,16,1.35,0.93,False,False,False,False,2.528424549102783,2.539454698562622,2.615239202976227,2.7495287561416624,19.74758484883388,19.68221995954369,19.09594823548317,18.14379375537649,0.4580658638477325,0.4711728096008301,0.5278632879257201,0.5423367047309875,0.0506738110450006,0.0508072805404663,0.0523671300411224,0.0551152651309967
8011,1109,6,16,1.13,0.96,False,True,True,False,2.345337418317795,2.3485047817230225,2.502916753292084,2.517629904747009,21.27049027544324,21.27169653573278,19.96887988381596,19.80146727817088,0.2491140818595886,0.2399612665176391,0.3364174604415877,0.4318949437141418,0.0470923487991094,0.0470108318328857,0.050077921628952,0.0505013095855712
6059,934,8,32,0.28,0.81,True,False,False,False,2.4756844067573547,2.495970726013184,2.5855525016784666,2.611547698974609,20.21802977187711,20.03228999367387,19.338227509274784,19.145734957183443,0.3977350437641144,0.4204334020614624,0.5046877026557921,0.5274249696731568,0.0495136881351471,0.0499194145202636,0.0517110500335693,0.0522309539794921
6589,1923,6,32,0.73,0.77,True,True,False,True,2.561283051967621,2.565763115882873,2.590280258655548,2.591747419834137,19.523337797942148,19.48743416842535,19.30293108292112,19.29200503435795,0.4242259740829467,0.4266965389251709,0.4957556009292602,0.5010128831863403,0.0512256610393524,0.0513152623176574,0.0518056051731109,0.0518349483966827
4346,1482,4,16,1.52,0.89,False,True,True,False,2.282235711812973,2.2964015007019043,2.56212134361267,2.653546929359436,21.865505319604708,21.75970438333213,19.49420866328009,18.827571329900607,0.2558108723163604,0.2372058629989624,0.4257676243782043,0.6128784942626954,0.0459077763463275,0.0459565091133117,0.0512972886562347,0.0531135953903198
7294,1160,6,32,1.3,0.98,True,True,True,False,2.446598100662232,2.449221968650818,2.474323737621307,2.47582750082016,20.438584760134447,20.4146468914802,20.20754226999873,20.195270026123623,0.383777642250061,0.3841285705566406,0.3955350279808044,0.3984601092338562,0.0489319620132446,0.0489844393730163,0.0494864747524261,0.0495165500164032
6089,996,1,32,0.47,0.99,False,False,False,False,2.517586045265198,2.5280591249465942,2.5973266124725343,2.60739559173584,19.82188229087152,19.770273306172648,19.24341341963552,19.170671697314084,0.4568208217620849,0.468397855758667,0.5364243745803833,0.5653763771057128,0.0504765146600789,0.0505809926986694,0.0519658327102661,0.0521630207538604
7162,269,7,16,1.73,1.0,False,True,True,False,2.359203222990036,2.376067638397217,2.5768081545829773,2.606843376159668,21.07245660984524,21.031893215170523,19.378130751370527,19.13801179951793,0.2650963568687439,0.2407749891281128,0.5642642378807068,0.5692710137367248,0.047689888096991,0.0475468373298645,0.0516045804023742,0.0522520325183868
6267,1558,6,16,0.85,0.89,True,False,False,False,2.44719857931137,2.470766305923462,2.5935101985931395,2.606301436424255,20.4639262845532,20.23663665808693,19.27889112580696,19.18427371944087,0.4139046204090118,0.4312407970428467,0.5940643668174742,0.6446538257598876,0.0489439715862274,0.0494153261184692,0.0518702039718627,0.0521260287284851
4489,1610,3,32,1.51,0.91,True,False,False,True,2.469645755290985,2.488625645637512,2.572778022289276,2.5837771320343017,20.27038135156096,20.091410743113364,19.43424587892372,19.351514768732848,0.3910128676891327,0.415994644165039,0.5110482692718505,0.5351039958000183,0.0493929151058197,0.0497725129127502,0.0514555604457855,0.051675542640686
7364,1084,7,8,0.93,0.99,True,False,False,True,2.4947342598438262,2.498571038246155,3.038535678386688,3.0596375274658203,19.97329594420226,19.987848727443087,16.45320174133308,16.324860375378055,0.428014520406723,0.4245266914367676,0.9493452668190002,0.9943364453315736,0.0504103672080271,0.0500304102897644,0.0607784440517425,0.0612562675952911
4084,705,4,16,0.01,0.89,False,True,False,False,2.293575004339218,2.306985259056092,2.518972563743591,2.539490962028504,21.69503060361736,21.665081424096385,19.82948834799814,19.66667402394481,0.2119743967056274,0.2022011280059814,0.4324859857559204,0.4404408359527588,0.0461845256377094,0.0461572241783142,0.0504299473762512,0.0508474390029907
7271,302,3,8,1.21,0.71,False,True,True,True,2.432812079191208,2.353972911834717,3.4208081364631653,3.4451651906967165,20.697953121043405,21.23598769428925,14.616429630608396,14.513092389544356,0.3554285609722137,0.242242693901062,1.296038818359375,1.3432103300094604,0.0489918353683667,0.0470898747444152,0.0684161627292633,0.0689033038139343
7541,515,4,32,0.27,0.92,False,True,False,True,2.317244292497635,2.3174465894699097,2.496393287181854,2.524157979488373,21.50319184508636,21.563950800952107,20.00952040952556,19.807363362511463,0.2497626900672912,0.2416188716888427,0.3383763432502746,0.4100583028793335,0.0465604914170044,0.0463736915588378,0.0499762144088745,0.0504862784862518
7703,1182,1,8,0.59,0.94,False,True,True,False,2.355391799211502,2.2879375219345093,2.9355948328971864,2.9551097083091737,21.364983114303463,21.85374388549519,17.03232457249786,16.919845617602842,0.2943048930168151,0.2125440835952758,0.853096854686737,0.9015243577957152,0.04710783598423,0.0457587504386901,0.0587118966579437,0.0591021941661834
4682,954,1,32,0.12,0.89,True,False,True,False,2.4569862377643585,2.490965247154236,2.567867600917816,2.5852558255195617,20.38160243436306,20.07254033706338,19.471408902662844,19.34044642200085,0.3928530538082123,0.4292128086090088,0.496724772453308,0.5192869806289672,0.0491397247552871,0.0498193049430847,0.0513573520183563,0.0517051165103912
4464,1402,5,16,1.63,0.93,False,False,False,False,2.5313466322422027,2.5664188861846924,2.687893569469452,2.7083526158332822,19.482529180719272,19.44301084057533,18.591383835112627,15.789354709033535,0.4323891806602478,0.4645658731460571,0.5598796606063843,0.5663384294509888,0.0515000720109541,0.0514324045181274,0.0537883574962615,0.0633466305171741
6590,2000,7,32,0.08,0.84,False,True,False,True,2.371758142709732,2.364283561706543,2.6195538520812987,2.650100769996643,21.06065952526933,21.145183610002945,19.03322182437731,18.82302708033712,0.2595814335346222,0.2423564195632934,0.4663966298103332,0.4707639741897583,0.0475734165399557,0.0472920942306518,0.0525397152900695,0.0531264177799224
7342,642,5,16,1.47,0.7,False,True,False,True,2.358253297805786,2.369169950485229,2.511329174041748,2.5341108727455137,21.14164767610952,21.10355759436145,19.87100173006388,19.714365601406488,0.2645634984970093,0.2462034225463867,0.4405133843421936,0.447412679195404,0.0473520822101169,0.0473853754997253,0.0503245916366577,0.0507244321346282
4731,663,8,16,0.78,0.81,False,False,False,False,2.512416197061538,2.530316114425659,2.596405148506165,2.608463830947876,19.7547368754188,19.759255128708247,19.23413568567335,19.068475784800647,0.4571077120304108,0.4681211709976196,0.5277974486351014,0.5434624910354614,0.0506884025973801,0.0506091952323913,0.0519908990859985,0.0524815745802485
5464,703,1,16,0.06,0.92,False,False,False,False,2.494749208688736,2.519666075706482,2.56085422039032,2.5724618792533875,20.03104222982171,19.842677064056502,19.52229496596799,19.418642216280407,0.4187850177288055,0.4396259784698486,0.5015514969825745,0.5185302257537842,0.0499640377959689,0.0503964257240295,0.0512234859466552,0.0514969066619873
5187,1205,8,8,1.46,0.92,True,False,False,True,2.648770080804825,2.5515596866607666,3.757287752628327,3.762802510261536,19.16403430105188,19.59585750901264,13.307471586280617,13.28796819239336,0.5481233477592469,0.4587712287902832,1.7119766354560852,1.7174797248840332,0.0529754016160965,0.0510311937332153,0.0751457550525665,0.0752560502052307
4590,78,5,16,1.68,0.92,True,False,True,True,2.4370931899547577,2.473528742790222,2.5356139540672302,2.5447278118133543,20.45372684982966,20.20547831105907,19.70490647826264,19.621973596714422,0.3667355930805206,0.411529541015625,0.4868600249290465,0.5229301166534424,0.0489549143947921,0.0494915294647216,0.0507487819194793,0.0509633418560028
5250,956,4,16,1.98,0.83,False,True,False,True,2.3823727655410765,2.419516563415528,2.55965062379837,2.718633117675781,20.74675345671317,20.64814050594552,18.5371550413835,18.161242845634906,0.2707189750671386,0.2548829317092895,0.4594502806663512,0.6083861470222474,0.0483909203679206,0.0484305143356323,0.0539457107594138,0.0550780061575081
5804,563,6,8,0.09,0.78,False,True,False,True,2.396118388175964,2.383720874786377,2.883363282680512,2.893841843605041,20.921676916185984,20.967452806813704,17.340860629120552,17.2780697942951,0.2738184726238251,0.1975606679916381,0.7908360481262207,0.804482431411743,0.0480522534374034,0.0476929664611816,0.0576672656536102,0.0578768368721008
7325,353,1,32,1.53,0.85,False,True,True,False,2.449573431015015,2.36729109287262,3.3798799633979795,3.4303574204444884,20.66978979239195,21.12118796551694,14.793436385814754,14.575741059543189,0.3709211885929108,0.2776048183441162,1.2240854263305665,1.395645728111267,0.0489914686203003,0.0473458218574524,0.0675975992679595,0.0686071484088897
6046,165,6,8,1.37,0.7,False,True,False,False,2.512251048088073,2.3604289293289185,3.981294000148773,4.004572384357452,20.42643620436641,21.182590998097,12.558736581962435,12.485727627807645,0.3248275005817413,0.2372107505798339,0.4040186047553736,1.968393816947937,0.0502495963884859,0.0472085785865783,0.0796258800029754,0.080091447687149
6891,1873,6,32,1.56,0.89,True,False,False,False,2.402765501737594,2.4201513528823853,2.591546463966369,2.597206699848175,20.87012490610913,20.65986714768777,19.29349965210718,19.251452180356427,0.3480210590362549,0.3844091892242431,0.4700677514076232,0.5081584906578063,0.0480553100347519,0.0484030270576477,0.0518309292793273,0.0519441339969635
5793,224,6,8,0.46,0.9,False,True,False,True,2.422809520959854,2.326908826828003,2.921788680553436,2.932386033535004,20.78522188254969,21.48252932174705,17.112805288052822,17.050962244026334,0.2855728030204773,0.2042557001113891,0.8252446770668028,0.8685412693023681,0.0485329845274196,0.0465494537353515,0.0584357736110687,0.0586477206707
4854,1523,3,16,0.7,0.99,False,True,True,False,2.3072239553928373,2.31096351146698,2.5019025802612305,2.5327677607536314,21.66201926909,21.6266608642054,19.984791307795497,19.741249449565085,0.2232728600502014,0.2126737833023071,0.4125575542449951,0.4185873055458068,0.0462270758729992,0.0462392234802246,0.0500380516052246,0.0506553552150726
4561,136,3,16,0.88,0.71,True,True,True,False,2.645880174636841,2.646853089332581,2.6661258339881897,2.6665942311286925,18.89804629079393,18.890371923689333,18.75380354875904,18.750509480381897,0.4665055990219116,0.4662306308746338,0.4730041623115539,0.4759151101112365,0.0529176034927368,0.0529370617866516,0.0533225166797637,0.0533318846225738
4551,339,7,16,1.29,0.84,True,True,False,True,2.6627684116363524,2.669397473335266,2.6951717257499697,2.695630338191986,18.77925723454991,18.73081946915372,18.551693623574167,18.54853748945533,0.4728234887123108,0.4697924852371216,0.4859989881515503,0.4900197744369506,0.053255368232727,0.0533879494667053,0.0539034345149993,0.0539126067638397
4276,1392,5,32,1.35,0.78,True,True,False,True,2.5437231183052065,2.5557926893234253,2.5786061525344848,2.584379487037659,19.659040689579363,19.563405935769417,19.39032857280069,19.347029666907453,0.4575065612792969,0.4582773447036743,0.4635236263275146,0.4646543025970459,0.0508744623661041,0.0511158537864685,0.0515721230506896,0.0516875897407531
6794,1139,6,16,0.82,0.83,True,True,True,True,2.5250354647636413,2.5338939428329468,2.556520926952362,2.55824937582016,19.80421970856713,19.73248342893426,19.557830077158133,19.54461772077928,0.4143431186676025,0.4690607786178589,0.4745541572570801,0.4858768653869629,0.0505007092952728,0.0506778788566589,0.0511304185390472,0.0511649875164032
5821,296,5,16,0.28,0.8,False,False,False,False,2.5201741290092468,2.5452730655670166,2.5976866602897646,2.6190366101264955,19.790269284263644,19.630431760770257,19.221404222674703,19.03604263251276,0.4414486539363861,0.4664884805679321,0.5177173376083374,0.5414541220664978,0.0505738402963893,0.0509413146972656,0.0520253405570983,0.0525325859340461
7424,1290,8,8,0.62,0.75,True,False,True,False,2.585647473335266,2.4352887868881226,4.608295786380768,4.629758560657502,20.1021873560592,20.524529652789667,10.84999801305586,10.799699251903109,0.5755509746074676,0.3884005546569824,2.7774011969566343,2.8223575282096864,0.0519924508984127,0.0487221884727478,0.0921659157276153,0.09259517121315
4610,931,8,32,1.64,0.73,True,False,True,False,2.4254289770126345,2.480698823928833,2.5410845279693604,2.5518152618408205,20.532683648952567,20.138423360967767,19.66932836238247,18.57517428675238,0.3683783197402954,0.4178211688995361,0.5176192879676819,0.5357491254806518,0.048811329568586,0.0496563243865966,0.0508405780792236,0.0538353019375954
6591,274,4,16,0.04,0.74,False,False,False,True,2.537238765954972,2.558947801589966,2.6207798957824706,2.6384688878059386,19.65797836852031,19.53829795186902,19.07198817937488,18.93692343182863,0.4444966435432434,0.4616141319274902,0.5318284749984741,0.5430215859413147,0.050921166023341,0.0511815309524536,0.0524329276084899,0.0528068885803222
7724,384,8,16,0.21,0.79,False,True,True,True,2.31627001285553,2.336519837379456,2.548825669288635,2.567766056060791,21.40629325525377,21.38033769966636,19.612144132486456,19.45532586593617,0.2441456878185272,0.2276002168655395,0.4785854816436767,0.4878866696357726,0.0468180962794866,0.0467719483375549,0.0509888162612915,0.0513998075485229
6448,833,2,16,1.15,0.88,False,True,True,True,2.3563312923908235,2.370375156402588,2.538403868675232,2.5633071851730347,21.162564316255907,21.086084916585968,19.693021017278493,19.50420142456011,0.2547070336341858,0.2440701723098755,0.3277472615242002,0.4737183475494385,0.047319785696268,0.0474246406555175,0.0507794110774993,0.0512710047721862
4334,1789,1,16,1.6,0.84,True,True,True,True,2.36048446893692,2.367419958114624,2.387579417228699,2.389068503379822,21.18438728511336,21.120038590050555,20.941712446268163,20.92866115288712,0.3708116769790649,0.4439699649810791,0.4466684460639953,0.4482747673988342,0.0472096893787384,0.0473483991622924,0.0477515883445739,0.0477813700675964
5611,872,7,32,0.85,0.72,False,True,False,False,2.337109341621399,2.356558561325073,2.5108829617500303,2.5396575236320493,21.300375369436185,21.21059148142038,19.887124776583704,19.652952582234025,0.2448556661605835,0.2305091619491577,0.421801745891571,0.4264168214797973,0.0470181331426008,0.047146258354187,0.0502837903499603,0.0508829423427581
5296,600,4,8,0.22,0.9,True,False,False,False,2.464715152978897,2.457172155380249,2.9433980703353884,2.953948004245758,20.301328257014504,20.33971321635348,16.983562617692627,16.918663844428973,0.388284285068512,0.3787984848022461,0.9876569271087646,0.9942213463783264,0.0495069906922903,0.0491649031639099,0.0588804612159728,0.0591063224142248
6503,906,7,16,1.79,0.73,True,False,True,False,2.427539199590683,2.4845064878463745,2.6055848002433777,2.634032964706421,20.50587666941136,20.10792773580275,19.092755633768547,18.88687683233693,0.3909097492694854,0.4154238700866699,0.5475669741630554,0.5673771834373474,0.0489341791649816,0.0497316288948059,0.0523759002685546,0.052951831842604
7071,1445,3,8,0.72,0.83,False,False,True,False,2.465555872917175,2.4981359243392944,2.5829687237739565,2.604372732639313,20.184339941333924,20.01244861347488,19.35412921221992,19.198055739348224,0.4282422006130219,0.4415031671524048,0.5216125011444092,0.5440642857551574,0.0496226662919801,0.0499688982963562,0.0516685631275177,0.0520886089324951
5519,644,8,16,0.14,0.89,True,True,False,True,2.5081900000572204,2.5186046361923218,2.538495492935181,2.543510332107544,19.936981498904565,19.8522633014034,19.696712540497256,19.657892181618408,0.3639010429382324,0.4348146915435791,0.4426396489143371,0.4501783967018127,0.0501638000011444,0.0503720927238464,0.0507699098587036,0.0508702066421508
7163,1904,2,32,0.55,0.76,True,False,True,False,2.357360999584198,2.3934563398361206,2.5276665210723874,2.5503437304496765,20.997065513175404,20.85023525174516,19.67648803064875,17.353122386359566,0.2930329620838165,0.3398882150650024,0.4737947821617126,0.478508665561676,0.0477502586780258,0.0479610896110534,0.0508220777511596,0.0576276195937511
6929,884,3,16,1.95,0.71,True,False,True,False,2.4394274091720582,2.464174509048462,2.5389011025428774,2.5523092460632326,20.47364374452184,20.286148603743264,19.692679557017065,19.57954326278409,0.3948353898525238,0.4195684194564819,0.5010973215103148,0.5386695027351378,0.0489009574594168,0.0492947196960449,0.0507802910804748,0.0510737152576446
6662,1931,8,8,1.47,0.86,True,False,False,False,2.6758349704742432,2.504750490188598,3.6299911260604856,3.661987080574036,18.93978271335302,19.95827149360588,13.774142483476536,13.653789458813522,0.4891873645782471,0.4433646202087402,1.1701692461967468,1.1807350492477418,0.0536814459840456,0.0501045393943786,0.0725998225212097,0.0732397416114807
6516,325,8,16,0.2,1.0,True,False,True,False,2.439368017911911,2.467191934585572,2.5404338598251344,2.5475052285194395,20.40468009242521,20.258208275400428,19.678747380799045,19.604039622914964,0.3621984374523163,0.3975085020065307,0.5047910809516906,0.5447099995613097,0.0490951777316136,0.0493627071380615,0.0508162426890396,0.0510098948955535
8067,291,3,16,0.9,0.87,False,True,False,True,2.3762349712848665,2.352838158607483,2.5801189661026003,2.5833327770233154,21.08188732549387,21.250930443367047,19.378951409648767,19.35484554492888,0.2581673347949981,0.2391891479492187,0.4652408719062805,0.4708558893203735,0.0475246994256972,0.0470567631721496,0.051602379322052,0.0516666555404663
7531,1449,7,16,0.35,0.96,True,True,False,True,2.48762047290802,2.4978816509246826,2.5198458433151245,2.5204129934310915,20.10196954324512,20.016966211911345,19.842483753871992,19.838018929841635,0.4194827079772949,0.4196664094924927,0.4303712606430053,0.4317588758468628,0.0497524094581604,0.0499576330184936,0.0503969168663024,0.0504082598686218
5415,693,8,16,0.77,0.89,True,False,True,True,2.425627255439758,2.480146765708924,2.568823850154877,2.5933508348464964,20.46407997018549,20.147540018514924,19.42817002717473,19.2505219734561,0.3477210319042206,0.391094446182251,0.4766541957855224,0.4825342392921448,0.0489945745911862,0.0496338510513305,0.0514716522693634,0.0519482862154642
7542,917,8,8,0.93,0.92,False,True,False,True,2.398475116491318,2.3441479206085205,3.1595798850059507,3.1709546995162965,21.07495087863312,21.32405894242184,15.824890071532778,15.76812182389549,0.3215958189964294,0.2250219583511352,1.0484684586524962,1.0831135177612303,0.0480942024707794,0.0468953871726989,0.063191597700119,0.0634190939903259
4153,902,7,8,0.47,0.73,True,False,True,True,2.901433591842652,2.517850756645202,5.752258229255676,5.780266335010529,18.37724396471405,19.858206690785103,8.69223842704238,8.650120517173857,0.6915827465057373,0.4217760562896728,3.789135372638704,3.826125476360321,0.058028671836853,0.050357015132904,0.1150451645851135,0.1156053267002105
4433,191,3,8,1.1,0.88,True,False,False,True,2.5255331456661225,2.4754034280776978,3.188038420677185,3.211619067192077,19.95709069484743,20.198728769894487,15.683625333883343,15.56847279917539,0.4944934892654419,0.4627898931503296,1.0494020938873292,1.0541263508796692,0.0505106629133224,0.0495080685615539,0.0637607684135437,0.0642323813438415
6152,1758,4,8,0.75,0.84,True,True,True,True,3.089358425140381,3.0969696044921875,3.1183330178260804,3.125079567432404,16.185803627586452,16.1448261814849,16.03421408542107,15.9996125285388,0.9994036316871644,0.9990055561065674,1.0063875913619995,1.0065850973129271,0.0617871685028076,0.0619393920898437,0.0623666603565216,0.062501591348648
6330,1976,3,32,1.25,0.8,False,True,True,True,2.3997123754024505,2.384429931640625,2.559128952026367,2.586541793346405,20.79184392778802,20.968148344715388,19.470536854260697,19.330830181552884,0.281226053237915,0.2599867582321167,0.4867497682571411,0.5001475667953491,0.0481484436273575,0.0476913833618164,0.0513596537113189,0.0517308358669281
6945,1315,8,32,1.03,0.95,True,True,False,True,3.031413674354553,3.0104315280914307,3.140689790248871,3.1408344149589538,16.502753136651958,16.609728982769333,15.920069647667203,15.919336539635973,1.011443591117859,0.9971667528152466,1.1160127997398377,1.116265914440155,0.060628273487091,0.0602086305618286,0.0628137958049774,0.062816688299179
6488,381,1,8,0.76,0.76,True,False,False,False,2.5136118149757385,2.476837992668152,3.118853843212128,3.1310301637649536,19.99626222887855,20.17684687932437,16.031531741200155,15.969185051778783,0.4342198038101196,0.4116982221603393,0.970245921611786,1.0460433983802797,0.0503346736757378,0.0495617580413818,0.0623770768642425,0.062620603275299
7276,1212,2,32,0.3,0.88,False,False,True,False,2.461305603981018,2.4918729066848755,2.572153604030609,2.5871603655815125,20.27352808596269,20.063470403760626,19.43337606321282,19.2705808645088,0.4320339107513428,0.4396418333053589,0.5327066421508789,0.5547941327095031,0.049484282430013,0.0498418259620666,0.0514578630924224,0.0518925724983215
6945,1423,8,32,1.1,0.97,False,True,True,True,2.360125542879105,2.348227381706238,2.721010434627533,2.7476637315750123,21.160923268980863,21.28673857308528,18.375526817828977,18.1972778484197,0.2717989909648895,0.2500076293945312,0.5575901865959167,0.5627549266815185,0.047382516875863,0.0469776082038879,0.0544202086925506,0.0549532746315002
7260,774,4,8,1.73,0.71,True,False,False,False,2.429509276151657,2.411268472671509,3.0231284737586974,3.039048762321472,20.60408831947332,20.728112698834,16.524769339453,16.408221641206058,0.3767631804943084,0.3693325519561767,0.9842592358589172,0.9903025960922242,0.0488506242760846,0.0482436609268188,0.0605152184963226,0.0609450568199157
5232,1662,6,16,1.69,0.84,True,True,False,False,2.474155604839325,2.475510954856873,2.4965678453445435,2.498910737037659,20.21002580836445,20.19785737344032,20.02749643292525,20.0087225920604,0.436771547794342,0.4358885288238525,0.4468348979949951,0.449249906539917,0.0494831120967865,0.0495102190971374,0.0499313569068908,0.0499782147407531
5800,716,3,8,0.21,0.89,True,False,True,False,2.5336610889434814,2.500903844833374,3.099324691295624,3.1181485223770142,19.85212865794908,19.99277238776189,16.132546806018244,16.03515716940449,0.4489260995388031,0.4276472330093384,1.0018496990203858,1.0142175722122189,0.0506732217788696,0.0500180768966674,0.0619864938259124,0.0623629704475402
7552,1102,2,16,1.18,0.88,True,True,True,True,2.574015188217163,2.581679582595825,2.6034358024597166,2.604422245025635,19.42677401496945,19.36726265021437,19.20539025499065,19.198116590837813,0.3996940851211548,0.4031378030776977,0.4859498739242553,0.4895430326461792,0.0514803037643432,0.0516335916519165,0.0520687160491943,0.0520884449005126
4719,655,2,32,0.52,0.72,True,False,True,True,2.440860697031021,2.522801637649536,2.6078858494758603,2.626038236618042,20.55355628518933,19.819235596158403,19.172621527003347,19.040089018257625,0.3966744315624237,0.4331322908401489,0.5015961170196533,0.5323065614700316,0.0488755659868842,0.0504560327529907,0.0521577169895172,0.0525207647323608
5207,1898,7,8,0.16,0.79,False,True,True,True,2.4767989444732668,2.405837059020996,3.3732250452041628,3.382482852935791,20.358748713860216,20.766526744885365,14.822610236654834,14.782040938263398,0.3024803006649017,0.2119944095611572,1.0451658010482787,1.0659123468399048,0.0497866630439405,0.0481544232368469,0.0674645009040832,0.0676496570587158
6027,1433,8,16,0.66,0.73,True,False,True,True,2.522473630640242,2.302984833717346,4.808268249034882,5.095274357795716,20.816850626775413,21.706920111008863,10.398766839694602,9.81301437059862,0.4032477855682373,0.1418097019195556,2.719922399520873,3.017328996658325,0.0504972052451394,0.0460682582855224,0.0961653649806976,0.1019054871559143
5930,435,6,16,1.63,0.82,True,False,False,False,2.430718338489533,2.4617120027542114,2.513946521282196,2.520949387550354,20.51342872755323,20.30705293682591,19.8825281847342,19.79753633461608,0.3664651298522949,0.4037187099456787,0.4616416454315185,0.4786123085021972,0.0488055680499357,0.0492439746856689,0.050295414686203,0.0505113542079925
5420,1436,2,32,0.96,0.88,False,True,False,True,2.3767162990570068,2.3516287803649902,2.57082040309906,2.5937891459465026,21.05341308363464,21.25263296146401,19.44904670139314,19.276817596048502,0.2664715838432312,0.2414268255233764,0.4238754510879516,0.4354618191719055,0.0475882128953934,0.047052993774414,0.0514164080619812,0.05187578291893
5903,223,5,8,0.22,0.77,False,True,True,False,2.3697529685497285,2.328912734985352,2.8864989042282105,2.9007287359237672,21.14015268082733,21.46013753088163,17.322022876216934,17.23704787409194,0.2866146790981292,0.2083761692047119,0.8245777964591979,0.8711569499969481,0.0475755047409158,0.0465980243682861,0.0577299780845642,0.0580145747184753
5974,1096,7,32,0.88,0.91,True,False,False,True,2.3476911437511445,2.245911121368408,2.624563217163086,2.6483202958106995,21.41386959326256,21.839137864799444,19.043674745445927,18.87278305649252,0.3795839059352874,0.4165468215942383,0.4992576003074646,0.5175158715248108,0.0470301698327064,0.0457989335060119,0.0525108742713928,0.0529863657474517
4004,1061,1,32,0.55,0.8,False,False,False,True,2.4146336567401887,2.473190426826477,2.6124014616012574,2.6453317046165465,20.680625776929297,20.20027378656352,19.12104907694275,18.84956835964128,0.4078109407424927,0.4344192743301391,0.4960026741027832,0.529393982887268,0.0485152758929464,0.049504280090332,0.0522983877658844,0.0530535314745372
6338,1727,1,32,1.56,0.88,False,True,False,False,2.292109168767929,2.2997400760650635,2.475428390502929,2.51209801197052,21.75424166354525,21.73381095373928,20.14052119194908,19.88850993395716,0.253824257850647,0.2334717512130737,0.5008821010589599,0.5065801930427551,0.0460243092238902,0.0460112595558166,0.0496511540412902,0.0502802902698516
5645,632,7,16,1.08,0.89,True,False,False,True,2.59247340798378,2.5745201110839844,2.8996084690093995,2.913032531738281,19.247923176524715,19.351981688340807,17.243707547572644,17.164243604988354,0.4405169355869293,0.4592701196670532,0.5275828599929808,0.5576871347427368,0.0521107010548253,0.0516743183135986,0.0579921693801879,0.0582606506347656
7032,1743,1,32,1.43,0.92,False,True,False,True,2.3588292825222017,2.352598547935486,2.4854513049125666,2.53488783121109,21.129434176758508,21.246279144572163,19.8995792096549,19.72262831243605,0.2599649739265441,0.2498335838317871,0.3562492132186863,0.5031433367729187,0.0473705205026425,0.0470670676231384,0.0502523283958435,0.0507031836986541
5116,516,5,16,0.62,0.87,True,False,False,True,2.43813818693161,2.462760806083679,2.5723381519317625,2.581539099216461,20.464974600080883,20.289734373431155,19.434178824294666,19.29175299068168,0.3418055748939514,0.3927203416824341,0.4815149664878845,0.5334419345855712,0.0489480995178983,0.0492860078811645,0.0514557373523712,0.0518361069951738
5886,1880,3,16,1.49,0.9,False,True,False,True,2.37352768778801,2.35766863822937,2.661862516403198,2.711991620063782,20.92200311563416,21.153225882778685,18.744770810343883,18.42830496839876,0.2501259899139404,0.2346488237380981,0.5796437621116638,0.5943402481079102,0.0480132250375869,0.0472741484642028,0.0533484482765197,0.0542643592834472
5077,1982,3,32,1.0,0.89,False,False,True,True,2.5690357649326323,2.565820336341858,2.725343537330628,2.742813093662262,19.43725029464748,19.48363752921508,18.336512629251462,18.22698260289818,0.4792041385173797,0.4682202339172363,0.6688986420631409,0.7180754041671752,0.0514947221936489,0.0513251185417175,0.0545359971523284,0.0548637164592742
7389,1638,3,8,0.96,0.93,False,False,False,True,2.6178410828113554,2.5811383724212646,2.96875638961792,2.983407864570617,19.15141738383917,19.37129797968234,16.842069159856486,16.759357928033772,0.4726318204402923,0.4840630292892456,0.5654725193977356,0.5993996667861938,0.0523568216562271,0.0516227674484253,0.0593751277923583,0.0596681572914123
5903,153,8,16,0.32,0.96,True,False,True,False,2.442243403196335,2.4588797092437744,2.5451108813285828,2.5576908206939697,20.50116949256145,20.334463638802667,19.645509510019632,19.54888418310848,0.3928000700473785,0.428882360458374,0.5221308708190918,0.5415403771400451,0.0488448680639267,0.0491775941848754,0.0509022176265716,0.0511538164138793
6960,295,4,32,1.05,0.72,False,True,True,True,2.361185899972916,2.3786284923553467,2.477453875541687,2.488081178665161,21.13847378093176,21.018332041871503,20.182010551198434,20.09580748883202,0.2664066743850708,0.2517299652099609,0.5017159461975098,0.5059147644042968,0.0473596434335398,0.0475775146484375,0.0495490775108337,0.0497616235733032
6945,1091,2,16,0.31,0.72,False,False,True,True,2.462418234348297,2.4937034845352173,2.614412331581116,2.6242794466018675,20.137164963490765,20.01535666521775,19.105333524478024,18.81394009164255,0.407670270204544,0.4212108850479126,0.5109114527702332,0.5181964755058288,0.0497946074966122,0.0499616527557373,0.0523414051532745,0.0531837825775145
6579,628,6,8,1.42,0.88,False,False,False,True,2.548847609758377,2.563908815383911,2.698152446746826,2.7148555874824525,19.37390730568333,19.48454606525474,18.47357430764292,17.633324433889012,0.4658169543743133,0.4794811010360718,0.549579119682312,0.5815512704849243,0.0522825867868605,0.0513227319717407,0.0541313769817352,0.0567127379689897
7170,597,2,16,0.21,0.71,True,False,False,False,2.36460831284523,2.3756407499313354,2.524933636188507,2.547418296337128,21.128475522445765,21.00118889644824,19.79135672386364,19.58985857884252,0.3692510986328125,0.401724100112915,0.4952197670936584,0.5096754670143127,0.0474276816019644,0.0476164269447326,0.0505271077156066,0.0510468409538269
6852,118,6,16,0.53,0.83,False,False,False,False,2.525384377241134,2.539588451385498,2.586846613883972,2.6026998472213743,19.728443206960893,19.68481733329845,19.311267412063778,19.1787678080942,0.4298851346969604,0.451623797416687,0.5285066604614257,0.5414004445075988,0.0507258686668732,0.0508005738258361,0.0517832405567169,0.052140994644165
5201,811,4,32,0.05,0.89,False,False,False,True,30.78368598499964,35.49036693572998,59.90190122127533,59.93686730384827,9.869178452383323,1.4088329975118064,0.8346980477305918,0.8342111000858239,13.990663958150288,0.477327823638916,57.83834017515183,57.86562692642212,0.6159123902186127,0.7098073387145996,1.1980380244255069,1.1987373460769652
7105,1520,3,16,0.74,0.9,True,True,True,True,2.4280036330223083,2.507366418838501,2.528508532047272,2.53255812883377,19.79108256878642,19.93096570247107,19.521443539262368,16.275471552057102,0.3608111262321472,0.3504012823104858,0.4173192977905273,0.4194828033447265,0.0506940642384921,0.0501731848716735,0.0513711606053745,0.0620073612858267
6822,204,3,8,1.9,0.95,False,True,False,True,3.185176531076431,2.3805471658706665,9.89819827079773,9.9110586476326,18.933165352178182,20.9979133888822,5.051424375902343,5.044869753994368,1.0857549488544465,0.2824794054031372,7.807421982288361,7.847108056545258,0.0638465570168061,0.0476237797737121,0.1979639654159546,0.1982211729526519
5335,1194,6,16,1.66,0.93,True,False,False,False,2.457367125749588,2.4755343198776245,2.547153890132904,2.555772078037262,20.36734718601098,20.197661000742603,19.62975239276104,19.56355985034419,0.3835387766361237,0.4220045804977417,0.5050460934638977,0.538570532798767,0.0491473425149917,0.0495106863975524,0.050943077802658,0.0511154415607452
5116,89,4,8,0.84,0.77,True,False,False,False,2.490576592683792,2.4842374324798584,3.0481688022613525,3.066522965431213,20.10051952576429,20.125012794304688,16.401223435111923,16.303572101254844,0.4480863165855407,0.4325202703475952,1.0249069809913636,1.0299326252937318,0.0500834850788116,0.0496894097328186,0.0609710621833801,0.0613362542629241
7886,895,3,32,0.73,0.95,False,False,True,False,2.4591525912284853,2.473161697387696,2.5423800945281982,2.5718442583084107,20.3513328451742,20.217036385670447,19.6666115577057,19.44130197741135,0.4514323186874389,0.4697623252868652,0.5194669961929321,0.5422906446456909,0.0491830518245697,0.0494632339477539,0.0508476018905639,0.0514368851661682
8047,1743,2,32,1.7,0.78,True,False,False,False,2.400244312286377,2.4300400018692017,2.551886284351349,2.5790135073661804,20.840510336293,20.572119739025183,19.593350185602443,19.38725790250804,0.332080260515213,0.3772544860839844,0.4983160614967346,0.518475842475891,0.04806525379984,0.0486094784736633,0.0510377256870269,0.0515802701473236
6966,1810,5,8,0.55,0.7,True,True,False,True,3.0698378801345827,3.0803550481796265,3.0956586718559267,3.0999478125572204,16.288629457439793,16.231897275539502,16.151654035752507,16.129312026023566,0.9967417597770692,0.9955302476882936,1.0059380650520324,1.0075617814064026,0.0613967576026916,0.0616071009635925,0.0619131734371185,0.0619989562511444
7057,296,3,8,1.4,0.73,False,False,True,False,2.5420711815357206,2.570218563079834,2.633397614955902,2.7370470452308653,19.49472930135542,19.440610233024707,18.76789580440819,17.736549162796905,0.4845371294021606,0.5008703470230103,0.5668182849884033,0.6046102690696715,0.0513691658616066,0.0514387154579162,0.0532825248241424,0.056384907066822
5036,990,3,8,1.55,0.78,False,True,False,True,2.483506745100021,2.426599502563477,3.1584200620651246,3.2103316974639893,20.26177432526434,20.602051420057364,15.830700078474845,15.574714633987789,0.3542947793006897,0.2685389518737793,1.040206718444824,1.097895197868347,0.0497402448270055,0.0485388565063476,0.0631684012413024,0.0642066339492797
6320,183,3,8,0.32,0.71,False,True,False,True,2.485582857131958,2.37450635433197,3.0563230156898498,3.069074342250824,20.2113059835822,21.02204740634248,16.35952741140255,16.291557322832993,0.3032683682441711,0.2195699214935302,0.7912242889404296,0.8196612834930419,0.0499575097709894,0.0475692200660705,0.061126460313797,0.0613814868450164
7883,146,2,16,1.53,0.76,False,True,True,False,2.382037674188614,2.3760608434677124,2.5024733185768127,2.518965742588043,21.00869391178233,21.04323222158964,19.980233871063813,19.84941727427879,0.2706954312324524,0.2567106485366821,0.4218484282493591,0.4326077771186828,0.0476407534837722,0.0475212168693542,0.0500494663715362,0.0503793148517608
8083,1284,6,32,0.91,0.92,True,False,False,False,2.4327464270591737,2.4532790184021,2.507926428318024,2.524671428203583,20.570715988786983,20.38088601653821,19.936790936616536,19.80455779825445,0.3761535167694091,0.4109336137771606,0.4905559659004211,0.5121485686302184,0.0486549285411834,0.0490655803680419,0.0501585285663604,0.0504934285640716
7929,998,2,8,0.44,0.87,True,False,True,True,2.492906305789948,2.4894449710845947,2.8774530053138734,2.8930380058288576,19.93968875571604,20.06252138806144,17.30099899525338,16.905285533128644,0.4364563179016113,0.4034013748168945,1.0261777877807616,1.0319328260421754,0.0504852895859791,0.0498441886901855,0.0578001306056976,0.0591589589611343
5317,1653,4,16,0.7,0.94,True,False,True,False,2.461325885057449,2.485852599143982,2.603779923915863,2.626845138072968,20.26680650996395,20.112061339903697,19.201935934117508,19.020933045647173,0.3767783665657043,0.4102586507797241,0.4995297789573669,0.5242708969116209,0.0494374101274153,0.0497214078903198,0.0520780844688415,0.0525736597537994
4014,1663,5,16,1.98,0.79,True,True,True,True,2.496477472782135,2.5037108659744263,2.5254419803619386,2.5273750019073487,20.0305328058883,19.97036255357973,19.798515584841457,19.78337514627882,0.4490468502044678,0.4481538534164428,0.4549651384353638,0.4560599374771118,0.0499295494556426,0.0500742173194885,0.0505088396072387,0.0505475000381469
6436,1987,6,16,1.36,0.71,True,False,True,True,2.454150904417038,2.4722347259521484,2.5528570890426634,2.5620929479599,20.37043857105498,20.20614207838909,19.585408056099748,19.48976529845864,0.3530642199516296,0.3956396579742431,0.4690786600112914,0.4967451429367065,0.049154072173866,0.0494899296760559,0.0510584206581115,0.0513089820861816
6684,528,5,32,1.16,0.85,False,False,False,True,2.556454527378082,2.593509793281555,2.6458959937095643,2.695205361843109,19.41213155834749,19.272533433570764,18.868063271992813,18.177715902540708,0.4153308165073395,0.440515398979187,0.5067589759826661,0.5265251302719116,0.0516006787836551,0.0518873143196105,0.0529996106624603,0.0550422308206556
6377,1196,6,16,0.67,0.99,True,True,False,True,2.5463819026947023,2.5546363592147827,2.576577532291412,2.5840155339241027,19.63805131066865,19.57225759485121,19.40560046130165,19.34977169720101,0.3962864279747009,0.3580977916717529,0.4764474153518677,0.4769486093521118,0.050927638053894,0.0510927271842956,0.0515315506458282,0.051680310678482
7213,1924,8,8,0.71,0.79,True,False,True,True,2.5478984451293947,2.508218288421631,3.1767398953437804,3.1907253003120424,19.741556292956783,19.934469648035822,15.739408396226786,15.67041883675008,0.4432175803184509,0.4292633533477783,1.0000784039497377,1.0057724738121032,0.0509579689025879,0.0501643657684326,0.0635347979068756,0.0638145060062408
6757,1674,2,32,1.59,0.86,False,True,False,True,2.3806845927238465,2.400144100189209,2.509139311313629,2.571298837661743,20.971827791883698,20.822633819523823,19.859925529779773,19.41777194299737,0.2792494082450866,0.2702574729919433,0.3428508281707763,0.5202293848991394,0.0477650954789224,0.0480246643531016,0.050352668762207,0.0514992149353027
7771,956,2,32,0.36,0.93,True,True,True,True,2.503549420833588,2.514035940170288,2.529035496711731,2.529643235206604,19.973549654849187,19.88834541710646,19.770382939419463,19.76563337992365,0.4306930541992187,0.4306983947753906,0.4365269064903259,0.4379168772697449,0.0500709884166717,0.0502807188034057,0.0505807099342346,0.050592864704132
6040,1877,1,32,1.34,0.97,True,True,True,False,2.596315789222717,2.604222059249878,2.6275779724121096,2.629715385437012,19.260750181674474,19.19959322428192,19.02893205955605,19.01346780108334,0.4363875150680542,0.436470627784729,0.4568543791770935,0.4569853854179382,0.0519263157844543,0.0520844411849975,0.0525515594482421,0.0525943077087402
4182,613,2,16,1.67,0.97,False,True,False,True,2.3563612830638885,2.363844871520996,2.759375119209289,2.875900390148163,21.03974710288402,21.13885731000176,18.039374280257704,17.312194698398056,0.290209321975708,0.2585697174072265,0.6037764430046082,0.862212393283844,0.0477870454942478,0.0473062467575073,0.0554342954158783,0.0577632900630726
5416,1869,1,8,0.72,0.94,True,True,False,True,3.094626307487488,3.1041476726531982,3.1217267990112303,3.126387939453125,16.158154479395673,16.107481278871518,16.016779292389757,15.992906388215578,1.0061418890953064,1.005409598350525,1.014739215373993,1.0169851660728455,0.0618925261497497,0.0620829534530639,0.0624345359802246,0.0625277587890625
5918,871,5,32,0.04,0.91,False,True,False,False,2.3107287430763246,2.307228803634644,2.5033151268959046,2.52629585981369,21.63130693906114,21.67015832224609,19.96549589660747,19.79182302280501,0.2499304783344269,0.2381098270416259,0.4291156530380249,0.4372022533416748,0.0462953533200656,0.0461464095115661,0.0500864188671112,0.0505259171962738
6166,604,4,8,0.4,0.82,False,False,True,False,2.562642500400543,2.538813829421997,3.032874846458435,3.0698224544525146,19.499321247119443,19.683483094840994,16.481626526683648,16.23361330126322,0.4711298787593841,0.443111777305603,0.99216833114624,1.038015224933624,0.0514971353636327,0.0508040165901184,0.0606736266613006,0.0616005815029144
5641,1178,5,16,0.76,0.98,False,False,True,False,2.50246052980423,2.52030885219574,2.59703460931778,2.6117372441291806,19.953849183300225,19.8354359916829,19.24676333904068,19.065175995322186,0.4209422540664673,0.4376192092895508,0.5123920559883117,0.5320676016807555,0.0501505301698561,0.0504148244857788,0.0519567880630493,0.0524516533374786
4008,84,4,32,0.9,0.98,True,False,True,False,2.369488245248794,2.402276992797852,2.506844043731689,2.519727573394776,21.02337351420325,20.7967952292962,19.939463481589726,19.84146600080868,0.2825667810440063,0.2813282012939453,0.4737443923950195,0.5006978178024291,0.0476739002175475,0.0480843329429626,0.0501518008708953,0.0503995035648345
8126,1974,6,32,0.39,0.71,True,False,True,True,2.4379826748371123,2.494786143302917,2.55308735370636,2.563136477470398,20.301959414590087,20.016062444195367,19.560356891717284,19.405479577797543,0.3935133492946625,0.4206492900848388,0.5038471102714538,0.5283998918533325,0.0497943040155228,0.0499598836898803,0.0511238131523132,0.051548294183186
5675,909,4,8,0.22,0.73,False,True,True,False,2.3463257086277007,2.2788065671920776,2.868850243091583,2.8815480494499206,21.432748643045034,21.94130982848389,17.42858615869136,17.35178447445444,0.2809228253364563,0.2044324874877929,0.793538510799408,0.8322980284690856,0.046926514172554,0.0455761313438415,0.0573770048618316,0.0576309609889984
6910,1782,4,16,1.42,0.72,True,False,False,False,2.3936180698871614,2.4197081327438354,2.630855071544647,2.640667984485626,20.85521076153845,20.656560269110987,18.99164749986166,18.88315456765472,0.2974548935890198,0.3343932628631592,0.4682897090911865,0.472446711063385,0.0480456648596284,0.0484107708930969,0.0526547262668609,0.0529574811181356
7741,252,5,8,0.62,0.72,True,False,False,True,2.474629738330841,2.462446689605713,2.9964614272117616,3.017074372768402,20.30866839080073,20.305008124616,16.68634871608639,16.57234606970948,0.3730817532539368,0.364499568939209,0.9731719017028808,0.9781687736511232,0.0495442901317889,0.0492489337921142,0.0599292285442352,0.060341487455368
5513,1204,6,8,0.54,0.78,True,False,False,True,2.456810244321823,2.445232033729553,3.050429618358612,3.069188961982727,20.44406273481477,20.44575139070744,16.391134591290243,16.290949137235657,0.3879524433612824,0.3678380250930786,0.9802870512008668,0.9907441878318788,0.0492685231483899,0.0489099168777465,0.0610085923671722,0.0613837792396545
4148,1823,7,8,1.64,0.76,True,False,True,False,2.4284020459651945,2.4056979417800903,3.0406423807144165,3.0612839031219483,20.61197192021753,20.773547235484884,16.425428834911003,16.32255872053616,0.3338768625259399,0.2856901884078979,0.9860540509223938,0.9916225719451904,0.0488624696992775,0.0481381440162658,0.0608812191486358,0.0612649046421051
6573,1030,7,16,0.74,0.84,True,False,True,True,2.4225746858119965,2.461271643638611,2.534695100784302,2.5469408535957334,20.59201299412092,20.311559280823364,19.72385945983137,19.57023766055441,0.3348054003715515,0.3657609224319458,0.4853657722473144,0.5239376807212828,0.0486358120529275,0.0492330503463745,0.0507000164985656,0.0510980036735534
6265,1579,7,16,1.19,0.9,True,False,False,True,2.4558925688266755,2.5064728260040283,2.5730257511138914,2.6035802507400514,20.425838735441367,19.9483511386472,19.432375291744844,19.20432473071377,0.391723895072937,0.4273844957351684,0.4976953983306884,0.5318445515632628,0.0491178513765334,0.0501294565200805,0.0514605150222778,0.052071605014801
5506,1118,3,32,1.53,0.71,True,True,True,False,2.496530592441559,2.5095478296279907,2.5293957591056824,2.533457314968109,20.03196333893822,19.923911205215205,19.767571129144667,19.735889762135407,0.456070065498352,0.4605277776718139,0.4669214606285095,0.4694058680534362,0.0499306118488311,0.0501909565925598,0.0505879151821136,0.0506691462993621
4680,1836,4,32,0.77,0.74,False,False,True,True,2.515808733701706,2.509092211723328,2.636759674549103,2.661365518569946,19.768868759634334,19.91126916719384,18.95723162737307,18.70486747813721,0.4091234517097473,0.4318794012069702,0.501761794090271,0.5241773295402526,0.0506577768616138,0.0502228236198425,0.0527503182888031,0.0534633810981627
4086,926,5,8,0.35,0.91,False,False,True,False,2.508296344280243,2.50853967666626,2.581915044784546,2.591109795570373,19.94285890260707,19.93193062771452,19.3654707477618,19.296751926741976,0.455302894115448,0.4640284776687622,0.5429761409759521,0.5650554823875427,0.0501659268856048,0.0501707935333251,0.0516383008956909,0.0518221959114074
5795,1354,2,8,0.08,0.75,False,False,True,False,2.505691936016083,2.524633407592773,2.673125433921814,2.688461148738861,19.90599508690652,19.804077554690096,18.6863817227044,18.50230471419892,0.4220805490016937,0.4409492015838623,0.5130362749099731,0.5343966197967529,0.0503094913125038,0.0504946517944335,0.0535149080753326,0.0540473239898681
5913,243,1,8,1.02,0.84,False,True,False,False,2.39500390291214,2.359618902206421,3.078464126586914,3.098264093399048,20.95616571129763,21.185059550979304,16.24186728516651,16.13806912287676,0.2836543810367584,0.2384922504425048,0.999132776260376,1.0034787964820862,0.0480909343697406,0.0472030782699584,0.0615692825317382,0.0619652818679809
4202,167,2,8,0.53,0.96,False,True,False,False,2.3959125936031342,2.3332163095474243,3.0738123297691344,3.095663161277771,21.01176186936173,21.429646230465924,16.207520618413106,16.142266103331302,0.27319460272789,0.2202787399291992,1.020305073261261,1.0276788401603698,0.0479634099677551,0.0466643261909484,0.0616997528076171,0.0619491709709167
5864,1976,5,16,0.65,0.83,False,True,False,True,2.320344908237457,2.3663052320480347,2.47093460559845,2.487849566936493,21.3993114794348,21.109151676683343,20.207534400139973,20.03680426059836,0.2199661362171173,0.1998900175094604,0.4346333384513854,0.4437741756439209,0.0468119201213121,0.047372817993164,0.0494864926338195,0.0499087821364402
7574,1988,8,16,1.44,0.83,False,False,False,False,2.468484284877777,2.5038745403289795,2.6097846627235413,2.696840579509735,20.256735953583583,19.967547760920706,19.151957885019225,18.515669355030766,0.4651138412952423,0.4761179685592651,0.5490641236305236,0.5815131449699401,0.049456340932846,0.0500812625885009,0.052213983297348,0.0540083137035369
8175,1739,4,32,1.81,0.82,True,False,True,True,2.4408688712120057,2.478798985481262,2.568218970298767,2.5755789947509764,20.49599651817805,20.1696096419849,19.468744933629164,19.4131115393148,0.4155833160877227,0.434199571609497,0.5064998865127562,0.5432411932945251,0.048878742639642,0.049579541683197,0.0513643794059753,0.0515115798950195
5626,920,7,8,1.13,0.72,True,True,False,False,3.119923162460327,3.1293420791625977,3.1511697649955748,3.1521408057212827,16.027187995324766,15.97781270581161,15.867123677603526,15.862235967965283,1.0154618740081789,1.0148998498916626,1.0207452535629271,1.0228902769088746,0.0623984632492065,0.0625868415832519,0.0630233952999115,0.0630428161144256
4751,1087,7,16,1.62,0.81,True,False,True,False,2.4030073714256286,2.449193239212036,2.546867454051972,2.557587239742279,20.84829822935256,20.41488797069682,19.631960017704824,19.54967527628185,0.3821534788608551,0.421073317527771,0.483769142627716,0.5028460502624511,0.0480601474285125,0.0489838647842407,0.0509373490810394,0.0511517447948455
6581,2034,7,16,1.47,0.75,True,False,True,True,2.508248579502106,2.518529891967773,2.5625807762146,2.56702889919281,19.94305612628589,19.85285152267187,19.5115800814891,19.47777062595417,0.4445846450328827,0.451714277267456,0.5205353140830993,0.5475753808021545,0.050164971590042,0.0503705978393554,0.0512516155242919,0.0513405779838561
6594,1073,8,16,1.57,0.76,True,False,True,False,2.452629280090332,2.4706993103027344,2.51876060962677,2.537911396026612,20.402030095361127,20.23718550213657,19.851033242514387,19.701240183114,0.4101613759994507,0.4326345920562744,0.5154973983764648,0.5489621162414551,0.0490525856018066,0.0494139862060546,0.0503752121925354,0.0507582279205322
7012,649,4,16,0.67,0.79,False,True,True,True,2.297301524877548,2.3083505630493164,2.476601386070252,2.4920549178123474,21.582857543587348,21.63162644035904,20.16504852488165,19.971189688755675,0.2181514489650726,0.1960242986679077,0.3520092129707335,0.4146518492698669,0.0464060123744548,0.046228609085083,0.049590769290924,0.0500738084540647
6671,647,2,32,1.77,0.85,True,False,True,True,2.41612622499466,2.4572960138320923,2.528979289531708,2.537095375061035,20.659530689583097,20.33224687095697,19.74983418453107,19.662995933364098,0.3386788761615753,0.3918572664260864,0.4688095331192015,0.4983449769020079,0.0484938992113902,0.04918297290802,0.0506333367824554,0.050857189130783
5443,582,3,16,0.17,0.97,False,True,False,True,2.279827167987824,2.285763740539551,2.564889407157898,2.5761772775650025,21.90113143767306,21.87073440515502,19.487048611806475,19.40538872725001,0.2221187353134155,0.2056930065155029,0.4508003115653991,0.4598739838600158,0.0458017625957727,0.0457232022285461,0.0513161344528198,0.0515320777893066
7777,102,7,32,0.43,0.9,True,True,False,True,2.538420248031616,2.54675555229187,2.5684835076332093,2.5701420140266418,19.699296432776187,19.63283685969514,19.46674041881764,19.454180071606626,0.3816704511642456,0.3533855676651001,0.4543179869651794,0.4545019030570983,0.0507684049606323,0.0509351110458374,0.0513696701526641,0.0514028402805328
7475,1047,1,32,0.19,0.72,False,True,False,True,2.35302055478096,2.346399307250977,2.5489534020423887,2.578564097881317,21.24789107514666,21.302590560689943,19.615907748765355,19.39063725641143,0.2402486169338226,0.2288713455200195,0.3375625610351562,0.4197711682319641,0.0471171655767842,0.0469426488876342,0.0509790680408477,0.0515712819576263
5035,1748,4,16,0.33,0.84,False,True,True,False,2.299593412876129,2.319046139717102,2.5210567355155944,2.5345211887359618,21.683371894846587,21.55360012992759,19.8278705224366,19.71757426603477,0.2363983726501465,0.2155897617340088,0.435342264175415,0.4452050924301147,0.0462688564926385,0.0463959622383117,0.0504340660572052,0.05071617770195
7948,395,6,16,1.48,0.81,False,False,False,False,2.5032126545906066,2.513039469718933,2.5620127439498903,2.568578679561615,19.981481692027533,19.89622562331703,19.515906104068417,19.46602217479029,0.4453428292274475,0.4748682975769043,0.5405426383018493,0.5580365848541259,0.0500642530918121,0.0502607893943786,0.0512402548789978,0.0513715735912322
6817,1138,5,8,0.41,0.91,False,True,False,False,2.3442962443828583,2.295106291770935,2.768984425067901,2.780925617218017,21.422139650733143,21.78548339449,18.05716315281549,17.979625089882678,0.2776159310340881,0.205998420715332,0.8319494128227234,0.8470967578887939,0.0468859248876571,0.0459021258354187,0.055379688501358,0.0556185123443603
6222,986,4,32,0.93,0.9,True,True,True,True,2.469120001792908,2.473316073417664,2.4982362031936645,2.4999434518814088,20.251786757161103,20.215781179810072,20.01412110464258,20.00045488189954,0.4119479894638062,0.4046534299850464,0.4549481749534607,0.4559482073783874,0.0493824000358581,0.0494663214683532,0.0499647240638732,0.0499988690376281
7580,321,1,32,0.64,0.88,False,False,True,True,2.5539438939094543,2.564713954925537,2.667443776130676,2.679156765937805,19.496590566081444,19.49403945789622,18.726037285695227,18.62671027816037,0.4136544620990753,0.4391885995864868,0.5094870805740356,0.5306292414665221,0.0513403449847688,0.0512977313995361,0.053401581287384,0.0536865704767165
5737,680,6,16,0.88,0.76,False,False,True,True,2.551846992969513,2.563148021697998,2.617369568347931,2.6427046918869017,19.55604770658029,19.49641946665861,19.091564576278508,18.876346942689235,0.4498555612564087,0.464729905128479,0.5276436090469361,0.5441157126426697,0.0511626207181385,0.051291480064392,0.0523791544437408,0.0529764618396758
4518,919,5,8,0.77,0.79,False,False,False,True,2.553140096664429,2.5427244901657104,2.768667769432068,2.778000671863556,19.60687302642085,19.66394723055212,18.05922807984164,17.99855577428292,0.4391872882843017,0.4538588523864746,0.5361083984375,0.5577207040786741,0.0510628019332886,0.0508544898033142,0.0553733553886413,0.0555600134372711
5321,1514,3,16,0.37,0.81,False,False,False,False,2.440967072248459,2.442783236503601,2.6503480434417725,2.66234043598175,20.33600002870612,20.45924877302513,18.843932182471985,18.705333927108345,0.4038081121444702,0.4172744750976562,0.5095270156860351,0.533241033554077,0.0493111769467397,0.0488776516914367,0.0530674865245819,0.053477175984663
7863,1449,7,8,0.95,0.89,True,True,False,True,3.050866150856018,3.053143262863159,3.072908675670624,3.072967202663422,16.389575018735584,16.376565352014033,16.271228753838475,16.270918857024025,1.010569453239441,1.009898066520691,1.0197603106498718,1.022394025325775,0.0610173230171203,0.0610628652572631,0.0614581735134124,0.0614593440532684
6267,1921,4,8,1.32,0.88,False,True,False,True,2.445764119625092,2.3863919973373413,3.200307834148407,3.219073278903961,20.516647786971603,20.94829680333818,15.611191556467029,15.527239085735925,0.335433601140976,0.248214840888977,1.0619326591491698,1.102980453968048,0.0493444959124898,0.0477365779876709,0.064056610584259,0.0644029542446136
7245,1167,6,32,0.29,0.71,False,False,True,True,2.5289331436157227,2.551043391227722,2.59816210269928,2.602684273719788,19.67895221518092,19.59693237413383,19.238201683548507,19.130888523950333,0.4299835610389709,0.4503825902938843,0.5051384568214417,0.5313138723373413,0.0508561329563458,0.0510283946990966,0.0519799110889434,0.0522718138138453
5675,1675,5,16,1.22,0.83,True,False,True,False,2.4064761912822723,2.426977515220642,2.517935264110565,2.523763473033905,20.729300129904512,20.597012937445488,19.85322393981405,19.805894700018417,0.3902303969860077,0.4252364635467529,0.4864353537559508,0.5069721007347107,0.048320347046852,0.0485507297515869,0.0503696529865264,0.0504900194644928
8018,585,1,8,1.08,0.92,True,False,False,False,2.545972168445587,2.5292282104492188,3.057788372039795,3.080373528003693,19.652306135461263,19.756793656861625,16.345186019297643,16.21776115291826,0.4568383193016052,0.435431957244873,0.9859841704368592,0.9962013244628908,0.0511766817629337,0.0506155014038085,0.0611801013946533,0.0616607924938201
4846,796,3,8,0.95,0.88,True,True,False,True,3.0734941482543947,3.082644462585449,3.1046088457107546,3.1048201227188112,16.269328094096483,16.219841597342445,16.105088435897418,16.103992529496193,0.9949832201004029,0.9949766397476196,0.9992381572723388,1.002211980819702,0.0614698829650878,0.0616528892517089,0.062092176914215,0.0620964024543762
4217,410,1,8,1.09,0.95,True,False,True,True,2.4620805847644807,2.46156108379364,3.073870027065277,3.0975622010231016,20.22453170465824,20.272124340028803,16.221361082738518,16.115759225866967,0.3778169965744019,0.3786207437515259,0.9994882464408874,1.0065866303443909,0.0498227869813738,0.0493288350105285,0.0616471092700958,0.0620513026770423
5257,810,1,16,0.27,1.0,False,False,True,False,2.5022895622253416,2.506176590919494,2.575870168209076,2.594676024913788,19.928454295302668,19.9479603683279,19.39516407179296,19.25890804351341,0.4419204878807068,0.4546133279800415,0.5253326177597045,0.5444178199768065,0.050200661470579,0.0501304388046264,0.0515592448711395,0.051924029302597
4258,732,5,8,1.95,0.84,False,True,True,True,2.4767960107326505,2.366753935813904,3.576403260231018,3.588571021556854,20.434701466795804,21.11456555665771,13.980526382604172,13.93312278097908,0.3933510673046112,0.263048768043518,1.4572657704353331,1.5005765748023987,0.0497296849701988,0.0473606753349304,0.0715280652046203,0.071771420431137
4566,447,4,16,0.75,0.99,False,True,False,True,2.3159960770607,2.3291505575180054,2.5030402064323423,2.526015820503235,21.45204142624176,21.45616387789499,19.95488767958957,19.788328119397864,0.2356086671352386,0.2298574447631836,0.3419554233551025,0.4053368806838989,0.0466895363289619,0.0466066551208496,0.0501130359172821,0.0505348403453826
5225,1902,4,32,0.58,0.74,False,True,False,True,2.381738692522049,2.386060357093811,2.562047493457794,2.5804708123207094,20.88521452208704,20.943280117633044,19.47800902037796,19.35265149515268,0.2529523921012878,0.2334380149841308,0.4146207213401794,0.459457619190216,0.0479805884618588,0.0477480125427246,0.0513399496078491,0.051673122387347
7942,193,2,16,1.5,0.81,True,True,True,True,2.4652196168899536,2.470848560333252,2.4977766990661623,2.498961009979248,20.2848332375078,20.23599786134284,20.017802609246942,20.00831657385306,0.3727080345153808,0.4438523054122925,0.4489926695823669,0.4507602572441101,0.049304392337799,0.049416971206665,0.0499555339813232,0.0499792201995849
4199,1400,4,32,0.24,0.76,True,False,True,True,2.494221645593643,2.4876707792282104,2.8856421947479247,2.8989339447021485,20.082074080702885,20.09415175562866,17.32716736523882,17.24771966428776,0.356808443069458,0.4029690027236938,0.4796201944351195,0.5119026017189026,0.0499520228856319,0.0497657251358032,0.0577128438949584,0.0579786788940429
8034,1288,2,8,1.11,0.82,False,True,True,True,2.44236710190773,2.409453630447388,2.957892370223999,2.977387156486511,20.55698899227917,20.75159257051569,16.903928258582955,16.79325048681782,0.3307934701442718,0.2571718692779541,0.9251994490623472,0.9709430360794066,0.0489061922485763,0.0481890726089477,0.0591578474044799,0.0595477431297302
5715,428,2,32,1.72,0.92,True,False,False,False,2.308436087369919,2.2909544706344604,2.5002405762672426,2.5066102385520934,21.49698869179217,21.675316441080604,19.97300331093465,18.43291866828801,0.3588841617107391,0.3925024271011352,0.4774966597557067,0.5051980161666869,0.0467827269031888,0.0461354279518127,0.050067583322525,0.0542507699557713
7275,100,1,8,1.93,0.72,False,False,True,False,2.5559938955307007,2.55698835849762,2.628645861148834,2.653525812625885,19.569073211801943,19.55425406376379,19.02120378953332,18.84286146881925,0.4681587600708007,0.5043151378631592,0.5960183143615723,0.6125817346572876,0.0511198779106139,0.0511397671699523,0.0525729172229766,0.0530705162525177
4175,137,8,32,1.62,0.85,False,False,True,False,2.4863005077838896,2.52640962600708,2.6832807660102844,2.8655281257629395,19.803187197091702,19.729920028844123,18.5892430005571,15.777729808952028,0.4177007699012756,0.437131404876709,0.5488266110420227,0.5576874303817749,0.0507154187838236,0.0506844449043273,0.0537945525646209,0.0633897336324055
7986,72,4,32,0.74,0.93,False,False,False,True,2.581912029981613,2.589635491371155,2.687312960624695,2.7177703952789303,19.37789076298941,19.307736636096955,18.605946329493623,18.397452397169147,0.4612100887298584,0.4694238901138305,0.5353230476379395,0.5470054602622985,0.0516382405996322,0.051792709827423,0.0537462592124938,0.0543554079055786
7128,145,7,16,0.95,0.88,False,True,False,True,2.3453429448604584,2.3431488275527954,2.542855906486511,2.5719745922088624,21.360731460721457,21.33880679055128,19.66293616715283,19.440316594950065,0.2568441915512085,0.2427476644515991,0.3987509250640864,0.4300331950187683,0.0469068588972091,0.0468629765510559,0.0508571181297302,0.0514394918441772
5941,1628,5,16,0.88,0.81,True,False,True,False,2.440562651157379,2.45592999458313,2.559286975860596,2.5768735074996947,20.456897982077013,20.34835855102528,19.50477308487964,19.360020577115403,0.3735693550109863,0.4069657325744629,0.5189839482307433,0.5620402026176452,0.0489361415399445,0.0491440153121948,0.0512695021629333,0.0516528386592865
8051,2024,5,32,1.32,0.97,False,True,True,True,2.307537511587143,2.280683159828186,2.5000133752822875,2.5161482524871825,21.644785422252227,21.90157405474101,19.99989683873,19.87164319676345,0.2428264927864074,0.2322943210601806,0.4936863660812378,0.4988037276268005,0.0462663520283169,0.0456588315963745,0.0500002675056457,0.0503229650497436
4790,812,1,8,0.36,0.85,True,True,True,True,3.088153874874115,3.0953913927078247,3.1204026460647585,3.1222157144546507,16.19224933275601,16.15304967190747,16.02357357640206,16.014269694149156,0.9329004764556884,1.011242151260376,1.0180482983589172,1.0207048439979554,0.0617630774974823,0.0619078278541564,0.0624080529212951,0.062444314289093
8150,350,6,8,0.63,0.71,False,False,False,True,2.552607588768005,2.575827717781067,2.7362108349800107,2.75085030078888,19.44966802821129,19.4033269177474,18.231633634228984,17.727777824173934,0.4068235886096954,0.4339357614517212,0.5026343345642089,0.5243679237365723,0.0514840739763306,0.0515375542640686,0.0548497200012207,0.0564087200770302
5600,218,4,32,0.63,0.71,True,False,False,False,2.4429394435882568,2.4683011770248413,2.518852114677429,2.5403560400009155,20.484075916369186,20.256847367675856,19.85031187458244,19.68228047082924,0.3730660963058472,0.409637451171875,0.481734013557434,0.4944574904441833,0.0488587888717651,0.0493660235404968,0.0503770422935485,0.0508071208000183
5242,1592,4,32,0.15,0.95,True,False,True,False,2.408441367149353,2.433677315711975,2.5372439503669737,2.553113660812378,20.78842802394465,20.541320276247724,19.70642219958689,19.58393067635213,0.3372616028785705,0.3850834369659424,0.4811708927154541,0.4896135711669921,0.0481891056288843,0.0486823630332946,0.0507448790073394,0.0510622732162475
4395,1868,2,32,1.78,0.87,False,True,False,True,2.354076211452484,2.387032151222229,2.5369446992874143,2.557742867469788,20.99389534581795,20.928137352821626,19.64337899844189,19.493467567005304,0.2554076635837555,0.2404537200927734,0.6142670154571533,0.6182587742805481,0.0479631988336642,0.0477825736999511,0.0509077394008636,0.051302357405424
5698,1195,4,16,1.39,1.0,True,True,False,True,2.6208115816116333,2.626150369644165,2.6474234223365785,2.6510968518257143,19.079805706705,19.03928237614272,18.88629052748273,18.860127864790456,0.4511992454528808,0.4494460821151733,0.4660099983215332,0.4682300376892089,0.0524162316322326,0.0525230073928833,0.0529484684467315,0.0530219370365142
4752,1222,4,8,0.64,0.83,True,True,True,True,3.1143715381622314,3.1217894554138184,3.1404255270957946,3.143036048412323,16.05554305276168,16.0164791210567,15.92141014237783,15.90818826973022,0.9454410433769226,0.8829318284988403,1.0295385837554931,1.030762758255005,0.0622874307632446,0.0624357891082763,0.0628085105419159,0.0628607209682464
5345,1580,5,8,1.76,0.91,False,True,True,False,2.419538209438324,2.388939619064331,2.9174949049949648,3.3878140664100647,20.653370395422048,20.92409555143702,17.135300883092764,14.677233181492786,0.3394255220890045,0.2633870840072632,0.8328397274017333,1.36196528673172,0.0487830865374317,0.0477917909622192,0.058359057188034,0.0681327455043792
6062,604,7,16,0.75,0.9,True,True,True,True,2.563387858867645,2.575251579284668,2.592892813682556,2.6009477949142457,19.50820064085876,19.41558596751871,19.28349651516328,19.22381071897233,0.4094714164733887,0.4484677314758301,0.4623905420303345,0.4629685640335083,0.0512677571773529,0.0515050315856933,0.0518578562736511,0.0520189558982849
6403,441,7,32,0.66,0.75,True,False,True,False,2.4649034202098847,2.479277014732361,2.565291059017181,2.572881045341492,20.299396378151936,20.161913732180366,19.490966709488664,19.43346759095516,0.3903784155845642,0.4246176481246948,0.4866978645324706,0.5105933380126952,0.0493180733069129,0.0495984673500061,0.0513058211803436,0.0514576209068298
4897,1935,6,8,1.0,0.78,True,False,False,False,2.413738374710083,2.441098928451538,3.0602280259132386,3.068566427230835,20.72829952984104,20.48073205377968,16.334682719247095,16.270771316168695,0.3765797710418701,0.3657277822494507,0.986534583568573,0.9998563075065612,0.0487012683040079,0.0488263797760009,0.0612194323539733,0.0614599018573761
4546,453,8,32,0.25,0.94,False,True,True,False,2.332531163692474,2.342889428138733,2.4758702278137203,2.500346794128418,21.37452036673076,21.33883624797766,20.131445828819057,19.95599379901625,0.2479570090770721,0.2312129735946655,0.422873044013977,0.4248373508453369,0.0468287805529201,0.0468629121780395,0.0496735355854034,0.0501102757453918
7496,867,6,16,0.67,0.93,True,True,False,True,2.582883083820343,2.586082339286804,2.617924451828003,2.627709150314331,19.36036741370813,19.334291755748872,19.09912150153552,19.02805159425015,0.4743379473686218,0.4699231386184692,0.5051066637039184,0.5067262125015258,0.0516576616764068,0.051721646785736,0.05235848903656,0.0525541830062866
4259,1927,8,32,1.72,0.73,True,True,True,False,2.508089315891266,2.513334035873413,2.537780392169952,2.547602961063385,19.93786856532181,19.89389553312561,19.702280572810217,19.62637013569255,0.4487643957138061,0.4480067491531372,0.4557024359703064,0.4590203547477722,0.0501617863178253,0.0502666807174682,0.050755607843399,0.0509520592212677
6898,550,7,16,0.18,0.94,False,False,True,True,2.5333917784690856,2.553905487060547,2.6253561973571777,2.6359171938896178,19.637781196697127,19.572827314387645,19.03302130134957,18.943115982541816,0.4513212633132935,0.4680379629135132,0.5256511926651001,0.5483649253845214,0.0509824679921655,0.051091239452362,0.0525402660369873,0.0527897534005782
6739,1785,2,8,1.38,0.92,True,True,True,False,3.0810330510139465,3.0880565643310547,3.1147804617881776,3.1166763377189635,16.2295994823884,16.191416438854056,16.052496198577657,16.042732550378396,1.012529730796814,1.0119616985321045,1.0203789949417117,1.022954545021057,0.0616206610202789,0.0617611312866211,0.0622956092357635,0.0623335267543792
7964,1627,6,16,0.87,0.7,True,False,False,True,2.486118676662445,2.521657347679138,2.5712345123291014,2.581489782333374,20.11498385087132,19.82770435670245,19.44243087183418,19.3610671068972,0.3812381362915039,0.422730803489685,0.5075790405273437,0.5394331216812134,0.0497806360947779,0.0504344820976257,0.0514338977336883,0.0516500460624694
6988,1058,8,32,0.94,0.88,True,False,True,False,2.4693905770778657,2.5029258728027344,2.5946462154388428,2.6156750392913817,20.11727242621345,19.958042786852943,19.250606816746043,18.96191197629461,0.4170035398006439,0.4393881559371948,0.5337823748588562,0.5403319692611693,0.049814531069994,0.0501051139831543,0.0519464144706726,0.052764809989929
4997,515,1,8,0.7,0.81,False,False,False,False,2.558595348596573,2.569892287254333,2.637057793140412,2.6494602584838867,19.49031033100526,19.452805443910663,18.935080416919984,18.85294103150182,0.4526516127586364,0.4697327613830566,0.5444737911224365,0.5892323207855223,0.0513279970674423,0.0514064669609069,0.0528120281696319,0.0530421243667602
6659,725,7,8,0.88,0.72,False,True,False,True,2.4416869676113127,2.403430461883545,2.949332058429718,2.9646583819389343,20.43316315525908,20.80173214441939,16.948833525953486,16.833248384039003,0.3147441697120666,0.249027132987976,0.8596626162528991,0.91093421459198,0.0492326536398307,0.048072919845581,0.059001121520996,0.0594062779426574
4251,1199,3,16,0.49,0.87,False,True,False,False,2.171374952793121,2.1169031858444214,2.508840930461884,2.519077241420746,22.906470463608844,23.593110224748543,19.923817022147635,19.845652907894028,0.2398884081840515,0.2205227613449096,0.4532573223114013,0.4597597002983093,0.0439327845585696,0.0423852562904357,0.0501911911964416,0.0503888889312744
7240,380,4,16,0.04,0.82,False,True,True,False,2.2706822288036346,2.308647871017456,2.52924929857254,2.5552800369262694,22.00181488965513,21.649574209056524,19.768719165471246,19.5673270698544,0.2380652260780334,0.2242578268051147,0.4409756541252136,0.4457521843910217,0.0456294040051666,0.0461902856826782,0.0505849859714508,0.0511056007385253
7416,89,2,16,1.25,0.9,False,False,False,True,2.6024058401584624,2.594755887985229,2.7553092002868653,2.764550926685333,19.208533746307484,19.255771814443385,18.14678388555106,18.08612062886287,0.4740788662433624,0.4878489971160888,0.5565333247184753,0.5798577499389648,0.0521077713825763,0.0519325065612793,0.0551061840057373,0.0552910185337066
4117,729,5,32,1.0,0.95,False,True,False,False,2.328851455450058,2.329653024673462,2.5575600266456604,2.588139569759369,21.389288838938445,21.457237841226384,19.47571766919769,19.315136391646984,0.2666500294208526,0.2468302249908447,0.4573260188102722,0.4635606598854063,0.0468282185539603,0.0466043210029602,0.0513459899425506,0.0517728898525238
4012,1761,7,16,1.39,0.71,True,False,False,False,2.476858705282212,2.503172874450684,2.565816855430603,2.5825744009017946,20.126115440658417,19.97143269786084,19.455744299320028,19.357952191112226,0.4229601466655731,0.4442887306213379,0.5060272336006164,0.5294386720657348,0.0497508746932534,0.0500715208053588,0.0513987019062042,0.051658356809616
4660,796,5,32,0.09,0.8,False,True,False,True,2.325690965652466,2.316916823387146,2.574984335899353,2.598213849067688,21.44843317021644,21.57709752282841,19.399258685392105,19.21854334309221,0.2531541419029235,0.2402808666229248,0.4901461958885192,0.5046490931510925,0.0466934960982378,0.0463454365730285,0.0515483639240264,0.0520330952167511
5059,1413,5,16,0.95,0.82,False,False,True,True,2.555235786437988,2.552272319793701,2.722673761844635,2.7436333322525024,19.58221823974448,19.59038607098806,18.36430375728108,18.2240098773512,0.4695020914077759,0.4829905033111572,0.5470218181610107,0.5569919180870055,0.0511047157287597,0.051045446395874,0.0544534752368926,0.05487266664505
5721,1678,3,32,1.11,0.82,True,False,True,False,2.421444880962372,2.203224778175354,4.739624059200286,4.918821084499359,21.640217116964696,22.68974523714926,10.549528680699808,10.16505512432552,0.3365534245967865,0.0813715457916259,2.58439004421234,2.760322513580322,0.0485916873613993,0.0440727734565734,0.0947924811840057,0.0983764216899871
5621,893,2,8,1.45,0.84,True,False,False,True,2.571251516342163,2.5409820079803467,3.159097599983215,3.1824187994003297,19.40638868803555,19.66923946336071,15.814485354581327,15.698598742601527,0.5074175381660462,0.4614032506942749,1.0913896679878234,1.0982237696647643,0.0518900209335856,0.0508408069610595,0.0632331855297088,0.0636999547958374
8104,589,3,8,0.54,0.8,True,False,True,True,2.545311515331268,2.5061367750167847,3.126311135292053,3.149079463481903,19.77775471846412,19.95102604252415,15.99329179035948,15.877655881364824,0.436102420091629,0.4131619930267334,0.9896831393241884,0.9945803952217102,0.0509062303066253,0.0501227355003356,0.062526222705841,0.062981589269638
7436,1220,3,8,0.78,0.81,False,True,True,False,2.3818124568462373,2.336107611656189,3.040844047069549,3.0674369955062866,21.10351238773488,21.4010235753364,16.442808496486233,16.300253664567354,0.2834802591800689,0.2354705333709716,0.9580098390579224,0.9624489784240724,0.047733464026451,0.0467267370223999,0.0608168809413909,0.0613487399101257
6570,439,7,8,1.0,0.78,False,False,False,False,2.5242500269413,2.53217613697052,2.5703052639961244,2.586417381763458,19.8123273245222,19.745861779151667,19.452942302373486,19.33176012280831,0.4643257689476013,0.4763952493667602,0.5522384881973267,0.5724505090713501,0.0504850005388259,0.0506435227394104,0.0514061052799224,0.0517283476352691
7104,1660,7,16,1.68,0.72,True,True,False,False,2.547960245609284,2.5570738315582275,2.5845309853553773,2.589269859790802,19.627089847381946,19.55363067320618,19.34587516150357,19.310480328111524,0.4732756018638611,0.4749597311019897,0.4801513195037842,0.4811754512786865,0.0509592049121856,0.0511414766311645,0.0516906197071075,0.051785397195816
6002,1264,4,32,1.9,0.77,False,False,False,False,2.5237920117378234,2.516914129257202,2.639696609973908,2.7521945738792417,19.78485319178657,19.862735489631326,18.925755199032064,18.15753877335546,0.4687839341163635,0.4770833253860473,0.5850344061851501,0.6116963696479797,0.0505756590053438,0.0503455328941345,0.0528380532264709,0.0550735699027776
6152,1250,2,32,1.92,0.88,False,False,True,False,2.6230635976791383,2.6531076431274414,2.827805209159851,2.854400119781494,19.027004815928944,18.83785429845139,17.668295596201524,17.459555902853783,0.4938269758224487,0.531025767326355,0.6388165950775146,0.6619362020492553,0.0526569310301521,0.053084602355957,0.0565985593795776,0.0572752256393432
7204,486,2,8,0.42,0.72,True,True,False,True,3.0796968936920166,3.0881272554397583,3.10689514875412,3.108173501491547,16.23670273425786,16.19104672667918,16.093237235840448,16.086618790855546,0.943558669090271,0.9190572500228882,1.0099743247032165,1.010164039134979,0.0615939378738403,0.0617625451087951,0.0621379029750824,0.0621634700298309
5548,1393,5,16,0.1,0.77,False,False,False,True,2.507790262699128,2.5273563861846924,2.5922494411468504,2.603318729400635,19.90719116690489,19.777819990424323,19.285709134363128,19.19814083372535,0.432491580247879,0.4398434162139892,0.5142679691314697,0.5258961272239685,0.0502695718765258,0.0505616903305053,0.0518518657684326,0.0520884007930755
5818,1265,6,32,1.63,0.75,False,False,True,True,2.5296007657051085,2.5498982667922974,2.724860095977783,2.8650538372993464,19.709650083488267,19.586456855553426,18.272264859442924,17.141529917018335,0.458926305770874,0.4828945398330688,0.5637111067771912,0.5978937101364135,0.0508746921460431,0.0510556864738464,0.0547277534008026,0.0583378533431461
5593,384,3,16,0.26,0.94,True,True,True,False,2.341322898864746,2.341322898864746,2.341322898864746,2.341322898864746,19.647012388724487,19.647012388724487,19.647012388724487,19.647012388724487,0.4344320297241211,0.4344320297241211,0.4344320297241211,0.4344320297241211,0.050898323888364,0.050898323888364,0.050898323888364,0.050898323888364
5989,120,6,32,2.0,0.87,False,True,True,True,2.4209000885486605,2.438604712486267,2.527522420883179,2.552876048088074,20.60378369687765,20.501148000361155,19.76950173981231,19.574944275106724,0.3096912753582,0.2857868671417236,0.4713717222213745,0.4779372453689575,0.0485903850040937,0.048777756690979,0.0505830013751983,0.0510857138633728
6223,516,1,32,0.03,0.75,False,True,True,False,2.349320646524429,2.343948602676392,2.568786692619324,2.589292771816253,21.31888078063061,21.33152578256773,19.464442167178973,19.31029227820075,0.2520426428318024,0.2433401346206665,0.4259252071380615,0.4336042666435241,0.0469864129304885,0.0468789720535278,0.0513757338523864,0.051785855436325
7678,1004,8,32,0.23,0.8,True,False,True,True,2.41643998503685,2.474022388458252,2.5424348950386046,2.556855993270874,20.47286595750544,20.188128496658155,19.62134158991077,16.774533520667276,0.3319541275501251,0.3793960809707641,0.4745075583457946,0.4920658683776855,0.0489711374117801,0.0495340681076049,0.0509649147987365,0.0596141844726445
4200,912,5,16,1.16,0.89,False,True,False,True,2.392263466119766,2.375690698623657,2.6010175824165342,2.6165281081199647,20.91723283006315,21.04382238233457,19.222257620394213,19.09747219533917,0.2550895977020264,0.2347973585128784,0.5522027254104614,0.561990954875946,0.047899996584925,0.047519884109497,0.0520230271816253,0.0523629509967306
4707,80,1,16,0.14,0.85,False,False,False,False,2.522450518608093,2.532843828201294,2.586280846595764,2.5986501479148862,19.828157390924144,19.74065688303816,19.33278201640015,19.240758583380693,0.4669086980819702,0.473433256149292,0.537835443019867,0.5698909330368042,0.0504490103721618,0.0506568765640258,0.0517256169319152,0.0519730029582977
5654,1075,7,16,1.73,0.81,False,False,True,True,2.589021099805832,2.5819731950759888,2.7815958619117738,2.801629409790039,19.25533667981672,19.351815432830875,17.973277068659712,17.817066022299567,0.4502553808689117,0.4407385587692261,0.615037989616394,0.7309968280792236,0.0519879251873682,0.0516747403144836,0.0556381604671478,0.0561260243415832
6560,1032,6,32,1.77,0.72,True,True,True,True,2.591569888591766,2.597828507423401,2.622827613353729,2.622966592311859,19.29540089156996,19.24685375268929,19.06339545800757,19.06238538605785,0.413813304901123,0.4162549972534179,0.4984917759895325,0.5047577881813049,0.0518313977718353,0.051956570148468,0.0524565522670745,0.0524593318462371
5671,367,6,16,1.56,0.93,True,True,False,True,2.5511988401412964,2.559932589530945,2.58258513212204,2.590101773738861,19.60051684893873,19.53176812829881,19.360459444375465,19.304304168331686,0.4245567083358764,0.4093688726425171,0.4878294467926025,0.4924753665924072,0.0510239768028259,0.0511986517906189,0.0516517026424407,0.0518020354747772
5768,302,7,8,1.2,0.97,False,True,False,True,2.4757184946537016,2.436602234840393,2.958025574684143,2.9661832308769225,20.172641230649017,20.38257624236324,16.882900054694673,16.776185186711484,0.2958682286739349,0.2215878963470459,0.7998201131820677,0.8552094650268555,0.049882230896611,0.0490615439414978,0.0592315299510955,0.0596083074092865
7557,920,6,32,1.46,0.94,True,True,False,True,2.6335912227630613,2.6362221240997314,2.6693671345710754,2.6698608994483948,18.987402029801466,18.966553283639573,18.731031596630643,18.72756759202804,0.4724976181983947,0.4595911502838135,0.5252734661102295,0.5263048458099365,0.0526718244552612,0.0527244424819946,0.0533873426914215,0.0533972179889678
5131,217,2,16,0.25,0.8,False,True,True,False,2.2742750954628,2.279138207435608,2.501076805591583,2.53071537733078,21.92744711689852,21.937507434645028,19.939176339617607,19.727656080742044,0.2136714005470276,0.2023353576660156,0.4213849782943725,0.4269958186149597,0.0456698335874847,0.0455840301513671,0.0501525537967681,0.0506902598857879
4507,481,2,32,0.02,0.93,False,False,False,False,2.501560972929001,2.5169485807418823,2.581866383552552,2.5907706785202027,19.95990542436325,19.862125961422304,19.357405864280885,19.29778699749465,0.4476396036148071,0.4579037427902221,0.5213524341583251,0.5432671332359313,0.0501287264332626,0.0503470778465271,0.0516598148345947,0.0518194134712219
6458,786,7,8,0.91,0.79,False,True,False,False,2.4124458515644074,2.387441396713257,3.015774071216584,3.042593765258789,20.69251787409676,20.928933331748883,16.57156503222473,16.43094870059821,0.2617693436145782,0.2400182485580444,0.3402331471443176,0.9154908442497254,0.0487512938836041,0.0477807450294494,0.0603443391323089,0.0608607594013214
5178,1872,3,8,0.29,0.74,True,False,True,True,2.564494651556015,2.523476719856262,3.0853245139122008,3.1096403789520264,19.59117862191097,19.813934143528503,16.20575121550688,16.079029722318936,0.4566288876533508,0.4304605722427368,0.8952197432518005,1.032174518108368,0.0512898930311203,0.0504695343971252,0.061706490278244,0.0621928075790405
6217,1126,6,8,1.35,0.72,True,False,True,True,2.5767282462120056,2.5240182876586914,3.497910976409912,3.518341267108917,19.599693017530807,19.805769995587056,14.294246061048018,14.211242264845584,0.4697834420204163,0.4194449186325073,1.3946848034858703,1.404194462299347,0.0516291566327214,0.0504903388023376,0.0699582195281982,0.0703668253421783
5898,1702,6,16,1.89,0.8,False,False,False,False,2.4457728242874146,2.452086925506592,2.5725682020187377,2.586857440471649,20.48152354079091,20.39079470015332,19.43583108020369,19.32847137960577,0.4915493905544281,0.4889355897903442,0.6008906602859497,0.633897681236267,0.0489154564857482,0.0490417385101318,0.0514513640403747,0.0517371488094329
4799,1559,1,8,0.87,0.77,True,True,False,True,3.145658528804779,3.2228037118911743,3.247002530097961,3.255901894569397,15.241842663667152,15.495902297688106,15.061552714946112,10.7342818920121,0.9619023203849792,1.0153673887252808,1.021821236610413,1.0226471376419068,0.0663319866797503,0.0645331978797912,0.0670844323775347,0.0962972768671371
6339,1771,8,32,0.12,0.75,False,True,True,True,2.326373035907745,2.3289999961853027,2.484208512306213,2.502679522037506,21.442754361827784,21.46519261659921,20.06975591091887,19.964132687441463,0.2526054966449738,0.2400637865066528,0.426067578792572,0.4334306240081786,0.0466926696865182,0.04658704996109,0.0498262288570404,0.0500898334503173
5130,1137,4,8,1.34,0.72,False,True,False,True,2.457649861574173,2.4003920555114746,3.128228211402893,3.144492256641388,20.40663067345473,20.82644109107123,15.983488665965634,15.900818578667202,0.3310198175907135,0.2454434633255005,0.9518297433853148,0.9783199501037596,0.0494280996026414,0.0480158853530883,0.0625645642280578,0.0628898451328277
8165,1857,7,32,0.88,0.71,True,False,False,False,2.426398528814316,2.4293981790542603,2.6415610790252684,2.671035995483398,20.650006926016825,20.58122893713076,18.92820135774157,18.719330163864385,0.3828417575359344,0.3992161750793457,0.6392328023910522,0.6817283964157104,0.0485279705762862,0.0485879635810852,0.0528312215805053,0.0534207199096679
7147,1575,6,8,0.67,0.98,True,False,True,True,2.516584436893463,2.4923847913742065,3.1260305523872374,3.145293912887573,19.93818504894101,20.047727934343825,15.99472576613905,15.896766692247182,0.4321157968044281,0.4130511283874511,1.0178668737411498,1.0213774299621583,0.0505043040308249,0.0498809647560119,0.0625206110477447,0.0629058782577514
5798,380,7,32,1.91,0.78,True,False,False,False,17.3988967966026,2.65582013130188,59.72244106531143,59.73418997764588,12.923607173160136,18.82658350656967,0.837206234608306,0.8370415673177843,15.370914553252744,0.6183711290359497,57.69742977619171,57.72394615650177,0.3479779359320519,0.0531164026260376,1.1944488213062283,1.1946837995529174
7070,586,5,8,0.05,0.78,True,False,False,True,25.83269240943397,13.837463855743408,59.838444316387175,60.04618136405945,10.24510587605545,3.613379540606462,0.8355832205559224,0.8326924188330228,18.42908772898884,1.171170949935913,57.81339167356491,57.82711779356003,0.5166538481886792,0.2767492771148682,1.1967688863277437,1.200923627281189
6403,199,4,16,1.78,0.92,False,False,False,False,2.4560204935073853,2.476273536682129,2.573435199260712,2.584724214076996,20.39095627883575,20.191630675685538,19.42928270762215,19.344424823763784,0.4574269962310791,0.4438529014587402,0.5934476971626281,0.6060544753074646,0.0491204098701477,0.0495254707336425,0.0514687039852142,0.0516944842815399
4082,1425,6,32,0.57,0.72,True,True,False,True,2.480651819705963,2.484300017356873,2.5113144397735594,2.514511499404908,20.157987296042894,20.12639909487667,19.909894938719454,19.88458655716252,0.4157878398895264,0.414430022239685,0.4255716800689697,0.4317831516265869,0.0496130363941192,0.0496860003471374,0.0502262887954711,0.0502902299880981
6913,377,3,16,1.38,0.72,False,False,True,False,23.33457024697146,2.6426658630371094,60.02319979667664,60.04806485176086,11.224089054648088,18.92028829650716,0.8330112386496318,0.8326663017340316,13.931234754667692,0.5491786003112793,57.878298091888425,57.89422029972077,0.4666914049394292,0.0528533172607421,1.2004639959335328,1.2009612970352173
7723,1100,2,16,0.76,0.84,True,False,False,True,20.21676779863162,2.608819603919983,60.09917730093002,60.12233114242554,12.372933809916386,19.165756082170976,0.831958155775468,0.831637746802522,14.954990154657608,0.4892537593841553,57.915602684021,57.93419389724731,0.4043353559726323,0.0521763920783996,1.2019835460186004,1.202446622848511
4375,473,2,8,1.15,0.86,True,False,False,False,21.919688584757782,3.09879469871521,59.74968490600586,60.00425325393677,11.1178277038714,16.13530577573612,0.8368245004682073,0.8332742703837196,18.404630138983133,0.9808228015899658,57.591279077529904,57.79152646064758,0.4383937716951557,0.0619758939743042,1.1949936981201172,1.2000850650787354
7045,787,2,8,1.45,0.91,False,True,False,True,21.70532897014746,2.613455057144165,59.88259043693542,59.90326364517212,12.422817878592564,19.13176194223028,0.8349672196765545,0.834679081313253,15.609560299239703,0.2729380130767822,57.82281489372254,57.83903184890747,0.4341065794029491,0.0522691011428833,1.1976518087387085,1.1980652729034424
4060,880,8,8,1.38,0.95,True,False,True,True,20.81350934426516,3.136065721511841,60.014907240867615,60.08186650276184,11.338454851359089,15.941312249657065,0.832728721300682,0.732403005844221,17.297414407035372,0.8777639865875244,57.82714629173279,57.84919500350952,0.4240992499295752,0.0627300930023193,1.2008712792396543,1.391176198720932
6943,779,3,8,0.2,0.96,False,False,False,False,28.66200280443151,13.899865627288818,59.90032421350479,59.91075031042099,9.947321409158633,3.5971570928371306,0.8347200238274376,0.8345747589758123,16.14367967717191,0.4789398908615112,57.87236154079437,57.909652285575866,0.5732400560886298,0.2779973125457763,1.1980064842700957,1.1982150062084198
5624,442,6,16,1.09,0.9,False,False,True,True,25.570684415668083,11.626677751541138,59.88536250591278,60.19615618228912,10.542663477751647,4.300454615539027,0.83492856875087,0.830617819856929,13.274502082909953,0.5094847679138184,57.78286228179932,58.1367507314682,0.5114805509599774,0.2325335550308227,1.1977072501182555,1.2039231236457826
5677,158,5,16,1.47,0.73,False,False,True,False,24.38618082298952,2.6166309118270874,59.799641978740695,115.16892567396164,11.532894451377404,19.10854181134193,0.8361254072638483,0.4341448852937056,13.458875308317296,0.4907679557800293,57.64784746170044,57.66721993923187,0.4877236164597904,0.0523326182365417,1.1959928395748138,2.303378513479233
6956,1599,8,16,1.57,0.81,False,True,True,True,20.55395302107168,2.4904602766036987,59.964783537387845,59.98015175104141,13.45785095047398,20.07661261942995,0.8338033962223439,0.8335708597793228,13.997745676096097,0.2724016904830932,57.87404848337174,57.90533954381943,0.4271017152302025,0.0498092055320739,1.1993234915733335,1.1996580601215363
7212,846,6,8,0.35,0.84,False,True,True,True,16.541525519880135,2.314913272857666,60.10696482658386,60.240338230133055,16.760163598632587,21.559669952264777,0.8318517534591712,0.8300086200033552,14.501503594835896,0.2146801948547363,57.96487588882446,58.11728476524353,0.3311591052102179,0.0463828992843627,1.202139296531677,1.2048067646026612
7892,1957,5,16,0.57,0.81,False,True,False,True,27.02174388769582,13.933491706848145,59.854453802108765,59.86681814193726,11.07681836719076,3.588475957927014,0.8353597238613248,0.835187196385488,13.25479095680279,0.2223098278045654,57.80270671844482,57.83526449203491,0.5404348777539164,0.2786698341369629,1.1970890760421753,1.197336362838745
5074,1404,6,8,0.39,0.76,True,True,False,True,3.055975341796875,3.06641161441803,3.0858571887016297,3.090833432674408,16.362676555329656,16.305723805568256,16.202956784716665,16.176877747539205,0.90871502161026,0.8947563171386719,0.9594929575920104,0.9628964018821716,0.0611195068359375,0.0613282322883605,0.0617171437740325,0.0618166686534881
7688,229,3,16,1.25,0.81,True,True,False,True,2.512372350692749,2.525436282157898,2.5540942788124084,2.558279411792755,19.90651387653544,19.798560994532902,19.57641557467309,19.5443998301515,0.4282805800437927,0.431058406829834,0.4373866200447082,0.4418239808082581,0.0502474470138549,0.0505087256431579,0.0510818855762481,0.0511655882358551
7406,2025,2,8,0.35,0.91,False,True,True,False,25.76074881851673,2.5047104358673096,59.90353673696518,59.90883314609528,12.722341206918092,19.9623910152604,0.8346752583511853,0.8346014665543051,15.551515105095776,0.2703522443771362,57.82886630296707,57.85509544610977,0.5152149763703346,0.0500942087173462,1.1980707347393036,1.1981766629219055
7445,1231,7,32,1.81,0.74,False,False,False,False,20.091503412583297,2.5609452724456787,59.85697305202484,59.86450985431671,12.585809138673818,19.50153033281184,0.8353245654997227,0.8352194001645852,12.018538430157829,0.5127511024475098,57.83570564985276,57.861528339385984,0.402364806510723,0.0512780308723449,1.1971394610404968,1.197290197086334
7263,1179,4,8,1.02,0.78,False,True,False,True,21.53387489224112,2.5855472087860107,59.895551443099976,59.90398395061493,13.977956380438195,19.33826612412792,0.8347865374938217,0.8346690281590178,15.055717207738104,0.2711501121520996,57.80687117576599,57.83334505558014,0.4309042643750741,0.0517109441757202,1.1979110288619994,1.1980796790122985
7193,1689,1,16,0.17,0.8,True,False,True,True,2.947790230512619,2.518476366996765,7.207837069034577,7.221195285320282,18.80481155992496,19.845356892355525,6.936893773794195,6.924061515088779,0.791881388425827,0.3800603151321411,4.958047568798065,4.994043550491333,0.0590515683770179,0.0503896236419677,0.1441567413806915,0.1444239057064056
6645,156,3,32,0.07,0.82,True,True,True,True,2.6185388445854185,2.624719381332397,2.6525563955307008,2.6684905958175658,19.096772207392167,19.049661858483272,18.84979614910842,18.737363147096907,0.4299201607704163,0.5126281976699829,0.5203457474708557,0.5390426754951477,0.0523707768917083,0.0524943876266479,0.053051127910614,0.0533698119163513
5031,1428,1,8,0.65,0.95,True,True,False,True,3.0087835431098937,3.0118337869644165,3.0330524325370787,3.035828206539154,16.618933724130837,16.601181819462063,16.48504420950701,16.46997384051911,0.9041031479835512,0.8531444072723389,0.9761050581932068,0.9766535449028017,0.0601756708621978,0.0602366757392883,0.0606610486507415,0.060716564130783
8184,142,7,16,1.58,0.75,True,True,True,True,2.520880842208862,2.527829647064209,2.545654690265656,2.5544234108924866,19.83631539181425,19.77987289488786,19.64133186668726,19.573950511399303,0.4251530170440674,0.4256724119186401,0.4296510219573974,0.431227445602417,0.0504176168441772,0.0505565929412841,0.0509130938053131,0.0510884682178497
4260,519,3,8,0.14,0.94,True,True,False,False,3.059204697608948,3.066219210624695,3.0928043484687806,3.09592693567276,16.34541718954847,16.30672756093916,16.166559068362922,16.150256321570435,0.9839154362678528,0.9840829372406006,0.9890210270881652,0.9906621384620666,0.0611840939521789,0.0613243842124938,0.0618560869693756,0.0619185387134552
7059,1158,5,32,0.98,0.89,True,True,True,False,2.4712851524353026,2.4804054498672485,2.5011358976364138,2.502727904319763,20.234850712104155,20.15809517434203,19.990917611436423,19.978202707207263,0.4081866979598999,0.4079504013061523,0.4168838858604431,0.4195212244987488,0.049425703048706,0.0496081089973449,0.0500227179527282,0.0500545580863952
5285,1400,3,8,1.04,0.79,False,False,True,False,2.57019033908844,2.570178985595703,2.7266471147537232,2.75274909734726,19.36673447800917,19.44655878145824,18.301325434422367,17.783337716753035,0.4457623565196991,0.4614369869232178,0.5218620657920837,0.5409201407432556,0.0517037778632981,0.0514229798316955,0.0546408529281616,0.0562325071727528
4754,139,2,8,1.7,0.98,False,False,True,True,2.5731313371658326,2.5710999965667725,2.658153975009918,2.686366240978241,19.437676114901613,19.44692965653865,18.81006622827055,18.612503614841813,0.4614049577713012,0.513953447341919,0.6106836795806885,0.6285869216918946,0.0514626267433166,0.0514219999313354,0.0531630795001983,0.0537273248195648
7046,1765,4,8,0.14,0.92,True,False,True,True,2.530336092710495,2.512784004211426,3.096063423156738,3.113783850669861,19.59317086093508,19.88676942371277,16.129707852328487,15.490016731095352,0.4330231046676636,0.4204436540603637,1.0094900965690612,1.0145689821243289,0.0514023325001693,0.0502846884727478,0.0619974102973937,0.0645579857861294
8002,1199,4,8,1.11,0.98,True,True,True,True,3.1484137773513794,3.227547407150269,3.2456754803657533,3.248011667728424,15.199809663755593,15.487874217282448,15.065703268409298,10.11715334817781,1.0218053936958311,1.094649314880371,1.1017889976501465,1.1020861625671388,0.0667970975339412,0.0645666432380676,0.0673539391458035,0.1035607169330119
4944,505,3,8,0.26,0.94,False,True,True,True,2.386696811914444,2.348462104797364,2.893394041061401,2.909481282234192,20.907296551590616,21.289323846108022,17.274857315354232,17.177847278216607,0.2990464723110199,0.2265045642852783,0.7983396530151367,0.8432062244415282,0.0482367870913611,0.0469719004631042,0.0578875982761383,0.058214513349533
5217,1392,6,32,0.3,0.99,True,False,False,True,2.364741549491882,2.427675485610962,2.598305654525757,2.610261743068695,21.18523471687476,20.57510864079241,19.2284482638206,19.091029025057534,0.3426317965984344,0.3864834308624267,0.493026053905487,0.5204888772964477,0.0475140709314081,0.0486024165153503,0.052006276845932,0.0523806806352403
4601,184,1,16,0.28,0.73,False,False,True,False,2.506597157716751,2.5148686170578003,2.589313507080078,2.6081925201416016,19.954504546216143,19.88175440615976,19.31013784436129,19.170364036621613,0.4194941926002502,0.4343016147613525,0.5103204607963562,0.5341698956489562,0.050131943154335,0.050297372341156,0.0517862701416015,0.052163850402832
6433,1962,3,32,1.1,0.75,True,True,True,True,2.480283188819885,2.4871826171875,2.513484489917756,2.51819219827652,20.161244587956496,20.103072450869405,19.89270854593381,19.855532340397136,0.3456153988838196,0.4089142084121704,0.4192363858222961,0.4200802254676818,0.0496056637763977,0.04974365234375,0.0502696897983551,0.0503638439655304
4650,1175,5,32,1.63,0.71,True,True,True,False,2.586208939552307,2.5897376537323,2.622778797149658,2.63761022567749,19.33580621337276,19.30697510483354,19.063800068042983,18.95671418570658,0.5020062088966369,0.4994142055511474,0.5084806680679321,0.5252759218215942,0.0517241787910461,0.051794753074646,0.0524555759429931,0.0527522045135498
7305,323,4,8,0.68,0.72,False,True,False,True,2.394942766427994,2.3865766525268555,2.95646036863327,2.971208758354187,20.919231324904327,20.936619796364408,16.912117454497615,16.828168116827058,0.2913191032409667,0.2182037830352783,0.8911930441856384,0.930417833328247,0.0481824765691153,0.0477632045745849,0.0591292073726654,0.0594241751670837
4620,985,8,8,0.16,0.93,False,True,False,False,2.384735723733902,2.3292794227600098,3.2181146502494813,3.2369182658195497,21.12456991948271,21.42333610193767,15.537047499171775,15.44679143246958,0.2396734511852264,0.2044153213500976,0.4882061123847961,0.5004892683029174,0.047903645206995,0.0466780829429626,0.0643622930049896,0.0647383653163909
7934,1014,2,32,0.83,0.84,False,False,False,True,2.5782001411914823,2.6211146116256714,2.729702365398407,2.765787682533264,19.066441563479263,19.057804013882134,18.183087604900187,14.588518742426748,0.4137855720520019,0.4346110820770263,0.5159849643707275,0.545092942714691,0.0526313346518523,0.0524719429016113,0.0549961607456207,0.068549910476979
8011,1143,5,8,0.75,0.73,False,False,True,True,2.623529287576676,2.597537875175476,2.7717849373817445,2.782585561275482,19.028603059467056,19.227562161878183,18.035433179599835,17.83398593007585,0.4399299585819244,0.45868980884552,0.5188663482666015,0.5406733870506286,0.0525951946674184,0.0520086765289306,0.0554464087486267,0.0560727365718168
4634,1359,2,32,1.42,0.75,False,True,True,False,2.3899552464485168,2.3756203651428223,2.545602822303772,2.5648904776573183,20.92196043455775,21.0218535311572,19.641713405512256,19.49400975960546,0.2791223096847534,0.2621253728866577,0.5340564250946045,0.5388012027740479,0.047875997467602,0.0475695896148681,0.0509120564460754,0.0512978095531463
7342,1207,8,16,1.94,0.97,True,False,False,False,2.4448161053657533,2.466942429542541,2.55543053150177,2.5649032926559445,20.47267955658446,20.26800439444256,19.56617493246986,19.493917962397905,0.3753179371356964,0.4084370136260986,0.5179850816726684,0.5464179468154906,0.048896322107315,0.0493388485908508,0.0511086106300354,0.0512980658531188
6303,608,6,8,1.21,0.74,False,True,False,True,2.412942558526993,2.3531248569488525,2.945771622657776,2.955175216197968,20.840587506237213,21.24834139719905,16.97348145912722,16.91947078863392,0.3118955063819885,0.2372920513153076,0.8169127941131591,0.8547789883613586,0.0482588511705398,0.047062497138977,0.0589154324531555,0.0591035043239593
5702,159,1,8,1.94,0.98,False,True,False,True,2.4660987102985383,2.3633400201797485,3.448250961303711,3.469268159866333,20.51982096624983,21.1565258676548,14.500105020395518,14.412261567018028,0.3610588693618774,0.2559447288513183,1.3172985076904296,1.3488960003852843,0.0493219742059707,0.0472668004035949,0.0689650192260742,0.0693853631973266
7228,1435,7,32,0.47,0.97,True,False,True,False,2.4681268405914305,2.4962520599365234,2.590347743034363,2.611951282024384,20.272000987072467,20.023624658273,19.302428102718217,19.14277680842518,0.3869263136386871,0.4262694120407104,0.4870333433151245,0.5025011372566223,0.0493987203875253,0.0499410080909729,0.0518069548606872,0.0522390256404876
7732,1893,8,8,0.67,0.71,True,True,True,False,3.083954727649689,3.082391619682312,3.1261377215385435,3.1276052451133727,16.21424077609819,16.221171286205053,15.994177275407615,15.98667319424348,1.0231610774993896,1.017791986465454,1.0456269025802611,1.0473812627792358,0.0616790945529937,0.0616478323936462,0.0625227544307708,0.0625521049022674
4669,535,6,32,1.83,0.74,False,False,False,False,2.5409947180747987,2.547793745994568,2.620199131965637,2.6817557001113874,19.61230290394492,19.623175323985805,19.041188150892545,18.065030530213257,0.4722833263874054,0.4962822198867798,0.5696831345558167,0.5892891597747802,0.0510172358646988,0.0509601521492004,0.052517735004425,0.0553565004408359
4030,686,2,8,1.33,0.74,True,True,False,True,3.2226002693176268,3.2294384241104126,3.250343310832977,3.252785680294037,15.516423078531629,15.482568297133785,15.382991129879562,15.371442335852604,0.9414819240570068,0.998478889465332,1.0056390166282654,1.0061962008476255,0.0644520053863525,0.0645887684822082,0.0650068662166595,0.0650557136058807
7242,626,8,16,0.76,0.82,False,False,True,True,2.571991330385208,2.587082505226136,2.678497779369354,2.694155991077423,19.35735177153741,19.31624526975368,18.664091192220013,18.511995460946856,0.4652516984939575,0.475243330001831,0.5391067743301392,0.5597999215126037,0.0517221201783732,0.0517698955535888,0.0535788209438324,0.0540190453328584
6116,959,8,32,0.68,0.91,True,False,True,False,2.4717753088474272,2.507332921028137,2.619576334953308,2.639585793018341,20.159238812129043,19.888560568629984,19.070119974623168,18.886958859181043,0.3850281965732574,0.422492504119873,0.5358436226844787,0.5418681859970093,0.0497147047343926,0.0502801847457885,0.0524380571842193,0.0529466009983649
4348,803,2,16,1.77,0.94,False,True,True,False,2.311606640815735,2.308201551437378,2.473264646530151,2.5048186874389646,21.63069589217538,21.65939084775612,20.2161970638578,19.96152469704725,0.2426037740707397,0.2316727638244629,0.4982862591743469,0.5017750763893127,0.0462884132937381,0.0461693501472473,0.049465292930603,0.0500963737487792
6837,940,4,16,1.62,0.89,True,False,True,False,2.3698706245422363,2.415977001190185,2.507813918590545,2.5241525626182555,21.00508226482308,20.68503027917079,19.87301250862989,19.764058771978,0.3560908758640289,0.3947185277938843,0.4822505354881286,0.5044531202316284,0.0477310349429476,0.0483441400527954,0.050319497346878,0.0505985333015178
4266,868,2,32,0.69,0.89,True,False,False,False,4.533066306114197,2.466537594795227,23.38530169725418,23.39109381198883,18.68182244808472,20.27133157050752,2.1380951452158974,2.137565707802778,0.3990029418468475,0.4218297004699707,0.5250747323036193,0.5566251945495604,0.0906613261222839,0.0493307518959045,0.4677060339450836,0.4678218762397766
7429,1053,1,32,1.85,0.82,False,True,True,False,19.938095950218568,2.439133644104004,59.7426587343216,60.01878499984741,13.57885639816576,20.499094284885583,0.8369103578201941,0.8330191625127062,12.38637275293649,0.2726109027862549,57.69052809476853,58.01745400428772,0.4016216213103871,0.04878267288208,1.1948711001873016,1.2004525775909425
7132,1375,5,8,1.91,0.95,True,True,False,True,3.1566046118736266,3.173552632331848,3.2011833429336547,3.207605366706848,15.7770686367966,15.738932712446005,15.57869431662989,15.556505302889112,0.993328070640564,0.9904131889343262,1.0082650542259215,1.009403522014618,0.0633893111166746,0.0635367512702941,0.0641902425703795,0.0642818243545034
4073,1355,8,16,0.92,0.72,False,False,True,True,636.8755611930926,2.2901772260665894,8795.329409980774,8795.349569694996,19.93037686187896,21.826186616577104,0.0056848354017602,0.0056848223716178,634.995306486936,0.4710849523544311,8793.435728168488,8793.463545193672,12.737728260772997,0.045816524028778,175.90658819961547,175.90699139389992
4244,293,8,32,1.77,0.82,True,False,True,False,2.43495395064354,2.460740208625793,2.5587552309036257,2.586623120307922,20.44997576604605,20.31769753304157,19.51654183500206,19.27043492620301,0.3971652770042419,0.4261780977249145,0.5257503151893616,0.5297083258628844,0.0489754402539309,0.0492181754112243,0.0512385892868042,0.0518933984560124
6319,421,1,16,0.3,0.94,True,False,True,False,26.93562970343669,2.539966344833374,59.97826991081238,59.9943187713623,11.450070457793563,19.62377484281532,0.833595741712085,0.8332569858517774,14.378516062050108,0.464076280593872,57.88515958786011,57.910276870727536,0.5537162609419451,0.0509585952758789,1.1996222524642943,1.2001099994659423
7574,747,6,8,0.98,0.97,False,True,True,True,2.4388590908050536,2.378353476524353,2.8994404077529907,2.919507367610932,20.56142834876729,20.98017112137224,17.244706898706767,17.126178028431166,0.3366416847705841,0.2512226104736328,0.820155370235443,0.8557388544082641,0.0489202626839928,0.0476641011238098,0.0579888081550598,0.0583901473522186
5232,1720,2,32,1.47,0.72,False,False,True,True,18.31730912604802,2.67951774597168,59.96449214220047,60.11761078834534,12.253802201404472,17.371820888777645,0.8338267901263812,0.8317030468736212,16.24604138522081,0.5856525897979736,57.740159368515016,57.8516212964058,0.3723942385698898,0.0575645685195922,1.1992898428440095,1.2023522157669069
8020,1250,7,8,1.25,0.82,True,False,False,True,6.348084499641341,2.5465246438980103,37.97890079021454,37.98864904642105,16.6220378080681,19.63460597822735,1.3165204620713478,1.316182629725687,3.377859062078048,0.4603368043899536,35.9125275015831,35.945301270484926,0.1291794890344215,0.0509304928779602,0.7595780158042907,0.759772980928421
8093,1133,4,16,1.67,0.82,False,False,True,True,2.5842679166793823,2.585806965827942,2.759164226055145,2.7647404527664183,19.21380181652649,19.329645684852,18.10370511662332,17.989754975873026,0.4385193860530853,0.471954345703125,0.6039848566055298,0.616423053741455,0.0522078292943936,0.0517340087890625,0.0552373116016388,0.0555878958702087
7754,330,8,32,1.01,0.92,False,True,True,True,16.454267124696212,2.478555679321289,59.83190417289734,59.92983358383179,14.294636455649336,20.173038845627897,0.8356745568151706,0.8343090081391535,10.37288384293065,0.292659044265747,57.79741616249085,57.81371070861817,0.3290853424939241,0.0495711135864257,1.1966380834579466,1.1985966716766356
6228,1130,1,8,1.18,0.83,True,True,True,True,3.1209062337875366,3.1260571479797363,3.1515580654144286,3.1619175243377686,16.022187167900473,15.994603644578165,15.865182623414103,15.81323453407127,0.9966783046722412,1.0604621171951294,1.0712616920471192,1.084131107330322,0.0624181246757507,0.0625211429595947,0.0630311613082885,0.0632383504867553
6915,789,4,32,1.89,0.97,False,True,False,True,2.2956596636772155,2.304964065551758,2.527367508411408,2.5456632781028747,21.74321946466531,21.69154144311081,19.768915836492347,19.60920735552244,0.2902269947528839,0.2719613313674927,0.4530080556869507,0.4606321454048156,0.0461224491907202,0.0461009192466735,0.0505844643115997,0.0509964529514312
5424,468,2,32,0.45,0.91,False,True,True,False,2.317251296043396,2.3097857236862183,2.5234355092048646,2.549579513072968,21.60164050868533,21.64703017965457,19.814258427874005,19.61107766470744,0.2737597215175629,0.2601146697998047,0.4226586699485778,0.4555678367614746,0.0463450259208679,0.0461957144737243,0.0504687101840972,0.0509915902614593
4013,908,2,32,0.68,0.86,False,True,False,False,2.318709003925324,2.333218216896057,2.537225699424744,2.556702876091004,21.368294673206595,21.41854121885876,19.63891805108648,18.714384953800785,0.2372244799137115,0.2309589385986328,0.3892197370529174,0.3983962988853454,0.0468747697788571,0.0466885209083557,0.0509193034172058,0.0534348639987763
6469,630,6,8,1.96,0.75,False,True,False,False,2.4628025805950164,2.3651877641677856,3.4835670948028565,3.493548421859741,20.55781926269724,21.1353688655779,14.353103808424702,14.312095899975208,0.3865054774284363,0.2720935344696045,1.3722738742828369,1.4095935630798335,0.0493387949401682,0.0473140549659729,0.0696713418960571,0.0698709684371948
5246,1437,8,16,0.14,0.86,False,False,True,False,2.5263346314430235,2.549655318260193,2.619565427303314,2.6345808792114256,19.7339945961803,19.589823508643057,19.064149143396545,18.91563487329417,0.4136763262748718,0.4358422756195068,0.4946083664894103,0.5100824785232543,0.0507273876098374,0.0510469126701355,0.0524544792175293,0.0528664108599385
7425,1947,7,8,0.17,0.77,True,True,False,False,3.1946871399879457,3.191296696662903,3.2350319027900696,3.2399505257606505,15.652431141662737,15.667615648929004,15.455801052566782,15.432343902882952,1.1076848745346068,1.105419397354126,1.1243555545806885,1.1308714389801025,0.0638937427997589,0.063825933933258,0.0647006380558014,0.064799010515213
5857,966,7,16,1.51,0.76,True,True,False,False,2.532718336582184,2.5379918813705444,2.568324851989746,2.569941864013672,19.7441183998532,19.700619721730337,19.46794292394796,19.455695078984416,0.4807753086090088,0.4802075624465942,0.4892091870307922,0.4907060647010803,0.0506543667316436,0.0507598376274108,0.0513664970397949,0.0513988372802734
7264,728,6,8,1.76,0.8,False,True,True,True,2.4399138009548187,2.357322931289673,3.050029063224786,3.4256257581710816,20.611234617651768,21.199357025337235,14.714443241310832,14.573927805019396,0.3227359330654144,0.2248760461807251,1.24503573179245,1.2790624952316283,0.0490597937686103,0.047171242237091,0.067960464477539,0.0686156824588775
5028,961,3,32,1.87,1.0,False,False,False,False,2.5995542538166045,2.588605523109436,2.810229504108429,2.883456766605377,19.18880759993827,19.3005130270004,17.776295831590378,17.27684213028922,0.4981719374656677,0.5427922010421753,0.666722047328949,0.6742401695251464,0.0522217903104483,0.0518120956420898,0.0562546939849853,0.0578809480190277
4462,545,5,16,1.32,0.78,True,False,True,True,2.482315964698792,2.509532809257508,2.588762176036835,2.6004256415367126,20.162748271637643,19.92403134309388,19.314250054747696,19.227621830600608,0.3935768246650696,0.4133570194244385,0.5073730707168579,0.5461671423912048,0.0496463192939758,0.0501906561851501,0.0517752435207366,0.0520085128307342
7816,1191,4,8,0.98,0.77,False,False,False,True,2.5768702745437624,2.590627193450928,2.6827648282051086,2.6931886768341062,19.34846243344538,19.29039315648785,18.63697375871468,18.45913671830423,0.4491803348064422,0.4611139297485351,0.5506272196769714,0.5879163408279419,0.0517350997846115,0.0518392753601074,0.0536567800045013,0.0541737153053283
5917,347,3,16,1.66,0.93,False,True,True,True,2.315978744029999,2.319386959075928,2.587846231460571,2.6166224193573,21.372829125895866,21.54690215636069,19.29572278403039,19.07331439426008,0.2593304312229156,0.2451249361038208,0.557856822013855,0.5661815094947815,0.0473144763306236,0.0464103841781616,0.0518249568939208,0.0524292747020721
5037,1257,4,16,1.56,0.77,False,True,False,True,2.361767220497131,2.3645986318588257,2.506919598579407,2.525734918117524,21.192886088736795,21.14523818162219,19.94479601944973,19.796218499747887,0.2774855554103851,0.256015419960022,0.4244087696075439,0.435584979057312,0.0472353444099426,0.0472919726371765,0.0501383919715881,0.0505146983623504
6886,2033,6,32,1.57,0.72,True,False,False,False,2.3499309730529787,2.405803203582764,2.5693055510520937,2.5764395928382875,21.3290813317745,20.77878230507136,19.45891038189474,19.405624901306112,0.3684873270988464,0.4008570909500122,0.5305309653282165,0.5639112758636473,0.0471327943369194,0.0481260156631469,0.0513903405666351,0.0515314565658569
6281,1443,8,32,1.09,0.87,False,False,False,True,2.692553483247757,2.623502254486084,3.2643637180328366,3.276848850250244,18.615835580332085,19.01601779196736,15.295772066709285,15.256750355476845,0.4580305218696594,0.4625078439712524,0.5633647680282592,0.6066155791282654,0.0540612987756728,0.052587285041809,0.0653775482177734,0.0655447608947753
7826,1198,3,16,0.57,0.91,False,False,True,True,2.6298353600502016,2.588120698928833,3.283669185638428,3.291316931247711,19.03414864529933,19.31650591854437,15.226868839061478,15.191487495770032,0.4973124194145202,0.457756757736206,1.1355840325355528,1.1812865924835203,0.0528559443365443,0.0517691969871521,0.0656733837127685,0.0658263386249542
5011,1574,2,8,0.47,0.84,True,False,True,True,2.4915147161483766,2.4798247814178467,3.0456430435180666,3.069078962802887,20.162868845300945,20.15221597074729,16.4168944640075,16.291532682226716,0.3884716928005218,0.3829147815704345,0.9791418671607972,0.9903100419044496,0.0498893320322037,0.0496223354339599,0.0609128608703613,0.0613815792560577
8080,635,6,32,0.0,0.85,False,False,True,True,2.5219915771484374,2.5247668027877808,2.632028412818909,2.638617537021637,19.80490855783861,19.79249632135057,18.99511240616752,18.933419439958005,0.432010635137558,0.459098219871521,0.532477617263794,0.5516393399238586,0.0505639610230922,0.0505242037773132,0.0526451239585876,0.0528166671752929
4627,868,2,8,1.73,0.73,False,True,False,False,2.421919808387756,2.387023091316223,3.143140184879303,3.1727902722358703,20.673635582999417,20.93006073923611,15.907664741168606,15.759000311974804,0.3222586143016815,0.2467968463897705,1.1171503782272338,1.1214682960510254,0.048808247687305,0.0477781701087951,0.062862803697586,0.0634558054447174
4951,1077,2,32,0.44,0.75,True,True,True,True,2.53396269083023,2.5440436601638794,2.560845303535461,2.577184662818909,19.734131307362222,19.653770657459223,19.52486785131953,19.40122452704833,0.3861369371414184,0.4586184024810791,0.4679570078849792,0.4835289931297302,0.0506792538166046,0.0508808732032775,0.0512169060707092,0.0515436932563781
7283,940,1,8,1.37,0.74,True,False,True,False,2.490644270181656,2.4660234451293945,3.0944968819618226,3.1136515092849733,20.14373814677463,20.273381770787303,16.126442851490015,16.046413243200742,0.4860820400714874,0.4529366493225097,1.0461279273033142,1.0527717232704163,0.0500725822130839,0.0493257617950439,0.0620099575519561,0.0623192255973815
6196,1102,1,32,1.52,0.87,True,False,True,False,2.306487146615982,2.299906373023987,2.4430452823638915,2.447120864391327,21.537289355020025,21.721886287849863,20.46192037734897,20.25653750168,0.3506914055347442,0.3855831623077392,0.4733717203140258,0.4945749115943909,0.0465318036018048,0.0460365176200866,0.0488712682723999,0.0493829160269568
7902,1501,1,16,0.16,0.82,True,False,False,True,2.50274847984314,2.522953748703003,2.5812689065933228,2.59768905878067,19.93240609207062,19.815270485856885,19.364964210742105,19.18540076964624,0.4288354361057281,0.4457637071609497,0.5216826438903809,0.5505322170257568,0.0502164723987164,0.0504661297798156,0.0516396517753601,0.0521229724884033
6227,2026,5,16,1.76,0.85,False,True,True,True,2.444448027610779,2.467772960662842,2.7132849216461183,2.739799604415893,20.341296975548985,20.22794968451555,18.414075287708982,18.20516441514659,0.2410692775249481,0.2306957244873047,0.5238803505897521,0.5298608326911927,0.0493149929835753,0.049436547756195,0.0543062977790832,0.0549294756889343
4850,1130,3,16,0.93,0.74,True,False,True,True,2.448098255395889,2.476580619812012,2.596961236000061,2.6191353893280027,20.2964918141137,20.185220420256705,19.18832403114852,19.02565161395981,0.3703175783157348,0.4042545557022095,0.486862301826477,0.5006470441818237,0.0493954166776993,0.0495411992073059,0.0521150257587432,0.052583344257579
6063,1759,6,16,0.79,0.94,True,False,True,False,2.428477908372879,2.500322699546814,2.5420207500457765,2.5611789059638976,20.610704134429035,19.99664840731404,19.661005651416502,19.518131207518675,0.4066564452648162,0.4300448894500732,0.493291425704956,0.5152213740348816,0.0486827849116428,0.0500083804130554,0.0508620989322662,0.05123441324234
5036,980,3,16,0.79,0.73,False,True,True,False,2.3307102739810945,2.323678493499756,2.583813691139221,2.6025444531440733,21.44780494418369,21.51302773355229,19.345661885825507,19.20849102636812,0.2535736799240112,0.2343932390213012,0.4589116930961608,0.4624463438987731,0.0467148380458354,0.046483461856842,0.051691175699234,0.0520603148937225
6429,928,6,8,1.5,0.7,True,False,True,False,2.4738262462615968,2.455379009246826,3.198090958595276,3.2279747343063354,20.4218152323485,20.363456957946447,15.634327751797793,15.489589327305076,0.4832835865020752,0.4420658349990845,1.154983925819397,1.1583491420745848,0.0494765249252319,0.0491075801849365,0.0639618191719055,0.0645594946861267
4796,1989,3,16,1.95,0.85,True,False,True,True,2.3928431367874143,2.497019052505493,2.565769875049591,2.585852627754212,20.99472673633872,20.016072797166643,19.487329578994142,19.33598679229297,0.3801228380203247,0.4221302270889282,0.5053952813148498,0.5258831214904784,0.0479591073195139,0.0499598503112792,0.0513153975009918,0.0517170525550842
6550,194,4,16,0.35,0.91,False,True,True,False,2.3123764884471893,2.2908414602279663,2.53722289800644,2.561156158447265,21.614086848407933,21.82076456160665,19.706591766748208,19.522433969375,0.2224555826187133,0.2047231197357177,0.409736180305481,0.421033444404602,0.0463292652469692,0.0458279085159301,0.0507444579601287,0.0512231231689453
6315,1264,2,32,0.4,0.97,False,True,False,False,2.2620519161224366,2.3058701753616333,2.5425093293190004,2.56853862285614,22.045206432097626,21.65406478452145,19.571274224525688,19.409765934840788,0.2183651399612426,0.2127962112426757,0.4169101357460022,0.4221559524536132,0.0456041871809491,0.0461807060241699,0.0510952954292297,0.0515243600209553
5588,958,7,8,0.35,0.85,False,False,True,True,2.5245277535915376,2.515028476715088,2.6047406792640686,2.6119090127944946,19.8132594108372,19.880490609610195,19.19576962580143,19.143086776054265,0.4294481098651886,0.4302308559417724,0.5213883280754089,0.5433115601539611,0.0504905550718307,0.0503005695343017,0.0520948135852813,0.0522381802558898
4459,1659,3,8,1.85,0.92,False,True,True,False,2.4198624682426453,2.4157568216323853,2.9844294905662534,3.07871622800827,20.63082199967992,20.69082214129098,16.716260431330294,16.240535658436578,0.2778847205638886,0.251832365989685,0.3459476113319396,1.0932800769805908,0.0487915758689244,0.0483306074142456,0.0598219926357269,0.0615743245601654
5633,1721,6,8,0.6,0.79,True,False,True,True,2.4730546569824217,2.454354047775269,3.106597292423248,3.1386218523979186,20.201408982040206,20.370599587419093,16.087073836579034,15.92129088363596,0.3864637160301208,0.3674712181091308,0.9914645314216614,1.0002795052528382,0.0499115423108777,0.0490903568267822,0.0621617350578308,0.0628089774608612
5558,1920,1,16,0.47,0.87,False,False,False,False,2.552385340929032,2.555784225463867,2.638127362728119,2.6431754279136657,19.561713968519346,19.560249138688825,18.94985451135133,18.89405802387881,0.4457815277576447,0.4585845470428467,0.5121265411376953,0.5359214282035828,0.0511492698028683,0.0511240935325622,0.0527708537578582,0.0529267013072967
5291,587,5,8,1.23,0.74,False,True,True,True,2.4424657797813416,2.3953791856765747,3.120025062561035,3.12782338142395,20.5145466296036,20.867545492543147,16.02082632909815,15.96295474481219,0.3345195138454437,0.2555915117263794,1.0038241147994995,1.0472438549995422,0.0491968939159855,0.0479213047027587,0.0624187529087066,0.0626450446605682
7771,1303,7,8,1.5,0.91,False,False,True,True,2.555945018529892,2.551964521408081,2.7412013173103333,2.751970911026001,19.42717900020316,19.57124687349456,18.228506896387344,18.07468700147905,0.4586709892749786,0.4763636589050293,0.5573952317237854,0.579459044933319,0.0515412638391319,0.0510953760147094,0.0548591284751892,0.0553297046234732
4118,197,8,8,0.54,0.86,False,True,True,True,2.415600111484528,2.334314584732056,2.946214747428894,2.953442466259003,20.8273861568742,21.40122374395204,16.970928582616448,16.929396998231127,0.3044383263587951,0.2074121236801147,0.8617641806602477,0.8872337698936462,0.0483876193242914,0.0467263174057006,0.0589242949485778,0.05906884932518
6628,1539,5,8,0.84,0.73,False,True,True,True,2.438045642375946,2.3770830631256104,2.983667814731598,2.997170283794403,20.5215476698243,21.031282509752337,16.757897713779673,16.682402154630793,0.2998235702514648,0.2347569465637207,0.829635465145111,0.8574525165557861,0.0491484361366477,0.0475482177734375,0.0596733562946319,0.059943405675888
6743,1038,7,8,0.67,0.77,True,False,True,True,2.539287660121918,2.49954640865326,3.072753643989563,3.0951358556747435,19.73832887357088,19.998455378667234,16.27205368257502,16.154380101325092,0.4328712379932403,0.4218373298645019,1.029479730129242,1.0368549728393557,0.0509797100454569,0.0500038623809814,0.0614550728797912,0.0619027171134948
6015,452,5,16,1.5,0.77,False,False,False,False,2.514071741104126,2.5169670581817627,2.56414647102356,2.6405041813850403,19.88261870600269,19.86517854409144,19.49967797177295,18.93578036686378,0.4431658089160919,0.4500613212585449,0.5423468589782714,0.6436984944343567,0.0503105058810927,0.0503393411636352,0.0512829294204711,0.0528100836277008
6033,1602,3,32,0.96,0.92,False,True,False,False,2.3286863660812376,2.342566967010498,2.6287627458572387,2.6583050870895386,21.30280478314249,21.287199662538903,19.0203558776231,18.808977333187904,0.2461702466011047,0.2337386608123779,0.4252473711967467,0.4751704835891723,0.0470843070070187,0.0469765925407409,0.0525752549171447,0.0531661017417907
6447,514,6,16,1.47,0.8,True,False,False,True,2.449527064561844,2.466799736022949,2.5904574036598205,2.6007379508018493,20.358663561381828,20.265432151112265,19.28877132713997,19.21454137950022,0.37156658411026,0.4068726301193237,0.4986003875732421,0.5438933372497557,0.049223526751995,0.0493451118469238,0.0518436343669891,0.0520439191818237
4966,1976,4,32,1.94,0.8,False,True,False,True,2.3756070625782013,2.383848190307617,2.514162039756775,2.535699188709259,21.070284038575373,20.97449017912905,19.88735029636139,19.718427260740373,0.2987184417247772,0.278778076171875,0.4352345466613769,0.4455118513107299,0.047512141251564,0.0476769638061523,0.0502832407951355,0.0507139837741851
5993,1612,8,32,1.04,0.99,True,False,True,False,2.301125785112381,2.2142772674560547,2.560888791084289,2.5873888158798217,21.728346384184974,22.5784946875438,19.45511477244147,19.30884414879531,0.385560405254364,0.4075418710708618,0.5413930058479309,0.5460945987701415,0.0463289190268316,0.0442899322509765,0.0514003670215606,0.0517898555006299
5949,1053,1,32,1.44,0.94,False,True,True,False,2.2871038341522216,2.2657238245010376,2.4730913639068604,2.489905846118927,21.843137273484736,22.06263903049476,20.21761538032692,20.08108081189664,0.2399377799034118,0.2337933778762817,0.4681476593017578,0.4705998992919921,0.0458303019538521,0.045325493812561,0.0494618272781372,0.0497981169223785
6482,113,1,8,0.98,0.74,True,False,False,True,2.481755477190018,2.464824795722961,3.084346282482147,3.1161013984680177,20.17002001072366,20.28226582771837,16.201456162068887,16.020793623131638,0.3939910757541656,0.3836030960083008,0.9260667443275452,1.0235567450523375,0.0499546931924242,0.0493041563034057,0.0617228634357452,0.0624188804626464
4340,1518,6,32,0.48,0.91,False,True,True,False,2.285244827270508,2.3195645809173584,2.428007423877716,2.444410836696625,21.82138448526776,21.545483051649423,20.55389308607997,20.452246037710125,0.2480474495887756,0.2387924194335937,0.3474852681159972,0.3685417532920837,0.0458930250585079,0.0464134407043457,0.0486525835990905,0.0488943892478942
5363,70,5,16,1.01,0.84,False,False,False,False,2.5214914262294768,2.549319624900818,2.6246031641960146,2.66510094165802,19.6412506797806,19.59748396411084,19.03422613226795,17.127933298885747,0.4630188310146332,0.4686135053634643,0.5814866542816162,0.6082522773742675,0.0510201631785193,0.0510269618034362,0.0525369436740875,0.0584006606559824
7805,1036,2,32,0.77,0.73,False,True,True,True,2.334159082174301,2.361530542373657,2.4999256849288938,2.517891523838044,21.27551998153277,21.16823543737289,19.962221793584785,19.7894967970748,0.2623195815086365,0.2444880008697509,0.4515242576599121,0.4572246193885803,0.0470649778880324,0.0472405934333801,0.0500946242809295,0.0505363006507648
4774,1149,2,8,0.82,0.99,True,False,True,True,2.666326031684876,2.4272375106811523,4.972173500061035,5.0025084948539735,19.69310591031058,20.592850684506423,10.055964472209205,9.994985526052815,0.565860321521759,0.3523063659667969,2.775189185142517,2.922188165187836,0.053389685003381,0.0485605430603027,0.0994434700012207,0.1000501698970794
5745,1484,7,8,0.18,0.82,False,True,False,True,2.3947416281700136,2.323124408721924,2.974298858642578,2.996259801387787,20.95701788617744,21.49838356269157,16.81068459628671,16.687471677665,0.3027151417732239,0.242270827293396,0.861944019794464,0.8845331096649169,0.0480248693227768,0.0465151500701904,0.0594859771728515,0.0599251960277557
5312,1225,3,32,1.33,0.78,True,False,True,True,2.434766156673432,2.462802290916443,2.590180850028992,2.62018675327301,20.49821694215849,20.291834459611863,19.29948993152016,19.082609431211843,0.3460517978668213,0.3903181552886963,0.5186622023582458,0.5235247373580931,0.0488668586647419,0.0492809152603149,0.0518148536267487,0.0524037350654602
6551,1415,3,32,0.81,0.84,True,True,False,True,2.508310854434967,2.5116448402404785,2.544602119922638,2.5516936707496645,19.936153364663923,19.90727334544248,19.64944988428502,19.59486897081733,0.4201879858970642,0.4816988706588745,0.4914137959480286,0.4973166871070861,0.0501662170886993,0.0502328968048095,0.0508920423984527,0.0510338734149932
5947,1683,6,8,1.15,0.85,True,True,True,True,3.0964200019836428,3.100993514060974,3.129853439331055,3.1373035812377927,16.148979303208957,16.123920106995833,15.975196347579969,15.937276702259728,0.9457774519920348,0.8818808794021606,1.033898949623108,1.049186635017395,0.0619284000396728,0.0620198702812194,0.0625970687866211,0.0627460716247558
6278,1120,2,16,0.3,0.93,False,False,False,False,2.4468035566806794,2.513419985771179,2.5640921354293824,2.5727128338813783,20.411433391182698,19.87395975274312,19.472349021516344,19.42195235805122,0.4346792447566986,0.4490553140640259,0.5025801062583923,0.527747266292572,0.04913487887663,0.0503170990943908,0.0513548724651336,0.0514881300449371
6681,867,6,16,1.23,0.97,False,True,False,False,2.3350376224517824,2.356500625610352,2.5724576234817507,2.6038913917541504,21.213506383582857,21.214843693002464,19.265738100501427,18.552903793567403,0.2564621198177337,0.2415781021118164,0.3724852085113525,0.499967725276947,0.0472755808472633,0.0471368074417114,0.0519056158065795,0.053902816933744
7431,1570,2,16,1.48,0.71,False,False,True,True,2.537481583356857,2.5576754808425903,2.712528812885284,2.728810324668884,19.57910154189157,19.49062816122969,18.409183079677483,18.0244493484774,0.4356490886211395,0.4671922922134399,0.5435634851455688,0.5684006190299987,0.0511893233660195,0.0513067269325256,0.0543207173347473,0.0554961812920039
5652,1084,2,8,1.28,0.98,False,False,True,False,2.5523046922683714,2.577884554862976,2.652353775501251,2.709216182231903,19.34418718865351,19.386378243832013,18.634376877160893,14.480389154795068,0.4654357993602753,0.4760600328445434,0.556446087360382,0.5642107677459717,0.0518235515297558,0.0515826106071472,0.0536642580032348,0.0690590011127411
5742,753,8,32,0.95,0.82,False,False,False,True,2.5165403389930727,2.527434825897217,2.674921143054962,2.6961572408676147,19.84214976051583,19.739091039675746,18.66933372093577,18.53045577410585,0.4444191300868988,0.4609502553939819,0.5284826874732971,0.5566427040100097,0.0504660262060302,0.0506609010696411,0.0535637779235839,0.0539652171134948
6099,710,2,16,0.64,0.72,True,False,True,True,2.447692174911499,2.4733731746673584,2.5546881198883056,2.570890579223633,20.45949500601728,20.215308245511075,19.571860931418342,19.448513624387395,0.3662866139411926,0.4019771814346313,0.5090892791748046,0.5472352838516235,0.0489538434982299,0.0494674634933471,0.0510937623977661,0.0514178115844726
6646,1524,7,16,1.72,0.93,True,False,True,True,2.4550523006916047,2.480640172958374,2.568568801879883,2.592984063625336,20.32413353432779,20.1473395846206,19.422282431070062,19.246618320891912,0.3687538552284241,0.4033149480819702,0.4900113940238952,0.5033236241340636,0.0492960745811462,0.0496343517303466,0.0514872548580169,0.0519571793556213
4450,215,2,8,1.38,0.71,False,False,True,True,2.579495152235032,2.579180359840393,2.659038662910461,2.685509212017059,19.390267009195185,19.386003701900595,18.80378826643197,18.618443086364945,0.4654244601726532,0.4883338212966919,0.5537035584449768,0.5818016815185546,0.0515899030447006,0.0515836071968078,0.0531807732582092,0.0537101842403411
7358,679,7,32,0.49,0.97,False,True,False,True,2.29024800658226,2.3427408933639526,2.552525007724762,2.5769923162460326,21.755747710541304,21.33610930772727,19.574916104391026,19.32913258444154,0.2545597445964813,0.2323876619338989,0.4575970649719238,0.4664876961708069,0.0462028782248497,0.0468689012527465,0.0510858051776886,0.0517408906102179
6628,1335,1,16,0.63,0.86,False,True,True,True,2.3088379740715026,2.3218997716903687,2.465324640274048,2.4853782486915588,21.534815155856947,21.5183488873234,20.258193206796232,20.064675984664746,0.2399126815795898,0.2228188514709472,0.4221012115478516,0.427196409702301,0.0465057940021912,0.0464719676971435,0.0493627536296844,0.0498388312339782
6920,764,3,32,0.37,0.75,True,False,False,True,2.467727971076965,2.483445167541504,2.552377128601074,2.564777135848999,20.276657092278864,20.13332647710308,19.589581586643284,19.49487128723436,0.39226646900177,0.4179702997207641,0.4931446313858031,0.5190396070480345,0.0493545594215393,0.04966890335083,0.0510475425720214,0.0512955427169799
6959,133,7,32,0.01,0.73,False,False,True,True,2.507775014638901,2.515926003456116,2.5509098410606383,2.5617346286773683,19.94183608937944,19.87339847947905,19.600849805215702,19.518025441787653,0.4396105885505676,0.4488494396209717,0.5087412834167481,0.5261332178115845,0.050155500292778,0.0503185200691223,0.0510181968212127,0.0512346925735473
5254,658,3,16,1.43,0.84,False,False,True,True,2.543966680765152,2.5514700412750244,2.6109779715538024,2.631918451786041,19.663180864632103,19.596546028082564,19.14991262691341,18.9975531075568,0.48561004281044,0.4924043416976928,0.566157341003418,0.6070826339721679,0.050879333615303,0.0510294008255004,0.052219559431076,0.0526383690357208
7280,1581,7,16,0.16,0.81,False,False,True,False,2.4936066579818728,2.5345367193222046,2.6125683307647707,2.628494629859924,19.88143480690723,19.721705363219176,19.122074778046937,18.85801080757682,0.39567302942276,0.4235731363296509,0.4870535492897033,0.5034677076339721,0.0504104233630863,0.050705554485321,0.0522955811023712,0.0530507389502228
8138,1331,4,8,0.44,0.72,False,True,True,False,27.254572999407674,22.4143180847168,59.92167317867279,59.95564754009247,10.297089806735077,2.230716982377996,0.8344226667906965,0.833949795417551,16.05943084599679,0.2736289501190185,57.8061158657074,57.82609779834748,0.5450914599881536,0.4482863616943359,1.1984334635734557,1.1991129508018494
6882,798,6,16,0.36,0.97,False,True,True,True,2.3381005728244784,2.345082521438598,2.5349981665611265,2.553922004699707,21.352130596021084,21.31728373052184,19.72389225959765,19.577733413974688,0.2393731236457824,0.2248971462249755,0.4508819460868835,0.4568785953521728,0.0468933189426149,0.0469102931022644,0.0506999633312225,0.0510784400939941
4392,652,7,32,0.65,0.86,True,False,False,True,21.70020611304089,2.6835782527923584,59.90856070518494,59.92854825019836,13.029239219595029,18.631839763932067,0.8344709199803363,0.8342791210511743,15.454600543904125,0.4883925914764404,57.72848134040832,57.74507069587708,0.4409750813264979,0.0536715650558471,1.1983641109466552,1.1986396110534667
5421,858,7,32,0.03,0.84,True,True,False,True,2.5346052289009093,2.5472891330718994,2.5591349244117736,2.560290424823761,19.72877758633876,19.62871013874572,19.537852561379488,19.529035546045463,0.4053547382354736,0.4717915058135986,0.4818943500518798,0.4847913455963135,0.0506921045780181,0.0509457826614379,0.0511826984882354,0.0512058084964752
5845,759,6,16,1.39,0.82,True,True,False,True,2.4891791105270387,2.490516424179077,2.495756685733795,2.495946037769317,20.08703490394509,20.07615763457534,20.03400423986667,20.03248440473712,0.4447651505470276,0.4446134567260742,0.4507954120635986,0.4532995700836181,0.0497835822105407,0.0498103284835815,0.0499151337146759,0.0499189207553863
5520,566,4,32,0.95,0.81,False,True,True,True,2.360465461015701,2.372682213783264,2.5941216111183167,2.6222395300865173,21.12531701859273,21.067071811072218,19.25868738755952,19.005678831487145,0.25688441157341,0.2436864376068115,0.455220103263855,0.4656488323211669,0.0474346666239403,0.0474674415588378,0.0519246292114257,0.0526158583164215
7940,1085,2,8,0.3,0.87,False,False,False,False,22.459483325124506,2.819597244262696,60.20818135738373,60.24873573303223,11.431880873462465,17.733029106103643,0.8304519326349913,0.8298929328834088,20.39084473341525,0.6339700222015381,57.94772560596466,57.95370156288147,0.4528324991130796,0.0563919448852539,1.2041636271476746,1.2049747146606444
4047,1490,6,8,0.4,0.96,False,True,True,True,7.608083120801232,2.333001613616944,59.651128232479095,59.67546832561493,19.06788628908056,21.431618536636584,0.8382071150271738,0.8378652330584799,5.51134073192423,0.2317146062850952,57.71792858839035,57.74575001001358,0.1521616624160246,0.0466600322723388,1.1930225646495818,1.1935093665122984
5713,1125,8,8,0.23,0.95,False,False,True,False,26.633539090080863,13.764333009719849,59.789290523529054,59.82725103378296,10.225683352309384,3.632577035493976,0.8362701678506249,0.8357395523961492,14.21768920005314,0.4793376922607422,57.68266296386719,57.771477699279785,0.5332143170873347,0.2752866601943969,1.195785810470581,1.1965450206756594
6045,527,6,32,0.71,0.78,True,False,False,False,21.084941174532915,2.622924327850342,60.01788885593415,60.06459016561508,11.989092391627702,19.062693740972897,0.8330849514201565,0.8324372158153281,17.900173639928973,0.5395493507385254,57.81586751937866,58.065177047252654,0.4216988234906584,0.0524584865570068,1.2003577771186829,1.2012918033123017
5549,1448,7,32,1.68,0.82,True,True,True,True,3.3654910723368325,3.042384147644043,4.530908346176148,4.913022375106812,15.386417210773686,16.435867197949634,11.52208186264816,10.29075831846912,1.2574113607406616,0.916582465171814,2.472472310066223,2.8706592798233035,0.0673098214467366,0.0608476829528808,0.0906181669235229,0.0982604475021362
4325,1395,8,8,0.84,0.85,False,False,False,True,24.579783989624545,2.6753382682800293,59.97557407617569,59.99846678972244,10.888059655584042,18.68922989156458,0.833662539919888,0.8332631928926113,13.092833290045911,0.4745752811431885,57.85358428955078,57.885707318782806,0.5045138229947675,0.0535067653656005,1.1995261299610138,1.200101010799408
5480,1582,1,8,1.7,0.87,False,True,False,True,12.854837613446373,2.3848047256469727,56.60618971586227,60.01429700613022,15.842241121331485,20.96207871618057,0.8832956384375866,0.8331348163105676,10.792337890182225,0.2679640054702759,54.56753470897674,57.88842878341675,0.2573355069519979,0.0477051925659179,1.1321237943172455,1.2002859401226045
5022,1066,3,16,0.01,0.73,True,False,False,False,2.372934784889221,2.3781673908233643,2.4863746643066404,2.508801326751709,21.055253810703103,21.0065968995486,20.10013103420792,19.92522767464201,0.2878820395469665,0.3227579593658447,0.4615612745285033,0.5049681544303893,0.0475494574531912,0.0476040935516357,0.0497509231567382,0.0501876343250274
7641,547,7,32,0.25,0.79,True,False,True,False,22.58598200012656,2.536018848419189,60.0050304889679,60.02936758041382,11.577494308043738,19.71594179245441,0.8332634727765023,0.832925680258675,16.568594433902916,0.4742443561553955,57.83120546340943,57.85311899185181,0.4517196400025311,0.0507203769683837,1.2001006097793578,1.2005873516082763
7971,524,2,8,1.08,0.74,False,False,False,False,23.363262748718263,2.629542589187622,59.78626447916031,59.981436150074,11.1647317340271,19.006748707654708,0.836312494859195,0.8335912555357101,15.109620839357376,0.4919482469558716,57.79968034029007,58.19912704706192,0.4673448986724804,0.0526128911972045,1.1957252895832062,1.1996287230014802
7316,1802,1,8,1.36,0.98,True,True,False,True,2.871837472915649,2.8767518997192383,2.895103800296784,2.896859428882599,17.411374974775665,17.380727883429817,17.270538453876757,17.26007289034909,0.998617970943451,1.080846905708313,1.0889501690864565,1.0926649117469789,0.0574367494583129,0.0575350379943847,0.0579020760059356,0.0579371885776519
6607,940,7,16,1.35,0.73,True,False,True,True,2.495935672521591,2.515707015991211,2.581571567058563,2.599270339012146,20.05593011970672,19.87512851566855,19.36805032331247,19.236167648503617,0.4091581070423126,0.4350481033325195,0.5008555054664612,0.5168734431266784,0.0499187134504318,0.0503141403198242,0.0516314313411712,0.0519854067802429
5409,1461,6,8,1.31,0.92,False,True,True,False,2.3377394139766694,2.3838967084884644,2.9886040568351744,3.010657021999359,21.64006819839684,20.97406311769289,16.73021941469971,16.60767063377837,0.2908365118503571,0.246240496635437,0.967529296875,0.9701402640342712,0.0467547882795333,0.0476779341697692,0.0597720811367034,0.0602131404399871
5787,783,6,16,0.89,0.76,True,True,True,False,2.5129945993423464,2.514940619468689,2.546971106529236,2.547721629142761,19.89902640246321,19.88119354320954,19.63116119721116,19.62537844969636,0.4156069755554199,0.4159582853317261,0.4220593333244324,0.4337145400047302,0.0502598919868469,0.0502988123893737,0.0509394221305847,0.0509544325828552
6377,1591,3,16,1.5,0.8,True,True,False,True,2.601845359802246,2.607043743133545,2.6354156732559204,2.63730194568634,19.21956560379056,19.17881143708759,18.972339965965865,18.95877220309763,0.4244126796722412,0.4175179004669189,0.4686572313308715,0.4697911691665649,0.0520369071960449,0.0521408748626709,0.0527083134651184,0.0527460389137268
6233,1890,1,16,0.39,0.7,False,True,False,True,2.277708421945572,2.2704581022262573,2.615837240219116,2.642574384212494,22.06782180008472,21.977716220316907,19.114340563878045,18.92094337435184,0.2405594456195831,0.224761962890625,0.3931021571159362,0.5114022660255432,0.0455876936690751,0.0455007934570312,0.0523167448043823,0.0528514876842498
7791,457,1,32,1.26,0.86,True,True,True,False,2.5526768803596496,2.56108558177948,2.5826008439064028,2.5877325558662414,19.58975912686888,19.523161855755298,19.360334491738072,19.321955185775742,0.4693065047264099,0.4677509069442749,0.4845213890075683,0.4894970893859863,0.0510535376071929,0.0512217116355896,0.051652016878128,0.0517546511173248
6340,298,5,32,0.58,0.93,False,True,True,True,2.3308032870292665,2.3393595218658447,2.506525790691376,2.5163796043395994,21.39754991301677,21.367456155691485,19.944846951331265,19.860561320068506,0.2546997272968292,0.2454469203948974,0.4803409576416015,0.4844931316375732,0.0468021649423398,0.0468001437187194,0.0501382639408111,0.0503510771274566
5139,939,3,16,1.01,0.71,False,True,True,False,2.3199691009521484,2.317754030227661,2.542165076732635,2.565295412540436,21.582341845513746,21.572608397523563,19.66828311079265,19.49093263362933,0.250314199924469,0.2341037988662719,0.4958186388015747,0.5018053126335144,0.0463993820190429,0.0463550806045532,0.0508433015346527,0.0513059082508087
4236,1919,6,8,0.71,0.91,False,False,True,True,24.48789449419294,2.7315527200698853,60.251112604141234,60.28074917078018,11.859357460263183,18.284251953578373,0.8298601953962612,0.8294521997349373,17.25472022124699,0.532004714012146,57.94950737953186,57.959616136550906,0.4904089947502065,0.054691891670227,1.2050222520828249,1.2056149834156036
4672,193,2,16,0.66,0.94,True,True,True,False,2.512853181362152,2.528975367546081,2.54161833524704,2.545162389278412,19.900737374714872,19.77085307090145,19.672508373262005,19.64512208399977,0.4424001932144165,0.4461932182312011,0.4508418679237366,0.4540557789802551,0.050257063627243,0.0505795073509216,0.0508323667049408,0.0509032477855682
6810,631,2,8,1.95,0.84,False,False,True,True,7.306156699521554,2.6160099506378174,55.47938952445984,55.51347909927368,16.39575782000037,18.99600053116105,0.90123562698478,0.9006821554056652,4.035357217096911,0.507148027420044,53.40850982666016,53.4533076953888,0.1464245573521573,0.0526426601409912,1.1095877904891969,1.1102695819854735
5384,1798,6,32,1.99,0.85,True,False,False,False,23.7248221591115,2.5498762130737305,59.87984073162079,59.9107563328743,12.770562789206082,19.608799643996623,0.8350055609549714,0.8345746752088605,15.464267651736735,0.5054373741149902,57.833206713199615,57.85488259792328,0.47449644318223,0.0509975242614746,1.197596814632416,1.198215126657486
5011,1758,3,16,0.53,0.76,True,False,True,True,25.624113036490776,12.239651441574097,59.8126247882843,59.827536792755126,10.775362662453167,3.692682348940621,0.8359439195550157,0.8357355605882145,14.040352533959052,0.4409887790679931,57.74799485206604,57.77970316886902,0.5150508362310681,0.2708058547973633,1.196252495765686,1.1965507358551026
5319,1056,1,16,0.74,0.81,False,True,True,True,29.40440537100253,15.791248202323914,60.01339949369431,60.03200588941574,10.030207991550045,3.166310818406382,0.8331472708279238,0.8328890480588956,17.088179448376533,0.2954599857330322,57.86214718818665,57.88053307056427,0.5884813242759444,0.3158249640464783,1.200267989873886,1.2006401177883148
6968,953,2,8,0.29,0.87,False,True,False,False,23.95059814808532,3.1000983715057373,59.882413148880005,59.890924263000485,11.216022902217787,16.128520455857238,0.8349658147289565,0.8347787004369073,18.04493393364901,0.9853708744049072,57.77021765708923,57.80236883163453,0.4942061189353835,0.0620019674301147,1.197653822898865,1.197922282218933
4322,1123,5,16,0.56,0.85,True,False,True,True,19.63454078620588,2.6403859853744507,59.90198302268982,60.03036417722702,12.374311838192344,18.93662528147276,0.8346969078722275,0.8329132137470195,17.56221984641653,0.6028697490692139,57.8123685836792,57.831564891338346,0.3926908157241177,0.052807719707489,1.1980396604537964,1.2006072835445405
4579,494,6,8,0.07,0.97,True,False,False,True,7.975207013350267,2.5229525566101074,59.808162808418274,59.82746830940246,16.94336108575754,19.80953244579458,0.8360062849701911,0.8357365173584509,4.828982855723455,0.426875352859497,57.723589706420896,57.75937990665436,0.1600077255830257,0.0504807472229003,1.1961632561683655,1.1965493661880493
5963,510,6,32,1.35,0.7,True,False,True,True,22.834976122412883,2.776230812072754,59.71836347579956,60.148281562328336,12.57846497555269,17.83493159246728,0.8372633992481422,0.8312789446922845,13.715484953262436,0.4819211959838867,57.57837316989899,57.79583767175674,0.4568355899817111,0.0560742092132568,1.1943672695159913,1.2029656312465669
8082,1642,4,16,1.86,0.77,True,False,True,False,5.272429541537636,2.200134038925171,9.65963544845571,43.830739002227794,19.537026727536706,22.72588811199269,9.253631704047368,2.614471147387753,3.347631015275654,0.3374552726745605,7.621534466743368,41.81656744480134,0.1054485908307527,0.0440026807785034,0.1931927089691141,0.8766147800445561
5256,958,8,16,1.55,0.73,True,True,True,False,2.623735511302948,2.6320457458496094,2.6612945795059204,2.6659785509109497,19.059322742715192,18.99663628705595,18.78785351155711,18.754855010403546,0.4875243186950683,0.5001856088638306,0.5071076154708862,0.5217248678207397,0.0524747102260589,0.0526409149169921,0.0532258915901184,0.0533195710182189
4688,1535,5,16,0.95,0.72,False,False,False,False,2.5512931430339814,2.579831123352051,2.6374786019325254,2.666014184951782,19.48740901930129,19.379808853112657,18.847824097416773,18.665367796190026,0.448851432800293,0.4474660158157348,0.5360296487808227,0.560136375427246,0.0513771107320984,0.0516000962257385,0.053056541442871,0.0535751643449068
4115,614,3,32,0.92,0.89,True,True,False,False,2.343798875808716,2.343798875808716,2.343798875808716,2.343798875808716,19.626257387007207,19.626257387007207,19.626257387007207,19.626257387007207,0.4806070327758789,0.4806070327758789,0.4806070327758789,0.4806070327758789,0.0509521494741025,0.0509521494741025,0.0509521494741025,0.0509521494741025
7842,729,7,16,0.39,0.85,True,False,True,False,2.4197048389911653,2.441652536392212,2.53720942735672,2.5495382714271546,20.66908965494765,20.473671980754045,19.69680823028844,19.577037277248817,0.3603733336925506,0.3901182413101196,0.4939854621887207,0.515859191417694,0.0484555826174585,0.0488432168960571,0.0507696471214294,0.0510802525520324
4447,627,1,16,1.65,0.77,False,True,False,True,2.3025511944293977,2.298429489135742,2.5792804479599,2.594476029872894,21.592337142654568,21.746319623416145,19.38376077146928,19.26053323343685,0.2322626459598541,0.206074833869934,0.5406096339225769,0.5428678750991821,0.0463945442946333,0.0459847927093505,0.0515895762443542,0.0519197004795074
8014,742,7,16,1.7,0.7,False,False,True,False,2.544083979129791,2.5597044229507446,2.6405640482902526,2.775141260623932,19.57921974795408,19.522031321699902,18.89820714688285,17.920959916011146,0.4811214745044708,0.4992690086364746,0.5643497347831725,0.583345227241516,0.051115196540883,0.051224181652069,0.0529150881767272,0.0558006321983952
7831,403,4,32,1.7,0.75,False,False,False,True,2.573830733299255,2.561635971069336,2.664910447597504,2.809809849262237,19.341713999434788,19.511366409105523,18.5663905863885,17.794799500431076,0.487732640504837,0.4905189275741577,0.5746527791023255,0.636487100124359,0.0517329571700176,0.0512521767616272,0.0538607814311981,0.0561961969852447
7652,214,2,8,1.05,0.85,True,False,False,True,2.51894674897194,2.5048718452453613,3.09435625076294,3.110946853160858,19.883919334716328,19.957238275612823,16.155219262805623,16.064025557847167,0.4032018446922302,0.3887015581130981,0.9827393770217896,0.9898969078063964,0.0506087881873636,0.0501071333885192,0.0618995056152343,0.0622508982181549
7662,1698,8,8,0.3,0.73,True,True,True,False,3.04507269859314,3.0514227151870728,3.0711103558540342,3.072583315372467,16.42100664968955,16.385801907716868,16.280756844186907,16.27295273416798,0.9752808809280396,0.9741071462631226,0.9801316499710084,0.9831326532363892,0.0609014539718628,0.0610284543037414,0.0614222071170806,0.0614516663074493
8082,1888,1,32,1.55,0.82,True,False,False,False,2.4335613119602204,2.45706307888031,2.520841634273529,2.5294955563545227,20.56753096305238,20.34950009008132,19.83464543877164,19.766787047670093,0.3865087449550629,0.4191619157791137,0.4888180732727051,0.5149383044242859,0.0486712262392044,0.0491412615776062,0.0504168326854705,0.0505899111270904
5202,1090,5,32,1.75,0.79,False,True,True,True,2.4067411279678343,2.3703001737594604,2.8307384848594666,2.8509206318855287,20.83174954713455,21.08497997023464,17.66323641043782,17.538194713667508,0.3181079041957855,0.2620794773101806,0.7441216707229614,0.7617959356307983,0.0482234197905569,0.0474271297454833,0.0566147696971893,0.0570184126377105
6506,787,1,32,1.34,0.89,False,True,False,True,2.359447743892669,2.3564082384109497,2.594719886779785,2.603107933998108,21.22039492008324,21.21873419125694,19.269902878697525,19.20780900417244,0.2752054810523986,0.2600092887878418,0.5643722414970398,0.5664825487136841,0.0471889548778534,0.0471281647682189,0.0518943977355957,0.0520621586799621
6093,1781,5,16,1.11,0.9,False,True,True,True,2.3414338970184327,2.334135770797729,2.592399084568024,2.613111262321472,21.34625975265083,21.421205313476136,19.28716008987174,19.13427959305457,0.253273936510086,0.235828161239624,0.5392748832702636,0.5434148812294006,0.0469213587125142,0.0466827154159545,0.0518479816913604,0.0522622252464294
5769,436,7,16,1.86,0.78,False,False,False,False,2.6104642057418825,2.612099528312683,2.843492293357849,2.867794635295868,19.10338075198429,19.139359817788115,17.53357125744873,17.373519392144765,0.5307903301715851,0.5297802686691284,0.6665938138961791,0.7794903469085693,0.0524801787217458,0.052248351573944,0.0570334491729736,0.0575588617801666
7410,668,8,8,1.05,0.98,True,True,True,True,3.095588386058808,3.105209231376648,3.1263325929641725,3.1277687692642213,16.153190556143493,16.10197719066867,15.99318030966297,15.985837348730575,1.0149425864219666,1.0151946544647217,1.0212748050689695,1.0213654041290283,0.0619117677211761,0.0621041846275329,0.0625266518592834,0.0625553753852844
5934,391,7,32,0.1,0.76,True,True,False,True,2.4827530145645142,2.491485118865967,2.51300984621048,2.514496576786041,20.141122738924448,20.068358697053583,19.896460618155626,19.884697844194463,0.4294482350349426,0.4295448064804077,0.4402825355529785,0.441546573638916,0.0496550602912902,0.0498297023773193,0.0502601969242095,0.0502899315357208
6626,1028,1,8,1.45,0.91,True,False,True,True,2.589432730674744,2.5431935787200928,3.155830788612365,3.187771971225738,19.416370373047485,19.660321016876168,15.8436937499785,15.684936245718411,0.4867206108570099,0.4600876569747925,0.9315061688423126,1.1054777121543884,0.0518424256019103,0.0508638715744018,0.0631166157722473,0.0637554394245147
4692,1489,4,8,1.39,0.89,True,False,False,False,2.4642780876159667,2.451056718826294,3.053936398029327,3.0782393765449525,20.253311075385223,20.32883420388669,16.309517145582156,16.231948989508847,0.4095486485958099,0.3917816877365112,0.9907353401184082,0.998290195465088,0.04974697132861,0.0491912126541137,0.061313894033432,0.0616069007396698
4797,1534,2,32,0.71,0.83,False,True,False,False,2.3211626410484314,2.3136836290359497,2.578930103778839,2.6036903262138367,21.54650926137745,21.61056057786087,19.387885660544427,19.203512605406875,0.2586650681495666,0.2387140989303589,0.4391273379325867,0.4642516207695007,0.0464868793421321,0.0462736725807189,0.0515786020755767,0.0520738065242767
5660,374,6,32,1.0,0.95,False,False,True,False,2.549548054933548,2.5413650274276733,2.7533937096595764,2.764191327095032,19.63302997388865,19.674466874608367,18.159408151722285,18.08847314612016,0.4791868305206299,0.4738525152206421,0.6784579396247863,0.7163327169418334,0.0509909610986709,0.0508273005485534,0.0550678741931915,0.0552838265419006
7831,586,8,8,1.11,0.92,False,True,False,False,2.4139665508270265,2.3379164934158325,2.9910727977752685,3.011693594455719,20.843003055888968,21.38656429064332,16.71641029269584,16.601954744272707,0.2741943979263305,0.2376487255096435,0.4092867732048031,0.9534330129623412,0.0482793310165405,0.0467583298683166,0.0598214559555053,0.0602338718891143
6124,731,5,16,1.95,0.89,False,True,True,False,2.284341468811036,2.3136390447616577,2.533980393409729,2.563394947052002,21.8869708927631,21.608691226531825,19.73180732396,19.50538291841633,0.2573333299160004,0.2399241924285888,0.5566297888755798,0.5594582843780518,0.0458370453119277,0.0462776756286621,0.0506796078681945,0.05126789894104
4485,1235,2,8,1.51,0.74,True,True,False,True,3.095116305351257,3.1082717180252075,3.120457208156586,3.123291690349579,16.15563243083601,16.086112174381707,16.02329404113433,16.008754845113668,0.9721063137054444,1.0300681591033936,1.0386935234069825,1.0387130928039552,0.0619023261070251,0.0621654343605041,0.0624091441631317,0.0624658338069915
4976,1412,5,32,0.12,0.9,False,False,True,True,2.520093950033188,2.5379433631896973,2.671146500110626,2.681536586284637,19.735788298719047,19.69782884151881,18.710588360132995,18.55311249986321,0.4338913905620575,0.434383749961853,0.5672251343727112,0.6119220995903014,0.0507444672514994,0.0507670164108276,0.0534456737041473,0.0538993165493011
4547,1788,1,32,1.06,0.87,True,False,False,True,2.410101759433746,2.440898895263672,2.4916314005851747,2.506423044204712,20.704806968424265,20.477998398827737,20.048159795756487,19.909270337201846,0.3368865585327148,0.3766417503356933,0.4598346710205077,0.4886430239677429,0.0483542913706489,0.0488328981399536,0.0498798916339874,0.050227900587885
4186,1675,2,8,1.7,0.91,False,True,True,False,2.390894286632538,2.348305106163025,3.11050752401352,3.1446650338172915,21.057123071556685,21.29033642616144,16.07454834985288,15.899944780233929,0.299016261100769,0.2415786981582641,1.0845644354820252,1.0868363928794862,0.047898162311246,0.046969666481018,0.0622101504802703,0.0628933006763458
5562,1479,3,8,0.88,0.76,False,True,True,True,2.4594266963005067,2.362563252449036,2.901426100730896,2.9375604224205016,20.405006004475,21.162984699777752,17.21695268634218,16.98603184539823,0.3486807322502136,0.2386869192123413,0.8077872395515442,0.8576249289512634,0.0494884851061779,0.0472523140907287,0.0580823097229003,0.0588719018936157
6450,1646,7,32,0.12,0.76,False,True,True,True,2.2048769068717955,2.1587120294570923,2.57136492729187,2.591867411136627,22.655174941080283,23.03685181147212,19.38871470328684,19.291111094339666,0.2501188731193542,0.2285815477371215,0.4857596278190612,0.4929751467704772,0.0444337227539104,0.0434087109565734,0.05157639670372,0.0518373482227325
6028,2032,4,8,1.9,0.99,True,True,True,True,3.069677972793579,3.080619692802429,3.0983704209327696,3.1048951840400694,16.289460915266456,16.230500729811,16.137521147106703,16.103622173972088,1.0220450401306151,1.0224286317825315,1.0259978890419006,1.0280746006965638,0.0613935594558715,0.0616123938560485,0.0619674084186554,0.0620979036808013
6711,307,8,16,1.53,0.7,False,False,False,False,2.524910615682602,2.5393528938293457,2.5955051302909853,2.611612105369568,19.755804355241555,19.68762045691939,19.260419976288368,18.89821515458835,0.469232474565506,0.4880481958389282,0.5625415325164794,0.5728342938423157,0.0506444148302078,0.0507933402061462,0.0519199478626251,0.0529154983520507
7043,1786,3,16,0.57,0.95,False,True,True,True,2.3398712515831,2.339448928833008,2.54457243680954,2.5761995983123778,21.38291064146172,21.37228779785506,19.55662976549053,19.40843409023355,0.236026611328125,0.2283906936645507,0.4066549181938171,0.4164485716819763,0.0468332837210145,0.0467895627021789,0.0511335551738739,0.0515239919662475
4250,717,2,8,1.8,0.89,False,False,True,True,2.566398561000824,2.562130093574524,2.6748888731002807,2.6876360058784483,19.44139023131289,19.513183779394424,18.689823893305043,18.5795701765447,0.4612215149402618,0.4506158828735351,0.6226879358291626,0.6496562790870667,0.0514636793180748,0.0512474036216735,0.0535050520896911,0.0538225666522979
6848,276,2,16,1.78,0.98,False,False,True,False,2.5584042501449584,2.5605558156967163,2.620672821998596,2.6400365447998047,19.54784875107905,19.52701045270178,19.07907048283749,18.939132012044823,0.4556999051570892,0.4253383874893188,0.6050642609596253,0.621924877166748,0.0511680850028991,0.0512111163139343,0.0524134564399719,0.052800730895996
6643,913,3,32,1.25,0.98,True,True,True,True,2.5444052696228026,2.551539897918701,2.5788275599479675,2.587687242031097,19.653395772752383,19.596010398610265,19.38867457132249,19.322333779183488,0.3765575885772705,0.4499310255050659,0.457174813747406,0.4611435961723327,0.050888105392456,0.051030797958374,0.0515765511989593,0.0517537448406219
4250,1023,6,32,0.87,0.76,False,False,True,False,2.5408593332767486,2.5611140727996826,2.6057910919189453,2.621590895652771,19.656398127763588,19.52059426622909,19.174633066272023,19.04485919019756,0.4548553538322448,0.4623281955718994,0.551881742477417,0.5889388322830199,0.0509014251218122,0.0512279486656188,0.052152242898941,0.0525076087474823
4628,1319,7,32,0.38,0.91,False,False,True,True,2.556700211763382,2.5800046920776367,2.662809896469116,2.675303490161896,19.417183435550207,19.37836636777988,18.77202689519672,18.56741654063883,0.4381795132160186,0.4484179019927978,0.5173762440681458,0.5327693462371825,0.0515881680081872,0.0516039371490478,0.0532707538604736,0.0538882430048548
7245,876,1,8,1.44,0.71,False,True,True,False,2.3987722671031952,2.341000199317932,3.069452404975891,3.0979402804374696,21.00191730859076,21.358392030663246,16.289551354829925,16.139756008475224,0.2967489910125732,0.2524563074111938,1.0496930122375487,1.0518058586120604,0.0479754453420639,0.0468200039863586,0.0613890480995178,0.0619588056087493
7774,1219,8,16,1.46,0.87,True,False,False,True,2.4782114923000336,2.50659716129303,2.54969893693924,2.563218123912811,20.1974141906514,19.947363397383583,19.61015841716618,19.50672852865937,0.3933798611164093,0.4323596954345703,0.4924136996269225,0.5138308048248291,0.0495642298460006,0.0501319432258605,0.0509939787387847,0.0512643624782562
4981,1493,8,16,0.43,0.91,False,True,True,True,2.375261219739914,2.383909225463867,2.670250487327576,2.6827850317955018,20.939615299027743,20.96800509366777,18.72429133144264,18.63030462163483,0.2491023707389831,0.234143853187561,0.4540042757987976,0.4614846086502075,0.0478856389905532,0.0476917123794555,0.0534065606594085,0.0536759880065918
6969,1845,7,8,0.63,0.89,False,False,True,False,2.4534674763679503,2.50670325756073,2.640384900569916,2.6576283526420594,20.1992098261912,19.918116549205013,18.9121252241448,18.762204926994148,0.4337618494033813,0.4501543045043945,0.5216848254203795,0.5499955606460571,0.0496531801988681,0.0502055501937866,0.0528761599063873,0.0533122821629046
7370,537,3,8,1.55,0.79,False,True,True,True,2.4640382313728333,2.406829833984375,3.1708701372146604,3.2274858283996584,20.323626294016307,20.763572821718395,15.768544695710284,15.49193524974561,0.3407157623767853,0.2585866451263428,1.0647689223289485,1.133330473899841,0.0496595809714343,0.0481612682342529,0.0634174027442932,0.0645497165679931
4665,315,8,16,0.66,0.72,False,False,True,False,2.511229048967361,2.533461570739746,2.578366219997406,2.585771281719208,19.79479827270165,19.68688869827596,19.382186046296606,19.206821528288344,0.4165723633766174,0.4379721879959106,0.5135548710823059,0.5411758351325988,0.0505753452433693,0.0507952308654785,0.0515937676429748,0.0520685895827508
6395,1312,7,8,0.62,0.75,False,True,False,False,2.415397874116897,2.3448739051818848,3.1763358116149902,3.205185031890869,20.796420516228974,21.31497378814816,15.741413417121146,15.599724036654004,0.2754975569248199,0.2047681808471679,1.0391374707221983,1.0420600867271423,0.0485197958684435,0.0469153761863708,0.0635267162322998,0.0641037006378173
6520,322,4,16,0.58,0.74,True,True,False,True,2.573479962348938,2.5748884677886963,2.608277440071106,2.6253154993057253,19.431343906159853,19.41834579822756,19.169806609512523,19.04554486118088,0.4326357126235962,0.4034695625305176,0.5009680032730103,0.5220888185501098,0.0514695992469787,0.0514977693557739,0.0521655488014221,0.0525063099861145
7543,975,6,32,0.81,1.0,False,False,False,False,2.523918379545212,2.545659899711609,2.593689811229706,2.608123233318329,19.70699304380257,19.629393407264125,19.266232948643868,19.115049789551545,0.4361849641799927,0.4566658735275268,0.5185674905776977,0.5392866826057434,0.0507803691991501,0.0509440112113952,0.0519042840003967,0.0523149922996759
6496,145,6,32,0.98,0.8,True,True,False,True,2.4951234698295592,2.5030401945114136,2.5252917647361754,2.53035570859909,20.04150989347629,19.975708705132384,19.799698867888235,19.76008877920383,0.4343393564224243,0.4345219135284424,0.4461201786994934,0.4485288453102112,0.0499024693965911,0.0500608038902282,0.0505058352947235,0.0506071141719818
5278,1776,3,16,0.37,0.99,True,False,False,False,2.4260389041900634,2.4488555192947388,2.5430182337760927,2.5483472967147827,20.504895532054302,20.403315234457324,19.653800946301526,19.474220446166097,0.3767055785655975,0.3982846736907959,0.5204713702201843,0.5428215861320494,0.0488499596140377,0.0490116429328918,0.0508807432651519,0.0513504641951936
5716,1025,5,16,0.2,0.84,False,True,True,False,2.288574492931366,2.2946659326553345,2.4155099630355834,2.436069931983948,21.8605539686173,21.78966415793076,20.699564545247227,20.524862484840032,0.2314181721210479,0.2230875492095947,0.3888813614845275,0.3933787155151367,0.0457847257314844,0.0458933186531066,0.0483101992607116,0.0487213986396789
7708,1207,6,8,1.01,0.94,True,False,False,False,2.5015453767776488,2.4889626502990723,3.11034916639328,3.122947597503662,19.996702554065205,20.07007577123209,16.07047473777331,15.988727095822092,0.4515499353408813,0.4344074726104736,1.081023383140564,1.0845203757286073,0.0503437163602222,0.0498254227638244,0.0622259156703949,0.0625440927028656
5101,1056,3,8,0.48,0.95,True,False,False,False,2.57399067401886,2.487449407577514,3.311354374885559,3.3250235152244567,19.601369031889345,20.089728174184422,15.095382876719128,15.033479869046174,0.5141528940200806,0.4327731132507324,1.2753839135169982,1.324225807189941,0.0517763115824437,0.0497766828536987,0.0662454214096069,0.0665181986331939
7499,704,2,16,1.03,0.96,False,False,True,True,2.578330011367798,2.5891783237457275,2.700998520851136,2.707089066505432,19.322177458517245,19.298867188091165,18.507108392934114,18.03009691084237,0.4700875353813171,0.486246109008789,0.563587474822998,0.5928634524345398,0.0518005546580962,0.0518165135383606,0.05403329372406,0.0554632558499613
4327,571,8,32,0.3,0.8,False,False,True,True,2.534025480747223,2.556692123413086,2.633363461494446,2.644731183052063,19.728242464804385,19.536049642689512,18.98712461276761,18.9055147073182,0.4249518287181854,0.4430088996887207,0.5025821566581726,0.5207364940643311,0.0507330616176128,0.0511874723434448,0.0526672692298889,0.0528946236610412
6659,1611,3,32,1.97,0.7,False,True,False,False,2.33141482591629,2.3339948654174805,2.548719525337219,2.578386855125427,21.35460791303784,21.394713904014232,19.50581603690787,19.352197402152147,0.2651861727237701,0.2481178045272827,0.5316792130470276,0.5394696831703185,0.0469020179748535,0.0467405200004577,0.0512667667865753,0.0516737190723419
6059,166,5,16,0.53,0.84,False,False,False,True,2.5380746603012083,2.57611882686615,2.707577192783356,2.719973094463348,19.684902599404943,19.405033293964337,18.46128873096179,18.377841263386006,0.4444803488254547,0.4614156484603882,0.5377953171730041,0.5554020500183106,0.050900044828874,0.0515330219268798,0.0541673994064331,0.0544133628368377
8025,669,6,32,1.91,0.74,False,False,False,True,2.537238005399704,2.519111394882202,2.6496580839157104,2.6609433579444866,19.65679483265525,19.847180251301506,18.86295418807832,17.360372353410366,0.4814855420589447,0.4803940057754516,0.6049827694892882,0.6209750771522521,0.050918088176976,0.0503849911689758,0.0530139653682708,0.0576026492118835
7171,1688,7,16,0.76,0.8,True,False,True,False,2.4499402046203613,2.486740469932556,2.5602606773376464,2.572287397384644,20.26473617311254,20.084354104760003,19.4621851173385,19.278313379314067,0.4029800045490265,0.4331414699554443,0.5134459018707275,0.5466664457321166,0.0494748431659212,0.0497900009155273,0.0513816919326782,0.0519084957234998
4253,1342,7,16,1.14,0.82,True,True,True,True,2.5794955134391784,2.585622549057007,2.6095874071121217,2.618411393165589,19.38576859963826,19.33772464902532,19.16013492774648,19.095605773332696,0.4503326654434204,0.5297589302062988,0.5426673650741577,0.5480304670333862,0.0515899102687835,0.0517124509811401,0.0521917481422424,0.0523682278633117
6156,635,5,8,0.82,0.94,False,False,False,True,2.4830255103111267,2.516201972961426,2.5755523800849915,2.587734987735748,20.167035228589395,19.871219522245774,19.41331131171217,19.321916917896083,0.4469791185855865,0.4627877473831177,0.5213129758834839,0.54145122051239,0.0496605102062225,0.0503240394592285,0.0515110476016998,0.0517546997547149
5543,1989,4,8,1.06,0.76,True,True,True,True,3.641164302825928,3.648875117301941,3.6745402336120607,3.675974597930909,13.73273217138455,13.70287238393045,13.607144689528,13.601835566871909,1.2228925585746766,1.5303138494491575,1.5392420887947085,1.5429756760597229,0.0728232860565185,0.0729775023460388,0.0734908046722412,0.0735194919586181
5017,1824,5,32,0.63,0.93,False,True,True,False,2.338416967391968,2.330810785293579,2.528716206550598,2.547966845035553,21.40480535702868,21.45176278398752,19.772880468188223,19.62348929119253,0.277810093164444,0.2580587863922119,0.4609922647476196,0.4666067886352539,0.0467683393478393,0.0466162157058715,0.0505743241310119,0.050959336900711
7283,2040,7,32,0.49,0.82,True,False,True,False,2.436676981449127,2.4504631757736206,2.642149293422699,2.65666512966156,20.40556016862544,20.40226916258507,18.917473302516274,18.65455135250879,0.3334954845905304,0.3699666261672973,0.4957677245140076,0.5280656361579894,0.0491899207367616,0.0490141558647155,0.0528611829280853,0.0536368141510906
7235,1467,2,16,1.08,0.73,True,False,False,True,2.49733543753624,2.512285590171814,2.645451593399048,2.651598002910614,19.961950311404284,19.870449908581406,18.90036612543184,18.856553668554938,0.3555337643623352,0.3988652229309082,0.473966884613037,0.4905699992179869,0.050193004010121,0.0503259873390197,0.0529090318679809,0.0530319600582122
5790,1330,7,32,1.97,0.73,False,False,False,True,2.630738272666932,2.6361550092697144,2.8765541434288022,2.9289541339874265,18.971487362464188,18.959554973880643,17.258094911975853,17.025226728923567,0.5040419960021972,0.5047956705093384,0.6906672716140747,0.7670201849937439,0.0528975845116835,0.052743854522705,0.0579438235759735,0.058736372756958
4147,1888,1,16,0.44,0.99,False,True,False,False,2.311041634082794,2.332064986228943,2.4955083847045896,2.5147345185279844,21.514597404461743,21.4254224418044,19.978728487343023,19.82709361250914,0.2393433046340942,0.2219336032867431,0.4232389569282531,0.4327909445762634,0.0465720402568578,0.0466735291481018,0.0500532386302948,0.0504361051082611
6831,1920,1,16,0.45,0.98,False,True,False,False,2.2928416180610656,2.3002527952194214,2.482032346725464,2.5037088871002195,21.72144475998281,21.73041828404689,20.066357888367666,19.925971262139488,0.2242835414409637,0.2114156484603881,0.3888850092887878,0.4088577342033386,0.0461067581590853,0.0460184431076049,0.0498346552848815,0.0501857600212097
5947,1074,7,8,0.08,0.88,False,True,True,True,2.408728164434433,2.347536563873291,2.93469215631485,2.944160740375519,20.81155842003517,21.297014114189587,17.03756215020493,16.982769760595488,0.3138095605373383,0.2456192970275879,0.8446475267410278,0.8878785943984985,0.0483608887462055,0.0469549393653869,0.0586938431262969,0.0588832148075103
7247,732,6,16,0.08,0.89,False,False,False,False,2.4676536333560946,2.4967517852783203,2.585011529922485,2.5916867995262147,20.124525295211324,20.021370882858605,19.33526143807456,19.18838574417583,0.4342357957363129,0.4446125030517578,0.5095212578773498,0.5304886054992675,0.0497817590383143,0.0499466300010681,0.0517189800739288,0.0521395863797928
7764,326,8,32,0.64,0.72,False,False,False,False,2.529997190237045,2.533631205558777,2.6118459939956664,2.6299007630348203,19.744922152705623,19.73338617982725,19.140721756995287,19.012125824836467,0.437252037525177,0.454395055770874,0.5149471282958984,0.5390839982032776,0.050662895336904,0.0506755399703979,0.0522446346282959,0.0525980152606964
6137,785,4,32,0.88,0.71,True,True,False,True,2.5242225527763367,2.5306854248046875,2.555011916160584,2.558971819877625,19.810252802546337,19.75749370617586,19.56938421403669,19.53911002617687,0.4427294611930847,0.4420239925384521,0.4494173169136047,0.4499712395668029,0.0504844510555267,0.0506137084960937,0.0511002383232116,0.0511794363975524
5505,1049,4,8,0.78,0.75,True,False,False,True,20.53268276043792,2.792837977409363,59.90115759372711,59.90941002845764,12.49436168389138,17.81304772843336,0.8347084101061741,0.8345934299918802,15.374969299159831,0.6588213443756104,57.81450754404068,57.84201156616211,0.410960956086369,0.0561388492584228,1.198023151874542,1.1981882005691529
8007,734,5,32,0.32,0.89,False,False,True,False,25.450692580406923,13.90361714363098,60.00355839729309,60.02740888595581,10.532946128065758,3.5961929967454287,0.8331920671916061,0.8329400710858079,17.43506349425718,0.4900496006011963,57.77771496772766,57.80332145690918,0.5243405266263482,0.2780723428726196,1.200203458070755,1.2005665650367736
5360,272,4,8,1.28,0.84,True,False,True,True,21.922942259167662,3.1805191040039062,59.900589895248416,59.91116607666016,10.823276530557475,15.714848256299064,0.834690053222495,0.8345501769058591,19.828647256697582,1.0515449047088623,57.702087593078616,57.72221823692322,0.4565465970798016,0.0636340856552124,1.1980494995117188,1.1982503004074097
5677,1995,6,16,1.52,0.79,True,True,False,True,2.5738181471824646,2.582502603530884,2.606009328365326,2.6075471568107607,19.428673767186403,19.361090181497858,19.186424579002857,19.175110411862267,0.4920241713523864,0.4906042814254761,0.500810420513153,0.5036992621421814,0.0514763629436492,0.0516500520706176,0.0521201865673065,0.0521509431362152
6975,1082,4,32,1.6,0.92,True,True,True,True,2.52977706193924,2.5333425998687744,2.561436676979065,2.577070813179016,19.76690535192423,19.736787602763243,19.520354547826365,19.40206396516445,0.436348557472229,0.4798471927642822,0.4883990287780761,0.5052903175354003,0.0505955412387847,0.0506668519973754,0.0512287335395813,0.0515414162635803
5793,340,2,8,1.93,0.87,False,False,True,False,2.5539081275463102,2.559624433517456,2.6232509851455688,2.6451451516151425,19.5837803399488,19.534116982573654,19.06031885609654,18.902556656188235,0.5030089712142944,0.5131263732910156,0.5888883233070372,0.6234480142593383,0.0510781625509262,0.0511924886703491,0.0524650197029113,0.0529029030323028
4568,643,5,8,0.97,0.93,False,False,False,False,2.511209355592728,2.522145986557007,2.553572642803192,2.563801505565644,19.915731254864944,19.824388003550933,19.58041048892189,19.502290722859232,0.4721940100193024,0.4816621541976928,0.5524859189987182,0.569104447364807,0.0502241871118545,0.0504429197311401,0.0510714528560638,0.0512760301113128
7533,1093,6,8,0.7,0.83,True,False,True,False,2.511529853343964,2.4884477853775024,3.0851776123046872,3.1139192748069764,19.94941062645656,20.08819294474019,16.190424324724752,16.03722988896498,0.4584608638286591,0.4393166303634643,0.9144418716430665,1.0623019933700562,0.0504295929431915,0.0497804856300354,0.0617649297714233,0.0623549116134643
6636,233,4,8,1.46,0.79,False,True,True,False,2.4194195210933684,2.3804699182510376,3.13341076374054,3.1631108427047727,20.78158851581363,21.00176907460684,15.95705248051842,15.807223555013351,0.257654048204422,0.2278656959533691,0.4079322457313537,1.1506354403495789,0.0485157595891118,0.0476150369644165,0.0626682152748107,0.0632622168540954
7438,1322,4,16,0.31,0.92,False,False,False,False,2.5086169803142546,2.525318741798401,2.560436415672302,2.583409550189972,19.89458819896201,19.79258100845632,19.5270400290544,19.32231395253613,0.4320174825191498,0.4509897232055664,0.5107729434967041,0.5333611679077147,0.0502828500032424,0.0505239820480346,0.0512110385894775,0.051753636264801
6778,146,7,16,0.73,0.94,True,False,False,False,2.412593648433685,2.409003496170044,2.570233690738678,2.588324282169342,20.757204658945103,20.755474526595933,19.453484012149254,19.317518389094776,0.3368622231483459,0.351886510848999,0.5370891571044922,0.5436426496505737,0.0482518729686737,0.0481800699234008,0.0514046738147735,0.0517664856433868
5693,1783,2,8,1.47,0.93,False,False,False,False,2.5513361215591432,2.56352961063385,2.6066597819328305,2.777526996135711,19.503951403739265,19.499609587203064,19.114063936423367,17.77936919181434,0.4738235032558441,0.4841866493225097,0.5639031052589416,0.5776442480087279,0.0513332016518483,0.0512830781936645,0.0523215870857238,0.0562449767589569
4912,1431,8,32,0.36,0.75,False,False,True,False,2.5235820066928865,2.5240007638931274,2.589785706996918,2.595158751010895,19.789082894851862,19.80512307831341,19.29558474046878,19.211645140091488,0.435735924243927,0.4452530145645141,0.5123717188835144,0.5319648337364197,0.0505499401013056,0.0504919862747192,0.0518253276348114,0.0520517737865448
4541,162,2,16,1.15,0.79,True,False,False,False,2.4210560011863707,2.463791012763977,2.537979817390442,2.552610630989075,20.530401913685647,20.25113906751222,19.67859687344636,19.56713704322366,0.3652727353572845,0.3996508121490478,0.5071990013122558,0.5149478006362914,0.0488011167081547,0.0493799448013305,0.0508166401386261,0.0511071507513522
7242,949,5,32,1.65,0.85,True,False,True,True,2.485493479967117,2.52616810798645,2.61055109500885,2.6136792206764223,20.15552913723573,19.79282372131697,19.15304407501666,19.13012111534087,0.4431317257881164,0.4593013525009155,0.5268499255180359,0.5540732622146606,0.0497098695993423,0.050523362159729,0.052211021900177,0.0522735844135284
7641,201,7,16,0.81,0.99,False,True,False,False,2.346506036520004,2.345623731613159,2.6816701054573056,2.714067840576172,21.27563553090446,21.31178164004344,18.548900980288888,18.41830338636949,0.2414560651779174,0.2330362796783447,0.4205694913864135,0.4297415685653686,0.047159940939791,0.0469224047660827,0.0539115529060363,0.0542938186645507
5294,200,2,8,1.11,0.71,False,True,True,False,2.507030977010727,2.397803783416748,3.311010193824768,3.318570439815521,20.16833683913162,20.85241521102492,15.098717524888214,15.066255667906573,0.401438398361206,0.2425271272659301,1.1862695574760436,1.2063868713378905,0.0503161158344311,0.0479560756683349,0.0662307913303375,0.0663734924316406
5633,1584,4,8,1.33,0.72,True,True,True,True,3.086683177947998,3.0896979570388794,3.1089027404785154,3.1105088806152343,16.19905277549057,16.182811625241243,16.082845064845596,16.074541328333865,0.9477986216545105,1.0330864191055298,1.0399147152900696,1.040699121952057,0.0617336635589599,0.0617939591407775,0.0621780548095703,0.0622101776123046
4351,88,4,8,1.49,0.89,False,False,True,True,2.569142360687256,2.577551007270813,2.643453133106232,2.68624226808548,19.44565204915615,19.39679873559584,18.912908804544823,18.613366861357648,0.4570074474811554,0.4832922220230102,0.5656823515892028,0.6046879243850707,0.0514462955625434,0.0515548992156982,0.0528739397525787,0.0537248453617095
6132,774,3,32,1.96,0.99,False,True,True,False,2.391578720808029,2.4046783447265625,2.5533048152923583,2.5683395195007326,20.866594577442324,20.791054771890217,19.58246575039545,19.467831785049743,0.3111586701869964,0.3007491827011108,0.4525520205497741,0.4626080012321472,0.0479727234473151,0.048097608089447,0.0510660963058471,0.0513667903900146
4885,1299,8,8,0.15,0.84,False,False,True,True,2.513224297761917,2.554145097732544,2.620532238483429,2.629317409992218,19.778946090672463,19.570996080744195,19.06058552255525,18.955394209060326,0.4218955421447753,0.4367671012878418,0.5327634096145629,0.5548717093467712,0.0506858325807584,0.051096019744873,0.0524642858505249,0.0527558056145906
4013,1454,5,32,1.31,0.75,False,True,True,False,2.3600050616264343,2.373746395111084,2.551690018177033,2.575926620960236,21.136741497676223,21.061074872342964,19.56661891375159,19.369772009615502,0.2740130043029785,0.2611212730407715,0.4919867277145385,0.4973943638801574,0.0473762224992116,0.0474809575080871,0.0511074647903442,0.0516268378734588
6967,591,8,16,0.27,0.8,False,True,False,True,3.548545218706131,2.3278499841690063,14.392981433868409,14.429410049915308,19.5871881850852,21.47097703686884,3.473915410779433,3.465210660194613,0.4166676664352417,0.2117077112197876,0.4190361738204956,12.18568798542022,0.0711318374236424,0.0465744996070861,0.2878596286773682,0.2885882009983061
4779,1338,1,16,0.94,0.87,True,True,False,True,2.656944072246552,2.665506362915039,2.684833300113678,2.685677864551544,18.82031985055492,18.75819974438645,18.623130309286765,18.61727423744933,0.3851835608482361,0.3387912511825561,0.4629442811012268,0.4642925763130188,0.053138881444931,0.0533101272583007,0.0536966660022735,0.0537135572910308
6196,1078,5,8,0.22,0.85,False,False,True,True,23.544450260798136,2.916109561920166,59.86455720663071,59.89247830152512,12.28540358841687,17.146166217772034,0.8351739174470808,0.8345639984222658,14.873747975031534,0.5972357988357544,57.668980312347415,57.687016341686245,0.4735287803329621,0.0583221912384033,1.1973554003238678,1.1982304948329925
5457,1537,7,32,0.2,0.97,True,False,False,False,26.778855740036096,15.818477153778076,59.85674571990967,59.86341190338135,10.281884434733158,3.160495922879,0.835320687537238,0.8181377302051371,15.277526800145102,0.44386887550354,57.80430293083191,57.84885988235474,0.5483208071327557,0.3164060401916504,1.1971450185775756,1.2245191356304064
7234,1180,1,32,0.63,0.95,False,False,False,False,23.916479703820784,2.6043184995651245,59.83334176540375,59.98328166723251,10.99141879000144,19.19888063196035,0.835654478812439,0.8335655984155651,16.06119938102769,0.5197041034698486,57.74285207986832,57.83561993598938,0.4783295940764158,0.0520863699913024,1.196666835308075,1.1996656333446505
7280,177,2,16,1.31,0.94,True,False,True,True,22.85412470199777,2.6558547019958496,59.91847290992737,60.05483935832977,11.460192307662131,18.82633111006617,0.8344671947118485,0.8325723712338985,15.554803993716927,0.4766271114349365,57.774078249931335,57.80606329917908,0.4570824940399554,0.0531170940399169,1.1983694581985471,1.2010967871665954
6626,176,6,16,0.78,0.88,True,False,False,False,19.173000864948783,2.60841703414917,59.836859703063965,60.04866933822632,12.5565377814815,19.168713953867165,0.8356053484110185,0.832657920219358,17.107865996394597,0.5693831443786621,57.65927839279175,57.80746970176697,0.3834600172989756,0.0521683406829834,1.1967371940612792,1.2009733867645265
6380,903,4,16,0.8,0.81,False,True,False,True,26.327171203068325,15.762956857681274,59.68593153953552,59.702220463752745,10.90520618835205,3.17199370977375,0.8376927228576018,0.8373870212594565,17.582954000745502,0.3229477405548095,57.7223995923996,57.75386312484741,0.5297915551391789,0.3152591371536254,1.19375514793396,1.1941909773826598
7854,918,8,32,0.62,0.82,False,True,True,False,23.653381942348048,2.55228853225708,59.82138621807098,59.93778043985367,12.096872709118964,19.55766190813033,0.8358217735519231,0.8341983918827448,12.373121757398952,0.2529846429824829,57.70688670873642,57.801912903785706,0.4733390804785694,0.0511309766769409,1.1964277243614196,1.1987556087970734
5381,1270,5,16,0.74,0.8,False,True,False,False,18.769415259361267,2.455863237380981,59.906373012065885,59.98679846286774,13.684211546766685,20.359481134075985,0.8346357414568017,0.8335167289930994,16.669542695794785,0.3152966499328613,57.82637966871262,57.84789961576462,0.3753883051872252,0.0491172647476196,1.198127460241318,1.1997359692573548
4848,868,7,32,1.73,0.88,False,False,True,True,18.993584648874783,2.66384506225586,59.77479763031005,60.08164996147156,12.288004760320382,17.689668936156142,0.8364978148657443,0.8322008472655301,14.00528774485492,0.5684866905212402,57.58187689781189,57.88709645271301,0.3825385470746795,0.0565301704406738,1.195495952606201,1.2016329992294312
4989,843,7,8,0.47,0.7,True,False,True,True,20.95430619117112,3.031889677047729,59.88919305801392,59.91257207393646,11.954059239065003,16.470411757937836,0.8348751660740537,0.8345493820339582,11.894095310690806,0.4513866901397705,57.81223022937775,57.83637280464173,0.4192689680240642,0.0607149362564086,1.1977838611602785,1.1982514414787293
4185,1075,4,16,0.35,0.94,False,False,True,False,25.655503895547653,8.141349792480469,59.94564862251282,59.97330167770386,10.765940661685391,8.992908175994025,0.8340888980097989,0.8337043084388377,13.843175319830577,0.463319182395935,57.80236550569534,57.821738231182096,0.513365648444182,0.172257288904751,1.1989129724502563,1.1994660335540772
6383,810,7,8,1.12,0.71,False,True,True,True,23.819514052367506,2.605090856552124,59.838978350162506,59.84926861286164,11.555171215877255,19.19319802480745,0.8355757631342499,0.8354320986229958,17.279783718379928,0.3438488245010376,57.75165883302689,57.79961034059525,0.47639028104735,0.0521018171310424,1.1967795670032502,1.1969853722572326
5127,240,2,8,0.56,0.74,False,True,True,False,25.27024024787702,3.1482681035995483,59.66320930719375,59.70376575946808,11.102299972472862,15.88175460529524,0.8380373995875185,0.8374681121734789,11.175038717922412,0.2493067979812622,57.60652154684067,57.62035313367844,0.5060845932530282,0.0629653620719909,1.193264186143875,1.1940753151893615
6953,778,3,16,1.03,0.91,True,True,True,True,2.54435350894928,2.545607328414917,2.563365864753723,2.573881516456604,19.65227190887967,19.64167919333994,19.505631072848622,19.426000301568603,0.5026781916618347,0.5007609128952026,0.515562891960144,0.5227872610092162,0.0508870701789856,0.0509121465682983,0.0512673172950744,0.051477630329132
4909,1065,6,16,0.22,0.85,True,True,False,False,2.519377326965332,2.52957022190094,2.5536817073822022,2.559883756637573,19.848767640687004,19.766211412024795,19.579583485034814,19.532167515879213,0.4430057764053344,0.4425197839736938,0.4489009380340576,0.4525430202484131,0.0503875465393066,0.0505914044380187,0.051073634147644,0.0511976751327514
6747,632,3,16,1.41,0.77,True,False,True,True,24.10494764745236,2.613418459892273,59.95678052902222,82.53942441463451,11.339342103240629,19.132030499286003,0.8339340364777286,0.6701528353691014,18.56271721571684,0.4951938390731811,57.91693841218948,57.94592082738876,0.4820989529490472,0.0522683691978454,1.1991356105804445,1.6507884882926902
4308,117,8,8,1.05,0.9,False,False,True,True,24.59347302953624,2.6626458168029785,59.94656102657318,59.97668309688568,10.990767576951924,18.768516569510613,0.8340762030134676,0.8336573095423568,13.259712642797544,0.4877293109893799,57.87711148262024,57.89048414707184,0.4921017193927447,0.0532807159423828,1.1989312205314635,1.1995336619377135
7811,86,1,32,0.18,0.71,True,False,False,True,21.099076913271336,2.568743944168091,59.862145280838014,59.89736660003662,12.345601297524222,19.456341816005143,0.8352523921020454,0.8347612397368014,13.31232960237933,0.4816904067993164,57.829427289962766,57.85669261932373,0.422296036018392,0.0513971233367919,1.1972429056167602,1.1979473320007323
7686,1189,2,16,0.11,0.93,False,False,True,False,28.419442111916013,13.690217852592468,59.94582921266556,60.02367375850677,9.656337611729535,3.6522429312516937,0.8336633258479667,0.8329733863286332,13.488466914494833,0.4697757959365845,57.82244771718979,57.8553831577301,0.5816480104691452,0.2738043570518493,1.1995250034332277,1.2005185477733613
5118,1166,6,8,0.85,0.73,False,True,True,True,24.802580546148075,2.7411582469940186,59.94213604927063,59.95816864967346,11.379522199331142,18.24046461193202,0.8341377751186829,0.8339147296898708,17.812724996057355,0.4259653091430664,57.82933211326599,57.85609941482544,0.4960768387171499,0.0548231649398803,1.198842720985413,1.1991633729934692
5288,1986,6,16,0.24,0.75,True,True,True,True,2.5006101727485657,2.5037286281585693,2.5343445181846618,2.538658301830292,19.9979247620856,19.97022062485444,19.728971941380845,19.69545822078459,0.4291656732559204,0.5026113986968994,0.5087350487709046,0.5109146809577941,0.0500122034549713,0.0500745725631713,0.0506868903636932,0.0507731660366058
5872,99,5,8,1.22,0.97,True,False,False,True,19.129966744615988,3.053868055343628,59.91849024295807,60.03051621437073,12.387484100926338,16.37267854860674,0.8344669534940344,0.8329097127371974,17.060179708925492,0.8336732387542725,57.8268639087677,57.84139267921448,0.3825993348923198,0.0610773611068725,1.1983698048591611,1.2006103242874144
5316,770,7,16,0.49,0.89,True,True,False,True,2.5900345921516417,2.598883390426636,2.6252657413482665,2.626467447280884,19.30788787643889,19.239061524252094,19.04569128891923,19.036977915607068,0.4614301919937134,0.5184614658355713,0.5268046021461487,0.5299706768989563,0.0518006918430328,0.0519776678085327,0.0525053148269653,0.0525293489456176
4654,269,7,16,1.88,0.86,True,False,True,False,21.307537595708887,2.574292659759521,60.008892154693605,60.04253054141999,11.843452239169396,19.41579811107328,0.833209889556728,0.8327430497880086,18.870001117666284,0.5038535594940186,58.00939648151397,58.02616953372955,0.4262772524854494,0.0515044498443603,1.200177843093872,1.2008506108283996
6282,83,7,16,1.88,0.79,False,True,True,True,25.19383218989653,8.372970342636108,59.73951091766357,60.01835461616516,11.260654678235008,11.493800662994168,0.8369673459095772,0.8330784860922774,14.973409309106714,0.3656754493713379,57.70458115339279,57.897366404533386,0.5038766437979306,0.1674594068527221,1.1947902183532717,1.2003670923233032
4676,1710,4,16,0.12,0.9,True,False,False,True,24.367374872877484,2.598237991333008,59.80091376304627,59.81475349187851,10.883624791013288,19.142952210076896,0.8360167455969858,0.8359054273957497,17.40813971275375,0.503911018371582,57.7171679019928,57.77124660015106,0.4898690163432387,0.0522386908531189,1.1961482944488526,1.1963075813293458
4724,134,6,32,0.86,0.81,False,True,True,False,20.9650358420152,2.5400259494781494,59.99230606555939,60.02245024681091,12.733376888583182,19.66716232701279,0.8334402078521524,0.8330216409795643,18.905556558729053,0.4602673053741455,57.92256827354432,57.94176274299622,0.4195290005571228,0.0508461761474609,1.1998461213111875,1.2004490049362184
6879,1622,8,8,1.57,0.94,True,False,False,False,24.93747222423553,3.061492800712585,59.74849121570587,59.76059008359909,10.472498224839038,14.904663377438094,0.836800792007187,0.8365182587227644,16.0994472780893,0.6122468709945679,57.72870321273804,57.7592743563652,0.5012779438116005,0.0677105339368184,1.1950275518894196,1.1954311766147614
5728,307,6,8,0.2,0.95,True,True,True,False,3.0372838020324706,3.0477311611175537,3.067009449005127,3.070499324798584,16.46331416485642,16.405646996576298,16.302527314648287,16.284002026073395,0.975330889225006,0.9749879837036132,0.9841633915901185,0.984172270298004,0.0607456760406494,0.060954623222351,0.0613401889801025,0.0614099864959716
5013,384,1,32,0.33,0.81,False,True,False,True,2.366115783452988,2.3449034690856934,2.6097610354423524,2.6249852275848387,21.017277459763104,21.29432099381033,19.12281473312882,19.01498524733825,0.2616349732875824,0.2455767393112182,0.4159727334976196,0.4194070553779602,0.0477113990624745,0.0469609022140502,0.0522935569286346,0.0525901032924652
4789,1333,7,16,0.4,0.8,True,True,False,True,2.5024463057518007,2.582241892814636,2.599958074092865,2.60352242231369,19.15721847456768,19.34389591687971,18.9426657644753,15.058845575156864,0.4177436351776123,0.4748966693878174,0.4860266089439392,0.4863467860221863,0.0524623463451862,0.0516959047317504,0.0530330040752887,0.0673929591715335
7919,2012,6,8,0.89,0.86,True,False,False,False,2.5508225190639497,2.517784833908081,3.162360298633576,3.1854113054275515,19.69298962707373,19.856498388925544,15.81097655791276,15.696560123329707,0.4661307048797607,0.4349693059921264,1.0853321552276611,1.0913997554779054,0.0510911556124687,0.0503613471984863,0.0632472059726715,0.063708226108551
7206,485,6,32,0.57,0.71,True,True,True,True,2.5050866484642027,2.5109587907791138,2.534864377975464,2.5360233211517333,19.961388593030176,19.91271421052508,19.724921496186465,19.715908117359152,0.4228837847709655,0.421619176864624,0.4362735390663147,0.4432346272468567,0.050101732969284,0.0502191758155822,0.0506972875595092,0.0507204664230346
7355,943,4,8,1.84,1.0,True,True,False,True,3.116684484481812,3.1171563863754272,3.1304234981536867,3.131252660751343,16.0428548171882,16.040261838038134,15.972279890524511,15.968050601950338,0.9680956482887269,1.0406919717788696,1.0542724132537842,1.05500807762146,0.0623336896896362,0.0623431277275085,0.0626084699630737,0.0626250532150268
6806,729,5,16,1.45,0.71,False,True,True,True,20.36588619059364,2.446193218231201,59.72100477218628,59.99783234596252,14.36563917610128,20.43992258148525,0.8351610107617286,0.8332504850238945,17.267256162310606,0.4529237747192383,57.92242431640625,57.98042243003845,0.4130393250268299,0.048923864364624,1.197378653526306,1.2001193212509156
5749,1312,6,16,1.32,0.83,False,True,False,True,24.322668505877985,2.612795233726501,59.96286351680756,60.07651511907577,11.727860400513638,19.13660041888743,0.8338494397489675,0.8322719768606079,17.165793088878072,0.2748316526412964,57.760515129566194,58.03623029708862,0.4864533701175597,0.05225590467453,1.199257270336151,1.2015303023815156
7135,1834,5,32,0.25,0.74,True,False,False,False,16.792720478344588,2.5689659118652344,59.98046379089355,60.06081988334656,13.56233119461326,19.463084258559423,0.8336049555344627,0.8324894681385451,13.307946275262273,0.529442310333252,57.8274884223938,57.90708729743957,0.3358544095668916,0.0513793182373046,1.1996092758178711,1.201216397666931
7934,588,1,32,0.65,0.83,True,True,True,True,2.54433217048645,2.545137405395508,2.578023874759674,2.590468018054962,19.65374836596018,19.64535381651548,19.394737089577315,19.301650628052304,0.4180052280426025,0.4176399707794189,0.5111637234687806,0.5243333840370178,0.050886643409729,0.0509027481079101,0.0515604774951934,0.0518093603610992
5319,765,2,8,1.39,0.74,False,True,False,False,2.396654710769653,2.370588779449463,3.098559522628784,3.1156775903701783,20.802955179560183,21.04807968310842,16.136530778565124,16.047873556395697,0.2738900446891785,0.2187979221343994,1.050363028049469,1.0573031401634216,0.0484814215065513,0.0475103044509887,0.0619711904525756,0.0623135518074035
4210,1827,4,32,1.84,0.82,True,False,True,False,26.4122174847257,21.15961396694184,59.92001217603684,59.932218084335325,9.629620275685324,2.362784714182382,0.8344457586151999,0.834275813585099,18.832981543226555,0.5116367340087891,57.87228741645813,57.898746683597565,0.5295251905062058,0.4232294201850891,1.1984002435207368,1.1986443616867066
4269,127,3,32,0.13,0.96,False,True,False,True,2.3396253383159635,2.3351871967315674,2.5295400738716127,2.5510392451286314,21.302031999107435,21.40931156884588,19.75517697156041,19.59005284786389,0.2442691767215729,0.2264900207519531,0.4323676347732543,0.4405637788772583,0.047007954565684,0.0467086482048034,0.0506196453571319,0.0510463183879852
7806,487,8,8,1.56,0.75,True,False,True,True,2.509418992996216,2.49397611618042,3.0830550670623778,3.102007894515991,19.906332421924382,20.038440094641608,16.18496666193823,16.079296502494458,0.4138080608844757,0.3971223831176758,0.9708585739135742,0.9771012902259828,0.0505804279901793,0.0499040842056274,0.0617857329845428,0.0621917756080627
7919,1512,6,16,1.53,0.85,True,True,False,False,2.576687455177307,2.5812045335769653,2.6070456385612486,2.608495042324066,19.406806168027465,19.370828158185965,19.178797843246247,19.16814228273209,0.4308323740959167,0.431226372718811,0.4385101079940796,0.4409660673141479,0.0515337491035461,0.0516240906715393,0.0521409127712249,0.0521699008464813
4438,1875,7,8,0.4,0.8,True,True,True,True,3.133417820930481,3.144290566444397,3.1636494278907774,3.164107677936554,15.958257830767277,15.901841337250904,15.80453246350733,15.802243592442194,0.9875847101211548,1.0602531433105469,1.0639486193656922,1.0673404669761657,0.0626683564186096,0.0628858113288879,0.0632729885578155,0.063282153558731
8142,1790,4,16,1.19,0.87,False,True,False,False,12.032503158650934,2.402925968170166,59.885686254501344,59.91922697544098,15.264734308247334,20.801038845827367,0.8349240553769679,0.8344566931829399,9.26401934266728,0.2421519756317138,57.82997629642487,57.85369780540466,0.2406981515766232,0.0480745220184326,1.1977137250900267,1.1983845395088195
6843,981,4,8,1.54,0.74,False,False,False,False,2.4821939384937286,2.4925845861434937,2.6208752751350404,2.6369176650047303,20.1681160652829,20.059500570255462,19.077596455429624,18.961532507242584,0.4255755257606506,0.4360389709472656,0.5560664534568787,0.5761840605735778,0.0496438787698745,0.0498516917228698,0.0524175055027008,0.0527383533000946
4419,831,6,16,1.01,0.99,True,False,False,False,8.811899488202988,2.5435924530029297,60.112420725822446,60.11496060371399,16.83355206771218,19.57322632709596,0.8317748544524689,0.8317397120271582,6.727418481149981,0.46633076667785645,57.87108216285706,57.89396897792816,0.17679806151313168,0.05109019756317139,1.202248414516449,1.2022992120742797
