max-num-batched-tokens,max-num-seqs,swap-space,block-size,scheduler-delay-factor,gpu-memory-utilization,enable-chunked-prefill,enable-prefix-caching,disable-custom-all-reduce,use-v2-block-manager,latency_average,latency_p50,latency_p95,latency_p99,tokens_per_second_average,tokens_per_second_p50,tokens_per_second_p95,tokens_per_second_p99,time_to_first_token_average,time_to_first_token_p50,time_to_first_token_p95,time_to_first_token_p99,time_per_output_token_average,time_per_output_token_p50,time_per_output_token_p95,time_per_output_token_p99
4273,1027,5,32,1.52,0.75,True,False,False,True,3.4852345156669617,3.5846697092056274,3.642018532752991,3.648695044517517,14.238446302151203,13.930275363548777,13.710271187231807,12.20527066502375,0.7664086925983429,0.8497576713562012,0.9874805092811584,1.0549365592002868,0.0704947957132971,0.0717860913276672,0.0729380176067352,0.0819337820482474
7684,1234,2,16,0.35,0.86,True,False,False,True,3.585453588962555,3.589781641960144,3.7570123076438895,3.7664496612548826,13.90751287797904,13.798070398836428,13.308276032113822,13.242950756142616,0.976640009880066,1.0031682252883911,1.1416982412338257,1.174007771015167,0.0720664839479658,0.0724791145324707,0.0751412127017974,0.0755118736743927
6762,657,3,16,0.6,0.83,True,False,False,True,3.622932997941971,3.690608263015747,3.758193588256836,3.7666474843025206,13.77129979679014,13.546098744437751,13.296504327719552,13.26112201363354,1.0037906873226166,1.015091896057129,1.1092977046966552,1.1418550062179564,0.0727676489666888,0.0738219928741455,0.0752077369689941,0.0754084057331085
7260,2021,2,8,1.59,0.99,False,True,False,False,3.3400931549072266,3.0463078022003174,4.480128991603851,4.498306884765625,15.321432342527732,16.38168509841785,11.160393585983124,11.115293325864403,0.5248292505741119,0.3687466382980346,2.0538788199424745,2.057615282535553,0.0669820629793244,0.0610438919067382,0.089602579832077,0.0899661376953125
6721,1627,6,8,1.82,0.92,True,True,False,True,5.218395509719849,5.229511618614197,5.26325010061264,5.264838097095489,9.58206913336781,9.56112263061776,9.499833619762134,9.496968498643426,1.7605379581451417,1.872907638549805,1.883769929409027,1.8865516138076783,0.1043679101943969,0.1045902323722839,0.1052650020122528,0.1052967619419097
6963,931,7,8,1.79,0.91,False,True,True,True,3.3393314445018767,3.0906842947006226,4.088225817680359,4.096482710838318,15.22601585837268,15.481340684018278,12.229036696823057,12.204125112414728,0.7283570206165314,0.4787598848342895,1.4267745852470397,1.4662211275100707,0.0670813321401333,0.0646585612461484,0.0817725896835327,0.0819395099163055
7405,960,7,32,0.92,0.98,True,False,True,True,3.624761236906052,3.639487624168396,3.759651792049408,3.775479142665863,13.761353600999218,13.736222051464772,13.290550848605676,13.237588449753977,1.019383636713028,1.0262739658355713,1.146226406097412,1.174506554603577,0.0727636036800301,0.0728002214431762,0.075241426706314,0.0755424603462219
6314,231,6,32,0.7,0.84,True,True,True,True,3.62566680431366,3.636760830879211,3.653581821918488,3.6570775532722473,13.791432742819689,13.748498401960273,13.68520109220576,13.67212440717091,0.8857923889160156,1.0267927646636963,1.034776771068573,1.0383616876602173,0.0725133360862731,0.0727352166175842,0.0730716364383697,0.0731415510654449
7469,339,2,32,1.08,0.83,False,True,False,True,3.205624532699585,3.114102959632873,3.736993980407715,3.743229360580445,15.65267385932601,16.054645845378957,13.374173310581796,13.355865882219284,0.5647825264930725,0.4371227025985718,1.0820319533348084,1.0867907190322876,0.0643965500170041,0.062287266254425,0.0747709786891937,0.0748734707832336
5567,1720,8,32,1.92,0.78,True,False,True,True,3.571895604133606,3.597933769226074,3.68272864818573,3.686783435344696,13.92076068244974,13.87265632793925,13.567629203393189,13.178549248118518,0.9703500092029572,0.995879292488098,1.0471950888633728,1.0740502524375914,0.0719238028858696,0.0720842480659484,0.0737048444747924,0.0758880145082601
4727,1754,5,8,1.41,0.87,True,False,False,False,3.6715792632102966,3.599722743034363,4.195615351200104,4.199931683540345,13.573092910219536,13.872405402753447,11.914163588238662,11.858343385733814,1.0130272173881532,0.9131007194519044,1.4715263724327088,1.536808488368988,0.0744557019904547,0.0720855522155761,0.0839337141513824,0.0844871120691295
7113,1634,3,8,0.33,0.82,False,True,False,False,3.263310915231705,3.1221611499786377,4.089193117618561,4.095634787082672,15.492815702383506,16.010042920959485,12.226239249144996,12.20657840985671,0.5018830871582032,0.3565988540649414,1.3437292456626893,1.3493937540054322,0.0657712168193289,0.0624607944488525,0.0817912998199462,0.081923039150238
5850,1342,8,8,1.33,0.72,False,False,True,False,3.4619965517520903,3.566951632499695,3.738804447650909,3.750207986831665,14.500564556934012,14.017572794258845,13.37325904355134,13.33259386931802,0.883174079656601,0.9726287126541138,1.1566245794296264,1.1622983360290526,0.0692399310350418,0.0713390326499938,0.0747760889530182,0.0750041597366333
5646,1283,5,8,1.92,0.97,True,False,True,False,4.286207008361816,3.673114657402039,5.996646320819854,6.012955460548401,12.160566970357204,12.389143502146483,8.337993934968019,8.315378413191185,1.6552427065372468,1.107314944267273,3.417626345157623,3.45625298500061,0.0861031444745905,0.0807161688804626,0.119932926416397,0.120259109210968
8123,1422,8,8,1.59,0.87,False,False,False,False,3.541122331619263,3.5330967903137207,3.692816364765167,3.7028996634483335,14.107908911332329,14.14405607295599,13.53745781877774,13.499552130599326,0.9181221151351928,0.9157694578170776,1.2310786366462707,1.2879063344001769,0.0709366177108552,0.0707010865211486,0.0738691146373748,0.0740765316486358
7301,2034,7,32,0.36,0.82,True,False,True,False,3.5723929834365844,3.603378772735596,3.631602871417999,3.6680419135093687,14.001785541922798,13.875865779565808,13.768025246261432,13.631251815997636,0.9728748869895936,1.016318917274475,1.0911404252052306,1.1143894910812375,0.0714478596687316,0.0720675754547119,0.0726320574283599,0.0733608382701873
7817,659,7,8,0.33,0.88,False,True,True,False,3.116797927618027,3.141886949539185,4.0937970042228695,4.098326168060303,16.64566336050453,15.909682642776096,12.207177557722174,11.73966876722982,0.4530008792877197,0.3293881416320801,1.2933768510818482,1.2952198457717896,0.0631233542660672,0.0628548049926757,0.0819190182685852,0.0851815524408413
4040,1803,6,32,1.7,0.82,True,False,False,False,3.484316000938416,3.547543168067932,3.607077765464783,3.618130507469177,14.27982930048415,14.091241153493431,13.850978332645472,13.606667960493596,0.8024571859836578,0.8174833059310913,0.9802551031112672,0.9952949452400208,0.0702605212751963,0.0709660696983337,0.0721970663070678,0.0734966057700079
6182,1562,5,16,0.09,0.99,True,False,False,True,3.5807833456993103,3.5740833282470703,3.810554468631744,3.817058017253876,13.882673247655244,13.978021576023597,13.12005981355949,13.059831606332674,0.9793863773345948,1.0015453100204468,1.1061644673347473,1.111389536857605,0.0722997297427234,0.0715408825874328,0.0762191648483276,0.0766335153579709
5163,378,8,16,1.76,0.79,False,False,False,True,3.693043298721313,3.687465906143189,3.896786832809448,3.905873675346376,13.536912520496903,13.553996561561265,12.828008502594573,12.799103651742673,0.9954332649707794,1.0846991539001465,1.3343907117843627,1.3680905985832212,0.0739515729427337,0.073778977394104,0.0779544231891632,0.0781304715156555
6189,1653,4,16,1.79,0.9,False,True,False,True,3.068917896747589,2.9702011346817017,3.586379396915436,3.588554003238678,16.326803450842743,16.82118510363486,13.940501261304748,13.928467595749588,0.5168070638179779,0.3580856323242187,1.1756003022193908,1.1802096676826477,0.0617735221045357,0.0594488620758056,0.0717334320545196,0.0717954083919525
5520,786,6,8,0.28,0.8,True,False,False,False,3.63137330532074,3.478422403335572,4.165897762775421,4.170946695804596,13.797968375140751,14.35361819119165,12.001586140097375,11.9853102857081,1.1153611719608307,1.0262749195098877,1.56976797580719,1.5778447365760804,0.0731143838842709,0.069668927192688,0.083322319984436,0.0834354709625244
5476,1535,7,32,1.7,0.99,True,False,True,False,3.2071391212940217,3.186924815177917,3.582997560501098,3.5913974380493165,15.746017298527311,15.750066244094269,13.954795992960312,13.922157305074714,0.9438128972053528,0.9453277587890624,1.0484058022499083,1.0827784061431884,0.0641427824258804,0.0637384963035583,0.0716599512100219,0.0718279487609863
4593,737,5,16,0.29,0.97,True,True,True,True,3.748928904533386,3.76108181476593,3.777449381351471,3.778977761268616,13.337879726289998,13.294047487657185,13.236444792180926,13.231091707823936,0.923281707763672,1.1254571676254272,1.1315924286842347,1.1346804690361023,0.0749785780906677,0.0752216362953186,0.0755489876270294,0.0755795552253723
4932,256,2,8,0.58,0.92,False,True,True,True,3.437180968523025,3.287285089492798,3.779965972900391,3.782672791481018,14.602554900017063,15.171312053940344,13.227020446476528,13.214030918390224,0.6457590520381927,0.4343094825744629,1.0162074923515318,1.050945665836334,0.0690168997276694,0.0659139251708984,0.075602816581726,0.0756771367549896
7032,1810,2,32,0.89,0.78,True,True,False,True,3.66896879196167,3.670152902603149,3.70070071220398,3.704335741996765,13.628531472082036,13.623410630409984,13.510956037887626,13.49769968327672,0.8540296745300293,0.7421834468841553,1.0357182621955872,1.0457425761222838,0.0733793758392333,0.0734030580520629,0.0740140142440795,0.0740867148399353
5946,1823,1,32,1.94,0.85,True,False,True,False,3.4803491735458376,3.4858165979385376,3.655258071422577,3.6659123802185056,14.38003924170374,14.34384258067406,13.678924727613463,13.639169436683368,0.8485187435150147,0.8971593379974365,1.047606348991394,1.0496953344345092,0.0696069834709166,0.0697163319587707,0.0731051614284515,0.0733182476043701
7013,1850,5,8,1.55,0.9,True,False,False,False,3.615888872146608,3.628010034561157,3.990154230594635,3.995790002346039,13.715296021256238,13.775932433964156,12.526245845484766,10.27334093989283,1.0765105426311492,0.993360996246338,1.5476067185401916,1.5510169053077698,0.0734434344431933,0.0725903677940368,0.0798323786258697,0.0973474921899682
7665,1921,5,8,0.35,0.71,False,True,True,True,3.216368215084076,3.218352198600769,3.7492298603057854,3.759232003688812,15.655843217790167,14.649745916988824,13.32581619895498,13.287971250999062,0.6585215401649475,0.397415280342102,1.066536009311676,1.1047668385505676,0.0649744884609156,0.0682605695724487,0.0750423078536987,0.0752591189091021
6206,1788,3,8,0.56,0.82,False,False,True,True,3.6120027804374697,3.6253761053085327,3.673820698261261,3.6787908911705016,13.787608081671696,13.790492642474517,13.607952111139667,13.58823237583404,0.9923753786087036,1.0099726915359497,1.0796082735061645,1.107735333442688,0.0726003124503528,0.0725137257575988,0.0734864432811737,0.0735931098461151
4730,660,7,16,0.14,0.76,False,True,True,False,3.127808017730713,3.03576934337616,3.611550641059875,3.637561852931976,16.076931293086062,16.447193510010482,13.844469330874528,13.745470736097712,0.473496071100235,0.3442281484603882,0.9197252750396728,0.924295780658722,0.0626600149603451,0.0608007168769836,0.0722310128211975,0.0727512370586395
5969,723,3,8,0.57,0.99,True,True,False,False,3.196374893188477,3.196374893188477,3.196374893188477,3.196374893188477,10.011341306738608,10.011341306738608,10.011341306738608,10.011341306738608,1.5722529888153076,1.5722529888153076,1.5722529888153076,1.5722529888153076,0.0998867154121398,0.0998867154121398,0.0998867154121398,0.0998867154121398
6332,432,8,8,0.13,0.92,False,True,False,True,3.281415889263153,3.3048747777938843,3.743013238906861,3.7524092268943785,15.461239680684702,14.9916336756857,13.358221520851911,13.32477272390707,0.6072797501087188,0.5006635189056396,1.0210553765296937,1.0480794072151185,0.0657204852615084,0.067196090562003,0.0748602647781372,0.0750481845378875
4725,1389,1,16,0.07,0.74,True,False,True,False,3.5159532797336577,3.5902496576309204,3.642717969417572,3.645540170669556,14.12271424439132,13.924092133097972,13.723883745970872,13.67609477377189,0.8878051340579987,0.8877811431884766,1.028594934940338,1.0317661190032958,0.0710313066939513,0.0718179678916931,0.0728656711578369,0.0731820297082263
4169,399,6,8,0.05,0.75,False,False,False,True,3.67990443110466,3.704347252845764,3.7507097840309145,3.760585353374481,13.559999361391265,13.492248787627007,13.33026279852699,13.260626381581629,0.866641857624054,0.8960005044937134,1.0018502831459044,1.0328683924674986,0.0737753981669744,0.0741166353225707,0.0750172758102417,0.0754112311840057
5414,890,7,32,1.87,0.85,False,False,True,False,3.5981024956703185,3.63079845905304,3.7699394106864927,4.453243653774261,13.806259958625436,13.766046938869644,13.256116163664958,10.834599399711564,0.9668594443798064,0.9780151844024658,1.0763707756996157,1.4124089598655691,0.0727166026767736,0.0726424956321716,0.0754368796348571,0.0922970362435216
6454,1314,6,8,1.95,0.8,True,False,False,False,3.7093925356864927,3.65036416053772,4.229562926292419,4.234739208221436,13.455379711377784,13.68501340301532,11.820026423673196,11.79267125896123,1.0959507870674132,1.0215024948120115,1.548500645160675,1.5499710273742675,0.0748310516637495,0.0730726361274719,0.0846021797657013,0.0848000842735684
7636,1076,3,32,0.85,0.8,False,True,True,True,3.165713696479797,3.087672591209412,3.6398609399795534,3.643703253269196,15.8326054294023,16.190149557231926,13.73519268736812,13.718857992923626,0.5132977545261384,0.4513006210327148,0.95071781873703,0.9556606364250184,0.0635911838610966,0.0617659521102905,0.0728056769371032,0.0728923655033111
5684,444,8,8,0.03,0.76,False,True,False,False,3.305897643566132,3.3376240730285645,3.7112446784973145,3.714145402908325,15.239928571996147,13.858657367865186,13.470514655814304,13.453411944747604,0.6620371973514557,0.6761103868484497,1.0304499864578247,1.0570502591133115,0.0663837247530619,0.0721571397781372,0.0742362134456634,0.0743305864810943
6958,390,8,8,0.1,0.91,False,True,True,True,14.588958848317464,19.569382190704346,19.618958759307866,30.39467981815359,8.397624581352467,2.554228758782174,2.547607931087182,0.9607257176975992,12.094689957300822,16.851967811584473,16.87384924888611,27.826799287796234,0.3007792891061795,0.3915076112747192,0.3925251512527466,1.0496592135747285
4131,1833,2,8,0.18,0.91,True,False,False,True,56.22078471901143,13.370300769805908,119.89662175178528,119.90554333686828,2.819886080226613,3.739631655326317,0.4170259284467991,0.41699489958463,37.47577106003213,10.732452869415283,83.1266435146327,116.69296158790588,1.1244156943802288,0.2674060153961182,2.3979324350357056,2.3981108667373654
4192,1445,1,32,1.34,0.91,False,False,False,True,47.613652631640434,17.662180423736572,119.97880411148073,119.98367383480073,3.684462368855798,2.830907588507425,0.4167402765059818,0.4167233628625692,27.76828472564618,14.859163403511047,60.61472201347351,60.62687109708786,0.9522730526328088,0.3532436084747314,2.3995760822296144,2.3996734766960146
6394,1335,2,8,0.09,0.96,True,True,True,True,4.3580526971817015,4.3878700733184814,4.41759877204895,4.419454071521759,11.399458149043904,11.388147377016942,11.316216962308056,10.64841390300283,1.4434237337112428,1.6093523502349854,1.6191512107849122,1.6238632488250733,0.0877604115213666,0.0878105974197387,0.0883687555789947,0.094261698600224
4808,1176,7,16,0.08,0.74,True,True,True,True,3.557850298881531,3.559460520744324,3.585848021507263,3.587355825901032,14.054221032824609,14.047072909224504,13.94370310178496,13.937843591961958,0.8482311773300171,0.8445221185684204,0.8947485446929931,0.896542272567749,0.0711570059776306,0.0711892104148864,0.0717169604301452,0.0717471165180206
7430,1708,3,32,0.06,0.88,True,False,True,True,3.5862909162044527,3.627168893814087,3.7047247171401976,3.708369624614716,13.877501229503576,13.782173352405945,13.494410816819748,13.462780154905506,0.9803858995437622,1.01812744140625,1.1112383127212524,1.136992666721344,0.0722054631240227,0.0725574970245361,0.074104754447937,0.0742801344633102
6790,1974,7,32,1.45,0.98,False,True,False,False,3.059205366373062,2.9822781085968018,3.5066054821014405,3.515872423648834,16.31126339020725,16.746568490870477,14.238040698873746,14.189713356547491,0.4656962466239929,0.378055214881897,0.9372281551361084,0.944011483192444,0.0617190170018252,0.0597137260437011,0.0702343828678131,0.0704804139512957
4037,401,1,32,0.26,0.97,False,False,True,False,3.523452278375625,3.59031879901886,3.668405401706696,3.6819834303855896,14.066727963540933,13.923248566637334,13.61645436951298,12.326059580082882,0.8258810400962829,0.8569622039794922,1.0094742894172668,1.0217502164840695,0.0713649118205062,0.0718223190307617,0.0734405586719513,0.0812039754196178
5853,1975,5,32,0.87,0.81,False,True,False,False,3.144924557209015,3.116578698158264,3.575640273094177,3.5798852849006653,15.823363570533708,15.996383670401034,13.97382780590587,13.669647904028416,0.5001237893104553,0.4687662124633789,0.8546305298805237,0.8572353768348694,0.0637321749133343,0.0625141358375549,0.0715623531341552,0.0731622020602225
4760,2041,7,8,1.49,0.77,True,False,True,True,3.722442502975464,3.658328533172608,4.170979607105255,4.173966038227081,13.49736494227102,13.667443901927456,11.987591585485829,11.97901457438672,1.0168381023406985,0.950474739074707,1.538817393779755,1.5442280435562137,0.0744488500595093,0.0731665706634521,0.0834195921421051,0.0834793207645416
5647,979,3,16,1.78,1.0,False,False,True,True,3.667172801494599,3.6244590282440186,4.514978063106537,4.549792923927307,13.726813680386226,13.78404900802265,11.063506737578106,10.988436077085924,0.8146852421760559,0.8053590059280396,1.442007303237915,1.4437200117111206,0.0738314102423497,0.0725476241111755,0.0903872582912445,0.0910047622680664
4717,1332,2,8,1.67,0.82,True,True,False,True,4.228942713737488,4.265315651893616,4.28507798910141,4.286141467094422,11.741627963855604,11.72012145799676,11.667623074990054,10.871532562609396,1.3925356912612914,1.557762861251831,1.5725722670555116,1.573582637310028,0.0852118628501892,0.0853233504295349,0.0857072596549987,0.0924536174297332
7827,399,5,8,1.44,0.94,True,False,True,False,3.7312366378307344,3.646729230880737,4.185572218894959,4.189064879417419,13.407744055774131,13.690244445134176,11.94421796481828,11.934643695405905,1.1631308352947236,1.0587464570999146,1.569093894958496,1.5746284103393555,0.0749551202535628,0.0730447602272033,0.0837225179672241,0.0837896820068359
6107,1483,1,8,1.66,0.91,True,False,False,False,3.650636376142502,3.5531959533691406,4.111548280715942,4.1353844165802,13.678024728844392,14.040457033964524,12.159114655582396,12.08733059801158,1.0340514171123505,0.9663875102996826,1.4792226433753968,1.486778199672699,0.0735373877169594,0.0712227773666381,0.0822428300380706,0.0827312609331948
7121,469,2,32,1.57,0.81,True,False,False,True,3.573114401102066,3.5530260801315308,3.733365190029145,3.7397152376174927,14.008559916101696,14.072527727538802,13.392742892534455,13.370002500049107,0.918606207370758,0.9445719718933104,1.0406641244888306,1.0713354921340943,0.0714622880220413,0.0710605216026306,0.0746673038005828,0.0747943047523498
5599,645,6,16,0.93,0.84,True,False,False,False,3.507087752819061,3.5608214139938354,3.5969530463218686,3.607676682472229,14.181024567837254,14.040128357942091,13.872577429955353,13.801094913390765,0.915815408229828,0.9836463928222656,1.0453803062438964,1.0685325717926024,0.070646582218823,0.0712244200706481,0.0720846581459045,0.0724734445402698
4854,411,3,8,0.59,0.78,True,False,True,False,3.705565184354782,3.595233201980591,4.167590796947479,4.189730229377747,13.530893908908364,13.898336750635952,11.982160487788612,11.932641564677034,1.0113057041168212,0.938346028327942,1.5172945737838746,1.5257435321807862,0.0742644386038184,0.0719510579109191,0.0834574034214019,0.0838037407398223
6255,446,6,8,0.09,0.8,False,False,False,False,3.5617726182937623,3.597712516784668,3.6937373518943786,3.7071131372451775,13.995748461132036,13.89680750626352,13.530673254545894,13.48371712930828,0.9763629877567293,1.0327047109603882,1.103043806552887,1.1392009377479553,0.0715818192313699,0.0719589734077453,0.0739061524868011,0.0741635385036468
5672,1751,2,16,0.71,0.76,False,False,False,True,3.683912138938904,3.73994493484497,3.813503873348236,3.8177412343025208,13.548445635173914,13.362915450984616,13.1099244893742,13.091386098803182,0.8880038738250733,0.9566744565963744,1.093656349182129,1.109796633720398,0.0739300955067078,0.0748339772224426,0.0762780900001525,0.0763861057758331
6059,1817,5,16,1.9,0.7,False,False,True,False,3.5889213347435,3.59164822101593,3.825459718704224,3.8429935717582704,13.951261372147576,13.921185449116829,13.070324711626526,13.01069074967429,0.9629694664478302,1.0446799993515017,1.2661974430084229,1.2746287155151366,0.07177842669487,0.0718329644203186,0.0765091943740844,0.0768598714351654
5504,851,1,16,1.88,0.92,True,False,False,False,3.519798673391342,3.588486194610596,3.617089307308197,3.625200519561768,14.107953841545111,13.928890968825812,13.822822966058345,13.709985510670553,0.9468648302555084,0.962998628616333,1.0526087999343872,1.0704801440238951,0.0711074088593324,0.0717932248115539,0.0723441226482391,0.0730302299181617
7591,615,7,16,1.6,0.89,True,False,False,True,3.5311433935165404,3.605911254882813,3.675692927837372,3.686829571723938,14.118333445467137,13.865480149096555,13.598547216532427,13.498235493741472,0.8431110775470734,0.9216183423995972,1.0389000296592712,1.0633061909675598,0.0710289261435017,0.0721215558052063,0.0735372672080993,0.0740903750650809
8115,708,5,8,1.96,0.99,False,False,False,False,3.688701077699661,3.7124311923980713,3.842086052894592,3.8497927713394167,13.568906663764109,13.468263339863723,13.013763737253978,12.987712061404988,1.04838280916214,1.2234803438186646,1.3494225144386292,1.3638033390045166,0.0737740215539932,0.0742486238479614,0.0768417210578918,0.0769958554267883
4012,791,2,32,1.93,0.81,True,True,False,True,3.595907464027405,3.60117244720459,3.6293157577514648,3.634338603019714,13.90562474420168,13.884367694850232,13.77670189808541,13.75767343719673,0.8200845909118653,0.6997673511505127,0.9995803952217102,1.011351282596588,0.0719181492805481,0.0720234489440918,0.0725863151550293,0.0726867720603942
6471,227,8,32,0.35,0.73,False,True,True,False,3.140247932672501,3.0390474796295166,3.58837251663208,3.595172882080078,16.019362361856444,16.45252348725321,13.933893364940984,13.90753703503929,0.5536612379550934,0.435145616531372,0.9934138059616088,1.0013792848587035,0.06280495865345,0.0607809495925903,0.0717674503326416,0.0719034576416015
4074,1488,2,32,0.5,0.72,False,False,False,True,3.290292350053788,3.2460442781448364,3.7384584069252016,3.7722338819503785,15.332799742238944,15.42443828741995,13.374496826375482,13.254745482270303,0.8711512064933777,0.8512009382247925,1.0514953970909118,1.0537483263015748,0.0658058470010757,0.0649208855628967,0.074769168138504,0.0754446776390075
4162,1071,8,16,1.54,0.85,False,False,True,False,3.649382206201553,3.56876027584076,4.030537104606628,4.049640576839447,13.704470299183672,13.831267129640317,12.398585667409543,12.32715916183894,0.9189672899246216,1.073818922042847,1.23236882686615,1.246125545501709,0.0733922610843882,0.0723110270500183,0.0806543612480163,0.0811217103004455
4167,1511,3,32,1.85,0.95,False,False,True,False,3.782325481176376,3.988459587097168,4.275707566738129,4.286519169807434,13.239978236125951,12.53291640045714,11.686113662908278,11.647328227336562,0.9914418315887452,1.1170332431793213,1.313897681236267,1.3174824047088622,0.0763597131364485,0.0797898888587951,0.0855716476440429,0.0858575049063738
4053,1015,7,16,1.84,0.88,False,True,False,True,3.3141545140743256,3.195585012435913,4.164497637748719,4.171072585582733,15.211012153946502,15.618979400320187,11.997639824483064,11.958189917356124,0.6028858590126037,0.4939227104187011,1.4092605113983154,1.414798505306244,0.0671672617188092,0.0640246701240539,0.0833497269153595,0.0836352122919899
7534,1049,8,32,0.95,0.89,True,False,False,False,3.5066316401958466,3.564767837524414,3.617733240127564,3.625780732631683,14.238968098540532,14.022458122580298,13.807277520382712,13.775544068219013,0.8952649879455566,0.972551703453064,1.0337825536727905,1.0697656083106994,0.0703202343917705,0.0713141751289367,0.0724255740642547,0.0725924141407012
4455,311,7,16,1.3,0.78,True,False,False,False,3.538622310161591,3.548675537109375,3.628829169273376,3.633092319965362,14.11290884844292,14.08408162514992,13.77815866182772,13.752209849434406,0.8592507255077362,0.9083192348480223,1.0087021470069886,1.0294292974472046,0.0709069878607085,0.0710021448135376,0.0725786387920379,0.0727155892372131
7280,850,6,16,1.49,0.77,False,False,False,False,3.5531689858436586,3.5600473880767822,3.6127946972846985,3.631609425544738,14.02952419508582,14.041722277053733,13.832240123349049,13.421382655809042,0.94768963098526,1.0193558931350708,1.0874851822853089,1.1030135989189147,0.0712989733757157,0.0712163352966308,0.0722948698997497,0.0745119053614766
4649,1585,2,8,1.99,0.99,False,False,False,False,3.662546080350876,3.680676460266113,3.839824974536895,3.935650441646576,13.667934716130212,13.584459602683353,13.02156773138228,12.70438143141669,1.0554442524909973,1.0291465520858765,1.488503336906433,1.6000378131866455,0.0732509216070175,0.0736135292053222,0.0767964994907379,0.0787130088329315
5855,467,4,32,0.88,0.83,False,True,False,False,3.138813194036484,3.0984370708465576,3.517685925960541,3.525081398487091,15.93736703236116,16.134675332020514,14.21352169081858,14.183617025432843,0.5206487321853638,0.4616525173187256,0.8781274557113647,0.8863426208496094,0.0630460509240627,0.0619783163070678,0.070355541229248,0.0705038847923278
8053,800,4,32,1.14,0.82,True,True,False,True,3.626094365119934,3.642088413238525,3.679177153110504,3.680968225002289,13.720737618904554,13.721281799494808,13.588134622838608,13.186550557201867,0.8342952346801757,0.9822144508361816,0.9898073196411132,0.9937349605560304,0.0728966124032673,0.0728795027732849,0.0735936188697815,0.0758993935660312
5593,1364,8,16,1.61,0.71,False,False,True,False,3.636810510158538,3.63070011138916,3.750274109840393,3.771459372043609,13.755710253609518,13.771448625173502,13.332358791994691,13.25760097012896,0.9728300893306732,0.9577279090881348,1.1871424674987792,1.3803959488868704,0.0727362102031708,0.0726140022277832,0.0750054821968078,0.0754291874408721
5730,569,5,8,1.8,0.89,True,True,True,False,4.104660301208496,4.114172101020813,4.136898481845856,4.139871373176574,12.181935768281209,12.153113386467052,12.086349376486032,12.07767230649535,1.4702540397644044,1.4703139066696167,1.481112790107727,1.4824587965011595,0.0820932060241699,0.0822834420204162,0.0827379696369171,0.0827974274635315
4081,76,3,32,1.74,0.86,True,True,False,True,3.514887156486511,3.550766468048096,3.587147521972656,3.588311629295349,13.99332344167234,14.060532361531704,13.936670018369268,11.65495252252317,0.7878644752502442,0.7626398801803589,0.8887722611427307,0.893260600566864,0.0716920956667732,0.0711210751533508,0.0717531521320343,0.0890423810958861
7989,716,6,8,0.22,0.83,False,True,False,False,3.049766626358032,2.894177317619324,3.5332254767417908,3.537080729007721,16.40898096440405,17.183078813888166,14.150592382407051,14.125970397099731,0.4707238435745239,0.331882119178772,1.2025678396224977,1.2067664647102356,0.0614713621783782,0.0581968569755554,0.070668419599533,0.0707915967464447
8164,553,1,16,0.3,0.93,False,False,True,False,3.4955910634994507,3.553672671318054,3.71681295633316,3.723719580173493,14.110903243959552,14.06344907529918,13.44436225058241,11.50319506832821,0.8835796546936036,0.9339002370834352,1.012014424800873,1.01873370885849,0.0711642432309275,0.0711063122749328,0.0743806204795837,0.0869726686768169
6615,326,6,16,1.99,0.98,False,True,False,False,2.985809018611908,3.006966233253479,3.502712345123291,3.5177353286743163,16.658844586257132,16.599861119639726,14.252367062557385,14.170523954442992,0.4382090997695922,0.3370540142059326,0.9670036435127258,0.9714507961273192,0.0603938807643762,0.0602414679527282,0.0701637845039367,0.070569023174398
4088,1264,5,32,0.35,0.8,False,False,True,True,3.643909602165222,3.683701038360596,3.75487300157547,3.76842933177948,13.675571226242983,13.567553087285596,13.309003855621029,13.156077119988066,0.8651191484928131,0.8677500486373901,0.9940459370613096,1.0247220516204834,0.0731934870788029,0.0737052655220031,0.0751371040344238,0.0760152977602821
6423,453,3,8,1.75,0.74,False,False,False,True,3.6715276503562926,3.640379548072815,3.986375010013581,4.262118237018584,13.543635407735673,13.714600525100709,12.523491155475734,11.198689327237425,0.9980255258083344,0.9996415376663208,1.097569966316223,1.1396443986892677,0.07416751784205,0.0729149937629699,0.0798499386310577,0.0893247664002809
5610,1428,6,16,0.22,0.8,False,True,True,True,3.142761073112488,3.007468342781067,3.7050286412239073,3.707588775157928,16.0500338662404,16.625278970075264,13.495172331493633,13.485853917497623,0.4442069542407989,0.3418722152709961,0.9710816144943236,0.9747812604904176,0.0628552214622497,0.0601493668556213,0.0741005728244781,0.0741517755031585
8018,1960,2,32,0.04,0.94,True,False,True,False,3.489156742095948,3.513232469558716,3.550158441066742,3.563477504253388,14.307811300031853,14.230694245501656,14.079376932599716,14.003882480080923,0.9362933266162872,0.9477430582046508,1.020842170715332,1.053717725276947,0.0699286803007125,0.0702706408500671,0.0710258703231811,0.0714087833881378
6697,156,1,8,0.76,0.89,True,True,True,False,4.1546733903884885,4.166942477226257,4.180715799331665,4.1843469524383545,12.035069551517218,11.999206130918026,11.95967446861722,11.94929593055478,1.5338507795333862,1.5332176685333252,1.5428632378578186,1.544418487548828,0.0830934678077697,0.0833388495445251,0.0836143159866333,0.083686939048767
5676,1207,1,32,1.88,0.72,False,True,False,True,3.5215409541130067,3.3992632627487183,4.377464699745178,4.408556189537048,14.337479547655008,14.704361614092416,11.422137053468408,11.341581880616827,0.7915799832344055,0.6899629831314087,1.4721577048301695,1.4779044032096862,0.0705667237534667,0.0680070328712463,0.0875492939949035,0.0881711237907409
6899,796,1,16,0.53,0.77,True,False,False,True,3.5511606419086457,3.575279712677002,3.667918610572815,3.670016891956329,14.080127434405505,13.983667444275351,13.63031837249469,13.62295890792656,0.8663125920295716,0.9431352615356444,1.0279542565345765,1.0569875955581665,0.0710909497894892,0.0715119981765747,0.0733658578395843,0.0734054924964904
6401,1382,6,16,0.51,0.96,False,True,True,True,3.1950891637802123,3.085856556892395,3.845155322551727,3.85252094745636,15.732274769945684,16.14421188565785,13.0021444605542,12.974833638140906,0.5035826063156128,0.4088894128799438,0.9206618547439576,0.9481261968612672,0.0644983216386092,0.0619417166709899,0.0769103899002075,0.0770722791671753
7797,1353,8,32,1.83,0.89,False,True,True,False,3.08990797162056,2.913835287094116,3.688754308223724,3.6946523690223696,16.28657805348656,17.143587643619966,13.55296680410293,13.53278899538903,0.5407059288024902,0.4091709852218628,1.087015402317047,1.0900410509109495,0.0620943803576128,0.0583308696746826,0.0737845838069915,0.0738945981502533
6288,1685,4,32,1.98,0.77,True,False,False,False,3.5540503740310667,3.59566068649292,3.617762815952301,3.6295911359786985,14.076485673641423,13.905650273104834,13.820695983653888,13.775656347574968,0.9896347630023956,0.9983829259872437,1.0776505827903746,1.0988100171089172,0.0710810074806212,0.0719132137298584,0.072355256319046,0.0725918227195739
6481,1408,7,32,1.66,0.91,False,True,False,True,3.1858436965942385,3.1364758014678955,3.518071675300598,3.5222213959693907,15.71710713443608,15.938797996862824,14.209408507295398,14.192227685936963,0.5769248187541962,0.4801942110061645,0.8986098051071167,0.9020277190208434,0.063859048859775,0.0627399897575378,0.0703759062290191,0.0704611018180847
6142,477,4,16,1.93,0.76,True,False,False,False,3.1188483011722563,2.974862813949585,3.5756717920303345,3.582372760772705,16.08856861759169,16.35129397719651,13.975054567451805,13.956216226334094,0.9207701659202576,0.958470344543457,1.0118542075157164,1.044901578426361,0.0626779326325968,0.0612001824378967,0.0715560712814331,0.0716526596546173
5557,372,2,32,0.11,0.75,True,False,True,False,3.484912544488907,3.552754521369934,3.5986324667930605,3.6085097122192384,14.27856222264624,14.070210161479958,13.892267491073431,13.83982875213684,0.9141372656822204,0.939171552658081,1.0109201788902282,1.0281450366973877,0.0702390845080857,0.0710721445083618,0.0719824895858764,0.0722634409150768
4197,1796,3,32,1.79,0.96,False,False,True,True,3.6845729207992552,3.7106937170028687,3.837747430801392,3.847898032665253,13.552918282599917,13.466885815837102,13.013165366850846,12.914223647920554,1.0345533061027528,1.2037526369094849,1.293708658218384,1.3123247790336607,0.0738666177542313,0.0742562174797058,0.076845255613327,0.0774343724312989
5749,1580,6,16,1.26,0.9,False,False,False,False,3.560972497463226,3.5963646173477173,3.6931880831718447,3.951124906539917,13.935633801988056,13.890475535344128,13.528114698802352,12.16897513788366,0.8659055507183075,0.9704024791717528,1.0698135018348691,1.0753680229187013,0.0719652851068056,0.0719917798042297,0.0739201302528381,0.0822026170253752
6114,118,5,32,0.75,0.83,False,False,True,False,3.4799534356594086,3.646318316459656,3.769584679603577,3.7767622756958006,14.274212931842907,13.703915156433428,13.247568712827734,11.602349494259393,0.9232823884487152,0.9999138116836548,1.07731831073761,1.108764944076538,0.0708189159343781,0.0729718470573425,0.075485549211502,0.0862431241850106
4539,343,7,32,1.93,0.98,False,False,False,False,3.663785252571106,3.5729938745498657,4.322638094425201,4.341125946044921,13.683924744873943,13.98596708404884,11.563160184480942,11.482250095927004,1.0000818026065827,0.9822180271148682,1.3864795088768005,1.4416421484947204,0.0735581773405676,0.071500244140625,0.0864815492630004,0.0870909447193145
4534,1453,8,16,0.44,0.79,True,False,True,False,3.6836336207389833,3.609965085983277,4.343739235401154,4.356634137630462,13.617399854551811,13.848532740734322,11.505041829362847,11.45857760267788,1.0266002273559571,0.9213571548461914,1.701699435710907,1.738402841091156,0.0742999520150098,0.0722098159790039,0.08691841506958,0.0872791141683404
6019,994,5,8,0.53,0.79,True,True,False,True,4.178983945846557,4.203336954116821,4.223352777957916,4.229017601013184,11.89320713066605,11.89220968857077,11.830390240836056,11.18811114260846,1.3855694341659546,1.3526864051818848,1.5104842782020569,1.512764093875885,0.0841090137587653,0.0840886664390564,0.084528091430664,0.0896562826474507
4927,1752,5,16,1.91,0.86,False,False,False,False,3.710388592481613,3.5905593633651733,4.260634469985962,4.26825825214386,13.542389420478887,13.88997314639171,11.734919636441534,11.713985474945073,0.97881494641304,1.037258505821228,1.4064246654510495,1.4122475099563598,0.0745646771993392,0.0719943952560424,0.0852157518863678,0.0853680447101593
6672,1209,4,32,1.25,0.75,True,False,True,False,3.549289174079895,3.516358733177185,3.8195501923561097,3.823559541702272,14.0548106545425,14.206353680104062,13.089224776429973,13.058371757832584,1.0165663850307465,0.974370002746582,1.2817305326461792,1.3154571390151977,0.0714149662164901,0.0703910398483276,0.0763987185955047,0.0765792260169982
5376,1234,6,8,0.84,0.73,True,True,False,True,4.172481765747071,4.196988463401794,4.238294231891632,4.241312024593353,11.894839253445824,11.91185304151581,11.79312186653416,10.97925494548834,1.317068738937378,1.4936906099319458,1.5018495082855223,1.5041457414627075,0.0841161164197054,0.0839499950408935,0.0847951951026916,0.0915560342962091
5324,749,5,32,0.43,0.81,True,False,True,True,3.5489764428138733,3.59433376789093,3.62035562992096,3.627940399646759,14.084726602218952,13.909180299026715,13.81014865779574,13.780894030339566,0.9257958567142488,0.9330631494522096,1.0076273679733276,1.0390906929969788,0.0710462656236276,0.0718949627876281,0.0724105176925659,0.0725642605781555
5613,596,6,16,0.85,0.81,True,True,False,True,3.577343277931213,3.617921113967896,3.6456252217292784,3.647026045322418,13.749252484592628,13.800876224424034,13.710713427813364,11.49788704154346,0.9512126588821412,0.9524482488632202,0.9600477814674376,0.9621698045730592,0.072955085625368,0.0724592351913452,0.0729356648921966,0.0901515823364257
4039,1723,6,16,1.67,0.77,False,True,True,True,3.170566875934601,3.127010464668274,3.848870646953584,3.8752667450904847,15.753924497663638,15.976150602098716,12.99082413347016,12.902337807471689,0.5159443318843842,0.3947463035583496,1.3658629775047302,1.3701942658424378,0.0639839680990347,0.0625933051109313,0.0769774129390716,0.0775053349018096
6811,320,5,16,0.65,0.79,True,False,True,False,3.537707940340042,3.5564932823181152,3.6315844297409057,3.636665823459625,14.142275656079654,14.058792534166486,13.768095157293349,13.748857473951158,0.913696072101593,0.9711148738861084,1.047200405597687,1.0779372191429135,0.0707541588068008,0.0711298656463623,0.0726316885948181,0.0727333164691925
6675,250,8,16,1.7,0.85,False,False,True,False,3.593311417102813,3.5676432847976685,3.8442513942718506,3.85446267604828,13.803645019788007,14.00375169822113,13.004981294127544,11.246443009296534,1.0336321246623994,1.0385682582855225,1.2024205803871155,1.2260994219779968,0.0727302065117018,0.0714094352722168,0.0768936131000518,0.0889571645736692
7307,1008,7,16,1.17,0.82,False,True,True,False,3.0877477419376373,3.0474833250045776,3.4385669946670534,3.450439095497132,16.20251778063342,16.357586876030695,14.538741192441456,14.490909307124452,0.4989967727661132,0.4401299953460693,0.8516560316085815,0.8583046460151672,0.0620004380136914,0.0611337423324584,0.0687817471027374,0.0690087819099426
6326,1240,1,8,0.47,0.94,False,True,False,False,3.256501042842865,3.2961947917938232,3.67566180229187,3.681716589927673,15.443078205839347,14.812440701529397,13.6029925464269,13.580621645755018,0.6163728928565979,0.6166661977767944,0.9882487654685974,0.9923726463317872,0.0653574812934511,0.0675425012906392,0.0735132360458374,0.0736343317985534
5883,696,3,8,0.18,0.94,False,True,False,False,3.154534442424774,3.059532642364502,4.002139163017273,4.005449078083038,15.994131202687054,16.34081174575106,12.491971274683632,12.466050438937051,0.4464538991451263,0.3363726139068603,1.2442178606987,1.2485215163230896,0.0639192228193084,0.0611964702606201,0.0800514168739318,0.0802327340066431
7690,333,4,16,1.85,0.87,False,False,False,False,3.752530518770218,3.820919752120972,4.165332162380218,4.191513888835907,13.126778832279795,13.051829814300795,11.946642314996351,8.209727845375449,1.0371214735507963,1.1394715309143066,1.352806556224823,1.3790196466445923,0.0771394047051777,0.0766176104545593,0.0837055280208587,0.1218380461060082
4864,1479,3,16,0.19,0.8,False,True,True,False,38.765145346803486,4.571022391319275,116.7088811993599,116.71396253108978,7.736534055032743,10.938472666977464,0.4284164108736989,0.4283977590664217,17.323556319722588,1.895955204963684,60.1464684009552,60.1523952960968,0.7753029069360697,0.0914204478263855,2.334177623987198,2.334279250621796
6251,1016,8,8,0.03,0.96,False,True,True,False,7.787996972799301,4.0639588832855225,20.19563679695129,20.20786382436752,11.548984581617455,13.094179925568527,2.4757823114755246,2.474284290254015,5.133497076034546,1.3982179164886477,17.49589273929596,17.50134787082672,0.1558762660918697,0.0813477271602999,0.4039127359390259,0.4041572764873505
5426,1873,5,8,1.3,0.95,True,False,True,False,3.68496656537056,3.650365114212036,4.165313363075256,4.18391542673111,13.59481828963121,13.691168204033437,12.002258882321112,11.946506232246048,1.0820179390907287,1.0089209079742432,1.4933272004127502,1.526233720779419,0.07411524922631,0.0730397868156433,0.08331764960289,0.0837064813137054
4204,67,3,8,0.54,0.87,False,True,True,False,3.090820397138596,2.8485896587371826,3.954558396339416,3.964171857833864,16.467514682271077,17.399502027343992,12.64363683195409,12.612974866506791,0.4897808837890625,0.3816671371459961,1.3474431037902832,1.3516292524337767,0.0620339566098319,0.0574758887290954,0.0790911679267883,0.0792834371566772
4743,1662,8,32,0.46,0.86,False,False,True,False,3.5725630235672,3.5809818506240845,3.7599823474884033,3.7676711463928223,13.948390415031035,13.946842165830189,13.289015452208757,13.269791061771205,0.8999481177330018,0.931964874267578,1.0236684203147888,1.0483391714096069,0.07182259489734,0.0717008256912231,0.0752501194477081,0.0753591393470764
4708,211,3,16,1.52,0.79,True,True,False,True,3.706994662284851,3.7212982177734375,3.735291147232056,3.7401180052757264,13.488784074126643,13.436171256089429,13.385837747461771,13.368571569264308,0.8346495485305786,1.0094102621078491,1.0197802543640138,1.022927861213684,0.074139893245697,0.0744259643554687,0.0747058229446411,0.0748023601055145
7974,768,8,16,1.34,0.97,False,True,False,True,3.025575073957443,2.8944737911224365,3.5631574273109434,3.5720538330078124,16.589500734043753,17.25846779526897,14.030862188211342,13.994296743919596,0.4426019704341888,0.3229138851165771,1.0626933336257935,1.0673829531669616,0.0607734409411748,0.0579425716400146,0.0712714579105377,0.0714576816082
5966,1304,8,16,1.49,0.75,True,True,True,True,3.369657702445984,3.375246405601501,3.4192303657531737,3.420739483833313,14.839706599338951,14.813733586931823,14.623173868229957,14.616723652207437,0.7720535659790039,0.6330571174621582,0.9487873196601868,0.9581244492530824,0.0673931540489196,0.06750492811203,0.0683846073150634,0.0684147896766662
5769,460,2,16,1.67,0.9,True,True,False,True,3.853561601638794,3.860123753547669,3.887841272354126,3.891609025001526,12.975910746825107,12.952956762109409,12.860611590024398,12.84815627653188,0.7846215772628784,0.6605006456375122,0.9632860064506532,0.9638329362869262,0.0770712320327758,0.0772024750709533,0.0777568254470825,0.0778321805000305
6188,1562,1,16,1.77,0.93,False,False,True,False,3.674616640806198,3.720514059066773,4.097760653495788,4.108724448680878,13.55662421928418,13.422883711585808,12.190494603915605,12.091272667270626,0.958588970899582,1.1207528114318848,1.198927903175354,1.225545585155487,0.0741406114811122,0.0744996404647827,0.0820311262607574,0.0827078753881279
6212,1291,4,16,0.09,0.74,False,True,False,False,3.093984404802322,3.0250260829925537,3.700428783893585,3.7041738867759695,16.147577509231123,16.524494596420595,13.511564971638062,13.492909519299609,0.5003353559970856,0.3576433658599853,1.008289873600006,1.0134314846992492,0.0627231461023885,0.0605162239074707,0.0740106718540191,0.0741129997730255
5157,1096,6,8,0.44,0.88,True,True,True,True,4.203303236961364,4.209689736366272,4.248955404758453,4.251718637943267,11.89612973491049,11.877362887449577,11.767598347506167,11.75995246496915,1.34065505027771,1.238097906112671,1.506479060649872,1.5068832278251647,0.0840660647392273,0.0841937947273254,0.084979108095169,0.0850343727588653
6956,653,2,32,1.49,0.85,False,True,False,False,3.156347984075546,3.0870498418807983,3.655688619613648,3.662206401824951,15.867408794292617,16.18154521876275,13.663856015738876,13.622716954911784,0.5575158894062042,0.4242728948593139,0.9901928663253784,0.9947009134292604,0.0634889133207018,0.0617988061904907,0.0731857829093933,0.073408009305367
7142,867,6,8,0.5,0.86,True,True,False,True,4.216677207946777,4.225364208221436,4.249139332771302,4.251060371398926,11.85831892733744,11.833299545428826,11.767088863228503,11.761772399201371,1.3979774713516235,1.3739842176437378,1.502412211894989,1.507472200393677,0.0843335441589355,0.0845072841644287,0.084982786655426,0.0850212074279785
4054,1623,4,16,1.48,0.85,True,False,True,False,3.182847489118576,3.19152569770813,3.616080677509308,3.618936161994934,15.861980449514595,15.448756014879638,13.827125145789095,13.816214997355544,0.7928769552707672,0.8608211278915405,0.9860212445259092,0.9983987236022948,0.063706487858863,0.0648634684653509,0.0723216135501861,0.0723787232398986
7302,770,4,32,0.71,0.71,False,False,False,False,3.568250916004181,3.588918924331665,3.620014333724976,3.631497220993042,14.016081872409783,13.93177197264732,13.812100007054264,13.76842580429984,0.9648436510562896,1.0102460384368896,1.071430492401123,1.091190059185028,0.0713650183200836,0.0717783784866332,0.0724002866744995,0.0726299444198608
5128,367,3,8,1.31,0.93,False,False,False,True,3.609626777172089,3.614450454711914,3.715329134464264,3.72875433921814,13.861985785592768,13.83336201227701,13.457757916907571,13.409303872740036,0.9400430226325988,0.9466894865036012,1.1037123441696166,1.1225255703926087,0.0721925355434417,0.0722890090942382,0.0743065826892852,0.0745750867843628
7260,1645,7,8,0.36,0.84,False,False,False,False,3.508830786943436,3.6006522178649902,3.6694643259048463,3.6797351598739625,14.098459024637604,13.881461056348536,13.607261943817996,9.344995490868923,0.9354603028297424,0.9444093704223632,1.0667072772979735,1.0972279381752013,0.071305734118271,0.0720385265350341,0.0734901704788208,0.1070091753847458
4002,1806,6,32,1.7,0.79,False,False,False,True,3.674332790374756,3.7265020608901978,3.8596446633338912,3.9726041460037234,13.571868061685889,13.396757874437078,12.640814801383469,12.563172367296335,0.8552964377403259,0.8817074298858643,1.362970530986786,1.366687080860138,0.0738749539817755,0.0746449375152587,0.0791088254451751,0.0796113190284141
6535,1556,6,8,1.52,0.95,True,False,False,False,3.5849157965183256,3.5948498249053955,4.116901898384095,4.120889542102813,13.853069782357467,13.89550728643593,12.138919832482252,10.280484227461228,1.0132125103473664,0.9597697257995604,1.4898681044578552,1.4949756789207458,0.0729579054695144,0.0719657087326049,0.0823796527385711,0.0972895911642732
8020,951,1,16,1.63,0.9,False,False,True,False,3.6169492495059967,3.639071226119995,3.726529037952423,4.257721962928772,13.75711844585522,13.734526850779314,13.409534601549018,11.480705590887853,0.9863869619369506,1.040216088294983,1.1193063020706178,1.149238986968994,0.0729014507202001,0.0728092074394226,0.0745738072395324,0.0871026605129241
5444,279,4,32,1.02,0.83,False,False,True,True,3.569981112480164,3.578001022338867,3.6383174180984494,3.6756011962890622,13.989469202722102,13.970746777430096,13.726410065479485,13.578022809995852,0.945213541984558,0.979798436164856,1.093720281124115,1.1313694596290589,0.0715032627073494,0.0715781354904174,0.0728522751331329,0.0736505060195922
4762,774,1,8,1.73,0.77,False,False,True,True,3.459764196872712,3.4755979776382446,4.179823696613312,4.198986434936524,14.469347325104913,14.373737633164325,11.95137265548469,11.903948731022384,0.8508588111400605,0.7401378154754639,1.2673185229301454,1.289760422706604,0.0696414535045623,0.0695713281631469,0.0836723976135253,0.0840057382106781
4759,1605,7,8,0.42,0.87,False,False,False,False,3.5569021952152253,3.580134987831116,3.632459056377411,3.6508106279373167,14.027767517910371,13.962355438949029,13.764540382067544,13.69119560263774,0.8908329772949218,0.9170076847076416,1.0123016715049744,1.0367041563987731,0.0713214902843748,0.0716211533546447,0.0726504461765289,0.0730396916866302
5840,694,1,32,1.28,0.96,True,False,True,True,3.539753267765045,3.5523509979248047,3.69811099767685,3.7167680716514586,14.070783982229432,14.05439841644466,13.51324790636492,13.423486286377088,0.9278636014461518,0.9776102304458618,1.0570886254310607,1.0981500697135924,0.0712669205861933,0.0711521697044372,0.0740014545917511,0.0745012596046222
5698,534,6,32,1.37,0.76,True,True,False,True,3.574118514060974,3.6129651069641113,3.642207324504852,3.643664240837097,13.770495064304448,13.831231438284677,13.72354459697094,11.571161079644884,0.959954867362976,0.9610018730163574,0.969469428062439,0.9710235333442688,0.0728290392875671,0.0723001646995544,0.0728674719333648,0.0893661418437957
7285,847,3,16,0.14,0.87,True,True,False,False,3.593968939781189,3.599827766418457,3.6284196972846985,3.633271417617798,13.913221587310543,13.889553683723214,13.78010409750268,13.761702480643455,0.9736079263687134,0.9744176864624025,0.9848637342453004,0.9860577607154846,0.0718793787956237,0.0719965553283691,0.0725683939456939,0.0726654283523559
4699,1922,2,32,1.53,0.86,True,False,False,True,3.610443716049194,3.630581736564636,3.690253925323488,3.694638330936432,13.85470866015616,13.771899442238148,13.549203131300429,13.53312437012704,0.8851585376262665,0.9308182001113892,1.0192755222320555,1.030249586105347,0.0722088743209838,0.0726116347312927,0.0738050785064697,0.0738927666187286
6938,722,4,16,0.5,0.98,True,True,False,False,2.871842622756958,2.871842622756958,2.871842622756958,2.871842622756958,13.231922842457204,13.231922842457204,13.231922842457204,13.231922842457204,0.962228536605835,0.962228536605835,0.962228536605835,0.962228536605835,0.0755748058620252,0.0755748058620252,0.0755748058620252,0.0755748058620252
5741,131,1,8,0.27,0.76,True,False,True,False,3.688662489652634,3.5900113582611084,4.124377584457397,4.127905395030975,13.561385227690067,13.821944359745007,12.122815033785438,12.107197582647071,1.1272392642498017,1.0373156070709229,1.5241561770439147,1.5276923370361328,0.0740976394941932,0.0723522973060608,0.0824890918731689,0.0825954980373382
6203,330,3,16,0.4,0.73,False,True,False,True,2.9632950818538664,2.7027268409729004,3.722268831729889,3.7257896065711975,17.11938553225173,17.995617789705516,13.431150106892376,13.415296058098257,0.5215630924701691,0.39146888256073,1.0194503307342528,1.0228814601898193,0.0597016393920585,0.0556058239936828,0.0744537878036499,0.0745417774200439
4826,403,2,8,0.76,0.78,False,False,True,True,3.717378454208374,3.700388312339783,3.9295562148094176,3.9463832712173454,13.46814898454803,13.512095647943204,12.72408315427435,12.669828723807411,0.9124366557598114,0.9669281244277954,1.0171127438545229,1.047692883014679,0.0743475690841674,0.0740077662467956,0.0785911242961883,0.0789276654243469
7375,697,5,32,1.67,0.83,False,False,True,True,3.572052721977234,3.531450629234314,4.03052830696106,4.04745272397995,13.978451432505176,14.149730938192691,12.39766796646527,12.351766735668388,0.803710161447525,0.7973432540893555,1.1757089853286744,1.181504909992218,0.0718606980378005,0.0706727266311645,0.080660331249237,0.0809600781440735
4264,824,5,8,1.33,0.72,False,True,True,True,3.168134843111038,3.037134885787964,3.461629021167755,3.468839416503906,15.818748787680285,16.16267840150225,14.439494569540075,14.41084163954712,0.6418420779705047,0.5518771409988403,1.1423034906387328,1.1482457160949706,0.0634901804779966,0.0618920899927616,0.0692545018196106,0.0693921997547149
7984,870,6,16,0.1,0.94,False,False,False,True,3.574994274377823,3.619433879852295,3.759105384349823,3.763989276885986,13.906346841475033,13.800573609254618,13.298991119804638,12.523800550278477,0.931074275970459,0.9657481908798218,1.0232843279838562,1.0505289912223816,0.0720180410899239,0.0724607563018798,0.0751936738491058,0.0798484594894177
4619,834,8,32,1.45,0.95,False,False,True,True,3.6255918276309966,3.6483854055404654,3.78963497877121,4.117505013942718,13.71566433996262,13.69979689598122,13.190506027594989,11.811863211407912,0.8736128306388855,0.9923259019851683,1.0712993621826172,1.1910835886001587,0.0731007080381566,0.0729937887191772,0.0758121037483215,0.0846827782760965
5108,748,7,16,0.79,0.99,True,True,False,True,3.660477509498597,3.677633285522461,3.7023242592811583,3.704095480442047,13.590966381877172,13.58754264050161,13.502979096109945,13.03045607866053,0.9152637100219728,1.027206540107727,1.0377429246902463,1.0401216912269593,0.0735909953217757,0.0735968351364135,0.0740577321052551,0.0768371519741259
4306,1984,4,16,0.04,0.93,True,False,True,True,3.5080166733264924,3.4938015937805176,3.6243068099021913,3.630555722713471,14.22871694105578,14.309545276393653,13.78913567212932,13.768777844834975,0.8408802711963653,0.8662338256835938,0.9456480622291564,1.0159547233581545,0.0703274498701095,0.0698834228515625,0.0725208616256713,0.0726280880928039
6630,1643,3,32,0.84,0.72,True,True,False,False,1.7341880798339844,1.7341880798339844,1.7341880798339844,1.7341880798339844,9.22621956987024,9.22621956987024,9.22621956987024,9.22621956987024,0.910883903503418,0.910883903503418,0.910883903503418,0.910883903503418,0.108386754989624,0.108386754989624,0.108386754989624,0.108386754989624
6810,263,2,16,1.56,0.79,True,True,True,False,3.614988675117493,3.6254653930664062,3.6434406638145447,3.644473867416382,13.832051696771527,13.791334046795896,13.723292067354866,13.719401577161516,1.0106864023208617,1.0112813711166382,1.0194892168045044,1.023487503528595,0.0722997735023498,0.0725093078613281,0.0728688132762909,0.0728894773483276
7296,838,8,16,0.73,0.75,False,False,False,False,3.529046810865402,3.566187620162964,3.600784659385681,3.616773638725281,14.175273345002728,14.020574774139211,13.885862313865443,13.824476054995303,0.8985061013698578,0.9382948875427246,1.063533651828766,1.0940293288230896,0.070580936217308,0.0713237524032592,0.0720156931877136,0.0723354727745056
4227,1690,5,16,0.21,0.89,False,True,False,False,3.0044007897377014,2.950745463371277,3.337155783176422,3.3424677300453185,16.701011093045597,16.944974077408183,14.98281868020997,14.959007551450574,0.447602219581604,0.3614894151687622,0.7828106641769409,0.7848133397102356,0.060088015794754,0.0590149092674255,0.0667431156635284,0.0668493546009063
6887,818,7,16,0.73,0.91,False,False,False,False,3.4908632719516755,3.523974299430847,3.594356346130371,3.604258279800415,14.232162965688952,14.181429073268466,13.895209948791477,13.416575064584029,0.9189302051067352,0.963338017463684,1.0315067768096924,1.0546734738349914,0.0703837134082348,0.0705147552490234,0.0719672465324401,0.0745347559531529
5886,309,2,16,1.25,0.73,False,True,True,True,3.159724050760269,3.134355425834656,3.608956384658813,3.6131757640838624,15.772893958653638,15.812860008023936,13.851659704587949,13.826763047764548,0.5232705807685852,0.4100394248962402,0.9291707158088685,0.9330539345741272,0.0639316379561663,0.0632396841049194,0.0721935148239135,0.0723246569739447
5205,1773,3,8,0.93,0.79,False,False,True,False,3.5827641665935515,3.5642364025115967,3.723074388504029,3.733452799320221,13.866920331386082,13.992710447743825,13.426650451170884,13.348459482024792,0.922658635377884,0.974071741104126,1.056363558769226,1.0761686301231383,0.0722583891593942,0.0714658045768737,0.0744787395000457,0.0749503342668213
5376,305,6,16,0.56,0.95,False,False,False,False,3.569000718593597,3.5861520767211914,3.716852688789368,3.723252725601197,13.968939092997289,13.93935325367024,13.449010557445227,13.404353298801322,0.9294775307178498,0.9497946500778198,1.030210030078888,1.070325710773468,0.0716624817840078,0.0717393398284912,0.0743549122810363,0.0746041830583052
6801,454,7,16,0.45,0.85,False,False,False,False,3.562640961408615,3.546228528022766,3.6646569848060606,3.6737478828430175,14.040083749072132,14.099486146196728,13.643841964578632,13.610079314987306,0.9630639481544496,0.9888118505477904,1.1118794441223143,1.1448396253585815,0.0712528192281723,0.0709245705604553,0.0732931396961212,0.0734749576568603
6981,1479,8,16,0.47,0.92,True,True,False,True,3.863673224449158,3.865752339363098,3.9023244380950928,3.905181307792664,12.941910673082484,12.934093049522346,12.81287684851889,12.803503130408613,0.7959397125244141,0.7116764783859253,0.9705444693565368,0.97449209690094,0.0772734644889831,0.0773150467872619,0.0780464887619018,0.0781036261558532
6295,1252,8,32,0.83,0.76,False,True,True,False,3.2085392701625826,3.1388776302337646,3.6048940658569335,3.60887255191803,15.61632927649496,15.928206354352715,13.868208126526936,13.85187267166931,0.5521360969543457,0.48965585231781,0.9253862500190736,0.930469343662262,0.0643399041110406,0.062781708240509,0.0721073689460754,0.0721924077987671
7831,808,4,32,1.33,0.81,True,False,True,False,3.508507159948349,3.4955644607543945,3.667886352539063,3.6763473773002624,14.236675627475083,14.259154254813918,13.631570300980204,13.596479186573823,0.8644089996814728,0.9308658838272096,1.07738242149353,1.0918786311149598,0.07034540857474,0.0701308465003967,0.0733591198921203,0.0735484522342681
4907,1494,7,32,0.31,0.77,False,True,False,True,3.245541729927063,3.1752471923828125,3.688847267627716,3.692886638641357,15.39249384527335,15.74497895830946,13.55316564969321,13.539543699201124,0.5080838584899903,0.4082338809967041,0.8730265617370605,0.964262628555298,0.0653271715459369,0.0635123109817504,0.0737835001945495,0.0738577327728271
7407,1607,6,16,1.98,1.0,False,False,False,True,4.105388660430908,4.074757218360901,4.859226512908935,4.872489564418792,12.341964507935726,12.27233886441747,10.289703489828506,10.261694630643504,1.3734783446788787,1.293213963508606,2.275462365150452,2.280215945243836,0.0821077732086181,0.081495144367218,0.0971845302581787,0.0974497912883758
7001,1870,7,32,0.61,0.82,False,True,True,True,3.2673445630073545,3.1307373046875,3.628798747062683,3.63397361278534,15.339510457151569,15.94514906814391,13.776493164774358,13.74284315442494,0.6092286086082459,0.529823899269104,0.9444061994552612,0.948439040184021,0.0657832239798024,0.0627149987220764,0.0725874140262603,0.07277190028131
6926,763,3,32,1.42,0.79,False,True,True,False,3.0485421192646025,3.0884335041046143,3.45342937707901,3.462454845905304,16.308142301123144,16.13665702071864,14.45725068822914,14.424148520125728,0.4248679375648498,0.3553832769393921,0.8962791562080383,0.9017884230613707,0.0616934180559663,0.0619707059860229,0.0691694447994232,0.0693300260722636
7121,688,6,8,1.45,0.78,False,False,False,False,3.600006662607193,3.542248487472534,4.020872914791108,4.027168748378753,13.86529023920956,14.105544765080612,12.43209387595558,12.402234864012051,0.8362995731830597,1.018890619277954,1.1439150333404542,1.1473324465751649,0.0725828467433822,0.0708941102027893,0.0804369730949401,0.0806306293487548
4246,1168,8,32,0.51,0.91,True,False,True,True,3.5788847470283507,3.602865219116211,3.653898906707764,3.6714659905433655,13.952492442851955,13.876520360377691,13.679706496145062,13.614641812715751,0.8422525954246521,0.8943074941635132,1.0032840371131897,1.0109659576416017,0.0717169648156021,0.0720641756057739,0.0731009836196899,0.0734503458023071
4220,1988,7,16,1.14,0.94,True,True,True,True,3.56088083267212,3.5621966123580933,3.592102217674255,3.5930878281593324,14.04239559161744,14.036283442392666,13.919425731234488,13.91560764089826,0.7272538900375366,0.5661886930465698,0.9222707509994508,0.9262182211875916,0.0712176166534423,0.0712439322471618,0.0718420443534851,0.0718617565631866
4018,1364,1,32,0.58,0.86,False,True,True,False,3.1141440224647523,3.0678560733795166,3.428352463245392,3.4327789044380186,16.106941098574055,16.298732524565352,14.584264828764804,14.56545888738096,0.4653802716732025,0.4090783596038818,0.7461368083953858,0.7491625690460205,0.062282880449295,0.0613571214675903,0.0685670492649078,0.0686555780887603
6114,1876,2,8,0.42,0.87,True,True,True,True,4.163335256576538,4.167592644691467,4.195547544956208,4.199577581882477,12.010247856620689,11.997336768582084,11.917395672163805,11.905959581498989,1.5046781826019286,1.50450599193573,1.514780819416046,1.518166539669037,0.0832667051315307,0.0833518528938293,0.0839109508991241,0.0839915516376495
4423,230,1,16,0.29,0.8,True,True,False,True,3.633479857444763,3.6458500623703,3.666948652267456,3.671813066005707,13.76188212769346,13.714226594656102,13.635315239409106,13.617251561702256,0.8103179740905762,0.9626598358154296,0.9740297079086304,0.9758324837684632,0.0726695971488952,0.072917001247406,0.0733389730453491,0.0734362613201141
5374,623,3,8,1.6,0.71,False,False,False,False,3.5759162282943726,3.574163317680359,3.6750552892684936,3.784278321266174,13.989011022144528,13.989288003901011,13.605238699832926,13.212559393190064,0.9223034369945526,0.922505497932434,1.1602335691452026,1.3563490223884582,0.0715183245658875,0.0714832663536071,0.0735011057853698,0.0756855664253234
4520,1890,4,8,0.2,0.88,True,False,False,True,3.636611452102661,3.6346356868743896,4.231867992877961,4.236665625572204,13.897507849090962,13.734659979757913,11.810809335296794,11.80050015211702,0.9775710332393648,0.9206132888793944,1.531363296508789,1.5358330368995667,0.0729002837036594,0.0728085470199585,0.0846682028770446,0.0847421708583831
6672,1723,3,32,0.81,0.86,True,True,True,True,3.5306738567352296,3.5848418474197388,3.595887303352356,3.596870436668396,13.937038665555349,13.931996083888446,13.900855319471212,12.428682316210294,0.917605528831482,0.9172784090042114,0.9285270929336548,0.9331091928482056,0.0718130574153019,0.0717772245407104,0.0719380202293396,0.0809594549765953
4443,1734,4,8,0.0,0.7,False,False,True,False,3.4912920928001405,3.4953768253326416,3.715830373764038,3.7298868799209592,14.300325561544703,14.281537065979569,13.453515436243846,13.383475780627132,0.8129105257987976,0.8476529121398926,0.97018061876297,0.9860724711418152,0.0701577948623233,0.0700205039978027,0.0743300147056579,0.0747190072059631
6682,1241,4,32,0.96,0.95,True,False,True,True,3.614546815156936,3.600893020629883,3.725120913982392,3.733668313026428,13.839890280962395,13.885445554961905,13.422383099659475,13.391655698895011,0.9791949427127838,0.990792751312256,1.1167192220687867,1.1614791250228882,0.0722909363031387,0.0720178604125976,0.0745024182796478,0.0746733662605285
7434,465,3,32,1.8,0.83,True,False,False,True,3.560567817687988,3.614756584167481,3.684784460067749,3.69239890575409,13.9740025106428,13.82929902491488,13.56524604993813,13.524256919494755,0.9074148166179656,0.9513429403305054,1.0312654376029968,1.052699568271637,0.0717710068579377,0.0723102450370788,0.0737177929878234,0.0739481127969149
7721,1511,1,32,0.78,0.79,False,False,True,False,3.4280731666088102,3.625930905342102,3.7078362345695495,3.738510277271271,14.616337451952525,13.7851244359512,13.467018359609572,12.607377427798829,0.9039608585834504,0.9778953790664672,1.0330329179763793,1.0594378781318663,0.0693670127854586,0.0725419640541076,0.0742554907798767,0.0793936574924455
5020,1519,5,32,1.56,0.71,False,False,True,True,3.628748327493668,3.680093169212341,3.906636917591095,3.922314889431,13.747730762487672,13.583414287790426,12.796499136019406,12.735601763809008,0.8874776327610016,1.0377562046051023,1.1665237545967102,1.1723450326919556,0.0729982560662662,0.0736191940307617,0.0781463751792907,0.0785211719512939
7962,1081,5,16,0.77,0.97,True,False,False,True,3.5710916566848754,3.5906033515930176,3.7179156064987184,3.731403391361237,13.993845026493458,13.924841451855706,13.447283398527231,13.39174194523729,0.9519768238067629,0.9465913772583008,1.0988723993301392,1.1302344012260437,0.0715468589373997,0.0718141031265258,0.0743644654750824,0.0746728868007659
6416,515,8,16,1.09,0.8,True,False,True,True,3.576358668804169,3.640207290649414,3.668573772907257,3.67464397907257,13.964982011745464,13.73310335199725,13.624820449614022,13.60427137089126,0.9245826494693756,0.9906771183013916,1.0633051872253418,1.0837935280799864,0.0717025707880655,0.0728167533874511,0.0733954641819,0.0735063262462615
6339,1823,6,8,1.35,0.93,False,False,False,False,3.527868038415909,3.515556812286377,3.628091049194336,3.639491095542908,14.180882973090954,14.222498083679053,13.780900815733226,13.713729770261876,0.9215636122226716,0.9965320825576782,1.0487691640853882,1.0556619310379027,0.0705646939292246,0.0703111362457275,0.0725641977787017,0.0729196228981018
6728,1737,2,32,1.17,0.97,False,False,False,False,3.5545666086673737,3.6069424152374254,3.660423803329468,3.991004161834716,13.961978950728628,13.804987279578064,13.646706862100675,12.183257122841669,1.0039246797561645,1.0159906148910522,1.1120538473129271,1.1435001802444458,0.0718291417181491,0.0724376320838928,0.0732777519226074,0.0821511506080624
7588,1590,8,8,0.44,0.86,True,False,False,False,3.641890931129456,3.614245295524597,4.115043997764587,4.123135838508606,13.708112313486508,13.823226008432751,12.147152253330251,12.12573889895206,1.0493271017074586,0.9905786514282228,1.4304322004318235,1.4645932698249815,0.0734864560769761,0.0723420286178588,0.0823238220214843,0.0824692018032074
5863,122,1,16,1.83,0.91,True,False,True,False,3.3805230236053467,3.467920422554016,3.593489980697632,3.595998718738556,14.814385123397804,14.38326673949053,13.911558765305363,13.892988170240404,0.8727023923397064,0.9340097904205322,1.0246963262557984,1.0493644785881042,0.0678533089208279,0.0695253157615661,0.071882670879364,0.0719797381526545
4576,178,3,16,0.33,0.73,True,True,False,True,3.6636467504501344,3.676448941230774,3.699148547649384,3.700028576850891,13.648806327333366,13.600080414667472,13.516624090917697,13.513409448336423,0.8566233921051025,0.8467954397201538,0.9232712030410768,0.9248852968215944,0.0732729350090026,0.0735289788246154,0.0739829709529876,0.0740005715370178
6299,590,3,8,0.38,0.99,False,False,False,True,3.610019223690033,3.63474702835083,3.6868342041969298,3.703683915138245,13.843632764837672,13.753887304847307,13.556992725652876,13.49437512025155,0.8786648488044739,0.9559378623962402,1.0597785115242004,1.0819310021400452,0.0722681312485438,0.0727067184448242,0.0737626714706421,0.0741049650669097
4436,822,2,8,1.77,0.83,False,False,False,False,3.628381336927414,3.65183198451996,3.759436333179474,3.786406877040863,13.725086767648536,13.66260257890084,13.287658255548733,13.184541099478889,1.0177477180957797,0.9952902793884276,1.3571976661682128,1.3835162568092343,0.0729770162701606,0.0731925058364868,0.0752578055858612,0.0758502933025359
4367,175,8,32,0.72,0.95,True,False,False,True,3.614202803373337,3.644792318344116,3.7335737466812136,3.740514430999756,13.847382473672008,13.718205289404072,13.391994748493143,13.367145438653717,0.8668705344200134,0.8808348178863525,1.0473578810691833,1.0678883695602417,0.0722840560674667,0.0728958463668823,0.0746714749336242,0.0748102886199951
7061,1277,3,16,1.23,0.89,True,False,False,True,3.5783780789375306,3.6292779445648193,3.685070276260376,3.697445678710937,13.927781547932009,13.77216689605069,13.559947789028753,13.516041111492434,0.9420491862297058,0.941126585006714,1.051398766040802,1.0794408607482908,0.0718705628119982,0.072610216140747,0.0737465975284576,0.0739862369940831
4796,1569,4,8,1.2,0.75,True,False,False,True,3.688789732456207,3.671573400497437,4.089858722686768,4.094626367092133,13.53263453629567,13.612826318446512,12.223774850766716,12.209818452387248,0.933107249736786,0.9381108283996582,1.455258584022522,1.4564213705062865,0.0743590959484551,0.0734601306915283,0.0818077895641326,0.0819012998580932
7937,1790,6,32,1.35,0.73,False,False,False,True,3.476405556201935,3.461044788360596,3.675762939453125,3.769432570934296,14.30441634508374,14.443741214192627,13.592755967803734,12.764631857429867,0.940338053703308,0.9838682413101196,1.1168914318084715,1.12110595703125,0.070094354557991,0.069234139919281,0.0735685997009277,0.0783459865570067
5360,518,2,16,0.71,0.95,True,True,True,True,3.789953966140747,3.8318415880203247,3.845615196228027,3.847289288043976,12.983869633803357,13.047202045092977,12.99883006446044,10.668204567769696,0.8356893539428711,0.9811387062072754,0.9916911482810974,0.996369423866272,0.0773169955147637,0.0766447854042053,0.0769300014972686,0.098186154047648
7111,784,2,32,1.27,0.86,True,True,True,False,3.5228927898406983,3.532840371131897,3.5522873163223267,3.558098242282868,14.19375661373608,14.152918240319826,14.07544084285127,14.052452473598946,0.9214696311950684,0.9220561981201172,0.9308230400085448,0.9324800658226012,0.0704578557968139,0.0706568074226379,0.0710457463264465,0.0711619648456573
6994,658,6,32,0.38,0.75,False,True,True,False,3.163602049350738,3.098971366882324,3.612996363639832,3.61580680847168,15.852149113189151,16.132313895856292,13.838928957478492,13.828172429864606,0.5752040755748749,0.4675291776657104,1.012215781211853,1.016166272163391,0.0634821045875549,0.0619873881340026,0.0722599272727966,0.0723161361694336
6206,1602,4,16,0.15,0.79,True,True,True,True,3.6137796449661255,3.622205972671509,3.645243501663208,3.6471560335159294,13.836753250341369,13.803742910973192,13.716504803775312,13.709313750462766,0.9775573492050172,0.9776630401611328,0.9869394779205324,0.98890869140625,0.0722755928993225,0.0724441194534301,0.0729048700332641,0.0729431206703186
4806,690,4,32,0.1,0.89,False,True,True,False,3.1249812281131746,3.084112524986267,3.579345977306366,3.5831851601600646,15.93652376155927,16.155788110500037,13.96571798920816,13.944290211863684,0.481370723247528,0.3912060260772705,0.8441158652305603,0.8596963810920716,0.0632660535290021,0.0618976402282714,0.0716039090156555,0.0717156005326438
7714,463,5,16,1.11,0.96,True,True,True,False,3.5847916126251222,3.592898011207581,3.618602287769318,3.620638220310211,13.948779677416615,13.916352425160389,13.81749206081706,13.809720012694276,0.9602126550674438,0.9596433639526368,0.971065866947174,0.9735843753814696,0.0716958322525024,0.0718579602241516,0.0723720457553863,0.0724127644062042
5183,1587,5,32,1.37,0.74,True,False,False,False,3.4930873739719392,3.552680492401123,3.5867358446121216,3.5918778729438783,14.255332124827802,14.07202325241191,13.933054149806589,13.907576507879169,0.9090720355510712,0.9405962228775024,1.008512306213379,1.0165939784049989,0.0702615150077002,0.0710629868507385,0.0717717730998993,0.0719082002231052
7985,687,1,8,1.99,0.94,False,True,True,True,3.376710228919983,3.216780424118042,4.03065345287323,4.112980544567108,14.972158117203865,14.817735802609764,12.404937851291804,12.15663426304292,0.7133268737792968,0.665678858757019,1.480379545688629,1.6251589155197144,0.0677378708373932,0.0676554986408778,0.0806130690574646,0.0822596108913421
7170,1570,4,16,1.92,0.81,True,False,True,False,3.3794635128974915,3.3945348262786865,3.562278842926025,3.5705622744560244,14.662316605844817,14.48045901915403,14.017182585235178,13.274590115106914,0.9411965441703796,0.9849127531051636,1.0336658477783205,1.0568272113800048,0.0684496421415723,0.0690612983703613,0.0713410127162933,0.0753808798728618
8188,114,4,32,1.22,0.74,False,False,True,True,3.635166755914688,3.627078533172608,3.76937267780304,3.7829457354545593,13.76513230019336,13.78519948024461,13.264806713490904,13.217213118463455,1.0118353986740112,1.0283361673355105,1.207073986530304,1.2373324728012085,0.0727033351182937,0.0725415706634521,0.0753874535560607,0.0756589147090912
6865,1299,4,16,1.08,0.98,False,True,True,True,3.22907519698143,3.0990970134735107,3.845339345932007,3.849102532863617,15.651928945992648,16.133739290351393,13.002753596177378,12.990041474516774,0.532277625799179,0.4158018827438354,0.9445971727371216,0.9472178721427916,0.0645815039396285,0.0619819402694702,0.0769067869186401,0.0769820506572723
6962,227,3,16,0.93,0.79,True,True,True,False,3.0469065618515017,3.048303604125977,3.07387889623642,3.0742685770988465,16.41108060605754,16.402572356528776,16.266093018956877,16.264031199692123,0.9458100032806396,0.9457021951675416,0.9559030294418336,0.957928032875061,0.06093813123703,0.0609660720825195,0.0614775779247283,0.0614853715419769
7432,378,7,32,1.34,0.88,True,True,False,False,1.9273083209991453,1.9273083209991453,1.9273083209991453,1.9273083209991453,8.820591814384398,8.820591814384398,8.820591814384398,8.820591814384398,1.050896167755127,1.050896167755127,1.050896167755127,1.050896167755127,0.113371077705832,0.113371077705832,0.113371077705832,0.113371077705832
5666,1981,8,8,0.41,0.73,False,True,False,False,3.213148999214172,3.0323277711868286,3.96608190536499,3.9751202607154847,15.808244508043968,16.488982652801795,12.606900528403088,12.578236679009816,0.5220068740844727,0.3689212799072265,1.3104538440704343,1.319602313041687,0.0642629799842834,0.0606465554237365,0.0793216381072998,0.0795024052143097
5263,2037,7,16,1.98,0.99,False,True,False,False,3.089824093580246,3.037970781326294,3.863019037246704,3.90257598400116,16.272346945656203,16.458354596863344,12.943249213415116,12.812050376932827,0.4889178717136383,0.386579155921936,1.2901065587997436,1.2956443238258362,0.0618899664685839,0.0607594156265258,0.077260380744934,0.0780515196800232
5027,886,6,16,1.26,0.85,False,False,True,False,3.5690849232673645,3.587794780731201,3.737724685668945,3.753256320953369,13.885247346573742,13.918625039822595,13.367135310548624,12.108206723288182,0.8856834328174591,0.9470436573028564,1.0657708048820496,1.092992115020752,0.0722289758206873,0.0718461894989013,0.0748103446960449,0.0825932114316486
6160,315,8,16,0.28,0.93,True,False,False,True,3.5450933825969697,3.564951181411743,3.6006335020065308,3.623199768066406,14.08461980001506,14.024563362275424,13.88445247466713,13.79962535401911,0.9354074597358704,0.9564955234527588,1.0570006370544434,1.096383032798767,0.0710273698568344,0.0713034677505493,0.0720230059623718,0.0724657371997833
4085,1093,8,32,1.87,0.97,True,True,False,True,3.618127717971802,3.658987879753113,3.690365207195282,3.691124360561371,13.56326703411627,13.66057901313554,13.547048331871345,10.803531207865582,0.8372468709945678,0.7865394353866577,0.9853537797927856,0.9881962299346924,0.0741253558295114,0.0732033467292785,0.0738168182373046,0.0986061627047401
8047,1503,6,32,1.98,0.82,False,False,False,False,3.6864171266555785,3.606143355369568,4.235753381252289,4.245734870433807,13.591366797683836,13.863373841275129,11.799025043473916,11.765664023688236,1.0509820902347564,1.0092415809631348,1.4031203866004944,1.4074675989151002,0.073847332350413,0.0721325135231018,0.0847527654170989,0.084993078136444
4381,883,1,16,0.18,0.85,True,False,True,True,3.44526331782341,3.496909499168396,3.63899918794632,3.649657063484192,14.490289604184593,14.274198556957332,13.737972401620922,13.68378261752286,0.8065317165851593,0.8542681932449341,0.9524887800216676,0.9580047583580016,0.0693047634840011,0.0700566720962524,0.0727909455299377,0.0730792111873626
4324,1051,4,16,1.46,0.75,False,True,False,False,3.0490060830116272,2.960890531539917,3.4464295387268065,3.449690594673157,16.48447239357337,16.886811433179602,14.507767952068924,14.494053491846712,0.4138079118728637,0.3290996551513672,0.7903310418128967,0.7964547753334046,0.0609801216602325,0.0592178106307983,0.0689285907745361,0.0689938118934631
4776,1138,2,8,1.82,0.79,True,True,True,True,4.237706208229065,4.250276803970337,4.269601237773895,4.272623746395111,11.799407641360183,11.763940641777747,11.710695500148834,11.702411408266428,1.4399661779403687,1.4194293022155762,1.537390053272247,1.5385116267204284,0.0847541241645813,0.0850055360794067,0.0853920247554779,0.0854524749279022
7937,1640,4,16,0.24,0.86,False,True,False,False,3.0649265456199646,3.038883090019226,3.4017175793647767,3.4050859951972963,16.345949767214105,16.43613218407434,14.698457140533836,14.683916962261195,0.4228790295124054,0.3935854434967041,0.7268029570579528,0.7343319964408874,0.0614310870965321,0.0608415651321411,0.0680343515872955,0.0681017199039459
8053,1920,3,16,0.73,0.9,True,False,False,True,3.550909173488617,3.6428534984588623,3.721478497982025,3.7274010944366456,13.936767956373233,13.709002516615971,13.428675371229003,10.81649953366792,0.9234054589271544,0.9730993509292604,1.0256444454193114,1.050117404460907,0.0720549545344378,0.0729447674751281,0.0744675093491872,0.0924619480980766
7296,1586,6,16,0.21,0.93,True,True,False,False,3.61922119140625,3.627565860748291,3.6563218235969535,3.659907360076904,13.816082977912496,13.783348728491088,13.674945342357606,13.661554996901977,1.00342875957489,1.004928708076477,1.0154383063316346,1.016789848804474,0.072384423828125,0.0725513172149658,0.073126436471939,0.073198147201538
6553,1338,1,32,1.87,0.77,False,False,True,False,3.66554538846016,3.695465922355652,4.163845729827881,4.169604768753052,13.612411025154213,13.49843874905,11.997091777066768,11.93600761759206,1.0007802855968475,1.187973141670227,1.287031364440918,1.319299132823944,0.0740259767254193,0.0740826416015625,0.0833535342216491,0.0838456177949903
7051,1046,3,8,0.81,0.78,True,True,True,True,4.228108286857605,4.2511008977890015,4.279868924617768,4.284814856052399,11.78745465502912,11.753945344890042,11.675320527093405,11.424401814836894,1.3817335891723632,1.551568627357483,1.5588184356689454,1.5629915332794189,0.0848481320835295,0.0850778222084045,0.0856507749557495,0.0875702307837349
6701,1271,6,16,0.82,0.86,True,False,True,False,3.4505743515491485,3.5012362003326416,3.604366266727448,3.6220090532302858,14.516999286851949,14.280670352690825,13.872064506850537,13.804493578861202,0.8882094502449036,0.9326140880584716,1.0433648943901062,1.0725665831565856,0.0690114870309829,0.0700247240066528,0.0720873253345489,0.0724401810646057
7871,1786,5,8,0.59,0.99,False,True,True,True,3.3458182287216185,3.133564591407776,3.707387638092041,3.712780749797821,15.075662957960448,15.261221639574028,13.484478381641528,13.466313850936904,0.621762021780014,0.4717170000076294,0.9984140396118164,1.029722590446472,0.0670009458719155,0.0656475377082824,0.0741593389511108,0.074259371471405
6268,1355,3,32,1.61,0.73,True,True,True,True,3.61139075756073,3.630664944648743,3.645718741416931,3.651272654533386,13.846513531234418,13.771582043126015,13.714716813805106,13.693867029144124,0.8170200014114379,0.9888710975646972,0.9966214418411254,1.0006234049797058,0.0722278151512146,0.0726132988929748,0.0729143748283386,0.0730254530906677
7587,1742,2,16,1.26,0.81,True,True,True,False,3.5916607856750487,3.599795341491699,3.6234238266944887,3.63111114025116,13.922028892550586,13.88967852958712,13.799103424573902,13.769935591988895,0.9984965419769288,0.998521089553833,1.008788788318634,1.0114676976203918,0.0718332157135009,0.0719959068298339,0.0724684765338897,0.0726222228050231
7136,1454,2,16,0.76,0.75,False,True,False,True,3.1710903429985047,3.0562667846679688,3.6879791140556337,3.6945543026924135,15.822374197633104,16.290225312815256,13.555898952407793,13.52830369591974,0.491524406671524,0.4309152364730835,0.9815120697021484,0.9897246479988098,0.0636756091743707,0.0613865637779235,0.0737686231136321,0.0739190975666046
7339,1080,1,8,1.26,0.71,True,False,True,False,3.5802036905288697,3.579616904258728,4.157685101032257,4.163621203899384,13.88053093320767,13.959342877590451,12.014761361128915,10.997317234514448,0.9251918387413024,0.886217474937439,1.5431289434432984,1.5524426245689391,0.0727480885505811,0.0716366100311279,0.0832309498786926,0.0909474982665134
4010,654,1,32,1.06,0.95,True,False,True,True,3.4385310006141663,3.505699396133423,3.569821500778198,3.5808300232887267,14.439037636397227,14.261161496104904,14.002201562334085,13.81687994106843,0.839106274843216,0.8490723371505737,0.987774348258972,1.005358612537384,0.0695023365357342,0.0701205158233642,0.0714173407554626,0.0724958846737353
7226,546,4,16,0.18,0.9,False,True,False,False,3.0472608995437622,3.0503382682800293,3.3714893221855164,3.3783350229263305,16.339758727349025,16.358784936963186,14.825701213836572,14.74012108231881,0.4058800852298737,0.3646386861801147,0.6674054026603699,0.6736551213264466,0.061520731306076,0.0611292362213134,0.0674504354000091,0.0678650410811105
5460,854,8,8,1.59,0.92,False,False,True,True,3.561949599981308,3.613566875457764,3.674643802642822,3.679278879165649,13.92659280627767,13.826202295259495,13.603029952349798,11.563721581801534,0.9331151616573332,1.038297176361084,1.0947178363800047,1.130608332157135,0.0720473032772541,0.0723264408111572,0.0735130341053009,0.0865529861927029
7547,1049,8,32,1.33,0.84,True,False,True,False,3.515858143568039,3.5390690565109253,3.6846402883529663,3.711420249938965,14.219221098357488,14.121535674478167,13.550500223288982,13.442912494773696,0.9115317738056185,0.8926407098770142,1.13657865524292,1.1717880249023436,0.0704213485280672,0.0708138370513916,0.0737980136871337,0.0743886417468388
8046,1156,1,32,0.89,0.7,True,False,False,True,3.586164312362671,3.60160768032074,3.648443758487701,3.658711049556732,13.88887476017306,13.882345034297469,13.70355714307692,13.646078277489304,0.9440129542350768,0.9867308139801024,1.0770798087120057,1.1163185954093933,0.0720875565991682,0.0720339393615722,0.072973753452301,0.0732811276912689
4154,736,7,8,1.1,0.89,False,True,True,False,3.2675540447235107,3.1243773698806763,3.991800045967102,3.996976373195648,15.500301321528436,16.001833113975273,12.525677504086213,12.509456008393324,0.4984748840332031,0.399763822555542,1.3742389321327209,1.3775424981117248,0.0654469840799059,0.0624928402900695,0.079836000919342,0.0799395274639129
5539,493,4,8,1.2,0.97,False,True,False,False,3.184545716047287,3.082422375679016,3.8951987743377687,3.8996029996871946,15.69606349572154,16.11155195168064,12.8353758259397,12.814983742166577,0.5114404773712158,0.3639075756072998,1.2611651420593262,1.263671886920929,0.0647274441456122,0.06206800699234,0.0779096782207489,0.0780336535453796
4356,574,7,8,1.9,0.81,False,False,False,True,3.750314373970032,3.79955792427063,3.940840208530426,3.9628810453414913,13.35041473507933,13.159425670103236,12.687649725114548,12.61709149240417,1.0687211394309997,1.0450129508972168,1.5005975723266602,1.5034759426116944,0.0750062874794005,0.0759911584854126,0.0788168041706085,0.0792576209068298
7958,310,8,32,0.57,0.8,True,False,False,True,3.5372859501838683,3.651108145713806,3.741591489315033,3.7501727151870727,13.9041638690746,13.690911588465609,13.350651637471232,9.152810537805566,0.8464876592159272,0.975428819656372,1.0604840278625487,1.087379822731018,0.0723721941304309,0.0730411553382873,0.0749027109146118,0.1092568643566439
5699,534,2,16,0.32,0.99,False,True,False,True,3.0847004103660582,3.108899712562561,3.5800027370452883,3.585696468353272,16.104673386101325,16.07377134666592,13.961774782283296,13.422378139811562,0.4657258629798889,0.3916749954223633,0.9722582697868348,0.9744131541252136,0.0626802893565792,0.0622131538391113,0.0716241343021392,0.0745086322254255
7773,1681,8,8,0.35,0.85,False,False,False,False,3.5344929814338686,3.590051293373108,3.681116700172424,3.699270119667053,14.046247430868853,13.909699582378964,13.569888162002258,12.55764870670588,0.8560524106025695,0.9269453287124634,1.0309354186058044,1.063052809238434,0.0713477578369164,0.071892282962799,0.0736925761699676,0.0796350239885264
7428,550,2,32,1.34,0.96,True,False,False,False,3.38300074338913,3.390601634979248,3.58069372177124,3.588871579170227,14.77825097255778,14.711363570683604,13.959642088691655,13.924487203490548,0.946920484304428,0.9574835300445556,1.0808340430259704,1.1110707235336303,0.0677974446896351,0.0679749345779419,0.0716350748538971,0.0718159301280975
6913,88,6,8,0.26,0.76,True,True,False,True,4.176542816162109,4.183592915534973,4.206540274620056,4.208603301048279,11.972142400934144,11.951449639731276,11.886252539156388,11.880427277382372,1.523803744316101,1.5241060256958008,1.5338144779205325,1.5362774586677552,0.0835308563232422,0.0836718583106994,0.0841308054924011,0.0841720660209655
5623,1528,4,32,0.93,0.97,False,False,False,True,3.5745917773246765,3.598894238471985,3.6852177381515503,3.692373471260071,13.99162419645162,13.893160983700904,13.567719349049822,13.541425481151224,0.9107728230953216,0.9823437929153442,1.0401553630828857,1.0604514169692991,0.0715196372965107,0.0719778847694397,0.073704354763031,0.0738474694252014
5487,1884,7,16,0.91,0.93,True,False,True,False,3.3008873212337493,3.2936586141586304,3.539193367958069,3.545528385639191,15.066470381940112,14.622780245120314,14.11938126930533,12.366525230648282,0.7983303856849671,0.851291298866272,0.9705032110214232,1.0052653884887697,0.066737204034525,0.068388066291809,0.070824633359909,0.0808718743570388
5043,1678,6,32,0.82,0.79,False,False,True,True,3.617268878221512,3.6918751001358032,3.7579549312591554,3.7759146642684938,13.704929370819611,13.54154593221426,13.301989574763894,12.380916185874712,0.8708298134803772,0.9445466995239258,0.9987830877304076,1.0114855074882507,0.0731884258267424,0.0738468122482299,0.075176724910736,0.0808349330538792
6095,961,7,16,1.17,0.85,False,True,True,True,3.19717425107956,3.130537986755371,3.617137348651886,3.619919238090515,15.737680387239156,15.973190568094292,13.82308582378132,13.812463096977156,0.5112784624099731,0.3847657442092895,0.9556015610694886,0.9625324296951294,0.0639434850215911,0.0626107597351074,0.0723427469730377,0.0723983847618103
5855,789,6,16,0.23,0.77,False,True,True,False,3.112736794948578,3.063152551651001,3.5989858388900755,3.604984200000763,16.094270538334037,16.3075215660811,13.89054407241686,13.867354698931454,0.5113293504714966,0.4024820327758789,0.9541942834854126,0.9576679420471192,0.0626412739783525,0.0613213968276977,0.0719914207458496,0.0721118069171905
4447,756,5,16,1.83,0.98,False,True,False,True,3.145615433454513,3.054182767868042,3.8828057527542112,3.894362502098084,16.034277344203712,16.36253124212962,12.877286108898703,12.839072081074807,0.5252065682411193,0.4092447757720947,1.2821789622306825,1.284800627231598,0.0631607482949892,0.0611152386665344,0.0776561150550842,0.0778872500419616
6301,973,7,16,1.64,0.83,True,False,True,True,2.961807459592819,3.0042258501052856,3.0860403776168823,3.091692636013031,16.795052268545486,16.641045738601598,16.19940532734298,16.122622753311717,0.8908002471923828,0.9569498300552368,1.0419037699699405,1.060841794013977,0.0596964390252443,0.0600923776626586,0.0617306611537933,0.0620404795259236
4159,952,1,32,0.06,0.85,False,False,False,True,3.575681364536285,3.6108843088150016,3.6370999693870543,3.6432239270210265,13.977391810580912,13.845793925964191,13.744130313419136,13.718647440110631,0.8063031172752381,0.8044099807739258,0.9576580882072449,0.959418716430664,0.0715801347017288,0.0722240996360778,0.072758332490921,0.0728934857368469
4618,2006,6,32,1.67,0.76,False,True,True,False,2.676832909584045,2.480056643486023,3.4784529566764832,3.634710114002228,19.13227324360975,20.15716838168256,14.374206194482843,13.756255252223378,0.5261047804355621,0.4241526126861572,0.8352608919143676,1.261764576435089,0.0536170508112226,0.0496101427078247,0.0695690591335296,0.0726942022800445
6788,998,2,8,0.89,0.78,False,False,False,True,3.6166497242450713,3.630289912223816,3.732892227172852,3.765541641712189,13.793101559567202,13.766595926886689,13.387796061744432,12.960814648556129,0.9424619376659392,1.0041570663452148,1.1125091433525085,1.1493892335891722,0.0725472220935319,0.0726395988464355,0.0746948938369751,0.0771560248199261
5839,210,4,32,0.12,0.75,True,False,True,True,3.559855194091797,3.633051633834839,3.661782360076904,3.680171732902527,13.957250530532974,13.762124451417776,13.643399580511376,13.543245108132972,0.9182806944847108,0.9644837379455566,1.053823029994965,1.0769526982307434,0.0717799346461015,0.0726631999015808,0.0732955155372619,0.0738563462628257
5326,1472,5,16,0.51,0.92,False,False,True,True,3.64905921459198,3.687267303466797,3.7329039454460142,3.742396471500397,13.68859314438369,13.558618967104174,13.384385478726175,13.34469378430833,0.941986572742462,1.0064303874969482,1.0693066358566283,1.0897663402557374,0.073105870114054,0.0737538242340087,0.0747139270305633,0.0749361535549163
7856,915,7,32,0.06,0.79,True,True,True,False,2.569657325744629,2.569657325744629,2.569657325744629,2.569657325744629,12.453022307449933,12.453022307449933,12.453022307449933,12.453022307449933,0.9547958374023438,0.9547958374023438,0.9547958374023438,0.9547958374023438,0.0803017914295196,0.0803017914295196,0.0803017914295196,0.0803017914295196
7006,1038,1,32,0.82,0.92,True,False,False,False,3.5296886336803435,3.535632014274597,3.661052775382996,3.678157145977021,14.175526253268842,14.141743211159618,13.657273762735269,13.593764198307412,0.9264033007621764,0.9647732973098756,1.1151268243789674,1.1388950634002684,0.0705937726736068,0.0707126402854919,0.0732210555076599,0.0735631429195404
5244,1647,1,8,0.55,0.92,True,False,True,True,3.8158999156951903,3.7568763494491577,4.145966386795044,4.167961890697479,13.117051278609926,13.304122586911612,12.05852655268138,11.995697229988505,1.0890470433235169,1.0063518285751345,1.4599526286125184,1.4666671323776246,0.0764272953027003,0.0751646733283996,0.0829288716316223,0.083363225698471
5601,1225,6,8,1.72,0.71,True,False,True,False,3.694033504724503,3.661375403404236,4.157581293582917,4.163298597335816,13.587303349592968,13.655030877728588,12.02546559101381,12.008416997766316,1.0539185392856598,1.0391521453857422,1.5303579926490785,1.5330871987342831,0.0740455513506224,0.0732330822944641,0.083156863451004,0.0832749239921569
5327,763,7,8,1.35,0.9,False,True,False,False,3.283747608661652,3.0902702808380127,4.127651250362396,4.141100888252258,15.503598552407423,16.17981453403676,12.11342650378227,12.07408401883168,0.4993871235847473,0.3678282499313354,0.901346468925476,1.647816309928894,0.0657284744059167,0.0618054056167602,0.0825530250072479,0.0828220177650451
6455,1140,1,16,0.34,0.83,False,False,True,False,3.595935810804367,3.689270853996277,3.762414383888245,3.771960723400116,13.815620740078169,13.55063393823821,13.278799379087868,13.00678282807184,0.9285093557834624,0.9973795413970948,1.0910760283470151,1.107654445171356,0.0726042466236545,0.0737972855567932,0.0753080143928527,0.0769130158653624
6818,1749,3,8,0.76,0.85,False,False,False,False,3.478879290819168,3.4600067138671875,3.59216126203537,3.597383852005005,14.36168177568964,14.45060551060592,13.918057423236975,13.85447757228933,0.9104178965091704,0.967882752418518,1.061826741695404,1.086589102745056,0.0696572301687337,0.0692012524604797,0.0718491075038909,0.0721788317680358
6673,1414,7,16,0.86,0.73,False,True,True,True,3.1656031572818755,3.100063443183899,3.639747095108032,3.660018305778504,15.838203173348008,16.126502142259177,13.737070360360276,13.659068843954133,0.5203814315795898,0.411901593208313,0.9464388966560364,0.9503989958763124,0.0636641471806695,0.0620097279548645,0.0727957253456115,0.0732114327430725
6881,121,1,16,1.29,0.75,True,True,True,False,1.997816562652588,1.997816562652588,1.997816562652588,1.997816562652588,12.51366139782444,12.51366139782444,12.51366139782444,12.51366139782444,0.9769983291625975,0.9769983291625975,0.9769983291625975,0.9769983291625975,0.0799126625061035,0.0799126625061035,0.0799126625061035,0.0799126625061035
7574,1334,1,8,1.94,0.92,True,True,True,True,4.1969688129425045,4.229329586029053,4.256565272808075,4.258533265590668,11.84283939652532,11.821280390985995,11.745296030782807,11.16174280383593,1.372232847213745,1.525595784187317,1.533496975898743,1.5350548434257507,0.0844672688484192,0.0845932054519653,0.0851404683589935,0.0898211914539336
7429,1178,4,8,1.8,0.8,True,True,True,True,4.269610834121704,4.300539135932922,4.316520130634308,4.321128513813019,11.629459298243932,11.623084968146898,11.582901813156155,10.773823758523925,1.4159366035461425,1.6074562072753906,1.6169647216796874,1.6235360932350158,0.0860310200074139,0.0860356783866882,0.0863341515064239,0.0932931568622588
4925,316,1,8,0.16,0.91,False,True,False,False,3.2575285410881043,3.1011945009231567,4.0972709774971,4.123543512821198,15.519167588951545,16.11558468256519,12.20326052504942,12.125493487173708,0.475426664352417,0.355603814125061,0.8579414367675781,1.3689563703536989,0.065661962873737,0.0620517396926879,0.081945419549942,0.0824708702564239
6394,1862,5,32,1.05,0.88,False,False,True,False,3.529197120666504,3.53853178024292,3.675192761421203,3.9046995949745176,13.967612946486897,13.727501775444498,12.87072157100858,9.855947388846625,0.9052847063541412,0.9403395652770996,1.0175081729888915,1.0487642908096313,0.071859841229458,0.0728464818000793,0.0776957654953002,0.1014626436763339
7623,1753,8,16,0.24,0.88,True,False,True,True,3.5538927733898165,3.604040145874024,3.676783430576324,3.683612883090973,14.005793819786748,13.86712824144399,13.58945577524641,13.54641086189477,0.9506582605838776,0.9709841012954712,1.0729055404663086,1.101690502166748,0.0715231704938164,0.0721129918098449,0.0735864641666412,0.0738282149416026
5108,147,1,8,1.96,0.78,False,True,True,True,3.3645605731010435,3.336740612983704,3.7586846590042113,3.9826851058006287,15.029795178762583,15.061684028429864,13.30252612922126,12.554344505129889,0.6819297254085541,0.6727472543716431,1.192841124534607,1.5941859650611878,0.0672912114620208,0.066734812259674,0.0751736931800842,0.0796537021160125
6274,1940,8,32,1.6,0.92,True,True,True,True,3.482296199798584,3.4841244220733643,3.5090797781944274,3.511057300567627,14.35903905781758,14.350808066337326,14.248749904117352,14.240725756145498,0.8643124771118164,0.9952616691589355,1.0044286727905274,1.0110325121879578,0.0696459239959716,0.0696824884414673,0.0701815955638885,0.0702211460113525
6471,1458,4,16,0.32,0.76,False,False,True,False,3.5534069991111754,3.5641952753067017,3.6529123425483694,3.661499335765839,14.076672086867053,14.028412326018923,13.687708694663902,13.655608340005028,0.9526504623889924,0.9877938032150269,1.0993017911911012,1.1258785200119017,0.0710681399822234,0.071283905506134,0.0730582468509674,0.0732299867153167
8153,796,2,8,1.78,0.83,False,True,True,False,3.300524717569352,3.231251835823059,4.257082521915436,4.261929087638855,15.131406372679892,15.412149699892408,11.745048937264636,11.705646720934803,0.5282152199745178,0.3910410404205322,0.9873710751533508,0.9961408233642566,0.0677704199313791,0.0648838758468628,0.0851422591209411,0.0854361881256102
5801,945,5,16,0.93,0.88,True,False,True,False,3.54489506483078,3.590149164199829,3.627064919471741,3.6331006908416734,14.08187242245054,13.925592817477604,13.783660100159604,13.76046948599302,0.9365065586566924,0.9948738813400269,1.0616544485092163,1.08591064453125,0.071069620767133,0.0718102288246154,0.0725496706962585,0.072671939086914
7878,1874,3,8,0.7,0.95,False,True,False,True,3.3531841361522674,3.3813157081604004,3.7069514989852905,3.735775120258331,15.065797425205623,14.850868453186342,13.488172203722712,13.384103270035054,0.6824590957164764,0.4847726821899414,1.0443790078163149,1.077463073730469,0.0670691401681121,0.067626314163208,0.0741390299797058,0.0747155024051666
4871,789,8,16,0.37,0.74,False,True,False,True,3.253208967447281,3.2156823873519897,3.718942439556122,3.7228801321983336,15.25945366582786,15.54594197793315,13.44018701005433,13.022736023531536,0.4662030136585235,0.3812116384506225,0.9670410037040712,0.9701957368850708,0.0660459855992639,0.0643254685401916,0.0744037268161773,0.0768015061658724
8084,1491,8,16,1.3,0.74,True,False,True,True,3.5961558425426485,3.6021534204483032,3.7316809773445128,3.7366344141960144,13.8288514220931,13.879623626641443,13.397752927223308,13.324326155228462,0.9873792004585266,0.9856740236282348,1.1127936244010923,1.1453713750839232,0.0724229580984395,0.0720480632781982,0.0746393821239471,0.0750559812784194
5337,958,6,32,0.7,0.96,False,True,True,True,3.2031868481636048,3.160402297973633,3.5842655420303347,3.613193795681,15.62123849468098,15.81817012098228,13.945317916063535,13.82409330273302,0.5567838990688324,0.4676039218902588,0.8944578051567078,0.8971946692466736,0.0643103463453405,0.0632184386253356,0.0717086560726165,0.0723374756336212
6336,1987,5,16,1.42,0.99,False,True,False,False,3.0438624775409697,2.9537166357040405,3.5723900198936462,3.576196703910828,16.48863532617132,16.922358959265004,13.994215299730929,13.95830759901702,0.442381157875061,0.3238284587860107,0.935464644432068,0.9434547090530396,0.0612902033099898,0.0590934205055236,0.0714580974578857,0.0716419302463531
4936,977,6,32,1.1,0.77,True,False,True,True,3.5456102049350737,3.538355231285095,3.69787974357605,3.708355903625488,14.079916393283169,14.127752210897008,13.51555406443142,13.477034798094245,0.8445905578136444,0.9078086614608764,1.016537117958069,1.0323534631729123,0.0711173517960089,0.0707826685905456,0.0739888315200805,0.0742002996921539
7558,838,5,16,0.59,0.74,False,True,False,True,3.3053049981594085,3.1963404417037964,3.779859244823456,3.786589937210083,15.216924004647744,15.64288949959074,13.228005814797577,13.204492923564915,0.5121703469753265,0.4133597612380981,0.8743403553962708,0.9332423448562622,0.0661060999631881,0.0639268088340759,0.0755971848964691,0.0757317987442016
7052,646,7,32,1.11,0.85,False,False,True,True,3.5624815499782563,3.579079508781433,3.643270754814148,3.652057087421417,14.02199307600552,13.96706481997972,13.722836208118071,13.6794144985165,0.8867895066738128,0.9998829364776612,1.0600807785987854,1.076644423007965,0.0713441917306498,0.0715970063209533,0.0728712334632873,0.0731051644325256
5064,93,8,8,1.37,0.83,False,True,False,False,2.825398896932602,2.458947539329529,4.133400857448578,4.150018646717071,18.676730748772208,20.3266641193217,12.0965765784349,12.048138638618507,0.5177651405334472,0.3955051898956299,0.9080299615859986,1.6593507528305054,0.0565524899953749,0.0491964673995971,0.0826680171489715,0.0830003729343414
5393,265,3,16,0.77,0.93,False,True,False,True,3.1587463414669035,3.046966314315796,3.628582775592804,3.632923786640167,15.935018645385682,16.409765923273497,13.779484469692031,13.763019295759223,0.5039108419418334,0.3834900856018066,0.924567449092865,0.9280802297592164,0.063174926829338,0.0609393262863159,0.072571655511856,0.0726584757328033
7107,431,2,16,1.02,1.0,False,False,False,True,3.63084721326828,3.6527198553085327,3.7534889698028566,3.756570405960083,13.780137775008743,13.688430008606469,13.320939638362276,13.31001463660436,0.9691325056552887,0.9912680387496948,1.1152661442756653,1.1482369303703308,0.0726169442653656,0.0730543971061706,0.0750697793960571,0.0751314081192016
7411,200,4,16,0.31,0.95,False,True,True,False,3.028931783437729,2.992536783218384,3.3663195610046386,3.369763026237488,16.50163361209336,16.542579003240682,14.8530165253759,14.837838668367205,0.4087160801887512,0.3496018648147583,0.7105462551116943,0.7136423110961914,0.0608647524229117,0.0604502987861633,0.0673263912200927,0.0673952605247497
5358,844,8,16,1.64,0.96,False,True,True,True,3.1324191868305205,3.0450093746185303,3.798243582248688,3.8071262288093566,16.06229248057251,16.41555510262158,13.159306940620173,13.127429445506715,0.4894467687606811,0.3593236207962036,1.1443962574005129,1.1503421449661255,0.0631225503542484,0.0609178304672241,0.0759918444156646,0.0761763761520385
5157,608,7,8,1.49,0.97,False,False,True,False,3.264564833641052,3.2627615928649902,3.752983820438385,3.759469563961029,15.371679146911667,14.376963571904597,13.322488372920798,13.298038778003956,0.8598702955245972,0.751483678817749,1.2347522616386413,1.2384708547592165,0.0657761619704019,0.0695576643943786,0.0750610525608062,0.0751990588188171
6534,1004,6,32,0.99,0.71,False,False,True,False,3.5131427490711213,3.4673908948898315,3.67389132976532,3.710056860446928,14.133250277773266,14.173536021051804,13.590966281800796,12.624439744208589,0.8800181210041046,0.9450353384017944,1.0309660911560057,1.0515803813934326,0.0709280488818994,0.070563393141094,0.0735782947540283,0.0792116146810593
5408,1721,1,8,0.16,0.86,True,False,False,False,3.676062363386154,3.567741274833679,4.127911484241485,4.130051972866059,13.60418343251285,14.012238765792844,12.111297895120746,12.102791581599886,1.0605645263195038,0.9937721490859984,1.525849449634552,1.5325975108146668,0.0738807393365436,0.0713661837577819,0.0825675339698791,0.0826255656719207
7913,1106,8,8,0.18,0.72,False,False,False,True,3.5192302560806272,3.5944435596466064,3.854252016544342,3.862959854602814,14.22210229828096,13.905336466174706,12.96957515101257,12.892442155624234,0.9905827593803406,0.9997960329055786,1.1161728024482724,1.1653567337989807,0.0708179292916234,0.071914837360382,0.0771035287380218,0.0775657022398871
4416,1867,2,16,0.48,0.85,False,True,True,False,3.1117434215545656,3.043644070625305,3.520370805263519,3.5344734311103823,16.131768457176303,16.42464726925041,14.20304927554491,14.146378798061845,0.4544430530071258,0.3596351146697998,0.7942620635032653,0.8003332495689393,0.0623270188229424,0.0608841085433959,0.0704074161052703,0.0706894686222076
6544,1980,3,8,0.64,0.99,False,False,True,False,3.233016858100891,3.174994826316833,3.640698540210724,3.6509034252166734,15.5779666456249,15.77759184501803,13.733628164521102,13.695240377133896,0.9651609671115876,0.9857484102249146,1.0470590353012084,1.0654887413978575,0.0646603371620178,0.0634998965263366,0.0728139708042144,0.0730180685043335
6440,1056,4,16,0.16,0.95,True,True,False,True,3.606540355682373,3.6162086725234985,3.64009177684784,3.6412035775184632,13.864969964663471,13.826635719570064,13.73591740859929,13.73172366970466,0.960241346359253,0.9620264768600464,0.969756805896759,0.9711310744285584,0.0721308071136474,0.0723241734504699,0.0728018355369567,0.0728240715503692
5174,922,6,8,0.63,0.88,True,False,True,True,3.713894753456116,3.6284629106521606,4.153987860679626,4.159529631137848,13.468831822528566,13.715162626794069,12.035101576793462,12.019338732243206,1.0479731488227844,0.9648529291152954,1.4514777302742004,1.487711615562439,0.0746430494855432,0.0729135537147522,0.0830902841091156,0.0831992527484893
4089,286,8,32,1.74,0.72,False,True,False,False,3.079427914619446,3.0446606874465942,3.6336626291275023,3.646680517196655,16.334870425568987,16.404292552200047,13.760220899159895,13.71109966123281,0.4854535114765167,0.3928908109664917,1.1232870936393735,1.1278655958175658,0.0616504592835903,0.0609596562385559,0.07267325258255,0.0729336103439331
6796,638,7,16,0.57,0.98,True,False,False,False,3.4551866817474366,3.465614318847656,3.595690333843231,3.6004592514038087,14.42968093046409,14.41231193321525,13.900998301183254,13.868849235171144,0.8708987319469452,0.9138895273208618,1.009765422344208,1.016207826137543,0.0693637405299714,0.0693851208686828,0.0719372797012329,0.0721056294577462
6399,317,5,8,0.56,0.81,True,True,False,True,4.2424862575531,4.280751824378967,4.307454442977905,4.310464098453521,11.598254110805376,11.67343082077621,11.606870505751925,9.302658335852088,1.5932040882110596,1.5946171283721924,1.6045071005821228,1.6060439324378968,0.0866520253287421,0.0856646347045898,0.0861558678150177,0.1140769094785053
7030,2005,2,8,1.56,0.88,False,False,False,False,3.4812117898464203,3.4649511575698853,3.6297953128814697,3.671615130901337,14.374816154569212,14.430223987313848,13.774881439280652,13.61798529209122,0.9899979066848756,0.997715711593628,1.1044316053390502,1.1388303136825562,0.0696242357969284,0.0692990231513977,0.0725959062576293,0.0734323026180267
7287,1111,1,32,0.45,0.97,False,False,False,True,3.5466773355007173,3.545620799064636,3.631148374080658,3.6385814428329466,14.046748803498843,14.098942532174531,13.767336334297626,13.736410428202657,0.8831167685985565,0.9339182376861572,1.0262426733970642,1.046895215511322,0.0712673011435402,0.0709273076057434,0.0726356918811798,0.0727992294311523
6944,968,3,16,1.64,0.92,True,False,True,True,3.559216845035553,3.621304154396057,3.683330488204956,3.684737141132355,13.990833603933597,13.803986941427503,13.574077827787702,13.555516256989176,0.9231712460517884,0.965440273284912,1.023353636264801,1.0453094744682312,0.071646989579614,0.0724428391456604,0.0736698296070098,0.0737725160623851
7718,1194,2,32,0.59,0.95,True,False,False,True,3.582587698698044,3.6159437894821167,3.678844392299652,3.689839415550232,13.968717994350929,13.827648640703,13.59122471727029,13.5507256303264,0.9754528081417084,0.9880560636520386,1.082192838191986,1.1066163563728333,0.0716517539739608,0.0723188757896423,0.073576887845993,0.0737967883110046
6708,855,6,8,0.93,0.77,True,True,False,False,2.426142930984497,2.426142930984497,2.426142930984497,2.426142930984497,7.007006793743031,7.007006793743031,7.007006793743031,7.007006793743031,1.557112455368042,1.557112455368042,1.557112455368042,1.557112455368042,0.1427142900579115,0.1427142900579115,0.1427142900579115,0.1427142900579115
7251,1860,2,32,0.92,0.72,True,False,True,False,3.501200568675995,3.5670441389083862,3.634035480022431,3.641151320934296,14.204067174259777,14.01074603787058,13.746055298081233,13.41826413022862,0.9119440364837648,0.974419355392456,1.0572813630104063,1.0809441494941712,0.0705585625700834,0.0713737869262695,0.0727481434345245,0.0745394187322476
8048,131,3,8,1.52,0.72,True,False,True,True,3.7769354510307314,3.748613238334656,4.176583230495453,4.181952183246612,13.250791029977782,13.167753890017313,11.96872632786705,11.94792914494781,1.0821985483169556,1.0234260559082031,1.505596721172333,1.5099423241615295,0.075899101945244,0.0759483838081359,0.0835510799884796,0.0836978412677501
5157,905,4,32,0.56,0.77,True,False,True,True,3.601251014471054,3.64462685585022,3.664898991584778,3.677398021221161,13.863581975205529,13.716846086190202,13.642423217971388,13.593876255152573,0.9071888387203216,0.954161524772644,1.0109806895256042,1.0254812669754028,0.0721693642660975,0.0729030561447143,0.0733007607460022,0.0735625352859497
5970,1077,6,8,1.87,0.98,True,True,False,False,4.151669998168945,4.157233715057373,4.179986310005188,4.181311407089233,12.043841792373147,12.027229105203723,11.961761724711703,11.957971123252207,1.5215602397918702,1.5223504304885864,1.530979299545288,1.5325972104072572,0.0830333999633789,0.0831446743011474,0.0835997262001037,0.0836262281417846
6367,322,4,32,1.72,0.9,True,False,True,False,3.408446047306061,3.4113335609436035,3.502749240398407,3.511885628700256,14.64800750685412,14.656254840836064,14.274005999680398,14.215886436325665,0.9539341831207276,0.9917948246002196,1.0659971237182615,1.10878182888031,0.0683077128842472,0.0682302546501159,0.0700574178695678,0.0703438373565673
6917,1691,8,32,0.21,0.8,False,False,False,True,3.623764039278031,3.618740797042847,3.704612064361572,3.709735035896301,13.787549815771138,13.816010564673798,13.495466052429505,13.477604024575497,0.9471676695346832,1.010237693786621,1.0767717003822326,1.0999902844429017,0.0725537355482578,0.0723797941207885,0.0740989601612091,0.074197164440155
7964,967,8,8,0.89,0.98,False,True,True,False,3.2341284024715424,3.116605520248413,3.872609031200409,3.877761373519897,15.611166044940555,16.04211928382808,12.91119233145314,12.894037358337268,0.507288225889206,0.4014065265655517,1.1498080968856812,1.1597048115730286,0.0647873150923672,0.0623359036445617,0.0774521806240081,0.0775552274703979
6053,1923,3,32,1.57,0.8,True,True,False,True,3.664547338485718,3.6731746196746826,3.692297852039337,3.695901720523834,13.644975612785018,13.612203390285629,13.541702763593609,13.528498432353496,1.003953218460083,1.004697561264038,1.0150161981582642,1.0167031812667846,0.0732909467697143,0.0734634923934936,0.0738459570407867,0.0739180344104766
7802,1916,8,8,0.91,0.77,False,False,True,True,3.636698107719421,3.661202073097229,3.694583880901337,3.708493142127992,13.753640809151618,13.656716842358897,13.533323810230277,13.482566454406308,0.9563657534122468,1.0142360925674438,1.0977205514907835,1.128542833328247,0.0727339621543883,0.0732240414619445,0.0738916776180267,0.0741698628425598
6769,871,5,8,1.24,0.99,False,True,True,True,3.400103715658188,3.28136944770813,4.06588226556778,4.090602102279663,14.935656151833888,15.268586390322966,12.297454312678154,12.223139971706969,0.6816865479946137,0.432665467262268,1.1174790024757386,1.156814935207367,0.0680020743131637,0.0656273889541625,0.0813176453113555,0.0818120420455932
5308,1843,4,8,1.58,0.74,False,True,True,False,3.295889586210251,3.061307191848755,4.171267688274384,4.3259709930419925,15.46008177881992,16.317424411580905,11.98676415418599,11.558098788201113,0.5435779500007629,0.4068882465362549,0.9300111532211304,1.8467156171798704,0.0660291899059758,0.0612841820716857,0.0834253537654876,0.0865194198608398
5800,596,7,8,0.39,0.71,True,False,False,False,3.686300766468048,3.604681968688965,4.117537462711335,4.124846789836884,13.57755734138888,13.739293185419786,12.140425416383854,12.119614293265291,1.0546788215637206,1.0369428396224976,1.4690991759300231,1.473386104106903,0.0740572966098786,0.0727890062332153,0.0823694365024566,0.0825108766555786
8056,1813,6,16,0.55,0.72,True,False,False,False,3.405683966875076,3.3400691747665405,3.649904882907868,3.660426473617554,14.642171708534036,14.898875588010505,13.687078227242711,13.581338534419062,0.9250830256938934,0.9653476476669312,1.0862006187438964,1.1172270035743712,0.0686138169457555,0.0671192121505737,0.0730616121292114,0.0736315677943982
7688,1300,4,32,1.2,0.92,False,False,False,True,3.5690700995922087,3.5782310962677,3.6482000827789305,3.663460850715637,13.996091572699465,13.972013978625816,13.700167377038376,13.59984708845766,0.9402610385417938,0.98377788066864,1.079430985450745,1.109377989768982,0.0714738089072077,0.0715716433525085,0.0729918091297149,0.0735303015708923
7371,74,4,16,0.68,0.98,True,True,False,False,3.565192813873291,3.566433072090149,3.60874742269516,3.609991965293884,14.0255164823259,14.019610108818252,13.855223206864382,13.850446727820245,0.9690807580947876,0.9687550067901612,0.9774625182151796,0.9804825448989868,0.0713038562774658,0.0713286614418029,0.0721749484539032,0.0721998393058776
7813,929,1,32,1.19,0.72,True,False,True,False,3.3655390298366545,3.302721738815308,3.594354844093323,3.609247045516968,14.887104654049168,14.869729902011354,13.899166712108492,13.83688297462157,0.8354249811172485,0.8849117755889893,1.0509148597717284,1.08496773481369,0.0673876570224762,0.0672725844383239,0.0719467601776123,0.0722706119537353
7284,895,5,8,1.6,0.77,False,False,False,False,3.591329321861267,3.593183398246765,3.69254606962204,3.721435222625729,13.87527398879564,13.90738969652984,13.539594598095563,12.087053813525856,0.933116774559021,1.0656208992004397,1.1374252915382386,1.1706782603263854,0.0722027031702153,0.0719042420387268,0.0738574559688568,0.0827337253093719
4335,139,4,32,0.26,0.72,False,True,False,False,3.114863398075104,3.1026432514190674,3.562177777290344,3.5682306122779845,16.007163119101435,16.108526583815028,14.034134841285852,13.931182472016973,0.4379782617092133,0.3776535987854004,0.8247601985931396,0.8322603845596314,0.0630278668534036,0.0620789241790771,0.0712548377513885,0.0718389145465122
4182,929,1,32,1.27,0.93,False,False,True,False,3.5970685291290283,3.6651575565338135,3.8217589974403374,3.828011119365692,13.860006572192104,13.632746550071104,13.081190923066378,13.024337467441304,0.8468812644481659,0.988855481147766,1.0447307705879212,1.0681544589996337,0.0724141849458707,0.0733528065681457,0.0764456398487091,0.0767884092462473
4053,1189,1,8,0.83,0.74,True,False,True,False,3.72896906375885,3.6672842502594,4.10166014432907,4.127270298004151,13.453017432063914,13.634068282252594,12.190199914662236,12.114544581300882,1.009132639169693,0.9089772701263428,1.5586706161499024,1.562937602996826,0.0745793812751769,0.0733456850051879,0.0820332028865814,0.082545405960083
7177,1052,3,16,1.04,0.92,False,False,True,True,3.6385560142993927,3.723976731300354,3.823348867893219,3.836434533596039,13.605279174871326,13.41586252355463,13.072862997662456,12.254049381575388,0.9021711301803588,0.9344817399978638,1.053807020187378,1.0904509663581847,0.0737949595742697,0.0745386290550231,0.0764943380355834,0.0817074909925457
4825,750,8,32,0.75,0.82,False,True,False,True,3.2108106088638304,3.124477982521057,3.64312207698822,3.64804624080658,15.659633756743268,16.002673665741668,13.724492074920366,13.705966647861915,0.5319753229618073,0.4412612915039062,0.8519006609916687,0.9351372051239014,0.0642162121772765,0.0624895596504211,0.0728624415397644,0.0729609248161315
4309,1440,8,8,0.13,0.94,False,True,False,True,3.35487039923668,3.380524754524231,3.735689282417298,3.744261291027069,15.041789867980569,14.850275598998564,13.3844108062857,13.35376890648562,0.6178686964511871,0.6448618173599243,0.9909244537353517,0.9961366558074952,0.0670974079847335,0.0676104950904846,0.0747137856483459,0.0748852258205413
4291,372,1,32,1.04,0.91,False,True,False,False,3.141505603790283,3.127046585083008,3.491317176818848,3.5153302001953124,15.913610872055846,15.98246220544087,14.319297329747611,14.221621181462568,0.5034291100502014,0.4464839696884155,0.8609731078147889,0.8648754167556763,0.063143141496482,0.0625685930252075,0.0698358290195465,0.0703154716014862
6654,1394,1,8,0.41,0.98,False,False,False,False,3.514047634601593,3.525364637374878,3.629848647117615,3.6466969776153566,14.212494583849004,14.182930078370047,13.77467904918268,13.71103783594849,0.952273895740509,0.9667847156524658,1.0677148580551148,1.095396294593811,0.0703903457220862,0.0705072927474975,0.0725969729423522,0.0729339395523071
5102,554,6,8,0.67,0.84,True,True,True,True,4.089600601196289,4.1597580909729,4.201475465297699,4.202157046794891,11.917725357209104,12.012248078514348,11.295750906055702,9.611811426654269,1.3455326795578002,1.318286418914795,1.447353720664978,1.455310697555542,0.0841510636637909,0.0832483649253845,0.0887330586645338,0.105578505523277
5609,1557,2,32,0.67,0.95,False,False,True,False,3.516183063983917,3.5854607820510864,3.620141696929932,3.721966123580932,14.114667953121502,13.94467908144424,13.803599125246052,13.28971968766625,0.8637920653820038,0.9154492616653442,1.0061105489730835,1.0335079860687255,0.071042391104032,0.0717119407653808,0.072444874048233,0.0753398022006536
6378,1110,2,8,0.11,0.74,False,False,True,False,3.561866629123688,3.612835288047792,3.6941605687141417,3.708773822784424,13.931315417832728,13.822538959972356,13.52983792543393,12.86040757946856,0.9327667033672332,0.9912303686141968,1.0781078934669497,1.1036164021492003,0.0719754387648571,0.0723456788063049,0.0739107155799865,0.0777951827500315
6318,1572,5,16,0.42,0.71,False,False,False,False,3.5927623295784,3.615373969078064,3.703401815891266,3.70972984790802,13.861576725403449,13.828502507553472,13.498286592839232,13.433476173595682,0.925237580537796,0.9618310928344728,1.0887213706970214,1.1179299449920654,0.0721971796672458,0.0723144102096557,0.0740834767818451,0.0744410410454398
4897,1774,6,8,0.4,0.75,True,False,True,False,3.679897445440292,3.5877636671066284,4.102266359329224,4.106370131969452,13.6147397475228,13.92177373316279,12.185284497092828,12.170228444869617,1.0202432250976563,0.9519948959350586,1.499322724342346,1.5089616179466248,0.0737599889184489,0.0718299460411071,0.0820662004947662,0.0821677300930023
6811,655,7,32,1.35,0.8,False,True,True,False,3.1372822523117065,3.0557361841201782,3.5346498250961305,3.571903965473175,16.014824837939972,16.362669088529515,14.145673064868015,13.998136747004285,0.531870836019516,0.434575080871582,0.8383323550224304,1.1047317266464234,0.062745645046234,0.0611147236824035,0.0706929965019226,0.0714380793094635
7587,644,2,16,0.14,0.76,False,False,False,False,3.4477894508838656,3.4405537843704224,3.5641021370887755,3.573991928100586,14.494996015478504,14.527299292788456,14.024888280421326,13.974609551727523,0.9400401866436005,0.9794095754623412,1.0421356320381163,1.0726095390319823,0.0690295668303966,0.0688359260559082,0.0713018157482147,0.0715583500385284
6451,1315,4,16,0.78,0.92,True,False,False,True,3.6005636060237887,3.6428709030151367,3.6959888339042655,3.698081774711609,13.856156615240902,13.722375892118976,13.527810838552035,13.425685187517567,0.9950063490867614,1.0057600736618042,1.096584892272949,1.1285928726196288,0.0722296883333895,0.0728736782073974,0.073921790599823,0.0744856434596211
7306,588,6,16,1.05,0.98,False,False,True,True,3.613322353363037,3.673761010169983,3.7807121157646177,3.7909186482429496,13.71987844675056,13.60112263994818,13.208244515524518,12.176955040887805,0.9252691614627838,1.0187938213348389,1.0609296441078186,1.1014613795280457,0.0731461853189185,0.0735233473777771,0.0757102882862091,0.0821647484503292
5905,1104,8,8,0.24,0.73,True,False,False,True,3.731669821739197,3.599326491355896,4.181844651699066,4.187598841190338,13.40424732445111,13.882955992137276,11.954867456933838,11.90299032595494,1.026716229915619,0.9379136562347412,1.5396727800369263,1.5459809851646422,0.075243465058671,0.0720307779312133,0.0836479370594024,0.0840125021457672
7001,1799,4,16,0.81,0.96,True,True,False,True,3.596650013923645,3.609135508537293,3.621985471248627,3.6225657725334166,13.902497755792249,13.853735668825998,13.804583260246044,13.802371925067984,0.7876421451568604,0.9708569049835204,0.9773708462715148,0.9794346404075622,0.0719330002784729,0.0721827101707458,0.0724397094249725,0.0724513154506683
4497,349,8,16,1.84,0.83,False,False,True,False,3.64328989982605,3.585080862045288,4.236159527301789,4.246514070034027,13.677494742080128,13.940395760652471,11.797640920976503,11.699857232559802,0.9955004334449769,0.9307692050933838,1.3828049778938294,1.3891123580932616,0.0736739519822246,0.0717339754104614,0.0847627086639404,0.0855569615756761
8115,2044,8,8,0.3,0.92,False,False,True,True,3.591411529779434,3.5835481882095337,3.891165089607239,3.8947827553749086,13.897476876416064,13.951169920776264,12.848484096294628,12.833472416529135,0.9989215803146362,0.9958168268203736,1.2496180295944213,1.255749382972717,0.0722037894911236,0.0716785764694213,0.0778301932811737,0.0779212334632873
7184,161,1,32,1.16,0.77,True,False,False,True,3.581042667627335,3.632187366485596,3.655379521846771,3.662806024551392,13.974208886051152,13.76580968230095,13.678470358090056,13.6507365427166,0.9538098621368408,0.981048822402954,1.0721905708312989,1.103266315460205,0.0716208533525466,0.0726437473297119,0.0731075904369354,0.0732561204910278
5219,1585,3,16,1.71,0.73,False,True,True,False,3.0424879109859466,2.9553890228271484,3.694934713840485,3.7121249127388,16.516334415475438,16.91546547713079,13.532039000808297,13.469374327499333,0.4734612011909485,0.330816388130188,1.1819976329803468,1.1874553751945496,0.0609764552990595,0.0591174983978271,0.0738986942768097,0.074242498254776
6514,120,7,16,1.93,0.84,False,True,False,True,3.160589518547058,3.095791459083557,3.650562906265258,3.654155216217041,15.849010000542403,16.081315359315177,13.694939132486535,13.675107729056997,0.5307517898082733,0.3956249952316284,0.9751808524131776,0.9823724174499512,0.0635630830632316,0.0621840476989746,0.0730196747779846,0.0731255665302276
5912,1805,3,32,0.2,0.92,False,False,True,True,3.583008998632431,3.5986781120300293,3.6588727593421937,3.6674255251884462,13.959902028738538,13.8939953527106,13.66541098696397,13.63354202139538,0.9165918290615082,0.9719868898391724,1.051083731651306,1.066162464618683,0.0716601799726486,0.0719735622406005,0.0731774551868438,0.0733485105037689
7429,304,8,32,0.32,0.72,True,True,False,True,3.596899690628052,3.6080946922302246,3.628720986843109,3.6291614246368407,13.901924291484208,13.857731106548597,13.778959694399244,13.77728741148015,0.8038401508331299,0.7466915845870972,0.945710027217865,0.948833646774292,0.071937993812561,0.0721618938446044,0.0725744197368621,0.0725832284927368
5136,1671,6,16,1.11,0.99,True,False,True,False,3.475482873916626,3.5406752824783325,3.617441916465759,3.638255846500397,14.295904225764088,14.113693404605044,13.800342933915656,12.887461666301515,0.8692866837978364,0.899579644203186,0.9961303949356078,1.0172722840309143,0.0701479896231131,0.0708531761169433,0.0724619679450988,0.0775948427843325
4543,389,2,8,0.08,0.77,False,True,True,True,3.3427113020420074,3.3780261278152466,3.713077962398529,3.720541949272156,15.034001938735049,13.969891485030963,13.465917102673227,13.438902409886586,0.616390540599823,0.6290562152862549,0.9828845858573914,1.0240255331993102,0.0671826362430659,0.0715889591640896,0.0742615592479705,0.0744108389854431
6537,1583,1,8,1.56,0.71,False,False,False,True,3.529533622264862,3.676201581954956,3.885743272304535,3.902200455665588,14.090323993777432,13.57779052038152,12.859621346663692,11.824601058788923,0.8429729962348937,1.0483050346374512,1.1510951519012451,1.1680054235458373,0.0717411385873953,0.073649685382843,0.0777627873420715,0.0846964818559038
7282,189,7,8,0.51,0.88,True,True,False,True,4.354058451652527,4.384575963020325,4.404527354240417,4.405492897033692,11.392502403729374,11.402430151647746,11.35066233963052,10.387071522933416,1.7790507984161377,1.779863357543945,1.7875570893287658,1.789690752029419,0.0878420264363289,0.0877006030082702,0.0881005859375,0.0970702411830424
6472,847,5,32,0.05,0.95,False,False,True,True,3.5782931900024413,3.6350678205490112,3.689960503578186,3.700978844165802,13.933623489984107,13.743890831422268,13.545920940876576,13.478450328723389,0.9701899683475494,0.9803630113601683,1.0661765575408937,1.0940848731994628,0.0718537330489456,0.0727596020698547,0.0738229615688323,0.0741943094085244
4087,1541,5,32,0.63,0.98,False,False,False,False,3.5494214141368867,3.584752559661865,3.671445989608765,3.679075915813446,14.039691061504865,13.904157549019736,13.612833911834583,12.718816487520776,0.7951908111572266,0.8776915073394775,0.9574738979339597,1.0130116820335389,0.0713154364027284,0.0719212341308593,0.0734600896835327,0.0786236676380441
4524,751,4,8,0.24,0.97,False,True,False,False,3.302550278902054,3.1185814142227173,4.09101037979126,4.1176523900032045,15.34221963021072,15.985747673986529,12.22192412697014,12.142841424700697,0.529894734621048,0.4205273389816284,0.8610266804695129,1.3707048773765564,0.066217923784256,0.0625557351112365,0.0818202075958251,0.0823530478000641
4213,1449,3,8,1.47,0.99,False,True,False,True,3.370090606212616,3.195605754852295,3.824766528606415,3.831802880764008,14.940874357240272,14.549440192037084,13.07161051702442,13.046356595393116,0.6683613240718842,0.492532730102539,1.177504336833954,1.1803581833839416,0.0677607840379079,0.06886314868927,0.0765016674995422,0.0766497590065002
5987,545,4,16,0.74,0.95,False,False,True,False,3.532590041160584,3.553866386413574,3.5948372364044188,3.6040263867378233,14.158896894532454,14.069183996388432,13.9088355769715,13.873373079628289,0.9141237092018129,0.9580821990966796,1.043694794178009,1.078491985797882,0.0706518008232116,0.0710773277282715,0.0718967447280883,0.0720805277347564
7355,261,3,8,1.42,0.92,False,False,True,True,3.661452147960663,3.674161195755005,4.0609215259552,4.081209018230438,13.619120123193484,13.601719026969558,12.311610288899088,12.220551517088865,0.914258155822754,1.0886799097061155,1.1443102359771729,1.1703477454185485,0.0737298063965404,0.0735201215744018,0.081224143743515,0.0818295171260833
6708,1830,6,8,0.79,0.89,False,False,False,True,3.6398817801475527,3.6301231384277344,3.82073917388916,3.846750078201294,13.721158418465906,13.732822587824352,13.061848053742002,12.99595384022222,0.9520953953266144,0.9786691665649414,1.0777005553245544,1.102429130077362,0.0729560112499421,0.072818477153778,0.0765588450431823,0.0769470265865326
5097,429,4,16,0.84,0.97,True,True,False,True,3.587803721427917,3.5925447940826416,3.613694846630096,3.615721101760864,13.936782442908974,13.917711221777417,13.836254351109096,13.828500246659186,0.8692923641204834,0.8639477491378784,0.9158568859100342,0.9171252870559692,0.0717560744285583,0.0718508958816528,0.0722738969326019,0.0723144220352172
5002,217,6,8,0.8,0.94,True,True,True,True,4.218527102470398,4.2287644147872925,4.251238930225372,4.252892498970032,11.853073454496348,11.823784862690172,11.76127807855612,11.756704551079734,1.3781459426879883,1.342404842376709,1.5088183283805847,1.5107324314117432,0.0843705420494079,0.0845752882957458,0.0850247786045074,0.0850578499794006
7077,987,7,16,0.23,0.86,True,False,True,False,3.497493853569031,3.535754084587097,3.605621302127838,3.6276424288749696,14.259079388273635,14.139054500932104,13.85567024220124,13.774418899021455,0.9102870619297028,0.9612271785736084,1.0078138470649718,1.0477847003936769,0.0703074252100551,0.0707260870933532,0.0721726183891296,0.0725983438968658
6613,1081,2,16,0.63,0.74,True,True,False,True,3.5813984155654905,3.588907718658448,3.6108830094337465,3.613995604515076,13.962027533463749,13.931819169627122,13.847028522846532,13.835104334174122,0.943599967956543,0.9440571069717408,0.95482097864151,0.9566615152359008,0.0716279683113098,0.0717781543731689,0.0722176601886749,0.0722799120903015
5749,1188,2,8,0.48,0.77,False,True,False,True,3.2885592687129974,3.335516571998596,3.6534703850746153,3.66393239736557,15.26260998619411,14.171519296759817,13.685618046365862,13.646540068497108,0.5961316037178039,0.6252334117889404,0.9234274864196778,0.943557870388031,0.0661283972723143,0.0705703139305114,0.0730694077014923,0.0732786479473114
5184,270,5,8,1.04,0.71,True,False,True,False,3.680456250905991,3.632651448249817,4.110117542743683,4.116063549518585,13.616331649733722,13.76353075098214,12.165102214402962,12.14752869679477,1.0505927538871764,0.9892312288284302,1.4975159883499145,1.507482771873474,0.0737641364297559,0.0726557755470276,0.0822023508548736,0.0823212709903717
5028,1021,4,8,0.25,0.8,False,False,True,False,3.581200830936432,3.61316978931427,3.711876380443573,3.725457172393799,13.9152326236251,13.81968961641979,13.46990182815122,13.415979519586974,0.8885759770870209,0.9426413774490356,0.9954442858695984,1.0137166786193847,0.0720238195916406,0.0723605322837829,0.074239590883255,0.0745379790306091
6865,1223,4,32,0.84,0.97,False,True,True,False,3.141110738515854,3.026997327804565,3.606387436389923,3.611558828353882,16.01984227450761,16.51802035694506,13.864289649871164,13.844437441067925,0.4888606250286102,0.4038197994232178,0.8657567381858825,0.8742969536781311,0.0628222147703171,0.0605399465560913,0.0721277487277984,0.0722311765670776
7300,814,2,32,1.58,0.83,False,False,True,False,3.492933338880539,3.476558446884156,4.034684383869172,4.045130302906037,14.306224333734836,14.380976604949028,12.38797153127998,12.346076899305617,0.8842940890789032,0.7659999132156372,1.2066701769828796,1.2318850994110109,0.0702624185562134,0.0695363068580627,0.0807234671115875,0.0809973902225494
6131,1275,2,32,0.09,0.86,False,True,True,False,2.6797868108749388,2.613128542900085,3.323272490501404,3.3325332236289977,18.98798860996776,17.891365583511828,15.04541085490231,15.003601394744656,0.4662481045722961,0.405879259109497,0.7934834957122803,0.7972037744522095,0.0538422101524102,0.0558929908903021,0.066465449810028,0.0666506644725799
4469,1985,2,16,1.76,0.92,True,True,False,True,3.591714129447937,3.5987969636917114,3.6229145884513856,3.623627526760101,13.92166437108229,13.893531891193495,13.80104311305697,13.79832768400632,0.868759560585022,0.851128101348877,0.9584040641784668,0.9604725289344788,0.0718342825889587,0.0719759392738342,0.0724582917690277,0.072472550535202
6649,522,4,8,0.39,0.97,True,False,True,True,3.727031627893448,3.69468092918396,4.1508980870246885,4.154201753139496,13.424711384687278,13.52647677028604,12.043932033962957,12.03456698620214,1.101348910331726,1.0301189422607422,1.483978235721588,1.4909198832511903,0.0750294113755226,0.0739290833473205,0.0830293626785278,0.0830939745903015
6417,278,5,16,1.41,0.96,True,True,False,True,3.572777066230774,3.584017038345337,3.609343838691712,3.613657541275024,13.995896666744036,13.950826802229615,13.852933488860584,13.836399903825154,0.7672279262542725,0.9291000366210938,0.9387788057327272,0.9427263331413268,0.0714555413246154,0.0716803407669067,0.0721868767738342,0.0722731508255005
4173,532,2,16,0.25,0.84,False,True,True,False,3.106247593164444,3.099612236022949,3.511624252796173,3.5167842078208924,16.09975852980352,16.12397818258492,14.236249935436046,14.21546595253468,0.434877028465271,0.3454549312591553,0.7921230435371399,0.8009858798980712,0.0625587315690901,0.0620194339752197,0.0702432179450988,0.0703459186553955
6940,753,5,32,1.63,0.79,False,False,False,True,3.635984418392181,3.660031914710999,3.736196064949036,3.752075498104096,13.708086204632188,13.657239786172966,13.368003979508204,13.22441764875466,0.9667027616500854,1.0910316705703735,1.1475131034851074,1.182387945652008,0.0730119215266171,0.0732212376594543,0.0748054842948913,0.0756193335190797
5938,969,4,32,1.33,0.71,False,False,True,True,3.517383944988251,3.559745669364929,3.7234148740768434,3.731871497631071,14.19604340495246,14.030690437198755,13.424943736918312,12.59345587527419,0.7640523338317871,0.8519250154495239,1.1509041428565978,1.1553347849845883,0.0705463264067967,0.0712723541259765,0.0744882080554962,0.0794065681457519
6847,1160,5,8,0.81,0.71,False,False,False,True,3.6268417954444887,3.664199352264404,3.721507108211517,3.7409325313568114,13.736199706453478,13.643852809873447,13.434862784691129,13.319292284073722,0.909422447681427,0.96936297416687,1.0573664426803588,1.0847165250778197,0.0729002725503024,0.073293080329895,0.0744332127571106,0.0750797147750854
5896,499,6,16,0.23,0.98,True,True,False,True,3.64584683418274,3.723118305206299,3.7524054527282713,3.75292564868927,13.29615608861218,13.420361550665971,13.322857757181584,9.506026101054626,0.9869842004776,0.9867467880249025,0.9980802059173584,0.9994051337242128,0.075569344993502,0.0745136451721191,0.0750589718818664,0.10526541592782
4798,1270,2,16,0.73,0.76,False,False,False,True,3.6608805060386658,3.730743527412415,3.755281639099121,3.7703701853752136,13.594206093761274,13.40057588222398,13.313204364808705,13.205589634720942,0.896899186372757,0.9496865272521972,1.048560726642609,1.07925368309021,0.0736832636554593,0.0746236586570739,0.0751133966445923,0.0757279807683583
7913,74,8,16,1.89,0.86,True,True,True,False,2.855242252349853,2.855242252349853,2.855242252349853,2.855242252349853,13.308853204566493,13.308853204566493,13.308853204566493,13.308853204566493,0.929934024810791,0.929934024810791,0.929934024810791,0.929934024810791,0.0751379540092066,0.0751379540092066,0.0751379540092066,0.0751379540092066
8144,277,6,32,1.31,0.81,True,True,True,False,1.8296098709106443,1.8296098709106443,1.8296098709106443,1.8296098709106443,9.29159831846483,9.29159831846483,9.29159831846483,9.29159831846483,0.969613790512085,0.969613790512085,0.969613790512085,0.969613790512085,0.1076241100535673,0.1076241100535673,0.1076241100535673,0.1076241100535673
7797,828,8,8,0.82,0.79,False,False,True,True,3.5884950613975524,3.5978078842163086,3.671631622314453,3.6772051858901977,13.93711912861289,13.89735232869522,13.617924180193572,13.597283136590942,0.9171562695503236,0.9932647943496704,1.0537977576255797,1.0908328056335448,0.071769901227951,0.0719561576843261,0.073432632446289,0.0735441037178039
4044,1601,7,8,0.33,0.8,False,False,False,True,3.7469577085971832,3.698924064636232,4.043626701831817,4.0537323880195615,13.331646651592427,13.51695552617413,12.35823751599081,12.294611660147543,0.8564689671993255,0.8430066108703613,0.9882531285285948,1.0004592442512512,0.0751691287994384,0.0739811563491821,0.0809176874160766,0.0813364452838897
7593,920,7,8,1.74,0.93,False,True,True,False,2.664382395744324,2.3141911029815674,3.862906312942505,3.867918479442596,19.658020145158467,21.606430786902344,12.942910691038495,12.918411258688822,0.4969236803054809,0.3472392559051513,1.269208812713623,1.2708271169662475,0.0533712982535362,0.0462838220596313,0.0772623739242553,0.0774088995933532
5362,952,8,32,1.33,0.85,True,False,True,True,3.567076015472412,3.5701552629470825,3.695380902290344,3.7028975963592528,14.0210605509822,14.00213894441776,13.530404940730437,13.502938901017076,0.9459446179866792,0.9429000616073608,1.075325858592987,1.1053784108161926,0.0713773272699779,0.0714176607131958,0.0739076180458068,0.074057951927185
8158,1447,3,8,1.85,0.87,True,True,True,True,4.213747181892395,4.250398278236389,4.265699887275696,4.268203704357148,11.77243488432898,11.761964663606737,11.715356158068664,10.854268454209322,1.5382840061187744,1.538663029670715,1.548742127418518,1.5522231149673462,0.0849929332256317,0.0850198101997375,0.0853580539226532,0.0926869503736495
5146,1864,7,32,0.73,0.75,True,False,True,True,3.561833196878433,3.5823512077331543,3.645220971107483,3.654314992427826,14.044956971007917,13.957313816524156,13.716589623189062,13.682454983099795,0.8930796790122986,0.9277915954589844,0.9954591512680052,1.0158552193641663,0.0712366639375686,0.071647024154663,0.0729044194221496,0.0730862998485565
6621,1967,7,32,1.85,0.76,False,True,False,False,3.032441238164901,2.9387463331222534,3.7207428336143495,3.7291461777687074,16.49171848195528,16.998764759137035,13.435463168977288,13.40492922298265,0.4667701148986816,0.3875184059143066,1.020808708667755,1.0277714776992797,0.061229898797471,0.058827805519104,0.0744298868179321,0.0745994255542755
6173,814,8,16,0.86,1.0,True,True,False,False,3.6069555711746215,3.611621141433716,3.643905866146088,3.644842164516449,13.863111148912738,13.844198616832267,13.721540043897576,13.718015203232316,0.994311022758484,0.9947820901870728,1.002673864364624,1.0053087329864503,0.0721391114234924,0.0722324228286743,0.0728781173229217,0.0728968432903289
6709,1019,6,32,0.88,0.76,False,False,True,False,3.569866856336594,3.5897927284240723,3.612071681022644,3.627678530216217,13.99386575487748,13.927650018534871,13.838612216135608,13.774696048032286,0.9505309176445008,1.0197690725326538,1.0963525295257568,1.1167589139938354,0.071474958461523,0.0717996215820312,0.0722615814208984,0.0725968832015991
6189,847,4,16,1.34,0.96,True,False,True,True,3.592410135269165,3.6095826625823975,3.683590245246888,3.694362738132477,13.925622409645824,13.852016889981252,13.573713873996068,13.534133909617712,0.9879319703578948,0.9901337623596193,1.082941734790802,1.1122862792015076,0.0718482027053833,0.0721916532516479,0.0736718049049377,0.0738872547626495
6345,2045,6,8,1.67,0.82,True,False,False,True,3.73464059472084,3.633055686950684,4.281032586097718,4.287231438159942,13.471639506415384,13.76251957581646,11.676276528881068,11.660143568234744,1.0639556562900545,0.9868342876434326,1.6129958987236024,1.6159397530555726,0.0747187097174055,0.0726611137390136,0.0856437408924102,0.0857622373580932
7602,923,3,8,0.04,0.79,False,True,False,True,3.3737349736690523,3.3393255472183228,3.8359015583992,3.8416083431243897,14.95901794445395,14.348793848803368,13.03474535205031,13.015382011875534,0.6656702864170074,0.4398417472839355,1.057069766521454,1.066427810192108,0.0676439176559448,0.0697534728050232,0.076718031167984,0.0768321668624878
5880,1920,7,32,1.64,0.89,False,True,False,False,3.113107376098633,3.120643615722656,3.580493927001953,3.602470455169678,16.05752782016541,16.020009734347664,13.96194110391968,13.878309272705453,0.5071606421470642,0.4016700983047485,0.9689053177833558,0.9716214418411254,0.0628820227954901,0.0624219346046447,0.0716232788562774,0.0720548865795135
7534,730,6,8,0.52,0.91,True,False,True,False,3.695659884214401,3.647077798843384,4.136478698253631,4.141340639591217,13.582019573424269,13.709152616380068,12.087575868485388,12.073385092934409,1.0918519127368926,1.0451194047927856,1.525908601284027,1.5304708766937256,0.0739832036169563,0.0729439687728881,0.0827295739650726,0.0828268127918243
6315,1043,2,16,0.97,0.78,True,False,True,True,3.5002594101428985,3.593032002449036,3.6195907831192016,3.6301586294174193,14.232525789472843,13.905215971006104,13.80594659938215,12.8975472204782,0.8751576817035676,0.9531272649765016,0.995967936515808,1.023021845817566,0.0703839233992355,0.0719154620170593,0.0724325561523437,0.0775341306413923
8035,1701,6,32,1.33,0.74,False,False,False,True,3.580043522119522,3.6257444620132446,3.6671595692634575,4.071456687450409,13.864336145431242,13.743698922907315,13.630908379557296,12.1575137725014,0.9557327425479888,0.9633201360702516,1.0504025936126709,1.0682736539840698,0.0722732778728397,0.0727606177330017,0.0733626844882965,0.0822907337917999
6348,679,1,8,0.91,0.99,False,True,True,False,3.253538489341736,2.994093418121338,3.69647376537323,3.699296722412109,15.545250108133889,15.488179091578072,13.52576921763343,13.500929405326511,0.6453679990768433,0.6378084421157837,1.0292657017707825,1.0317885518074037,0.0651555096913606,0.0650018239021301,0.0739329485893249,0.07406898188591
4200,1248,5,8,0.65,0.97,False,False,True,True,3.648878713846207,3.6568044424057007,3.78279641866684,3.791203691959381,13.588980679743424,13.4354398748425,13.213637171241698,12.718018697558518,0.8799965453147888,0.8857214450836182,1.02634916305542,1.0306538128852845,0.073780321803689,0.0744301104545593,0.075679390668869,0.0786834800243375
5647,1427,6,32,1.26,0.97,True,True,False,True,3.5481837224960326,3.576103687286377,3.616245031356812,3.618016529083252,13.950774547811054,13.9599201371222,13.819395827657027,13.11276182867035,0.739583854675293,0.9030407667160034,0.9105784177780152,0.9174463748931884,0.0716991201829411,0.0716336488723754,0.0723620700836181,0.0762872369845985
7390,195,1,16,0.79,0.79,False,False,False,False,3.4904665315151213,3.512159824371338,3.657662332057953,3.6682845067977903,14.279130124233369,14.086592818990264,13.664264951898534,13.420117748419036,0.9585783684253693,0.9915145635604858,1.0582111120223998,1.079633033275604,0.0702237750894493,0.0709901356697082,0.0731835932731628,0.0745151217341422
5073,195,6,32,0.06,0.84,True,False,True,True,3.5271891951560974,3.5865261554718018,3.645698416233063,3.654247658252716,14.082145636995204,13.937624147126328,13.706342571754458,13.5945571087826,0.9050473999977112,0.9243173599243164,0.9997738003730774,1.0174107217788697,0.0712921985822565,0.071748239994049,0.0729589235782623,0.0736662025367509
4282,1146,7,8,1.67,0.78,True,False,False,True,3.7810070550441743,3.6282981634140015,4.199311792850494,4.214152359962464,13.242148644290864,13.437489563451528,11.906586957115048,11.857701711063129,0.9654334628582,0.8798177242279053,1.5612553358078003,1.5659067130088806,0.0759834442126123,0.0744671320915222,0.0839871244430542,0.0843333746433258
4439,727,4,8,0.93,0.84,False,False,False,False,3.609179749488831,3.657030463218689,3.7162496209144593,3.735203466415405,13.80475999976431,13.649317866867824,13.447645556730324,13.32847565249179,0.8965112257003784,0.9088954925537108,1.0127180814743042,1.0355805611610411,0.0725097525373581,0.0732637858390808,0.0743624596595764,0.0750336196899413
8166,994,2,8,1.96,0.89,False,False,False,True,3.67259039759636,3.6634581089019775,3.841342389583588,3.8664788222312927,13.584468078414822,13.64055700784616,13.014509572726414,12.909176725142968,0.9917290806770324,1.0787338018417358,1.1815975904464722,1.220375406742096,0.0737424373269081,0.0733107900619506,0.0768373172283172,0.077471803665161
8082,668,3,16,0.11,0.85,False,False,False,True,3.552989138364792,3.612698674201965,3.635777080059051,3.6458368587493895,14.06843094174766,13.83929208257778,13.750376086234828,13.70951268166116,0.9901937925815584,0.9878808259963988,1.073313879966736,1.1059328937530517,0.0711443889727958,0.0722580313682556,0.0727252836227417,0.0729420530319213
8032,1223,4,16,1.65,0.82,False,True,True,True,3.1830611550807952,3.138952612876892,3.639770209789276,3.645047492980957,15.69999059719498,15.921724489420754,13.7364152666037,13.704874816844605,0.5404036748409271,0.4113209247589111,0.9748964309692384,0.9807388496398926,0.0642193096886719,0.0628072762489319,0.0727991969585418,0.0729675859451293
4678,405,3,8,0.45,0.98,False,False,True,False,3.622511682510376,3.6324265003204346,3.6973491311073294,3.71403945684433,13.764892021529011,13.763197000600067,13.515868955521784,13.456926845544055,0.9064335203170776,0.9584561586380004,1.0214577436447143,1.0303408885002134,0.0726882509946823,0.0726575374603271,0.0739871039390564,0.0743111759185791
7473,830,2,32,1.41,0.72,False,False,True,True,3.5591191852092745,3.560592532157898,3.72397072315216,3.7371866703033447,13.996122975318476,14.04101544641616,13.4148110550262,13.376814118549794,0.8652740371227264,0.9012327194213868,1.2347481369972229,1.237413604259491,0.0715673646569252,0.0712199211120605,0.074544471502304,0.0747562161922454
4544,136,5,16,0.33,0.96,False,True,True,True,3.069187138080597,3.1117888689041138,3.536786365509033,3.547709455490112,16.273748649548555,16.064788278406084,14.136280923858532,14.084288019900589,0.4505048179626464,0.3393781185150146,1.0249538660049438,1.0286522030830385,0.0620698886613051,0.062247941493988,0.0707399637699127,0.0710011041641235
7396,772,4,16,0.32,0.75,True,True,False,True,3.593220314979553,3.603467345237732,3.626466405391693,3.6306350898742674,13.916073140902272,13.87552512876307,13.787526132942032,13.771700229529715,0.7734837388992309,0.6550285816192627,0.9522727131843568,0.9566518306732178,0.071864406299591,0.0720693469047546,0.0725293281078338,0.0726127017974853
7318,1805,2,8,1.34,0.79,True,False,True,True,3.7013136756420137,3.698572397232056,4.157442796230316,4.162025582790375,13.4788647680243,13.513761951962866,12.023211767712922,11.987142381595508,1.0647366046905518,1.008584976196289,1.489485478401184,1.4942397212982177,0.0747832841142775,0.0739986395835876,0.0831724517345428,0.0834486369791483
5817,982,8,32,0.22,0.88,False,True,True,True,2.658367350101471,2.55929970741272,3.1242245554924013,3.1292721152305605,18.97493432286161,19.53673333143321,16.00397130925402,15.978156632254551,0.4855615651607513,0.4033887386322021,0.9503776073455812,0.9548110961914062,0.0531673470020294,0.0511859941482543,0.062484491109848,0.0625854423046112
4581,1000,8,16,1.68,0.77,True,False,False,False,3.5133249032497407,3.5413217544555664,3.628487253189087,3.6405776023864735,14.143939235177648,14.110076858391553,13.7772829784985,13.706469240685944,0.8545009136199951,0.9221031665802002,1.0036150574684142,1.0141767621040343,0.0708780508962961,0.0708713436126708,0.072583251953125,0.0729808476741496
7287,519,6,16,1.76,0.82,False,False,True,False,3.698383008241653,3.720313310623169,3.8570972204208376,3.867263972759247,13.529824270622044,13.439728459008196,12.963116427481513,12.9290372702413,1.056453059911728,0.9805607795715332,1.370846736431122,1.4047728276252744,0.0739676601648331,0.0744062662124633,0.0771419444084167,0.0773452794551849
6442,511,7,32,0.41,0.87,False,True,False,True,3.1489361238479616,3.0867594480514526,3.6142205476760862,3.62585902929306,15.860772409873215,16.099319648078215,13.83424154742844,13.78983562471962,0.517220606803894,0.4053956270217895,0.9193271398544312,0.924111876487732,0.0634592615842035,0.0621144294738769,0.0722844109535217,0.0725171805858612
7245,1200,4,32,1.48,0.77,False,False,False,False,3.637259739637375,3.513445258140564,4.0917176604270935,4.1012393307685855,13.699249781624978,14.20848414860096,12.198157940186553,10.890421666894026,0.9025775289535524,1.0039803981781006,1.164517343044281,1.1709418392181397,0.0735286735465064,0.0703804874420166,0.0819795911312103,0.0918244002483509
6756,401,3,16,0.24,0.88,True,True,True,True,3.936291399002075,3.970096111297608,3.993885946273804,3.995573797225952,12.608927096926124,12.5917398337866,12.517816427091178,11.693621393937075,0.855627121925354,1.0424596071243286,1.051411211490631,1.057006690502167,0.0793492040258465,0.079417142868042,0.0798861377239227,0.0859188895659013
7997,1690,5,8,0.06,0.79,True,False,False,False,3.586687591075897,3.5739787817001343,3.869481873512268,3.873182113170624,13.920456917426392,13.986907140021842,12.921496947960778,12.896257213754708,1.0525600516796112,0.9902362823486328,1.432223653793335,1.4358350324630738,0.0721350117312537,0.0714954376220703,0.077390414237976,0.0775418783664703
7593,1461,4,8,0.36,0.86,False,True,True,True,3.355178419351578,3.108477830886841,3.7937005043029774,3.808989543914795,15.026859151778554,15.094705694491676,13.174560622738582,13.105465266595816,0.6420630526542663,0.4407857656478882,1.1133901357650755,1.1470037174224852,0.0676227021619196,0.0663199017893883,0.0759038596153259,0.0763040469646453
5010,1106,2,16,0.49,0.97,False,False,False,True,3.645060352087021,3.702373504638672,3.75108494758606,3.758896069526672,13.645391216816895,13.50137427305546,13.326640806062851,13.264638436221512,0.8782308399677277,0.98798930644989,1.049748468399048,1.0729197406768798,0.0734327486434669,0.0740665364265441,0.0750376646518707,0.0753956312555254
6598,416,1,32,1.51,0.73,False,False,True,True,3.6270422863960254,3.643433332443237,3.737513971328736,3.7556898283958433,13.796623589903351,13.723319604308475,13.377876467526685,13.31313362384084,0.9388924670219422,1.0902818441390991,1.2037023186683655,1.235444800853729,0.0725408457279205,0.0728686666488647,0.0747502794265747,0.0751137965679168
6520,1632,5,16,1.49,0.81,True,False,False,False,3.5260305964946745,3.5597620010375977,3.63950983285904,3.6456195282936097,14.174362811905093,14.045893369167452,13.738113751341858,13.715090020173358,0.9147100865840913,0.9201496839523317,1.074175488948822,1.1052450227737425,0.0706176368938552,0.0711952400207519,0.0727901966571807,0.0729123905658721
6930,753,4,8,0.91,0.94,True,False,True,False,3.668594702482224,3.589311718940735,4.144285869598389,4.148087384700776,13.671165456229913,13.89828766230828,12.063236158561416,12.05233908154804,1.0880423200130462,0.9980510473251344,1.483776032924652,1.487338230609894,0.0735451028063893,0.071951401233673,0.0828964953422546,0.0829714458942413
7512,1658,2,32,1.73,0.81,True,False,False,True,3.446700167655945,3.5251967906951904,3.604355156421661,3.60877860546112,14.5001125884596,14.182666783818949,13.870625357896635,13.850554151317093,0.8913586235046387,0.9412816762924194,1.0714213728904725,1.1017690467834471,0.0691227511052732,0.0705086016654968,0.0720948028564453,0.0721992781639099
7488,1231,2,16,0.92,0.88,False,False,False,True,3.60750730395317,3.633893847465515,3.697699069976807,3.7028249144554137,13.775099569680783,13.752806081616676,13.511116047737378,13.414260298181906,0.9392031240463256,1.0140116214752195,1.0818406701087953,1.0955104446411132,0.0727056215524673,0.0727124404907226,0.074013130903244,0.0745486145973205
7209,1259,6,8,0.72,0.93,True,True,False,True,4.129157919883728,4.177592039108276,4.19560432434082,4.199128472805024,11.908540388460732,11.963240628800424,11.91590436995543,9.480823925570323,1.38724750995636,1.3614228963851929,1.4853945970535278,1.4908515095710757,0.0844273656452403,0.083589391708374,0.0839214522838592,0.1124336403369902
4657,390,5,16,1.03,0.85,False,True,False,False,3.1041560113430022,3.0704084634780884,3.456790590286255,3.4687329936027527,16.118915338317283,16.217446496048062,14.463779135769997,14.406506638053964,0.5124951314926147,0.429381251335144,0.8902161240577693,0.92495343208313,0.0623142284435384,0.0616621565818786,0.0691382238864898,0.0694130825042724
5921,1382,1,32,0.79,0.79,True,False,True,False,3.3164022362232206,3.3848609924316406,3.625324320793152,3.6329628086090087,15.056906302292468,14.762533172405618,13.773627960117745,13.738176385051217,0.8769323456287385,0.9416269063949584,1.0602379083633422,1.0856508493423462,0.0667837393261319,0.0677390527725219,0.0726025128364563,0.0727990620988787
5509,1635,5,8,1.39,0.77,True,True,True,True,4.263736577033996,4.304138779640198,4.341282546520233,4.348021955490112,11.541074547202706,11.608906675356554,11.515690412772534,9.24853902116814,1.5234067583084103,1.5834124088287354,1.591062569618225,1.5946591901779177,0.0870775993453131,0.0861407661437988,0.0868380422592163,0.1144974251588184
6626,379,4,32,0.55,0.75,True,False,True,False,3.628571215867997,3.637694120407105,3.707252049446106,3.711703026294708,13.786087925507868,13.74497132998255,13.48707866770592,13.470906194700394,0.935021481513977,0.9739198684692384,1.1049524784088134,1.1462958931922913,0.0725714243173599,0.0727538824081421,0.0741450409889221,0.0742340605258941
6008,1763,8,8,0.2,0.98,False,False,False,False,3.4203411185741426,3.4080857038497925,3.591014540195465,3.5994887661933896,14.50743227131287,14.66497302199425,13.919693789881658,13.375070830899006,0.8713716769218445,0.9356454610824584,0.9952653527259826,1.0271674036979674,0.0690874067382949,0.0681896924972534,0.0718406608104705,0.074813266929827
4800,1151,4,32,1.99,0.9,True,True,True,True,3.581306872367859,3.584801197052002,3.613215482234955,3.613859531879425,13.962205729992029,13.94777507452135,13.838089806908672,13.835623646989584,0.8554401588439942,0.9562517404556274,0.9640331983566284,0.9663291358947754,0.0716261374473571,0.07169602394104,0.0722643096446991,0.0722771906375885
7050,1554,2,32,1.69,0.95,False,True,False,True,3.1665634536743164,3.0394564867019653,3.826061618328094,3.838160548210144,15.853417735829874,16.443750134965835,13.06826886135148,13.027073613721388,0.5485897314548492,0.4308428764343261,1.214408004283905,1.2178496384620667,0.0637519993380004,0.0608133792877197,0.0765212323665618,0.0767632109642028
5048,1186,8,32,1.69,0.82,False,True,True,True,3.235391271114349,3.1384177207946777,3.660940670967102,3.8587617754936216,15.54834957048668,15.931620430105877,13.65769198001507,12.957524539147814,0.5896482157707215,0.494458794593811,0.905573868751526,1.4366139554977415,0.064707825422287,0.0627683544158935,0.073218813419342,0.0771752355098724
8141,959,1,8,1.5,0.71,False,True,False,True,3.3525817906856537,3.292469382286072,4.138745188713074,4.142599513530731,15.206827080746404,15.243025169059912,12.080956364972865,12.069716234609912,0.708765059709549,0.4576165676116943,1.4769100666046142,1.4964784717559814,0.067051635813713,0.0658493876457214,0.0827749037742614,0.0828519902706146
4974,86,4,16,1.6,0.96,True,False,True,True,3.635550390481949,3.678392767906189,3.7041985988616943,3.711364686489105,13.76132274695234,13.592893401237092,13.498196355126415,13.472133371474614,0.9170968413352968,0.9420528411865234,1.0271163821220397,1.0588565373420713,0.072711007809639,0.0735678553581237,0.0740839719772338,0.0742272937297821
4840,708,4,32,1.2,0.76,False,True,False,True,3.19346617102623,3.172691345214844,3.616399717330933,3.629865155220032,15.66749795932036,15.758433326341972,13.822049287862749,13.768492580197671,0.5147243225574494,0.435127854347229,0.8515682697296143,1.004945695400238,0.0642573357667242,0.0634580850601196,0.0723481721878051,0.0726295939445495
6791,1343,1,8,1.56,0.72,False,True,True,True,3.36925218462944,3.375406742095948,3.6283139824867248,3.65901873588562,14.848193739009645,14.711703529079536,13.780505287090438,13.664865803966864,0.6762605595588684,0.4171860218048095,1.1167214512825012,1.1213986086845398,0.0676208158100352,0.0679753947257995,0.0725662796497345,0.0731803747177124
7394,1660,8,32,1.04,0.92,True,False,False,True,3.5746138429641725,3.617130637168884,3.6794716238975527,3.684886972904205,13.890441397120066,13.82183964599394,13.58355895595389,13.496061076069209,0.9798168540000916,1.0006492137908936,1.0641906023025511,1.0820188856124875,0.0721716240153593,0.0723492693901061,0.0736184091567993,0.0741532522678373
6553,1385,5,32,1.5,0.87,False,False,False,False,3.599913877248764,3.577208161354065,3.7832760572433473,3.994235360622406,13.869118202295398,13.969959142367026,13.210678912996553,12.477278769621892,0.9591845273971558,1.0389236211776731,1.0987719297409058,1.125726568698883,0.0722415095766385,0.0715821862220764,0.0756963562965393,0.0801483397006988
5324,1795,7,16,0.42,0.97,True,False,False,True,3.561718852519989,3.6315027475357056,3.654754078388214,3.663501148223877,13.983876741189624,13.765707585156004,13.674600417309218,12.957262352482347,0.90327707529068,0.9619847536087036,1.029460859298706,1.0604600286483763,0.071589975420933,0.0726442861557006,0.0731282794475555,0.0771768121586905
4460,369,7,16,1.54,0.98,True,False,True,True,3.491596177816391,3.4496114253997803,3.696526145935058,3.700050361156464,14.286383689978324,14.474128542842664,13.524617718219618,13.511256811411087,0.8057744312286377,0.8500292301177979,1.015581476688385,1.019360876083374,0.0702251715272363,0.0690888381004333,0.0739392433166503,0.0740123672962188
4114,132,4,32,1.72,0.71,True,False,False,False,3.5508951425552366,3.5693299770355225,3.648945558071136,3.655924823284149,14.036664460171483,14.00697245834081,13.696424647683632,13.67326780234611,0.8481464064121247,0.8390895128250122,0.9891172647476196,0.9954637551307678,0.0713504672686259,0.071393015384674,0.073011754989624,0.0731354067325592
5314,526,6,16,0.2,0.84,False,False,True,True,3.5545362615585328,3.615760922431946,3.6958532333374015,3.705254380702972,13.966916744684228,13.821787364162793,13.522445849946804,12.816952270301366,0.9052036869525908,0.9208389520645142,1.009415543079376,1.034494903087616,0.071772951193608,0.0723495435714721,0.0739511206150054,0.078022578310322
6170,872,8,8,1.17,0.82,True,False,True,False,3.623238487243652,3.482248902320862,4.11070864200592,4.115815370082856,13.805576180365408,14.290517953836703,12.162758464294011,12.10547557034003,1.0618214094638825,0.982851505279541,1.5176426410675048,1.5223241066932678,0.0729044053696226,0.0699765181541442,0.0822181911468505,0.0826079273064931
6457,78,7,16,0.04,0.82,False,True,True,True,3.0902365601062773,2.962768197059632,3.56385223865509,3.5724351835250854,16.292050778292147,16.87611023425466,14.029762384164796,13.996055192749292,0.4803191971778869,0.3465396165847778,0.942411196231842,0.9493202567100524,0.0618047312021255,0.0592553639411926,0.0712770447731018,0.0714487036705017
4848,83,4,8,1.03,0.93,False,False,False,False,3.592472159862518,3.633826851844788,3.710440969467163,3.725652782917024,13.869083178076975,13.749711727067265,13.470995668306845,13.396335911708263,0.9055845880508424,0.9376769065856934,1.0197159409523011,1.0392763233184814,0.0722040445159463,0.0727287983894348,0.074233562707901,0.0746472774505615
5559,1152,5,32,0.54,0.99,True,False,True,True,3.5809649515151976,3.648503184318544,3.681106543540954,3.687423572540283,13.87268510801248,13.702039361908149,13.575654138935242,13.518831572620114,0.9516666769981384,1.004996657371521,1.0938315749168397,1.1250884079933166,0.072215355459849,0.0729818367958068,0.0736612763404846,0.0739950748761493
5068,1612,1,16,1.65,0.78,False,True,True,False,3.070946471691132,3.044667363166809,3.6808916211128233,3.7103575611114494,16.271964741581748,16.419516183690796,13.537078214979577,13.4562058771498,0.4982450425624847,0.3755764961242676,1.2612476229667664,1.2640525007247925,0.0619324883716948,0.0609031343460083,0.0738711850643158,0.0743151531219482
6971,1944,6,16,0.54,0.76,False,True,True,False,3.0660444331169128,3.024971604347229,3.51981121301651,3.525689606666565,16.334374002064695,16.525516757249076,14.20530735644696,14.181622768501148,0.4542621958255768,0.3560439348220825,0.8172370314598083,0.8187960839271545,0.0616462321817874,0.0605124807357788,0.0703962242603302,0.0705137921333313
6504,1009,4,8,1.6,0.82,False,False,True,False,3.571691699028015,3.58945095539093,3.671715879440308,3.679127883911133,14.007009110095389,13.929706972465334,13.617611397830204,13.590177235054396,0.945256930589676,1.1046459674835205,1.1812784790992736,1.2039780521392822,0.0714338339805602,0.0717890191078186,0.0734343175888061,0.0735825576782226
5137,1567,1,8,0.6,0.81,False,False,True,False,3.5445355105400087,3.616642475128174,3.70821875333786,3.7131384205818176,13.996292426274715,13.822914270699496,13.478044179495532,13.40575054959061,0.8816728699207306,0.9445945024490356,1.007906174659729,1.015442600250244,0.0716949390048897,0.0723436450958252,0.0741947412490844,0.0746785088241097
4236,1810,7,16,0.33,0.79,False,True,True,True,3.1433435320854186,3.067742705345154,3.681757354736328,3.688195540904999,15.92520894984992,16.285202288799375,13.578467094872714,13.49565199789724,0.4401356112957,0.3574280738830566,0.93938649892807,0.9473172688484192,0.0635239663482409,0.061405439376831,0.0736460156440734,0.0741728698228532
4630,985,7,32,0.08,0.82,False,True,True,True,3.178010276556015,3.1314938068389893,3.575495254993439,3.5870092058181764,15.7479172290179,15.964362465411812,13.977914527049103,13.9347320793363,0.485321614742279,0.4128686189651489,0.9020310163497924,0.9068177437782288,0.0638367052396139,0.0626395201683044,0.0715414307117462,0.0717631314754486
5119,1640,3,32,0.21,0.82,False,False,True,False,3.1923602652549743,3.09823477268219,3.482205700874329,3.48613765001297,15.70259013093841,16.138245871688397,14.358715248053905,14.342520298184336,0.8400735557079315,0.880783200263977,1.013849437236786,1.0314641618728635,0.0638472053050995,0.0619646954536437,0.0696441140174865,0.0697227530002594
7847,1927,7,16,0.42,0.95,True,False,True,False,3.4408141767978666,3.516625165939331,3.574228382110596,3.591783845424652,14.556111946386782,14.218186480863013,13.989033412946384,13.92065976371862,0.7923171257972718,0.8735904693603516,0.9915920495986938,0.9954256010055542,0.0688162835359573,0.0703325033187866,0.0714845676422119,0.071835676908493
6996,206,3,8,1.87,0.8,True,False,False,True,3.7074567818641664,3.6474063396453857,4.197375762462616,4.203372972011566,13.567174092678416,13.708391336339313,11.91220496121628,11.895209000344025,1.1082873404026032,1.0228272676467896,1.573804223537445,1.5782916498184203,0.0741491356372832,0.0729481267929077,0.0839475152492523,0.0840674594402313
6511,944,2,8,1.28,0.86,True,False,True,True,3.823590894937516,3.726269125938416,4.3587242603302006,4.382398567199707,13.066288791199533,13.417536296977982,11.468458043850704,11.407862891666095,1.1379727625846865,1.0776389837265017,1.4085944533348085,1.4421053171157836,0.0770166603523625,0.0745293307304382,0.0871956810951233,0.087658837556839
5237,1536,6,32,0.07,0.77,True,False,False,True,3.53439031124115,3.604182481765747,3.6448778748512254,3.649977369308472,14.05024450873216,13.868632579823784,13.716282548470073,13.657316542490651,0.8955249571800232,0.9506460428237916,1.0197778701782227,1.030181453227997,0.0713532415714795,0.0721051621437072,0.0729060513973236,0.0732762910566829
4783,1434,7,32,0.88,0.84,False,True,False,True,3.0721558368206026,2.9684864282608032,3.552354037761688,3.556533830165863,16.360514858515472,16.832472822201723,14.07517366522034,14.058631937417708,0.4979526150226593,0.3929216861724853,0.9515557050704956,0.9600455570220948,0.0615555555686354,0.0594090008735656,0.0710470807552337,0.0711306766033172
5619,342,2,8,1.33,0.95,False,False,True,False,3.527229911088944,3.5254580974578857,3.667129766941071,3.6788188576698304,14.16749449793486,14.180583330138884,13.634641863699269,13.591318826667122,0.8695568990707397,1.025043487548828,1.0903250217437743,1.108770704269409,0.0706178757429123,0.0705189609527587,0.0733425953388214,0.0735763771533966
5264,1770,3,16,0.84,0.84,False,True,False,True,3.1896589434146883,3.0972405672073364,3.665838849544525,3.6935459899902345,15.78676892405096,16.14340338121982,13.63944398381976,13.537126739572088,0.4776919436454773,0.4122781753540039,0.966298258304596,0.9720356464385986,0.0637931788682937,0.0619448113441467,0.0733167769908905,0.0738709197998046
5986,885,5,32,1.88,0.94,True,True,False,False,3.6378479385375977,3.641910552978516,3.6878753900527954,3.689641771316528,13.745718481873917,13.7290577714209,13.557943937676654,13.551451227022438,1.0347561073303222,1.034921646118164,1.043127751350403,1.046203544139862,0.0727569587707519,0.0728382110595703,0.0737575078010559,0.0737928354263305
4755,389,7,8,1.49,0.84,True,True,False,True,4.03481178080782,4.079786062240601,4.099190616607666,4.102430233955383,12.164886861793166,12.253902558794016,12.196295298826682,9.268444968392767,1.4284642909435517,1.484951734542847,1.493977665901184,1.4943383741378784,0.0828278235678977,0.0816066551208496,0.0819921112060547,0.1173224380016326
6076,1837,3,32,0.69,0.97,False,False,False,True,3.6064307951927184,3.623808741569519,3.744311499595642,3.762849726676941,13.801461331198109,13.777072178167597,13.328851723593395,12.693634746435254,0.946985228061676,0.9732650518417358,1.0877170443534852,1.1191503524780273,0.0725223748262281,0.072584388256073,0.0750252175331115,0.0787797978520393
8167,1190,3,16,0.64,0.71,False,False,False,True,3.61270005941391,3.635021686553955,3.717315065860748,3.7248813796043394,13.850421150368762,13.756260378517108,13.450568260157745,13.423249150054506,0.961191259622574,1.0101091861724854,1.12551246881485,1.1523757219314574,0.0722540011882782,0.0727004337310791,0.0743463013172149,0.0744976275920868
7683,261,1,16,1.1,0.95,True,False,False,False,3.4715646505355835,3.5318868160247803,3.576022231578827,3.584743883609772,14.361704605780597,14.152890175871022,13.98045482399175,13.938646487518096,0.876328957080841,0.9391183853149414,1.0107149720191957,1.027390158176422,0.0697676271186155,0.0706569480895996,0.0715284311771392,0.0717429895877838
7087,1117,1,8,1.81,0.86,False,True,True,True,3.337721779346466,3.3197654485702515,3.9602538347244254,3.993668615818024,15.188503948880795,15.14050459925266,12.62545447620932,12.51981694822592,0.6701942992210388,0.5858402252197266,1.4392603158950803,1.4409022521972656,0.0667544355869293,0.066395308971405,0.0792050766944885,0.0798733723163604
7812,173,5,8,1.78,0.9,True,False,True,True,3.697059700489044,3.5973955392837524,4.2247941255569454,4.229737875461578,13.535686560796831,13.892259779072548,11.826691919165464,11.784315061089757,1.059730978012085,0.9640113115310668,1.5894752025604248,1.5951609468460084,0.0744480077944303,0.0719825387001037,0.0845544981956482,0.0848659495755245
5048,1344,7,8,1.39,0.75,False,True,True,True,3.312558273077011,3.1669230461120605,3.9016519904136655,3.919553442001343,15.25023871250606,15.42959155285502,12.793705271672,12.732659997558548,0.6268502306938172,0.4227555990219116,1.1263055205345154,1.143969101905823,0.0667924031202381,0.0648442029953002,0.0781634395122528,0.0785466042576413
6210,888,5,16,0.05,0.93,False,True,False,False,3.088424559831619,2.9815587997436523,3.5986082434654234,3.605502021312714,16.324255411377973,16.76975169143897,13.894260652359511,13.867694352863753,0.5024268841743469,0.3586901426315307,1.0051357746124268,1.0127488660812378,0.0617684911966323,0.059631175994873,0.0719721648693084,0.0721100404262542
7922,1443,3,16,1.58,0.73,False,False,False,False,3.558786609172821,3.5705946683883667,3.672977018356323,3.6850094747543336,14.057136907913602,14.003269809419349,13.612935733827404,13.568486659535216,0.8972524225711822,0.8082442283630371,1.217914092540741,1.2303906106948852,0.0711757321834564,0.0714118933677673,0.0734595403671264,0.0737001894950866
6651,1521,5,16,0.37,0.95,True,True,False,True,3.6028256797790528,3.602622032165528,3.641439414024353,3.644332029819489,13.879435017903877,13.87878169404423,13.730833982922125,13.719935788492997,0.9224107599258424,0.9765011072158812,0.9961846232414244,0.9984123182296752,0.072056513595581,0.0720524406433105,0.072828788280487,0.0728866405963897
6687,497,4,32,1.52,0.99,True,True,True,False,3.5491870784759523,3.5615874528884888,3.580192124843597,3.58096825838089,14.088723746097177,14.038683778452253,13.965730984651945,13.96270409347066,0.942311453819275,0.9429826736450196,0.95302494764328,0.9548600053787232,0.070983741569519,0.0712317490577697,0.0716038424968719,0.0716193651676178
7762,138,1,8,0.58,0.86,True,False,True,False,3.679738419055939,3.5826398134231567,4.183640372753144,4.214675900936126,13.668872308962028,13.95620003275424,11.951314310581829,11.863308396881973,1.096327738761902,0.995104193687439,1.5426393866539,1.5454103112220765,0.0735947683811187,0.0716527962684631,0.0836728074550628,0.0842935180187225
7440,1288,2,8,1.43,0.95,False,True,False,False,3.160999468564987,3.067126512527466,4.0490488648414615,4.055135893821716,16.025812875876166,16.297097004008318,12.348579061069824,12.33004301506594,0.5114489507675171,0.3602406978607178,1.4739116907119751,1.483903381824493,0.0637062289798468,0.0613606214523315,0.0809809772968292,0.0811027178764343
4005,487,2,16,0.64,0.78,False,False,True,False,3.5824398589134216,3.6072335243225098,3.695757007598877,3.713381595611572,13.915010933083614,13.850185977653886,13.525575119753272,13.439994611761865,0.8490835762023926,0.8703805208206177,1.0206067204475402,1.04528653383255,0.0719858500533634,0.0722011971473693,0.0739340095520019,0.0744047922134399
5396,932,8,32,0.96,0.99,False,True,True,False,3.15512654542923,3.079985737800598,3.5668105244636537,3.596576495170593,15.893930426825964,16.225599513272762,14.018127990657025,13.902109429017552,0.5370255696773529,0.427416443824768,0.920656394958496,0.925066740512848,0.0632495559266635,0.0616310048103332,0.071336210489273,0.0719315299034118
6220,1338,4,32,0.62,0.89,False,True,True,False,3.078577882051468,3.038295030593872,3.391600966453552,3.4026139903068544,16.26227064306193,16.454402357808434,14.742300341934914,14.69458495072569,0.4657371962070465,0.4199678897857666,0.7544325232505799,0.7622077965736389,0.0616935537176747,0.0607740092277526,0.067832019329071,0.068052279806137
5822,849,8,16,1.05,0.77,False,True,False,True,3.211670906543732,3.103452086448669,3.65521901845932,3.6625779056549073,15.57027277074332,15.55110895378634,13.671830946083224,13.650131239518572,0.5438904452323914,0.4265495538711548,0.9944666624069214,1.0025076270103457,0.0647245171819284,0.0643614133711784,0.0731430928707122,0.073259368944168
7122,524,7,32,0.77,0.81,True,False,False,False,3.4362906539440154,3.508247256278992,3.5536835551261903,3.56381073474884,14.521600629709685,14.241006835151536,14.06246076602554,14.016049965735217,0.8286750876903534,0.9292260408401488,0.9863966941833496,1.0028253865242005,0.0689727345090923,0.0702197647094726,0.0711113095283508,0.0713499294757842
4322,1308,2,32,0.69,0.81,False,True,True,False,3.1104219937324524,3.05791437625885,3.491926121711731,3.496796472072601,16.091467945076396,16.342711484464992,14.31832231099916,14.283418130327028,0.4846705460548401,0.3999744653701782,0.8119052529335022,0.8181891870498658,0.0624258088664004,0.0611893630027771,0.0698405849933624,0.0700112529754638
5419,1851,8,32,1.76,0.81,True,False,True,False,3.5130016374588013,3.573571801185608,3.674764633178711,3.683927714824677,14.18359681749978,13.985793213089323,13.602892768707983,13.5338204493609,0.914382244348526,0.9367811679840088,1.036711061000824,1.0621474599838254,0.070678116157443,0.0715011286735534,0.0735137758255004,0.0738891552980556
5785,1486,6,16,1.98,0.88,False,True,True,True,3.13553742647171,3.03853440284729,3.61193026304245,3.6175605392456056,15.97760017668866,16.27044400856238,13.838013880059115,13.770794640485136,0.5423747062683105,0.4253374338150024,0.9496408820152282,0.95690824508667,0.0630591534496612,0.0614642286300659,0.0722647078037262,0.0726182209760714
5641,1653,2,32,1.11,0.73,False,False,False,True,3.5634605181217194,3.549808979034424,3.7021070599555967,3.726074147224425,13.951315714284942,13.946756628744549,13.47914295633891,12.761146428836128,0.9252892863750458,0.9625804424285888,1.045692479610443,1.066113543510437,0.0718352462497625,0.0717015218734741,0.074188695192337,0.0783633300564505
7460,1111,2,16,1.64,0.76,False,True,True,False,3.152830035686493,3.061418890953064,3.642766606807709,3.647928731441498,15.908000585986724,16.33058057024385,13.723961396628704,13.67189498154288,0.5622783243656159,0.4230635166168213,1.0178483843803403,1.0214633131027222,0.0634004989553741,0.0612348103523254,0.0728652589321136,0.0731435639381408
6967,221,3,8,0.45,0.81,True,True,False,True,4.162834520339966,4.170690298080444,4.190370464324952,4.192034857273102,12.011575160373145,11.988424429817435,11.932119240612494,11.927382627455758,1.3321689510345458,1.215840458869934,1.5020260214805603,1.5073446655273437,0.0832566904067993,0.0834138059616088,0.083807409286499,0.083840697145462
4582,322,4,16,0.2,0.76,False,True,False,True,3.2298512065410616,3.1122732162475586,3.689818060398102,3.7160688042640686,15.556318888876817,16.065427839042997,13.550803638978394,13.455079181355536,0.4790711724758148,0.3625227212905884,0.9786881923675536,0.9816136932373046,0.0646705167030033,0.0622454643249511,0.073796361207962,0.0743213760852813
7515,91,1,8,0.11,0.92,False,True,False,True,3.2609148728847503,3.2379499673843384,3.671176087856293,3.676477472782135,15.45808000869477,15.489767623754496,13.619613848083205,13.599974536911224,0.6498054420948028,0.6621510982513428,1.0088752150535585,1.0145463848114014,0.065218297457695,0.0647589993476867,0.0734235217571258,0.0735295494556427
5528,1361,1,32,0.46,0.99,False,True,False,False,3.1333755588531496,3.1089556217193604,3.562654507160187,3.568685953617096,15.933477150148056,16.0718824532794,14.032728443904196,14.009721215495237,0.5298104214668274,0.4164077043533325,0.9369627714157104,0.9427962923049926,0.0632461623215605,0.0622204685211181,0.0712619791030883,0.0713790078639984
7702,694,8,16,0.89,0.83,True,True,True,True,3.7817798757553103,3.7852864265441895,3.8148831129074097,3.818350169658661,13.22208358262582,13.20904295846358,13.106561513880823,13.094660880065108,0.821914267539978,0.9854930639266968,0.996964955329895,1.0045841789245606,0.0756355975151062,0.0757057285308838,0.0762976622581481,0.0763670033931732
7692,1872,6,8,0.2,0.81,False,False,True,False,3.5674695336818694,3.6152265071868896,3.6638044118881226,3.673057372570038,13.94982957047582,13.828396244698675,13.64181024988468,13.573803906492763,0.9157971048355102,0.9695087671279908,1.041130805015564,1.0609134292602538,0.0717945904284715,0.072314965724945,0.0733040544986724,0.0736733383655547
7890,1208,7,32,1.87,0.97,True,True,False,False,3.540940537452698,3.551504969596863,3.5710602521896364,3.5749992609024046,14.121356870336635,14.078539176200676,14.001445315425212,13.986016879619411,0.9603767919540406,0.9615896940231324,0.9681609511375427,0.9714999485015868,0.0708188107490539,0.0710300993919372,0.0714212050437927,0.0714999852180481
4326,368,2,16,0.24,0.7,False,False,False,False,3.547714416980744,3.5906693935394287,3.635258615016937,3.643903329372406,14.028274449796372,13.902729870473967,13.753076365055842,13.718853999514888,0.8496415770053863,0.8789190053939819,0.9606876850128174,0.9806790375709532,0.0715371560573577,0.0719283199310302,0.0727110056877136,0.0728923859119415
5818,957,3,32,0.75,0.8,False,False,True,True,3.652738598585129,3.641578435897827,3.797202003002167,3.805562038421631,13.672541498932269,13.714499877625109,13.162140501560136,13.102170968320294,0.9821389484405516,1.0091732740402222,1.1109247207641602,1.11828919172287,0.0732037818521261,0.0729155945777893,0.0759754853248596,0.0763232528209686
4943,444,6,16,1.45,0.86,True,True,True,True,3.636913204193115,3.6467262506484985,3.672920989990234,3.674274523258209,13.749157951149757,13.710933495006572,13.613144684105125,13.608128540127536,0.8772554063796997,0.9777103662490844,0.9881011366844176,0.9896851587295532,0.0727382640838623,0.0729345250129699,0.0734584197998046,0.0734854904651641
4727,405,4,16,0.45,0.94,False,True,True,True,2.958366302251816,2.9556989669799805,3.531761944293976,3.53487468957901,17.177807835357186,16.916472401057014,14.157239599174517,14.144772982744753,0.4657926547527313,0.3633996248245239,0.9044105410575868,0.9304313421249388,0.0591673260450363,0.0591139793395996,0.0706352388858795,0.0706974937915802
4702,1639,7,16,1.46,0.71,False,True,False,False,3.1570235097408297,3.0975106954574585,3.5215134143829343,3.663665425777436,15.912903006016917,16.141994304847795,14.198442203814048,13.647534419964751,0.5175482058525085,0.4090322256088257,0.854499900341034,1.1838740372657777,0.0631404701948165,0.0619502139091491,0.0704302682876586,0.0732733085155487
7353,2021,1,8,1.03,0.76,False,False,True,True,3.60869096159935,3.636476159095764,3.69088397026062,3.7004072403907777,13.86246821462762,13.749574647433642,13.546890230882884,13.512026791478013,0.95263831615448,0.9911502599716188,1.0995914578437804,1.1378096318244937,0.072173819231987,0.0727295231819152,0.0738176794052124,0.0740081448078155
4866,723,3,16,1.22,0.72,False,False,True,True,3.643658800125122,3.671914935112,3.7497971296310415,3.762653470039368,13.673809925876435,13.614886517129255,13.331690363424515,13.277531451990995,0.8562237179279327,0.8949800729751587,1.0545252919197083,1.0645204734802245,0.0732454960991354,0.0734490156173706,0.0750092446804046,0.0753152047634124
6914,835,1,16,0.34,0.88,True,False,False,True,3.5174250662326814,3.597164869308472,3.647043967247009,3.655140790939331,14.076079337950992,13.891661949819454,13.706282908632668,12.594358738277712,0.8918742418289185,0.9353947639465332,1.018598234653473,1.03654865026474,0.0712868232910381,0.0719856286048889,0.0729592411518097,0.0794596021035136
7126,132,2,16,0.31,0.76,False,False,True,True,3.549543995857239,3.5569475889205933,3.629695236682892,3.642251763343811,14.08295997136958,14.049263343967064,13.774846569981634,13.723659056175162,0.9519064915180206,0.9940701723098756,1.0832069873809815,1.1199174952507018,0.071028323899375,0.0711781096458435,0.0725960903167724,0.0728668754577636
4140,724,5,32,0.41,0.7,False,True,False,True,3.148441823720932,3.194808006286621,3.36102192401886,3.368488240242004,15.827451442014487,15.642788473630798,14.867418172027698,14.828508285987876,0.516964430809021,0.4641731977462768,0.8924034476280213,0.8954265522956848,0.0634056008802774,0.0639272236824035,0.0672611739635467,0.0674380741477012
7260,475,7,8,1.29,0.89,True,False,False,False,3.636522952318192,3.576658010482788,4.097947180271149,4.104626536369324,13.694345061963304,13.80696629887508,12.200397135781127,12.15040557474046,1.030874480009079,0.9997873306274414,1.4986512303352355,1.503496720790863,0.0735229301189045,0.0724284672737121,0.0819645450115203,0.082351709421943
7258,1468,2,32,1.44,0.87,False,False,True,True,3.612549479007721,3.61211097240448,3.744474816322328,3.7595081162452697,13.712425580678872,13.530514780298615,13.35085941176761,10.86625535339523,1.0309185373783112,1.0126657485961914,1.1529455661773682,1.1876458168029784,0.073103509741676,0.0739070224761963,0.0749015455245971,0.0920310611439787
7910,230,6,16,0.91,0.98,False,True,False,False,3.133760129213333,3.034948945045471,3.609657907485962,3.612478396892548,16.03887854170178,16.471753415529314,13.851728143519813,13.840913221127982,0.5260669255256653,0.3936455249786377,0.9877062797546386,0.991436607837677,0.0627674200262342,0.0607099914550781,0.0721931581497192,0.0722495679378509
7432,1744,6,32,1.01,0.71,True,True,True,True,3.524993801116944,3.528223752975464,3.552573823928833,3.5569171857833863,14.185211051419008,14.171437144097233,14.074302891497904,14.057133172801873,0.7986934471130371,0.7756056785583496,0.8870398521423339,0.8934001088142395,0.0704998760223388,0.0705644750595092,0.0710514764785766,0.0711383437156677
8131,1071,1,8,1.14,0.88,False,False,False,True,3.682743003368378,3.756323575973511,3.9413354277610777,3.955489203929901,13.48548612577142,13.138316103410231,12.666975842347297,11.585237219984885,0.9635953462123872,1.005109190940857,1.1188336491584776,1.1569856929779052,0.0745413008541392,0.0761132574081421,0.0789454414844512,0.0863504654507886
6078,428,2,16,0.93,0.96,False,True,False,False,3.1309124553203582,3.0206233263015747,3.6489729404449465,3.674968721866608,16.082807276152607,16.552874962312174,13.702485955404208,13.605557992324918,0.5472913312911988,0.4222636222839355,1.038422167301178,1.0420902967453003,0.0626891615026875,0.0604124665260314,0.0729794588088989,0.0734993744373321
7970,1933,3,8,0.38,0.75,True,True,True,True,4.196843376159668,4.19675350189209,4.235159945487976,4.238041219711303,11.914369522229022,11.913971341704489,11.805929599207978,11.797903489729949,1.5270377540588378,1.528372049331665,1.536887776851654,1.5390511012077333,0.0839368675231933,0.0839350700378417,0.0847031989097595,0.084760824394226
5199,1383,2,8,1.88,0.82,False,True,True,True,3.4192653727531432,3.2050141096115112,4.072424876689911,4.090375120639801,14.880043066840075,15.600572517221272,12.277697327135428,12.223819140576314,0.7544407236576081,0.4476563930511474,1.36797491312027,1.4054891800880431,0.0684232320536266,0.0641002821922302,0.0814484975337982,0.081807502412796
7993,947,7,16,0.77,0.95,True,False,False,False,3.444820477962494,3.467370390892029,3.5856882333755493,3.5947823643684385,14.442280806408688,14.416635190979102,13.933533984980508,13.83898151279967,0.8835430479049683,0.9243013858795166,0.9974716544151306,1.000130910873413,0.0694210317313671,0.0693643140792846,0.0717693014144897,0.0722678421497344
6675,1639,6,32,1.36,0.73,True,True,True,True,3.635614190101624,3.666750431060791,3.68657408952713,3.693447229862213,13.646380404090449,13.632868788834214,13.556418453399898,12.828080687327772,1.0114983654022216,1.012263536453247,1.0219766974449158,1.0237293720245362,0.0733043884158134,0.0733521342277526,0.0737658050060272,0.0781741919338702
5458,293,4,32,0.24,1.0,False,True,True,False,3.0474496984481814,2.982075929641724,3.4160753965377806,3.425882077217102,16.4155117278882,16.74459542326826,14.630255142401449,14.594367785905932,0.4196511483192444,0.3581552505493164,0.776987862586975,0.78087242603302,0.0611923947334289,0.059720766544342,0.0683515083789825,0.0685195833683013
5407,519,7,8,0.55,0.81,True,True,True,True,4.054123940467835,4.064546346664429,4.085210704803467,4.086657783985138,12.33385511477858,12.301496054007398,12.239271116695376,12.234936950109242,1.4515138292312622,1.532193899154663,1.5431351900100707,1.5449293279647829,0.0810824788093566,0.0812909269332885,0.0817042140960693,0.0817331556797027
4527,246,3,32,0.45,0.85,False,False,True,False,3.589609712362289,3.602316975593567,3.661062061786652,3.668784642219544,13.933201839755004,13.879955756893516,13.65723911977935,13.628492172771065,0.8836472916603089,0.9338055849075316,0.9966023802757265,1.0077074337005616,0.0717921942472457,0.0720463395118713,0.073221241235733,0.0733756928443908
7067,435,4,16,1.84,0.88,True,True,True,False,1.9150779247283936,1.9150779247283936,1.9150779247283936,1.9150779247283936,9.399095341017444,9.399095341017444,9.399095341017444,9.399095341017444,1.00044846534729,1.00044846534729,1.00044846534729,1.00044846534729,0.1063932180404663,0.1063932180404663,0.1063932180404663,0.1063932180404663
6839,1443,8,32,0.14,0.71,False,False,True,True,3.5449737811088564,3.590816617012024,3.647624170780182,3.659547479152679,14.03209461085151,13.91913075113302,13.696182333630766,13.616555768456294,0.8831757020950317,0.9355387687683104,1.00835679769516,1.03126145362854,0.0713591498155485,0.0718435668945312,0.0730130467414856,0.0734460528194903
6973,905,6,16,1.11,0.93,False,False,True,False,3.4825362718105315,3.443925142288208,3.722245526313782,3.738349227905272,14.31007871256831,14.445444491565883,13.432382454824628,12.998500058881348,0.9608396124839784,0.9468735456466676,1.092652583122253,1.1262293887138366,0.0700694826105061,0.0692262315750122,0.0744469571113586,0.0769326344013213
7416,115,2,8,1.49,0.91,False,False,True,False,3.4669001746177672,3.503296732902527,3.615015614032745,3.6242644810676574,14.442807889663928,14.272271264644615,13.831198950262968,13.795902859131632,1.0322595953941345,1.060045838356018,1.149799370765686,1.1708861756324769,0.0693380034923553,0.0700659346580505,0.0723003122806549,0.0724852896213531
6517,161,7,8,0.99,0.77,False,False,False,False,3.579273905754089,3.6097699403762817,3.6371736884117127,3.646402258872986,13.974669395744636,13.851298234166002,13.746937673824029,13.71214601797597,0.934699434041977,0.9988420009613036,1.074955141544342,1.0998515939712523,0.0715854781150818,0.0721953988075256,0.0727434737682342,0.0729280451774597
6018,1044,4,32,1.92,0.84,False,False,False,True,3.710418390035629,3.728216171264648,3.8771220088005065,3.887878999710083,13.485129750854906,13.411239737722337,12.896163973811646,12.860482543152616,1.0598963129520416,1.2378818988800049,1.355097496509552,1.362691535949707,0.0742083678007125,0.0745643234252929,0.0775424401760101,0.0777575799942016
7369,1186,4,16,1.74,0.85,False,False,True,True,3.606153178215026,3.6086292266845694,3.775062394142151,3.782919256687164,13.791264327651136,13.839688745705915,13.236706797070854,12.706797624257677,1.0014802646636962,1.0030125379562378,1.1864081263542174,1.212359445095062,0.0726422333692059,0.0722559666633606,0.0755474922657013,0.0787066548535317
7686,1820,1,32,0.55,0.81,True,False,False,False,3.560037590265274,3.5563080310821533,3.6719976544380186,3.6855271816253663,14.055017164955943,14.059524588330104,13.616566437313766,13.566580195729829,0.9967622411251068,0.9958657026290894,1.1181923270225524,1.147165994644165,0.0712007518053054,0.071126160621643,0.0734399530887603,0.0737105436325073
4862,341,8,32,1.13,0.87,True,False,False,False,3.475153996944428,3.480962991714477,3.693190181255341,3.697244410514832,14.382438374739984,14.361696002365516,13.538084049397344,13.523397415580265,0.8521041166782379,0.8714593648910522,1.1023454427719117,1.1059361553192135,0.0696481033861637,0.0696296596527099,0.0738656959533691,0.0739459153175354
6203,1140,7,16,0.31,0.93,False,True,False,False,3.0568684303760527,3.017782688140869,3.372677195072174,3.405220808982849,16.386561257934048,16.56707066345828,14.82501796302328,14.683335622323428,0.4441857051849365,0.4024949073791504,0.7405507683753967,0.7456122851371765,0.0612407969633738,0.0603607010841369,0.0674535439014434,0.0681044161796569
7746,1018,5,32,1.06,0.74,False,False,False,True,3.6872708988189697,3.687357306480408,3.780531811714172,3.792088749408722,13.564505429106646,13.55984684379946,13.2256528010709,13.1853456156718,0.9762134659290314,1.0477536916732788,1.1668871521949769,1.2074986457824706,0.0737454179763793,0.0737471461296081,0.0756106362342834,0.0758417749881744
7516,1691,2,16,1.3,0.88,False,False,True,False,3.4760467076301573,3.4867502450943,3.6617852210998536,3.852655525207519,14.24206322868112,14.319390086196767,13.651859805609895,11.679155906065455,0.8129683077335358,0.9643739461898804,1.064803671836853,1.0716046977043152,0.0704232876434428,0.0698353767395019,0.0732500929832458,0.0856424402354055
7672,898,1,8,1.35,0.86,True,False,False,True,3.836263346672058,3.8103322982788086,4.248665058612824,4.255067226886749,13.096627997450256,13.129311454703847,11.768402385036335,11.75069566849922,1.0862772977352142,1.0227452516555786,1.5568784475326538,1.5630930852890017,0.0767252669334411,0.0762066459655761,0.0849733011722564,0.0851013445377349
6621,544,5,8,0.72,0.93,False,False,False,False,3.5216062688827514,3.567445516586304,3.620652973651886,3.654943299293518,14.093558385239842,14.012922635721146,13.79765083245366,13.508051556778526,0.9131578731536866,0.9480046033859252,1.021872639656067,1.038801531791687,0.0710751598065852,0.0713627004623413,0.0724761056900024,0.0740817246637844
7004,469,3,8,0.86,0.76,False,True,True,True,3.4395127308368685,3.20296597480774,3.985305380821228,3.991224229335785,14.674147092620764,15.1983808453673,12.545630270969456,12.523133475962934,0.7002919971942901,0.4989995956420898,1.2745588064193725,1.303833212852478,0.0691333014408747,0.0658377242088317,0.0797090284824371,0.0798522236824035
4474,741,3,8,0.49,0.97,True,True,True,True,4.256442236900329,4.258549213409424,4.296762788295746,4.298900146484375,11.747578269812252,11.741087755729229,11.636668031151885,11.630882183881228,1.6099155855178833,1.791477918624878,1.7981013655662537,1.7999440622329712,0.0851288447380065,0.0851709842681884,0.0859352557659149,0.0859780029296874
4101,730,6,16,0.11,0.81,False,True,True,True,3.26066618680954,3.1990073919296265,3.748062717914581,3.751341896057129,15.361311546011423,15.591838067720104,13.33793358823455,13.32099646601771,0.5247952282428742,0.4365595579147339,0.8973865151405335,0.969833209514618,0.0656621567574414,0.0641362714767456,0.0749741325378418,0.0750694775581359
5690,1826,2,16,1.35,0.88,True,True,False,True,3.5288103151321413,3.5775535106658936,3.6016843795776365,3.60313191652298,13.948299591366188,13.972042817688392,13.880132997121658,11.76188179476602,0.7968877935409546,0.9299366474151612,0.939622962474823,0.9427118682861328,0.071891459666358,0.0715714955329895,0.0720454196929931,0.0877208270390828
4569,625,5,16,0.84,0.85,False,True,True,True,3.2047887539863584,3.1682323217391968,3.625752806663513,3.629483287334442,15.6308831501521,15.473511087766248,13.789698008540949,13.774928554994084,0.4766900324821472,0.3672466278076172,0.8510186672210693,0.9302117943763732,0.0644072330141768,0.0646279788017273,0.0725179042816162,0.0725956584453582
6584,1912,6,32,1.62,0.83,False,True,True,False,3.0289053571224214,2.8977330923080444,3.5020344495773315,3.5077418279647827,16.58557170795439,17.24972828684021,14.277415242570765,14.254184731309232,0.4653158223628997,0.3693275451660156,0.9927263140678406,0.9957484340667724,0.060693277895066,0.0579719281196594,0.0700406889915466,0.0701548365592956
4879,1039,5,32,1.38,0.74,True,False,False,True,3.479144263267517,3.4906715154647827,3.685341250896454,3.69655971288681,14.285386081477428,14.31924717585579,13.563589833586244,13.46574102036458,0.8757303059101105,0.926006555557251,0.9791066884994508,0.9975801491737364,0.0702989904252532,0.0698360753059387,0.073726794719696,0.0743430873288046
6171,237,4,16,1.42,0.76,True,False,False,False,3.475582239627838,3.508082747459412,3.5610318303108217,3.5652845764160155,14.369055587075952,14.251668753840638,14.039063269645734,14.023923822729992,0.909600830078125,0.9418965578079224,0.9953009009361268,1.025058012008667,0.06965422257483,0.0701672220230102,0.0712298235893249,0.0713067195415496
5997,1486,2,8,0.93,0.9,True,False,False,True,3.795768895149231,3.652674674987793,4.1913902759552,4.196535966396332,13.197617417542942,13.328430683103914,11.926088972488994,11.910887272321148,1.0951635777950286,1.0142772197723389,1.5421737551689148,1.550487644672394,0.0760935689087571,0.0750757122039794,0.0838497855663299,0.0839568017482757
4887,1025,1,8,1.91,0.72,False,False,False,True,3.7170044994354248,3.7691032886505127,3.827240836620331,3.831446175575256,13.442141752537324,13.26502648799477,13.061149811687196,13.0464024883525,1.0275444960594178,1.2197099924087524,1.3255260586738586,1.360230665206909,0.074474201461247,0.0753862047195434,0.0765629379749298,0.0766494948863983
5706,608,1,8,0.44,0.76,False,False,False,False,3.5972489964962007,3.6369646787643433,3.660370600223541,3.669585907459259,13.9037368465242,13.747727836669242,13.659819154150917,13.6255158748579,1.0119813001155853,1.0222333669662476,1.1387778401374815,1.1771408820152285,0.0719449799299239,0.0727392935752868,0.0732074120044708,0.0733917181491851
8129,1715,6,16,1.11,0.73,False,True,True,False,2.975197591781616,2.8955397605896,3.4181859374046324,3.4266446805000306,16.79626128790799,17.194247365553537,14.622094046681642,14.55853733970163,0.4424757778644562,0.3878629207611084,0.7542041778564453,0.7603265833854675,0.0600578613036556,0.0581590008735656,0.0683896639347076,0.0687031554937361
8163,1009,4,8,0.48,0.76,False,False,True,False,3.392024360895157,3.402685284614563,3.634630489349365,3.659264979362488,14.719879430994151,14.395203010402575,13.72428435034281,13.556050647945302,0.9876428091526032,1.003639817237854,1.0934287071228028,1.1179099631309508,0.068176827703842,0.069467601776123,0.072863545179367,0.0737727987915276
4579,149,6,8,1.95,0.91,True,False,True,False,3.649162888526917,3.532371997833252,4.149797141551971,4.154465374946594,13.758638448155448,14.141132210954344,12.048318403253456,12.028417685785572,0.9359564113616944,0.9324982166290284,1.5490455508232115,1.5550266242027282,0.0731369199360117,0.0707157230377197,0.0829991345405578,0.0831364545345306
8183,1350,4,32,0.48,0.85,True,False,True,False,3.513141512870789,3.526411175727844,3.612221765518188,3.623614783287048,14.225921889010154,14.177674230217889,13.839986959948844,13.784475932125412,0.9102452206611632,0.9534887075424194,1.0475504517555236,1.0795446109771727,0.0703305340121432,0.0705334305763244,0.072254403591156,0.0725453838825225
7111,2048,2,8,0.08,0.79,True,False,True,True,3.6593032562732697,3.5549553632736206,4.171110153198242,4.185225973129272,13.688255460361198,14.062608417388663,11.9802110816649,11.944572611479696,1.0710369396209716,0.9964337348937988,1.5493561267852782,1.551262810230255,0.0735043412057976,0.0711105632781982,0.083470983505249,0.0837200320720672
6354,1358,2,16,1.9,0.97,False,True,False,True,3.2403651678562166,3.144662857055664,3.692997026443481,3.702556383609772,15.468915066033016,15.896415500595111,13.52565167455294,13.500519494099942,0.5820544564723968,0.4353530406951904,1.2160529255867003,1.2192627644538878,0.0649778240816933,0.0629072642326355,0.0739335911273956,0.0740712298393249
4128,1106,3,8,0.52,0.8,False,True,False,True,3.2703767120838165,3.22439968585968,3.6650434851646425,3.669790480136872,15.3769343531577,15.45111639939782,13.641838574831292,13.61496702870327,0.5309799146652222,0.4830237627029419,0.9409886479377748,0.9542627024650574,0.0654443799283769,0.0647907257080078,0.0733039021492004,0.0734485849380493
5386,2021,8,16,1.41,0.74,False,True,True,False,2.9799714601039886,2.909896969795227,3.392063117027283,3.4024206805229187,16.873454624079464,17.182738955675255,14.740292112762823,14.695419731641453,0.4081882500648499,0.3215310573577881,0.8204206466674805,0.8255593872070313,0.0595994292020797,0.0581979393959045,0.0678412623405456,0.0680484136104583
7758,1364,2,32,0.42,0.74,False,False,True,False,3.540695849657059,3.5527868270874023,3.636222803592682,3.6540146708488463,14.10592969626424,14.067081850575478,13.750532603863157,13.683579548698749,0.8852316021919251,0.9279224872589112,1.0473944544792175,1.0868004012107848,0.0709275707819882,0.0710879907888524,0.0727244560718536,0.0730802934169769
7184,1021,3,32,1.22,0.94,False,False,True,False,3.5089588344097136,3.552924156188965,3.633842718601227,3.666623997688292,14.242853204685524,13.987419477530713,13.75905616470822,12.838335574777624,0.9803361070156096,0.983022689819336,1.0782243847846984,1.1173501586914063,0.0703224140793085,0.0714936280250549,0.0726794040203094,0.0778918469905853
6971,834,2,32,0.46,0.79,True,False,False,True,3.5112119948863985,3.60975992679596,3.647515654563904,3.6528609371185294,14.130928595542317,13.842683531956553,13.70493159881007,12.868374700851364,0.8573715031147003,0.9390335083007812,0.9842496514320372,1.015666949748993,0.0710199228701544,0.0722403311729431,0.0729664349555969,0.0777584472557217
5190,1680,3,32,1.35,0.83,False,False,True,True,3.5833806347846986,3.587932825088501,3.753568029403687,3.778131828308105,13.828968752107375,13.805807205271066,13.314158579175151,12.28176682876659,0.879398729801178,0.8996840715408325,1.0363961100578307,1.2053103041648865,0.0725720794980053,0.0724332880973815,0.0751080133914947,0.0815115649716271
7590,164,7,32,1.94,0.75,False,True,False,True,2.7549680626392363,2.5160573720932007,3.614515435695648,3.622499005794525,18.39554810435916,19.865210562761945,13.833112877651686,13.802626348071884,0.5677579295635223,0.4682822227478027,0.9753530025482178,0.9773510098457336,0.0557524917274713,0.0503392601013183,0.0722903087139129,0.0724499801158905
5165,267,7,16,0.0,0.97,False,False,False,False,3.523135523796081,3.605102062225342,3.674456536769867,3.694983699321747,14.12620990655121,13.854562369443208,13.571882580532382,13.258577252337323,0.8379655706882477,0.9104441404342652,0.9887654185295104,1.014562668800354,0.0709263052965268,0.0721783900260925,0.0736817462444305,0.0754230532443103
4949,932,7,32,0.14,0.83,False,False,True,False,3.395004626512528,3.394794225692749,3.466911017894745,3.486802129745483,14.732440611196775,14.72843321010564,14.422060388383676,14.33978767546768,0.8712575066089631,0.9144649505615234,0.9655747532844544,0.9707588529586793,0.0679000925302505,0.0678958845138549,0.0693382203578949,0.0697360425949096
5463,1394,6,32,1.61,0.91,True,False,True,True,3.534638351202011,3.574771881103516,3.6563850164413454,3.6616369318962096,14.089475875321794,13.977865094407532,13.667435325780408,13.572289146406389,0.8643908941745758,0.9045650959014891,1.0364257216453552,1.0789161539077758,0.0711119685815772,0.0715416836738586,0.0731666176319122,0.0736797875427618
7312,200,2,32,0.13,0.79,False,False,False,True,3.507861429452896,3.5993614196777344,3.6625683665275575,3.666254518032074,14.044007871087816,13.879633713239333,13.648988494697717,9.22826555630854,0.8961499440670013,0.941986083984375,1.0076369404792784,1.0250086069107054,0.0715374517186598,0.0720480108261108,0.0732655024528503,0.1083630329019882
5950,926,6,32,0.51,0.8,False,False,False,False,3.5343580448627474,3.5719438791275024,3.645045018196106,3.6505620765686033,14.091589734277434,13.997299198734044,13.716676833151997,13.68599927318438,0.9198022770881652,0.9587711095809937,1.0819899559020991,1.119751431941986,0.0710963162342707,0.0714423537254333,0.0729039559364318,0.0730673721790313
7013,1131,7,8,0.25,0.71,True,True,False,True,4.229453811645508,4.253825545310974,4.270520079135895,4.2765120911598205,11.767710332012282,11.746886453785525,11.701705898268283,11.30343752941596,1.543114619255066,1.5441346168518066,1.5526731610298157,1.554251606464386,0.0849913883698292,0.0851289439201355,0.0854576320648193,0.0885655260636256
4405,212,1,32,1.11,0.87,True,True,False,True,3.5932026290893555,3.603016972541809,3.624231016635895,3.634856367111206,13.916173406450357,13.877259169999714,13.79603022140423,13.755738053653602,0.8106916904449463,0.7860838174819946,0.9335947871208192,0.9348233938217164,0.0718640525817871,0.0720603394508361,0.0724846203327179,0.0726971273422241
7856,117,1,16,0.91,0.81,True,True,False,False,1.8158576488494875,1.8158576488494875,1.8158576488494875,1.8158576488494875,8.811263377466549,8.811263377466549,8.811263377466549,8.811263377466549,0.9980640411376952,0.9980640411376952,0.9980640411376952,0.9980640411376952,0.1134911030530929,0.1134911030530929,0.1134911030530929,0.1134911030530929
4332,1801,4,16,1.54,0.76,False,False,False,True,3.5805594873428346,3.599367022514344,3.6804448127746574,3.690287225246429,13.906430834931848,13.888046995203007,13.581884574149202,13.496259499720315,0.8948080897331238,0.8627570867538452,1.1480676889419543,1.2156026530265809,0.0720353711694478,0.0720043659210205,0.0736274847984314,0.0740946038246154
5177,1096,7,8,0.05,0.88,True,True,False,True,4.16191677570343,4.174641251564026,4.19050167798996,4.192224042415619,12.014249864549129,11.977077143128376,11.93174561208972,11.926843860519156,1.3431059694290162,1.5111761093139648,1.5195329785346985,1.52200914144516,0.0832383355140686,0.0834928250312805,0.0838100335597991,0.0838444808483123
6114,1823,8,16,0.6,0.99,False,True,True,True,3.2069436430931093,3.0649359226226807,3.874406516551971,3.881713728904724,15.693167500265693,16.306349195163378,12.904670085365892,12.87912622380408,0.5040923428535461,0.4032509326934814,1.033379888534546,1.0374054670333863,0.064510923714297,0.0613258075714111,0.0774913263320922,0.0776450194835662
5374,1146,4,32,0.65,0.8,False,True,False,True,3.127989321947098,3.021222233772278,3.70338490009308,3.707583591938018,16.15747011404529,16.555484943963464,13.501162163463617,13.4858726708003,0.5007609105110169,0.4162122011184692,0.9681134700775148,0.976475386619568,0.0625597864389419,0.0604244446754455,0.0740676980018615,0.0741516718387603
5611,327,6,16,0.15,0.97,True,True,False,True,3.6015310716629028,3.606041431427002,3.631238400936127,3.635088381767273,13.883837587957656,13.865619972405124,13.7694104754099,13.754824085114038,0.8164287805557251,0.9430711269378662,0.9687612295150756,0.9705888772010804,0.072030621433258,0.07212082862854,0.0726247680187225,0.0727017676353454
4944,1331,8,8,1.45,0.71,False,False,True,True,3.6254625904560087,3.5957475900650024,3.804594230651856,3.814614465236664,13.744555343832651,13.873522733660504,13.135398247734395,13.090239996989084,0.8827732408046722,0.9179176092147828,1.0800710916519165,1.228185124397278,0.0728183790121654,0.0720797824859619,0.0761301627159118,0.0763927941167676
4364,749,8,8,0.64,0.73,False,True,False,False,3.2552705514431,3.1343859434127808,3.826706743240357,3.8337171721458434,15.465705912265408,15.951542469258968,13.056599365875972,13.036349926843004,0.4934011793136597,0.3795768022537231,1.1112216711044312,1.117338604927063,0.0652605737358332,0.0626898622512817,0.0765896213054656,0.0767085883617401
7251,809,5,16,1.99,0.72,False,False,False,False,3.5541166961193085,3.6267223358154297,4.094483911991119,4.107499034404754,13.939069396807334,13.77401921247486,12.197498801436144,9.906034851439657,0.9409775531291962,1.140573024749756,1.2912108540534972,1.2960620760917665,0.0726836455268992,0.072600450515747,0.0819840211868286,0.1009984795749185
4809,1259,4,32,0.06,0.78,False,False,True,False,3.320136798620224,3.227193832397461,3.593402206897736,3.599843361377716,15.007325715459892,15.086546600143508,13.90928112192109,13.8782076569929,0.8619991147518158,0.913271188735962,1.001058924198151,1.021479387283325,0.0669140506029129,0.0663311553001403,0.0718944420814514,0.0720587730725605
6302,505,6,16,1.18,0.97,False,False,False,True,3.524612466096878,3.549777388572693,3.613225185871124,3.627875587940216,14.078634840967997,14.046421102232022,13.81493084250685,13.737160401697086,0.8952465867996215,0.9745156764984132,1.0263677835464478,1.046529688835144,0.0711527825230644,0.0711925435066223,0.0723854517936706,0.0728398126988182
5918,898,2,8,0.21,0.84,False,False,False,False,3.5576302433013915,3.578775405883789,3.649854266643524,3.661641356945038,14.062023651735222,13.97126152834857,13.699177118858572,13.65507865004125,0.937961311340332,0.9514762163162231,1.0565426349639893,1.0865682911872865,0.0711526048660278,0.0715755081176757,0.0729970853328704,0.0732328271389007
6414,593,4,8,1.6,0.88,True,True,False,True,4.15185791015625,4.172192215919495,4.191308641433716,4.192023141384125,12.043918239713708,11.98410777952757,11.929448399733404,11.927415088425056,1.324258484840393,1.482909083366394,1.48886981010437,1.4914764165878296,0.0830371582031249,0.0834438443183898,0.0838261728286743,0.0838404628276825
4508,1138,4,16,1.95,0.95,True,False,False,False,3.494327176809311,3.5432523488998413,3.6395989775657656,3.6422859477996825,14.202264719523644,14.111065143011263,13.732323430270858,13.636408170718472,0.8618609917163849,0.8963148593902588,0.9911431312561032,1.0116940784454345,0.0706200044144602,0.0708663725852966,0.0728208889961242,0.0734528230526864
5297,1141,6,8,0.79,0.96,False,True,False,False,3.237295150756836,3.0731418132781982,3.952977693080902,3.957838654518128,15.65242437319096,16.269687019885655,12.648692677527348,12.63315773364113,0.541335756778717,0.3650201559066772,1.287691056728363,1.294578948020935,0.0648012346110692,0.0614639973640441,0.079059553861618,0.0791567730903625
5739,1743,4,16,1.51,0.91,True,False,False,False,3.385237987041473,3.3998085260391235,3.5216151595115663,3.5312514543533324,14.695570161565248,14.700445354165478,14.189928495411223,14.036782436289425,0.7813880109786987,0.8863675594329834,0.9733024358749388,0.9789985609054566,0.0681837005541039,0.068025152683258,0.0704725189208984,0.0712479518321252
7477,264,5,8,1.06,0.96,False,True,False,True,3.206430722475052,3.2060492038726807,3.5404136419296264,3.542712545394897,15.631746207914576,14.92058910660676,14.12231625563752,14.111806400157448,0.5962145721912384,0.4252495765686035,1.035204303264618,1.0378929924964904,0.0643842331171036,0.0670271587371826,0.070809914112091,0.0708626502037048
6419,1554,5,16,0.68,0.91,False,True,True,True,3.1517788696289064,3.0954962968826294,3.6375792264938354,3.6422620105743406,15.88713041543138,16.13823291460087,13.734526028897308,13.679781349425024,0.5065265572071076,0.3971971273422241,0.9255934596061708,0.9318078088760376,0.0635394356793048,0.0619646716117858,0.0728092107772827,0.0731099233309427
7287,948,1,8,0.47,0.87,False,False,True,False,3.5711903131008147,3.5874202251434326,3.6660665392875673,3.6765609431266784,13.987111691492396,13.911027586144092,13.634742594881248,13.59387647297559,0.8950159657001495,0.930355191230774,1.0105346083641051,1.0413699841499329,0.0715420634474073,0.0718856501579284,0.0733420524597168,0.0735625450611114
6624,1091,4,32,1.39,0.84,False,False,False,True,3.408415822982788,3.4238685369491577,3.463185691833496,3.4723727345466613,14.673645006898616,14.60336442874166,14.437574088205777,14.399375822996662,0.9595952713489532,1.029236912727356,1.1135152220726012,1.1269713187217711,0.0681683164596557,0.0684773707389831,0.0692637138366699,0.0694474546909332
5421,1964,2,32,1.62,0.99,True,False,True,True,3.5566546523571017,3.545015811920166,3.7070574522018434,3.7214496970176696,14.028307767429355,14.097974135928482,13.48482302356602,13.41179520250899,0.8939668428897858,0.9519386291503906,1.0444202065467834,1.0674208545684811,0.0713546001672744,0.0709321784973144,0.0741574435234069,0.0745612349033355
7900,1362,2,16,0.44,0.97,False,True,False,False,3.087488808631897,3.0729748010635376,3.378669059276581,3.385478785037994,16.237574082192825,16.21936694463873,14.798726696610563,14.768959912766826,0.4185064947605133,0.362367033958435,0.7013324618339538,0.7061050200462341,0.0618077196225887,0.0616547656059265,0.0675733811855316,0.0677095757007598
5910,409,3,16,1.41,0.95,True,True,True,True,3.6501465606689454,3.6557408571243286,3.682157552242279,3.685718972682953,13.699060609792024,13.677118270309103,13.578995274243454,13.565875303599883,0.7679030466079712,0.648230791091919,0.9477949261665344,0.9525158023834228,0.0730029312133789,0.0731148171424865,0.0736431510448455,0.073714379453659
6856,567,7,16,1.52,0.72,True,False,True,True,3.5449282038211822,3.597480773925781,3.699491548538208,3.70672723531723,14.010171948427397,13.8973669421263,13.510140890381958,12.952358863399812,0.8989565169811249,0.959042191505432,1.0731313824653623,1.1030913400650024,0.0716118908453555,0.0719560766220092,0.0740184731483459,0.0772640097794076
7840,725,3,8,0.75,0.86,False,False,True,False,3.5630865824222564,3.570876955986023,3.677519106864929,3.692568762302399,13.94182242256413,13.996431483303036,13.59315946150022,13.518769932942067,0.9102586662769316,0.9679299592971802,1.0181031584739684,1.0501688957214357,0.0730266677618027,0.071446783542633,0.0735664143562316,0.073971227312088
4375,1758,6,8,1.95,0.89,False,False,False,True,3.811728738546372,3.75703227519989,4.478149485588074,4.4953823447227474,13.133374306087326,13.283039295581975,11.15621438879302,11.119018083260892,0.9577017104625702,1.0874450206756592,1.2903394103050232,1.3333086609840392,0.0768601291277469,0.0752839756011962,0.0896361410617828,0.0899359999656677
4098,1143,4,32,0.1,0.85,False,False,True,False,3.532783724069595,3.581597328186035,3.619765245914459,3.626788828372956,14.08667795051378,13.95705846665215,13.804037338438611,13.204418779746916,0.8350257432460785,0.8214373588562012,0.9932649970054626,1.0044335079193114,0.0710439303436146,0.0716483354568481,0.072442574262619,0.0757339742235354
7331,381,8,16,0.57,0.86,True,False,False,True,3.514497224092484,3.593823194503784,3.643645393848419,3.648518555164337,14.162155884916796,13.907850180143509,13.721917505358844,13.68011313547884,0.8965957987308503,0.9649083614349364,1.037282371520996,1.0661016130447387,0.0708190338272589,0.0719018387794494,0.0728761122226715,0.073099467884108
6174,1889,1,32,1.73,0.76,True,True,False,False,1.8000938892364502,1.8000938892364502,1.8000938892364502,1.8000938892364502,8.888425262521586,8.888425262521586,8.888425262521586,8.888425262521586,0.9710276126861572,0.9710276126861572,0.9710276126861572,0.9710276126861572,0.1125058680772781,0.1125058680772781,0.1125058680772781,0.1125058680772781
6847,426,5,8,0.21,0.85,False,True,True,False,3.236854598522186,3.0176680088043213,4.126876509189605,4.131572153568268,15.73400960840583,16.56908592761292,12.11130338243264,12.100828638824073,0.4592887818813324,0.3255399465560913,0.8579544067382813,1.363434011936188,0.0649109058335423,0.0603533601760864,0.0825674965381622,0.0826389688014984
7077,731,8,8,0.18,0.78,True,True,True,True,2.426987051963806,2.426987051963806,2.431117761135101,2.431484935283661,7.622257643439296,7.622257643439296,7.449815573710235,7.434487389734318,1.4719798564910889,1.4719798564910889,1.478009033203125,1.4785449600219729,0.1312776772599471,0.1312776772599471,0.1342476364813352,0.1345116328565697
6753,808,4,32,0.11,0.8,True,False,True,True,3.595179717540741,3.637642979621887,3.667867684364319,3.680228917598724,13.90363877966578,13.742269368125111,13.62965377297894,13.579300834192871,0.9124169981479644,0.9768093824386596,1.0682382464408875,1.085273139476776,0.0719715012573614,0.0727681851387024,0.0733694353103637,0.0736414955615997
5856,353,6,8,1.48,0.74,False,True,False,False,3.1886857759952547,3.0146342515945435,4.152580666542053,4.168176593780518,15.783836201143394,16.457482024864756,12.04070529238702,11.995652985492384,0.5119470250606537,0.359663724899292,1.5985759854316712,1.6019429349899292,0.0645889670305781,0.0607626366615295,0.083051613330841,0.0833635318756103
4974,1487,1,32,1.4,0.76,True,False,True,True,3.4673688292503355,3.461749911308289,3.5901931047439577,3.595762486457825,14.357735173125468,14.36544373524048,13.915566337635362,13.057568012618656,0.8453044867515564,0.9122917652130128,0.970288324356079,0.9848397159576416,0.0697275746345519,0.0696114945411682,0.0718619692325592,0.0765841455459594
4374,940,8,32,0.6,0.75,True,False,False,False,3.51914723277092,3.5799734592437744,3.652214241027832,3.666036539077759,14.151015186164486,13.965123819903896,13.672304266285307,13.014468125127529,0.8508992946147919,0.8836497068405151,1.0082910895347594,1.0205761075019837,0.0707508970427089,0.0716069555282592,0.0731405637264251,0.0768375645185771
4870,1852,6,16,1.95,0.88,False,True,True,True,3.125106958150864,3.039380073547364,3.596901512145996,3.603697612285614,16.030820182923996,16.447993995517237,13.897849796869831,13.873433914461218,0.5366612350940705,0.4374727010726928,1.0457777500152587,1.049694139957428,0.0627848426183064,0.060797688961029,0.0719535770416259,0.0720802081108093
4244,587,8,8,0.42,0.77,False,True,False,True,3.278421000242233,3.222113251686096,3.644832062721252,3.655133466720581,15.354598051380435,15.5454370605632,13.71805316125065,13.679391058207074,0.5850844597816467,0.3987293243408203,0.968809187412262,0.9762286710739136,0.0655684200048446,0.0644422650337219,0.072896641254425,0.0731026693344116
7766,1649,3,8,1.51,0.75,False,True,True,False,3.1419398379325867,3.01153576374054,3.819198429584503,3.826770052909851,16.095810108508555,16.602002450716768,13.091752345909237,13.065849172502231,0.5442519986629486,0.3417569398880005,1.32347971200943,1.3255333852767943,0.0629220164537429,0.0602336978912353,0.07638396859169,0.076535401058197
7056,1522,2,32,0.92,0.74,True,True,False,True,3.432137298583984,3.440596461296081,3.45708909034729,3.45787451505661,14.568903307664495,14.53237020259405,14.463034852166752,14.459749825103728,0.7881824111938477,0.9566893577575684,0.9683980584144593,0.9716160798072816,0.0686427459716796,0.0688119292259216,0.0691417818069458,0.0691574903011321
7170,1635,5,8,0.18,0.91,False,False,True,True,3.615475989580154,3.600017547607422,3.813973581790924,3.818664329051972,13.720550482673502,13.62669416508205,13.107979069048518,11.978091028648128,0.8971745121479034,0.955391526222229,1.0586884260177611,1.083126757144928,0.0730308631687924,0.0733857178688049,0.076289410829544,0.0835025728681811
6079,1778,7,32,1.87,0.7,True,True,False,False,2.5625016689300537,2.5625016689300537,2.5625016689300537,2.5625016689300537,12.487796744874425,12.487796744874425,12.487796744874425,12.487796744874425,0.9518005847930908,0.9518005847930908,0.9518005847930908,0.9518005847930908,0.0800781771540641,0.0800781771540641,0.0800781771540641,0.0800781771540641
4779,889,7,16,1.82,0.86,False,True,False,False,3.112010749578476,3.0876940488815308,3.46774742603302,3.948739025592804,16.085984148133956,16.173945972593593,14.407244927704296,12.662270183697569,0.5101816916465759,0.3951722383499145,0.8604295253753662,1.4040378212928772,0.0625847729133958,0.0618278312683105,0.0694095277786254,0.078974780511856
6333,1217,1,16,0.64,0.76,True,False,False,False,3.480309888124466,3.4948264360427856,3.548866355419159,3.5580036282539367,14.372610730233522,14.30686227331148,14.089006608443842,14.052824356238297,0.9066304624080658,0.9515442848205566,1.0143992185592652,1.0458620142936703,0.0696061977624893,0.0698965287208557,0.0709773271083831,0.0711600725650787
4099,839,6,16,0.65,0.85,True,False,True,True,3.544185755252838,3.499857544898987,3.723685157299042,3.72850781917572,14.10246170702266,14.276905128614011,13.424174343223267,13.401795105299144,0.816847151517868,0.8680782318115234,1.0245898365974426,1.0390384173393248,0.0710212043480439,0.0700431990623474,0.0744924771785736,0.0746168977260589
7350,1256,6,32,0.04,0.89,False,True,False,True,2.8135946190357206,2.64951753616333,3.646465313434601,3.650649678707123,18.36264968591996,19.01873790724033,13.711908877129945,13.696192295881072,0.498688725233078,0.4241445064544678,0.9267854690551758,0.9303089046478272,0.0562718923807143,0.0529903507232666,0.072929306268692,0.0730129935741424
7603,1416,5,8,1.91,0.96,True,False,False,True,3.652676854133606,3.59757924079895,4.078878366947174,4.08888370513916,13.65482656998043,13.723094462473629,12.253234920706474,12.215782496121571,0.960378668308258,0.949925422668457,1.4177197694778445,1.4279290628433228,0.0736876381338554,0.0728756499290466,0.0816111018657684,0.0818650732210703
6105,530,5,8,0.7,0.94,True,False,False,True,3.762455000877381,3.676162481307984,4.28551983833313,4.2930232787132265,13.32812468887004,13.51862232531817,11.66431310292632,11.646294174778646,1.0761364948749543,1.0330078601837158,1.562478566169739,1.5724716734886168,0.0754881054957707,0.0739731383323669,0.0857315807342529,0.0858642230033874
6327,1577,7,32,0.37,0.91,True,True,True,True,3.6437820625305175,3.6493462324142456,3.68032695055008,3.68599315404892,13.722927014994989,13.701084199585235,13.585779713756333,13.564865176355786,1.005813159942627,1.006593108177185,1.0158813834190368,1.0185065698623657,0.0728756412506103,0.0729869246482849,0.0736065390110015,0.0737198630809783
4478,402,2,16,0.79,0.88,True,False,True,False,3.4392111790180206,3.487746834754944,3.5501907229423524,3.563627586364746,14.401577969588349,14.327789320246502,14.067116123381387,12.790033336991042,0.8312702202796936,0.8526926040649414,0.9291265845298768,0.9426880598068236,0.0696233561363327,0.0697944378852844,0.071087776184082,0.0782418379030727
6168,1849,6,8,1.53,0.96,True,False,True,True,3.2741972684860228,3.006086587905884,4.09039124250412,4.095848619937897,15.515275396217833,16.217179530051034,12.21639163874355,12.193246140470157,0.9567885625362396,0.9215245246887208,1.5325814962387083,1.5426341700553894,0.0657744290135123,0.0616982698440551,0.0818572318553924,0.0820126179218292
7564,370,6,32,1.48,0.99,True,True,True,False,3.5956740808486938,3.6065192222595215,3.6287544131278993,3.631760196685791,13.906545489565817,13.863783051379665,13.778832759401183,13.767428915284682,0.9824277067184448,0.982717514038086,0.9924519896507265,0.995237159729004,0.0719134816169738,0.0721303844451904,0.0725750882625579,0.0726352039337158
6642,1912,8,8,0.59,0.8,False,True,False,False,3.2739314329624176,3.3007700443267822,3.6068110346794127,3.611019978523254,15.393819426551628,15.205221228715557,13.862661386464728,13.84650328655687,0.6419506990909576,0.6641988754272461,0.9564229369163512,0.9796014499664304,0.0655458153920295,0.0660154008865356,0.0721362206935882,0.072220399570465
6030,931,5,16,0.59,0.93,False,False,False,True,3.5803677296638488,3.57618248462677,3.6825510621070863,3.6989884209632873,13.9704932700574,13.9813894347562,13.577544286830864,13.51720925525177,0.9089307832717896,0.9688824415206908,1.0674102067947386,1.1043586826324463,0.071607354593277,0.0715236496925354,0.0736510212421417,0.0739797684192657
4258,246,1,16,0.8,0.89,True,True,True,True,3.0398619079589846,3.0500158071517944,3.0631872057914733,3.0667021799087526,16.449021869406703,16.393359381346105,16.322868023096486,16.304161590562348,0.9135159778594972,0.9723949432373048,1.0575294017791748,1.0599559783935546,0.0607972381591796,0.0610003161430358,0.0612637441158294,0.061334043598175
7500,713,1,8,0.9,0.86,True,False,False,True,3.7850145292282105,3.6827316284179688,4.326268255710602,4.329780268669128,13.294913694478325,13.580662509820872,11.557304597232662,11.54793017905368,1.093036584854126,1.0693182945251465,1.4415385246276855,1.4466845393180847,0.0757002905845642,0.0736546325683593,0.086525365114212,0.0865956053733825
7270,1137,7,32,1.56,0.8,False,True,False,True,3.099498927593231,2.947575092315674,3.609510982036588,3.743397693634033,16.268385547038164,16.963096252077726,13.853149652050057,13.356849635232855,0.5504962289333344,0.4499974250793457,0.8713051915168691,1.2678789615631103,0.0619899785518645,0.0589515018463134,0.0721902196407317,0.0748679538726806
4205,557,6,32,0.93,0.76,False,True,True,True,3.2498241758346555,3.2205106019973755,3.704275774955749,3.7100679326057433,15.378946990418758,15.280734873235412,13.48598594447121,13.432526493329918,0.5452892112731934,0.4691792726516723,0.9761472582817078,0.979166889190674,0.0656970306662951,0.0654545331001281,0.0741510486602783,0.0745024637222288
6246,1996,7,8,1.24,0.91,True,False,False,True,3.620329896211624,3.644283652305603,4.389932870864868,4.396423549652099,14.123967418363726,13.71920068325019,11.389695831808028,11.372880579935646,1.060408034324646,0.9919716119766236,1.5617995381355283,1.56509694814682,0.0724751279720446,0.0728905439376831,0.0877986574172973,0.0879284709930419
6211,1243,8,16,1.34,0.95,False,False,True,False,3.6073629021644593,3.611261248588562,3.675344467163086,3.688423554897308,13.863671865445395,13.845578214188858,13.604167070497027,13.55592716680261,0.9932705056667328,1.018398642539978,1.1555562257766725,1.1814557600021365,0.0721472580432892,0.0722252249717712,0.0735068893432617,0.0737684710979461
6539,777,6,32,1.16,0.81,False,True,False,False,3.10153182387352,3.0275442600250244,3.4916372299194336,3.496304478645325,16.15812307407984,16.51285315089998,14.319929832370711,14.300813989877714,0.5090942931175232,0.4281940460205078,0.882202434539795,0.8866547560691833,0.0621581214104929,0.0605588865280151,0.0698327445983886,0.0699260895729065
4783,327,1,16,0.62,0.81,False,True,True,True,3.227463775873184,3.1529749631881714,3.779136621952057,3.786827759742737,15.622369633637184,15.855816972638344,13.230535173639488,13.203663640869538,0.474282853603363,0.3449995517730713,0.9847149848937988,0.9883788228034972,0.0646450533390045,0.0630683374404907,0.0755827324390411,0.0757365551948547
5694,270,4,32,0.44,0.85,False,True,True,False,3.129764504432678,3.067899465560913,3.5781604409217835,3.581236743927002,15.964211703846946,16.169710907941443,13.971699251439285,13.96003922391435,0.5584173285961151,0.4657882452011108,0.9672252058982848,0.972693645954132,0.0630503829457543,0.0618440246582031,0.0715732555389404,0.0716330368518829
4007,1637,3,16,0.81,0.73,True,False,False,False,3.5536065280437468,3.5793895721435547,3.638243591785431,3.644809217453002,14.041578598430767,13.961941533743984,13.740145875634626,13.69522379298802,0.859234139919281,0.8541581630706787,1.008736252784729,1.0261523532867431,0.0712742530831584,0.0716232776641845,0.07277943110466,0.0730181606292724
4151,1760,1,8,1.69,0.97,True,True,True,True,4.194492802619934,4.2000449895858765,4.224209344387054,4.235278236865997,11.920872646608723,11.9046344269591,11.836534797818898,11.805628512790316,1.3462959480285646,1.2460793256759644,1.5220274448394775,1.5329593873023986,0.0838898560523986,0.0840008997917175,0.084484186887741,0.0847055647373199
5454,1575,1,32,1.15,1.0,False,False,True,True,3.5950306820869447,3.601528286933899,3.7322380781173705,3.7527296018600462,13.919824813661991,13.882995222522323,13.396787402942117,13.323635358027689,0.9736481416225432,0.9548395872116088,1.0957191705703735,1.1352977061271667,0.0719006136417388,0.0720305657386779,0.0746447615623474,0.0750545920372009
5014,1978,6,16,0.77,0.72,True,False,True,True,3.6241230893135072,3.664493680000305,3.699856126308441,3.7103994822502138,13.769948230629778,13.642033922330636,13.505980459901664,13.46152654579962,0.9394291651248932,0.9458129405975342,1.0319774270057678,1.057711715698242,0.0726602573371287,0.0733028531074524,0.0740412745475769,0.074286950862102
6410,1259,6,16,1.51,0.94,False,True,False,True,3.247554709911346,3.10776424407959,3.862564253807068,3.8688942289352415,15.537710558072003,16.08877937487234,12.94118621647726,12.92189494198515,0.5282800388336182,0.4028511047363281,0.951542592048645,0.9548709893226623,0.0650408869938973,0.0621552848815918,0.0772726695537567,0.0773880307674407
6430,180,3,16,1.0,0.96,True,False,False,True,3.523408589363098,3.607586026191712,3.630601239204407,3.639513084888458,14.087860206771882,13.85768686205004,13.767534216207768,13.687274362850102,0.919798389673233,0.9582988023757936,1.0135040402412414,1.0394330716133118,0.0712926006118456,0.072162115573883,0.0726346487998962,0.0731375085353848
4224,146,5,8,0.67,0.98,False,False,False,True,3.653647036552429,3.710512161254883,3.749943935871124,3.7622374176979054,13.577199268329592,13.46482025559416,13.328691036321135,13.214522413985542,0.8387243819236755,0.886770486831665,0.9710057854652404,0.9834322094917296,0.0738060288705077,0.0742676424980163,0.0750261256694793,0.0757203321849596
5242,705,1,16,0.96,0.72,False,False,True,False,3.5747548294067384,3.633706212043762,3.751627600193024,3.7642769742012026,13.969191199031536,13.75170597393288,13.321597739488276,13.255520139861744,0.9389402532577514,0.965857982635498,1.0583289504051208,1.0941373229026794,0.0717628893122953,0.0727182507514953,0.0750660710334777,0.0754457125214968
4270,1599,4,8,0.65,0.82,True,True,True,True,4.20909152507782,4.215939879417419,4.241943943500519,4.247091119289398,11.879747345427104,11.85975636622297,11.787048744733822,11.772765223720263,1.3994974088668823,1.3604083061218262,1.5232399463653563,1.531455364227295,0.0841818305015564,0.0843187975883483,0.0848388788700103,0.0849418223857879
4886,282,6,32,0.57,0.74,False,True,False,False,3.1659855699539183,3.0933034420013428,3.5816591382026672,3.589877882003784,15.874991525156007,16.16394929960096,13.960011238707828,13.928050383377215,0.5174715602397919,0.4390865564346313,0.8554274439811707,0.8694109153747559,0.0633197113990784,0.0618660688400268,0.0716331827640533,0.0717975576400756
5072,1775,5,32,1.41,0.87,True,False,False,False,3.500181986093521,3.5483874082565308,3.633344972133637,3.640878529548645,14.28297002972977,14.087478521662396,13.759360054444503,13.73109271194727,0.8509294557571411,0.9051569700241088,1.0027628183364867,1.0289871430397033,0.0701273630440234,0.0709850239753723,0.0726777989864349,0.0728274159908294
4296,123,4,16,1.19,0.71,False,True,True,False,2.990814496278763,2.977184653282165,3.2522003293037414,3.257314624786377,16.63896526266941,16.478683768286384,15.366968808388185,15.330704102076009,0.4353020930290222,0.4022709131240845,0.6727372407913208,0.6758821320533752,0.0604462024205769,0.0606966042518615,0.0650746426582336,0.0652354605992634
5780,1390,8,16,1.95,0.84,False,True,True,True,3.1650408244133,3.0815653800964355,3.910366082191467,3.919898076057434,15.96956761277096,16.225520209873466,12.786527510540674,12.755433748551678,0.497055697441101,0.3717066049575805,1.327230191230774,1.3304860067367554,0.0633008164882659,0.0616313076019287,0.0782073216438293,0.0783979615211486
5749,923,2,32,1.31,0.75,False,True,False,False,3.099728240966797,3.051084399223328,3.5647195100784304,3.570263230800629,16.211445627161226,16.384664673863366,14.0229288605529,14.002666097398636,0.4888414180278778,0.3916232585906982,0.920771312713623,0.925800120830536,0.0621290801192774,0.0610326814651489,0.0713117790222167,0.0714149714946746
7643,1639,6,8,1.53,0.76,False,True,True,True,3.29686448931694,3.309566020965576,3.807607746124268,3.828389267921448,15.34827975627054,15.178661274300447,13.13160563810913,13.060324288938856,0.6077390956878662,0.5631089210510254,1.240930008888245,1.2450819325447082,0.0659372897863388,0.0661913204193115,0.0761521549224853,0.0765677853584289
7972,2009,6,32,0.34,0.94,False,True,True,True,3.251669268608093,3.160130262374878,3.78042995929718,3.78597106218338,15.407488543299136,15.808744156344984,13.223767721065355,12.842339630016715,0.5349047029018402,0.4853662252426147,0.9608301043510435,0.9691080737113952,0.0656297514664776,0.0632561349868774,0.0756214129924774,0.0778691509997143
6841,1109,1,16,1.34,0.96,True,True,False,True,3.6352326536178574,3.6396771669387817,3.663291466236114,3.6648020505905152,13.755060417641186,13.737482192944658,13.64892811693999,13.643301799503972,0.7745472574234009,0.6113994121551514,0.979440975189209,0.9814725852012636,0.0727046530723572,0.0727935433387756,0.0732658293247223,0.0732960410118103
5742,496,3,8,1.07,0.72,True,False,True,True,3.7099749708175658,3.658229351043701,4.136133801937104,4.1432865858078,13.498536242770731,13.615837969533604,12.087721842121482,12.06561750493347,1.0403337895870208,0.9902929067611694,1.5065479755401612,1.5101215624809263,0.0745377747323777,0.0734447979927063,0.0827285747528076,0.0828801354408264
5647,1716,5,16,1.97,0.91,True,True,False,True,3.6285284566879272,3.634437918663025,3.658676338195801,3.66423540353775,13.780537333362345,13.75728573845591,13.66614468823082,13.64543458982546,0.9650651454925536,0.9657278060913086,0.9744116067886353,0.9765655159950256,0.0725705691337585,0.0726887583732605,0.073173526763916,0.073284708070755
7549,965,7,32,1.19,0.99,True,True,True,True,3.510085768699646,3.5272138118743896,3.543127942085266,3.5437154245376585,14.246161894337476,14.17549478939162,14.11182458650478,14.10948515025722,0.8081868457794189,0.9488286972045898,0.9584060430526732,0.962631175518036,0.0702017153739929,0.0705442762374878,0.0708625588417053,0.0708743084907531
5447,1382,6,32,0.97,1.0,False,False,True,False,3.576859389543533,3.607035279273987,3.663910806179047,3.6811787056922913,13.95983312718629,13.859387535086755,13.640106864157108,13.571895758779158,0.9356945383548736,0.973453164100647,1.0851680040359497,1.1250993275642394,0.0716847289472818,0.0721532607078552,0.0733132090568542,0.0736849068164825
4246,524,4,16,0.25,0.81,False,True,True,False,3.104521440267563,3.058962106704712,3.414972400665284,3.418817205429077,16.117405579008487,16.310705199130567,14.641406771908509,14.624941025155536,0.439362199306488,0.3871186971664428,0.7135599255561829,0.7187675905227661,0.062224778676033,0.0613094282150268,0.0682994480133056,0.0683763441085815
4637,613,4,32,1.79,0.78,False,True,True,True,3.2461248433589933,3.191450953483581,3.619712746143341,3.869101772308349,15.488156849715203,15.666855577521346,13.81325080562902,12.922896139800788,0.5928382039070129,0.5055661201477051,0.8459694862365722,1.424235782623291,0.0649224968671798,0.0638290190696716,0.0723942549228668,0.077382035446167
5647,1242,4,8,1.39,0.86,False,False,False,True,3.512575056552887,3.647859334945679,3.7863766312599183,3.837106549739837,14.206559570361636,13.702202458888936,13.144041521565374,11.753131504161416,0.9275471639633178,1.0230470895767212,1.0838005542755127,1.1039334297180174,0.0709795675189533,0.0729809689521789,0.0760802028179168,0.0850838949287638
5538,627,1,8,0.74,0.92,False,True,True,True,3.380575655698776,3.2628023624420166,4.054115581512451,4.064705278873444,15.071556204046518,15.420041553126982,12.33314615826645,12.301015508473132,0.6604385268688202,0.4296432733535766,1.1887932896614075,1.2221464300155638,0.0676287911070153,0.0652560472488403,0.081082311630249,0.0812941055774688
6334,1262,8,8,0.1,0.79,True,True,True,True,4.1161759662628175,4.115192890167236,4.1566447734832765,4.159841663837433,12.148011889862758,12.150098955402306,12.028932647754758,12.019688475769405,1.4048154592514035,1.5930068492889404,1.603707194328308,1.6112177634239198,0.0823235193252563,0.0823038578033447,0.0831328954696655,0.0831968332767486
4206,680,4,8,1.36,0.96,False,True,True,True,3.487506158351898,3.3348063230514526,3.921700346469879,3.9314494800567625,14.32853950225118,13.884324838208174,12.74483944522402,12.70320343486508,0.653685405254364,0.4525150060653686,1.206951808929443,1.2101629400253295,0.0704111967926747,0.072038516998291,0.0784631304740905,0.0787219403564929
5932,1471,4,32,0.48,0.95,False,True,False,False,3.02438001036644,2.916109085083008,3.4056002378463743,3.409015803337097,16.608788900529195,17.146135030783533,14.68169970804986,14.666989796946512,0.445075249671936,0.3983960151672363,0.7579000353813171,0.7616906809806824,0.0604876002073288,0.0583221817016601,0.0681120047569274,0.0681803160667419
7735,1340,3,16,0.07,0.72,False,True,True,False,3.0597177064418792,3.0201544761657715,3.3866478323936464,3.4049682521820066,16.322327864701283,16.52362740536353,14.76027212796464,14.673403087107422,0.4622607505321502,0.4307712316513061,0.7282540321350097,0.7349050116539001,0.0616214705115731,0.0605194592475891,0.0677494285106659,0.0681505166053772
6353,1521,8,16,0.03,0.98,False,True,True,False,3.0103731083869936,2.9614838361740112,3.3289989709854124,3.35686505317688,16.64432213864687,16.883428454183257,15.019530026751037,14.894849575601016,0.4073822700977325,0.3580671548843384,0.6613913297653198,0.6663268280029296,0.0602901617593235,0.0592296767234802,0.0665799794197082,0.0671373010635375
7807,160,1,16,1.5,0.72,False,False,False,False,3.581435998678208,3.557514905929565,3.7500473976135256,3.765144569873808,13.85717477001592,14.027274620006544,13.326708086954698,11.018784365999252,0.9147472536563872,0.9770845174789428,1.135484266281128,1.165288279056549,0.0724203485716612,0.0712896943092346,0.0750372862815857,0.0907759915669757
4263,1466,7,16,1.8,0.74,True,True,False,True,3.580851716995239,3.589556574821472,3.615548384189606,3.618110234737396,13.96406089286944,13.92929945069293,13.8291623560283,13.819368949323422,0.7735035610198975,0.9396959543228148,0.9483667731285096,0.9497485065460204,0.0716170343399047,0.0717911314964294,0.0723109676837921,0.0723622046947479
4073,1470,5,16,1.12,0.85,True,False,True,True,3.5261378157138825,3.5550553798675537,3.624845564365387,3.63687267780304,14.12953034184308,14.061152737799969,13.791637814051862,13.70933319513812,0.7829660081863403,0.902101993560791,0.9849117159843443,0.9883612298965454,0.0708917648494243,0.0711179256439209,0.0725077049732208,0.0729430103302002
5959,298,1,8,1.61,0.95,False,False,True,True,3.579440160989761,3.60471510887146,3.680241370201111,3.692903900146484,13.943143332305878,13.868736241641148,13.580454259754749,13.495835273982252,0.9809457910060884,1.1341205835342407,1.1942685961723327,1.2109307193756105,0.0717758939849919,0.0721046233177185,0.0736352393627166,0.074096932888031
5600,313,1,32,1.16,0.8,False,True,False,False,3.168605365753174,3.0832244157791138,3.5823084235191347,3.5859935331344603,15.8377211684503,16.198372158148295,13.956523892266382,13.942199117869382,0.5703665733337402,0.4519776105880737,0.9837825536727904,0.9889208960533142,0.0634541245124279,0.0617346024513244,0.071651079416275,0.0717246964931488
6340,1694,2,8,1.45,0.81,True,False,True,False,3.7277606332302096,3.650112867355346,4.111565959453583,4.116225464344025,13.45764456935471,13.698206562963165,12.160816704170218,12.147050845756771,1.1601108825206756,1.07847261428833,1.523665392398834,1.531407403945923,0.0745552126646041,0.0730022573471069,0.0822313191890716,0.0823245092868805
5990,686,5,16,1.91,0.74,False,False,True,False,3.4255043935775755,3.584735631942749,3.6468613266944887,3.664812271595,14.67175480809703,13.946783278263036,13.709690096743154,13.058751081532709,0.9895103108882904,0.987937331199646,1.0949915170669555,1.1252192139625548,0.0688675425220938,0.0717011213302612,0.0729411101341247,0.0766001889705656
7783,1755,4,8,1.1,0.85,False,True,True,False,3.230506474971772,3.136717796325684,3.8682288050651534,3.8755186939239503,15.53582059297184,15.894287381103537,12.91637716784777,12.899866502841771,0.5305017852783203,0.4109618663787842,1.236396312713623,1.240443034172058,0.0651380327950403,0.0629159235954284,0.0774210903644561,0.0775201820850372
4793,1093,5,32,0.85,0.84,True,True,True,True,3.5977467775344847,3.608767747879028,3.627158677577973,3.631414334774017,13.898456211128307,13.85514496437522,13.784898990038077,13.768743716781342,0.8682535457611084,0.9429011344909668,0.95440593957901,0.9666746425628662,0.0719549355506897,0.0721753549575805,0.0725431735515594,0.0726282866954803
5594,241,1,32,1.03,0.78,False,True,True,True,3.1950824201107024,3.150676131248474,3.663431656360626,3.6723219299316407,15.667185610043711,15.836309756370948,13.634953567301563,13.584494768572968,0.5631501972675323,0.4735101461410522,0.9281628131866456,0.9350760602951048,0.0643154112749629,0.0631460356712341,0.0733409173488617,0.0736163334714041
6208,1267,7,16,0.39,0.82,True,False,False,False,3.578901661634445,3.601837992668152,3.6329286098480233,3.64101368188858,13.954884536612669,13.88090381813894,13.758653271322544,13.708905313392696,0.9739841485023498,1.014583706855774,1.0941043734550475,1.120098674297333,0.0716800532437659,0.0720414185523986,0.0726815321445465,0.0729452853679657
6777,1881,5,32,1.67,0.96,True,False,True,True,3.487425060272217,3.505137085914612,3.578021442890168,3.585953414440155,14.28561455115464,14.264509040280466,13.97153792991974,13.932261451925807,0.9403729832172394,0.9826159477233888,1.0540676236152648,1.0783239340782165,0.0701214358091354,0.0701040601730346,0.0715740818977355,0.0717758566856384
6418,1969,1,16,1.47,0.7,False,False,True,False,3.543374617099762,3.575650215148926,3.628266680240631,3.6391840195655822,14.116665982201344,13.983471601518891,13.78068494312392,13.739348006115256,0.9857358503341674,1.0065953731536863,1.0875977635383605,1.1208561134338375,0.0708674923419951,0.0715130043029785,0.0725653336048126,0.0727836803913116
6357,801,2,16,1.08,0.81,True,True,True,True,3.55847279548645,3.6356260776519775,3.662499368190765,3.6684109592437744,13.602440713756852,13.747607408378496,13.629799110006145,9.33817542378371,0.9740895986557008,0.9756059646606444,0.9840226292610168,0.9857677507400512,0.0739537898786706,0.072739930152893,0.0733686532974243,0.1070935413572523
7144,568,6,8,1.89,0.96,True,False,False,True,3.762513191699982,3.642246961593628,4.234239029884338,4.259700689315796,13.350697857018393,13.72645982209712,11.80849729079948,11.737913936480632,1.070528050661087,0.9902995824813844,1.4946877241134644,1.501265823841095,0.0752652243733406,0.0728519964218139,0.0846847805976867,0.0851940137863159
4592,827,5,16,0.82,1.0,False,True,False,True,2.9939566361904144,2.923073887825012,3.3828919887542725,3.3891165900230407,16.771270464867236,17.000806551788333,14.780253165732825,14.753107092166076,0.4579092717170715,0.3591188192367553,0.91918386220932,0.9219098615646364,0.0599349016794343,0.0588224220275878,0.0676578397750854,0.0677823318004608
6913,1507,8,32,1.95,0.72,False,False,False,False,3.610753049850464,3.6344672441482544,3.697883665561676,3.7034785199165343,13.85325039192148,13.757174486677531,13.521247434503367,13.500820939459844,0.99352010846138,1.0931941270828247,1.1555628180503843,1.1657613658905028,0.0722150609970092,0.072689344882965,0.0739576733112335,0.0740695703983306
5934,836,4,16,0.77,0.93,False,False,True,False,3.5398570430278777,3.556622266769409,3.645746505260468,3.65398291349411,14.069541047021785,14.046885993538623,13.712228383948176,13.67723855436916,0.9384406685829164,0.986691117286682,1.0712277054786683,1.0969809412956235,0.0711178841456029,0.0711901583391077,0.0729276068210601,0.0731142517566681
7575,439,3,16,0.25,0.79,False,False,True,True,3.606980885267258,3.62677800655365,3.701191234588623,3.718753833770752,13.840682592045484,13.782912157219156,13.50586921171427,13.436013925285346,0.975908008813858,0.9930059909820556,1.0753353238105774,1.0937626218795775,0.0722830306738615,0.0725536108016967,0.0740418846607208,0.0744268629074096
6759,1827,7,16,0.55,0.79,False,True,True,True,3.1538944232463835,3.1271872520446777,3.621550846099853,3.628702893257141,15.896560709013622,15.987389100500524,13.801923852635069,13.734604156528242,0.525878826379776,0.4289184808731079,0.9304123878479004,0.9360452008247376,0.0633922169637586,0.0625493001937866,0.0724536674022674,0.0728091036696182
7336,1898,4,32,0.39,0.78,True,False,False,False,3.4684197342395784,3.452921509742737,3.6007104396820067,3.607454698085785,14.4295029466885,14.480495439861752,13.886148536524612,13.860187912955844,0.8702535581588745,0.9030016660690308,1.0565422296524047,1.085716722011566,0.0693683946847915,0.0690584301948547,0.0720142087936401,0.0721490939617157
7743,573,6,16,1.03,0.92,True,True,False,True,3.832759890556336,3.908321738243103,3.922368717193604,3.9238961124420166,12.735798775180626,12.78261895134423,12.742430564099775,10.396671029647976,0.9610131120681764,0.9618276357650756,0.9686269283294676,0.9720208072662352,0.0787003472941763,0.0782312297821044,0.0784779634475708,0.0973449378460645
5136,1275,8,8,1.81,0.74,True,False,True,False,3.9637415695190414,3.513745784759521,5.457095801830292,5.465380654335022,13.0384351819294,14.229311989077168,9.161821282779892,9.143753189496367,1.4102888560295106,0.9792108535766602,2.795457088947296,2.8323841452598573,0.0796371919926475,0.0702774667739868,0.1091486046314239,0.1093642819881439
6688,119,3,32,1.37,0.92,False,False,True,False,3.551919053792953,3.587268114089966,3.638976216316223,4.076135375499725,13.960544480412969,13.930004942570044,13.714350500449662,12.102734777112024,0.9634062385559082,0.9794867038726808,1.061638593673706,1.0851118755340576,0.0717881308292087,0.0717874836921692,0.0729163250923156,0.0826652700689102
4999,884,5,8,0.91,0.83,True,False,True,True,3.7316492223739615,3.6748063564300537,4.15040237903595,4.154657533168793,13.38753243889251,13.60478788971816,12.044845715880893,12.031937871475758,1.0423619091510772,0.9944952726364136,1.500070035457611,1.503572220802307,0.0750993631197855,0.0735035347938537,0.0830230643749237,0.0831121318817138
5272,510,2,16,0.81,0.98,True,False,False,False,3.409790189266205,3.4087605476379395,3.545974516868591,3.547677240371704,14.647599133630957,14.668088101090795,14.100496144811425,14.093728556536991,0.897940822839737,0.9424546957015992,1.009856915473938,1.0243024516105652,0.0683082349957841,0.0681752109527587,0.0709194903373718,0.070953544807434
6623,776,2,32,1.79,0.9,False,False,True,True,3.656172550916672,3.6963491439819336,3.779216647148132,3.786196401119232,13.689746831705556,13.526860751516068,13.230255015385444,13.205865394664494,1.0308096170425416,1.205092191696167,1.2627399682998657,1.2846980428695678,0.0731234510183334,0.0739269828796386,0.0755843329429626,0.0757239280223846
5002,1377,1,16,0.29,0.88,False,False,True,False,3.541350381374359,3.613866686820984,3.671155750751496,3.681224498748779,13.993225326903202,13.830424019925884,13.610427572251382,12.264656641896432,0.8472594857215882,0.9334262609481812,0.9889293313026428,1.0081641960144043,0.071678869981567,0.0723043632507324,0.0734730775356292,0.0815894672771292
6173,2004,5,8,0.06,0.75,True,True,True,False,2.353836297988892,2.353836297988892,2.353836297988892,2.353836297988892,6.797414082563998,6.797414082563998,6.797414082563998,6.797414082563998,1.5329768657684326,1.5329768657684326,1.5329768657684326,1.5329768657684326,0.1471147686243057,0.1471147686243057,0.1471147686243057,0.1471147686243057
8039,1000,4,16,0.3,0.94,False,True,False,True,2.858028268814087,2.4598388671875,3.813989186286926,3.820503158569336,18.067323780350304,17.855329232515302,13.107034280803356,13.086679371543724,0.4837009572982788,0.3612936735153198,0.9551506876945496,0.964203600883484,0.0580375147563091,0.0560056915879249,0.076294909954071,0.0764135785579681
6082,1409,1,16,0.46,0.85,False,False,True,False,3.514936817884445,3.538330674171448,3.653802061080933,3.660305187702179,14.156699343058277,14.121851269194568,13.680061379420112,13.618979140408204,0.8580966317653655,0.8956286907196045,1.1186592817306518,1.152592213153839,0.0707465102196518,0.0708122467994689,0.0730990872383117,0.073428109023306
4077,442,1,8,0.15,0.88,True,False,False,True,3.731764506101608,3.707024574279785,4.1948149561882015,4.198177037239074,13.39825696952346,13.478729741294138,11.919199735372253,11.908634996232092,0.9598437917232512,0.8883631229400635,1.523067879676819,1.524080731868744,0.0751716552329851,0.074190969467163,0.0838982501029968,0.0839726810455322
5284,1264,7,8,0.35,0.72,False,False,True,True,3.5644380271434786,3.605355262756348,3.6801398515701296,3.692966859340668,13.942411773254936,13.864473808825526,13.5806948335045,13.508312421263954,0.9140731537342072,0.939369797706604,1.0515380144119262,1.0908899784088135,0.0718981386180802,0.0721267914772033,0.0736339349746704,0.0740318905859282
7360,1386,6,8,1.67,0.75,False,True,True,False,3.163082437515259,2.938950300216675,3.995145130157472,3.997929990291596,16.02245364940524,17.010705017193928,12.514712134640204,12.503750944008862,0.5220488023757934,0.31978440284729,1.4290176272392272,1.4332353162765503,0.0635669132626575,0.0587865114212036,0.079905953168869,0.0799760015010833
6961,893,1,8,1.18,0.95,True,False,True,True,3.789224091768265,3.70215380191803,4.248925578594208,4.254017555713654,13.256679913867655,13.505651792743716,11.76768081136202,11.753595124748024,1.1242567646503447,1.0438947677612305,1.6015608429908752,1.6051626491546631,0.0757844818353652,0.0740430760383605,0.0849785115718841,0.085080351114273
4628,1506,3,8,1.91,0.89,True,False,True,False,3.724371644258499,3.650605320930481,4.165194272994995,4.177076232433319,13.459978064112931,13.692145120691729,12.004243687322273,11.970095162075516,1.0313839316368103,0.9588829278945924,1.4274046182632447,1.51760036945343,0.0746280952511411,0.0730345797538757,0.0833038854598999,0.0835415246486663
5583,2031,3,32,1.98,0.74,True,False,True,False,3.5126320827007294,3.52852201461792,3.5840688705444337,3.591481263637543,14.216014397448726,14.16674429350972,13.9495709904526,13.916017762871808,0.9202938318252564,0.9573183059692384,1.03521648645401,1.0558251690864562,0.0703776669768726,0.0705878520011902,0.0716867933273315,0.0718596468925476
6253,1966,1,32,1.49,0.89,False,True,False,True,3.1404021644592284,3.0105706453323364,3.5645482897758485,3.573700227737427,16.01136673319823,16.60814716613052,14.027022763133797,13.99110076815895,0.5459439504146576,0.4044497013092041,1.132804775238037,1.1380722498893738,0.0628080432891845,0.0602114129066467,0.0712909657955169,0.0714740045547485
5496,72,2,32,1.99,0.94,True,False,False,False,3.498562653064728,3.54191517829895,3.585382962226868,3.614979176521301,14.303490943425354,14.11665652144576,13.945511746292622,13.831338317976735,0.907659833431244,0.9404920339584352,1.02990665435791,1.0681633496284484,0.0699712530612945,0.070838303565979,0.0717076592445373,0.072299583530426
5401,245,3,32,1.49,0.85,False,True,True,True,3.1345303583145143,3.0273869037628174,3.797574532032013,3.804107205867768,15.98493536789784,16.071483764379394,13.162438608577409,13.141800570673196,0.5114262700080872,0.3741977214813232,1.2584559679031373,1.2633652091026306,0.0632282512446873,0.0622220087051391,0.0759737637042999,0.0760930737495422
5970,300,1,32,0.35,0.72,True,True,True,True,3.5974318838119506,3.6514235734939575,3.676510262489319,3.680092804431915,13.630331707797929,13.677284295409732,13.586419019687597,11.435768300556376,0.8657208871841431,0.8493455648422241,0.9577127575874328,0.9583012342453004,0.0735212904101924,0.0731139945983886,0.0736029140949249,0.0889285183643039
5879,1456,2,32,1.12,0.86,False,True,True,True,3.2252182841300963,3.18070125579834,3.606832408905029,3.609168810844421,15.577800384540348,15.719924188848042,13.862579226455685,13.853605321294644,0.5801289308071137,0.4783265590667724,0.9889278769493104,0.9947948336601258,0.0645043656826018,0.0636140251159668,0.0721366481781005,0.0721833762168884
7749,1252,1,8,1.02,0.86,True,True,False,True,4.219025206565857,4.236945152282715,4.259082293510437,4.263316161632538,11.852130706513822,11.800955276849413,11.739619002289327,11.727959912428265,1.3660232830047607,1.5405534505844116,1.5507511973381043,1.5529697346687317,0.0843805041313171,0.0847389030456542,0.0851816458702087,0.0852663232326507
6684,1306,5,16,0.89,0.82,True,True,False,True,3.53371792793274,3.5588934421539307,3.5866256833076475,3.590083532333374,14.039525374842077,14.04552948884233,13.933354354457515,13.160226209487035,0.9228729915618896,0.9226142168045044,0.933520531654358,0.9352407479286192,0.0712538634419441,0.0711970329284668,0.0717702374458313,0.0762340258300304
6691,447,5,8,1.95,0.98,True,False,True,True,3.656004391908646,3.660174489021301,4.171577966213226,4.175968925952912,13.64017468211856,13.627643006561351,11.98204420361227,10.190512531494484,0.99813671708107,0.954944372177124,1.506215226650238,1.5127205204963683,0.0741325811023513,0.0733802676200866,0.0834582133293151,0.0981382447232801
6078,1301,3,8,0.2,0.71,False,True,True,True,3.341772983074188,3.118258833885193,3.881187653541565,3.888411021232605,15.091081711969018,14.644223568908682,12.880739308785262,12.853855004048697,0.6330239319801331,0.6391205787658691,0.990432333946228,0.9940195322036744,0.0673880637046062,0.0684115230675899,0.0776352953910827,0.0777976724147796
6062,822,6,8,0.8,0.76,False,False,False,False,3.6020817303657533,3.6124107837677,3.6680602073669433,3.7132352423667903,13.823170614626148,13.8397843407561,13.628946244705366,13.321137745073395,1.0106624150276184,1.016567587852478,1.109508287906647,1.1249514174461364,0.0724271238207817,0.0722554612159729,0.0733732447624206,0.0750686849594116
5703,2027,3,32,0.1,0.81,False,False,False,False,3.530195202827453,3.5604617595672607,3.636015009880066,3.641431181430817,14.091238512256986,14.041261126572945,13.749201890553357,13.68485538156133,0.904004420042038,0.93146550655365,0.9978127360343932,1.0105205988883972,0.0710406836360692,0.0712186741828918,0.0727314944267272,0.0730858097493647
4652,1009,1,16,0.77,0.84,False,False,False,False,3.588352051973343,3.654796838760376,3.7464248299598695,3.76920405626297,13.794718860341725,13.591566991717723,13.32102236662618,12.066987531402969,0.8861032366752625,0.9687846899032592,1.0162758111953736,1.0407979083061218,0.0727242011440345,0.0735769629478454,0.0750693135261535,0.0829256612724725
6990,1192,6,16,1.14,0.8,True,False,False,True,3.5868101716041565,3.620951771736145,3.641435658931732,3.6535687851905823,13.880228981608548,13.805843474833695,13.727019821581523,13.658243272874014,0.9600120592117308,0.9873473644256592,1.0603685259819031,1.095384349822998,0.0721062761016008,0.0724330973625183,0.0728490242958068,0.0732179132356876
7421,1246,5,8,1.78,0.89,True,True,True,True,4.129351773262024,4.166099190711975,4.1976540088653564,4.199983835220337,11.916249082714112,11.998478127687743,11.909778209972222,9.61750714840352,1.5003877258300782,1.500801920890808,1.5118833184242249,1.5157126593589785,0.0843112750689188,0.0833439087867736,0.0839646205902099,0.1098731794834136
5742,1959,2,16,0.59,0.9,False,False,True,True,3.5911076402664186,3.5867340564727783,3.642216014862061,3.655664658546448,13.925010116044875,13.940258602076224,13.727906374864164,13.677403903434492,0.934068328142166,0.9766547679901124,1.0587509393692016,1.082749502658844,0.0718221528053284,0.0717346811294555,0.0728443202972412,0.0731132931709289
6019,2027,1,16,1.04,1.0,True,True,False,True,3.512684473991394,3.528481364250183,3.5534369945526123,3.5572975516319274,14.235734954048642,14.170402175448434,14.070884070044483,14.055621063022327,0.8700793743133545,0.9764543771743774,1.0009389877319337,1.006413991451263,0.0702536894798278,0.0705696272850036,0.0710687398910522,0.0711459510326385
5300,613,5,16,0.46,0.93,False,False,True,False,3.3298754239082338,3.531093120574951,3.6212697982788087,3.625880982875824,15.002054416743482,14.153370951948071,13.80210066136117,12.451248487120589,0.8311346650123597,0.8876101970672607,0.9595667481422424,0.9988638234138488,0.0675372539447556,0.0706545543670654,0.072452739238739,0.0803399352894887
5055,1847,7,32,1.73,0.73,True,False,False,True,3.563885953426361,3.5759915113449097,3.680317437648773,3.693946189880371,13.981291226692129,13.964571609411625,13.580218582836448,13.520551402484932,0.8907335555553436,0.912147045135498,1.0287065386772156,1.0578398060798646,0.0715762230640802,0.071609787940979,0.0736365194320678,0.0739625817897992
7833,1096,7,32,1.74,0.93,True,True,False,False,2.5658462047576904,2.5658462047576904,2.5658462047576904,2.5658462047576904,12.471519119370589,12.471519119370589,12.471519119370589,12.471519119370589,0.9611310958862304,0.9611310958862304,0.9611310958862304,0.9611310958862304,0.0801826938986778,0.0801826938986778,0.0801826938986778,0.0801826938986778
6528,586,1,32,1.27,0.99,False,False,True,False,3.301482323408127,3.322183847427368,3.636726605892181,3.6435441470146177,15.1585337261636,14.612918590670343,13.746614134357063,13.701745869978524,0.9883845043182372,1.0173521041870115,1.095609641075134,1.1305246782302856,0.0664998539571251,0.0684327054023742,0.0727451858520507,0.0729834075042179
6692,198,2,8,0.27,0.87,False,True,True,True,3.34115061879158,3.3698220252990723,3.717464756965637,3.726867656707764,15.086230922973634,14.34164676032236,13.450026648669152,13.416092175223572,0.6171843087673188,0.4908207654953003,0.9938095927238464,1.0063975405693053,0.0669523757342369,0.0697675288108087,0.0743492951393127,0.0745373531341552
5617,1819,5,8,0.34,0.81,True,False,True,False,3.689805103540421,3.601681470870972,4.177125704288483,4.181864159107208,13.53793082452528,13.790029961521697,11.968719135860772,11.940191692680449,1.0564482307434082,1.0211926698684692,1.5379546284675598,1.5415972828865052,0.0743082038848715,0.0725161600112915,0.0835511293411254,0.0837508142858743
8051,1993,3,8,0.05,0.81,False,False,True,True,3.644940799474716,3.620992660522461,3.7700628876686095,3.775910062789917,13.708059145031896,13.771257185065906,13.262041128886343,13.233404518817505,0.9492888200283052,1.0027729272842407,1.1135148406028748,1.136632933616638,0.073020594716072,0.0726152777671814,0.0754031744003295,0.075566344165802
4403,847,7,32,0.55,0.84,False,True,True,True,3.2004348289966584,3.10373330116272,3.654706478118897,3.6583046221733095,15.713949622282788,16.109633443309427,13.68098925947304,13.667533234606948,0.5062657022476196,0.4165946245193481,0.938869333267212,0.947846291065216,0.0640086965799331,0.0620746660232544,0.0730941295623779,0.0731660924434661
4077,1203,8,16,1.44,0.74,True,False,False,True,3.5945043683052065,3.580802083015442,3.696353232860565,3.7072989773750304,13.919360026566812,13.96335202536969,13.52684575994127,13.486907936332372,0.8404019129276276,0.8529374599456787,1.0471731066703795,1.0553610825538635,0.0718900873661041,0.0716160416603088,0.0739270646572113,0.0741459795475006
7530,1061,2,16,0.54,0.73,False,True,False,False,3.1297283434867857,3.0269917249679565,3.621130275726318,3.630958714485169,16.09614326363804,16.518049850425257,13.80784395057882,13.770467785260925,0.5364047181606293,0.428632378578186,1.005340075492859,1.00926940202713,0.0625997790068996,0.0605398344993591,0.0724226055145263,0.0726191742897033
4959,741,4,32,1.39,0.88,False,False,False,False,3.5820056200027466,3.54849660396576,3.729361414909363,3.745632836818695,13.945735957373088,14.08503470623791,13.400536803401016,13.333687353843334,0.9283425033092498,0.9529212713241576,1.182331097126007,1.193699264526367,0.071765743710013,0.070997347831726,0.0746238780021667,0.0749980232238769
4656,1303,1,32,1.24,0.82,False,True,False,True,3.078894089460373,2.940395951271057,3.4598186016082764,3.46344108581543,16.243694020605314,16.97216170969298,14.450018456294533,14.430419265879694,0.5217819666862488,0.4181301593780517,1.0565348625183106,1.0592906975746157,0.0619676360636949,0.0589200711250305,0.0692040638923645,0.0692980558395385
4327,1978,4,8,1.9,0.94,False,True,False,True,3.670632171630859,3.560534834861756,5.173689007759094,5.19499006986618,13.83267826090674,13.91050844356626,9.65892925396253,9.60431315905593,0.924714230298996,0.7916340827941895,2.0812251448631285,2.1143487071990967,0.074570812885023,0.0718880987167358,0.1035311560630798,0.1041198896408081
6004,1789,7,16,1.22,0.95,False,True,True,False,3.058588011264801,2.993229866027832,3.5264639854431152,3.539670503139496,16.418349780294044,16.70436369184108,14.159765322720512,14.12327569137048,0.4411986374855041,0.3569185733795166,0.9002451658248901,0.9036807918548584,0.0612304305508023,0.0598645973205566,0.0706226394176483,0.0708051038265228
7702,1512,2,16,0.1,0.89,False,True,True,False,3.1144195318222048,3.0093852281570435,3.612703466415405,3.6243171000480654,16.148822018212698,16.611432123457128,13.840050945150995,13.79570236848486,0.5004324615001678,0.359148621559143,0.983232009410858,0.9867137908935548,0.0623847087417329,0.0601995062828063,0.0722540693283081,0.0724863420009613
4526,957,7,32,1.34,0.79,False,True,True,True,3.178571894168854,3.1140395402908325,3.681947124004364,3.746672599315642,15.664945902006268,15.998969797643296,13.494217844248489,11.999952543804326,0.5555395936965942,0.4731143712997436,0.7895981192588806,1.1066498208045958,0.0644381770926988,0.0625040888786316,0.0741058232784271,0.0833369280695914
7600,1022,4,16,0.49,0.88,True,False,False,True,3.53045235991478,3.5470504760742188,3.693359208106995,3.7056415629386894,14.145031013786395,14.091198831051,13.529773658627333,13.471839280094336,0.9177279949188232,0.9305702447891236,1.0534053921699524,1.0842944502830505,0.0708236733436584,0.0709662842750549,0.073911066532135,0.0742289148807525
4527,288,4,32,1.44,0.92,False,True,False,True,3.217778848409653,3.1615540981292725,3.821169495582581,3.839597678184509,15.564335678909115,15.81354489931342,13.065033887874458,13.007777875947864,0.5383874249458312,0.4348357915878296,1.2517014265060424,1.255199315547943,0.0647576627912975,0.063236927986145,0.0765401782989501,0.076878321477345
6004,773,2,32,1.35,0.71,True,True,False,False,3.5786433935165407,3.5901306867599487,3.608418619632721,3.6149741768836976,13.972724975387472,13.92706980474584,13.856485560801952,13.83136169753419,0.973534197807312,0.9741787910461426,0.9832049369812011,0.9850736403465272,0.0715728678703308,0.0718026137351989,0.0721683723926544,0.0722994835376739
4274,1574,6,16,0.91,0.98,True,False,False,True,3.599866453409195,3.625018239021301,3.765196716785431,3.772366545200348,13.90590384220999,13.793034430714378,13.279518653359768,13.254279350717814,0.8599104619026184,0.8770076036453247,1.059081244468689,1.0754721426963807,0.0719973290681838,0.072500364780426,0.0753039343357086,0.0754473309040069
5493,397,6,32,0.65,0.9,True,True,False,True,3.629661602973938,3.63393759727478,3.6601942658424376,3.662248215675354,13.776251937815388,13.759179618952905,13.660477203223923,13.65281622658231,0.9551723051071168,0.9556463956832886,0.963889729976654,0.966416630744934,0.0725932320594787,0.0726787519454956,0.0732038853168487,0.073244964313507
4949,639,4,32,0.36,0.8,True,True,False,True,3.641846127510071,3.653253555297852,3.670859158039093,3.674681339263916,13.73021424365272,13.686430273096104,13.620789555524668,13.606629300469764,0.8487707281112671,1.0056483745574951,1.0149291634559632,1.016926305294037,0.0728369225502014,0.073065071105957,0.0734171831607818,0.0734936267852783
7721,939,8,16,1.91,0.94,False,False,True,False,3.318915168046951,3.2821511030197144,3.696733212471008,3.848115301132201,14.9358382369907,14.976205233865947,13.479853371526788,10.418716867307726,0.9436080718040466,1.0229907035827637,1.2208221793174745,1.2559658384323114,0.0676783210274295,0.06677259683609,0.0741848156452179,0.0959814770782695
7732,1988,3,16,1.93,0.88,True,False,False,False,3.500126816034317,3.5461748838424683,3.6272048950195312,3.6557979655265807,14.221194693975828,14.09490154802116,13.698242120693536,13.656774489961084,0.917223140001297,0.9661123752593994,1.0582004189491272,1.0790908074378966,0.0704477665311371,0.0709476399421691,0.0730020678043365,0.0732243620422151
4312,799,8,16,0.57,0.95,False,True,False,True,3.145864273309708,3.000975728034973,3.793558275699616,3.798753018379212,15.942806712073518,16.616631236389612,13.175588848850202,13.10779553781741,0.4776610898971558,0.3945670127868652,0.960604965686798,0.988587245941162,0.0636428294889288,0.0601807212829589,0.0758979361057281,0.0763969709661268
6920,110,1,8,1.24,0.73,True,False,True,True,3.7943609023094176,3.735442280769348,4.11580845117569,4.123266763687134,13.194761170699678,13.376651810763144,12.1472139574454,12.12606956443535,1.0806418836116791,1.019447922706604,1.5219847559928894,1.5244119787216186,0.0760567844890779,0.0747571229934692,0.0823234038352966,0.0824669522762298
4442,67,6,16,1.26,0.74,False,False,True,False,3.57137263417244,3.5957311391830444,3.6725176692008974,3.69109251499176,14.00690538023241,13.905378021374926,13.614638378807127,13.546124839043427,0.9301370465755464,0.9206979274749756,1.1991804838180542,1.2047995233535769,0.0714274526834487,0.0719146227836609,0.0734503533840179,0.0738218502998352
7998,1104,3,32,1.49,0.81,False,False,False,True,3.1726691126823425,3.023677110671997,3.81878057718277,3.831786031723023,15.788177322371103,16.475544307512564,13.076056404076756,12.71771328732442,0.8164929234981537,0.6760081052780151,1.2280502080917357,1.2371188259124757,0.0642541183832477,0.0606960391998291,0.0764756572246551,0.0786629359959103
8152,1718,6,32,1.67,0.83,False,False,True,True,3.608087579011917,3.628612756729126,3.6722073674201967,3.7253418898582433,13.805279151100912,13.778790315038664,13.612488666642628,12.560545156121488,0.9866460025310516,1.010701060295105,1.0887164235115052,1.1050205945968627,0.0725468857914209,0.0725753116607666,0.0734619529247283,0.0796260469913481
7475,1243,3,16,0.83,0.93,True,False,True,False,3.427105938196182,3.409928321838379,3.6241710424423217,3.63473406791687,14.547442701839362,14.662354891192212,13.79528381097206,13.712775036150282,0.9323748779296877,0.9782308340072632,1.0648053288459778,1.095946559906006,0.0689263210376103,0.0682018685340881,0.0724885432720184,0.0729247035503387
7133,1464,7,8,0.5,0.79,False,False,False,True,3.6750670254230497,3.687944889068604,3.9105588555336,3.917901475429535,13.523568538422774,13.361741716721289,12.778594637087911,12.240930272981943,0.9269976484775544,0.9711841344833374,1.100638222694397,1.1408554553985597,0.0741407377864295,0.074840567111969,0.0782558677196502,0.0816934941009138
4016,720,8,32,1.73,0.82,False,False,True,False,3.629514081478119,3.616526126861572,3.83073570728302,3.84850314617157,13.785458331760896,13.82543093162263,13.052323454677431,12.992064456525643,1.004377055168152,0.911473274230957,1.3727495670318604,1.3763547015190123,0.0725902816295624,0.0723305225372314,0.0766147141456604,0.0769700629234314
7577,725,5,16,0.26,0.88,True,False,False,True,3.537152107954025,3.581506729125977,3.710012412071228,3.72353880405426,14.063001381815068,13.953361960332272,13.445691846964468,13.248826252400656,0.9031585133075716,0.953758716583252,1.0402846217155457,1.0682149505615235,0.0712939006380267,0.0716673159599304,0.0743732647895813,0.0754935847282408
6527,1925,5,32,1.58,0.78,True,True,True,False,3.49088294506073,3.539919257164001,3.5584859609603883,3.5595746660232543,14.099163982552716,14.123834524358031,14.04920433356223,11.859021202809434,0.9323750495910644,0.932114839553833,0.9408548831939696,0.943595552444458,0.0711292103131612,0.0708023023605346,0.0711784081459045,0.0871467124938964
6937,1166,5,8,0.92,0.94,False,True,True,False,3.289889041185379,3.301765561103821,3.6468842148780825,3.672506604194641,15.340247540481148,15.209362390698828,13.71033383510498,13.614679405843134,0.6642276263236999,0.6821544170379639,0.982158660888672,1.0094554567337035,0.0657977808237075,0.0660353112220764,0.0729376842975616,0.0734501320838928
8172,1311,1,8,1.69,0.81,True,False,True,True,3.670467594861984,3.633046507835388,4.24584971666336,4.254566080570221,13.532422046046287,13.754920281742466,11.766327862996627,9.425636110009162,1.0135257279872891,0.9582451581954956,1.5341504693031311,1.5391921854019164,0.0747112574541769,0.0727012586593627,0.0849882836341857,0.10609398889191
5541,1448,7,32,0.21,0.84,True,True,True,True,2.95231463432312,2.9943740367889404,3.0151527643203737,3.02716361284256,16.691532783491766,16.69213693724978,16.569537840800624,13.96487388552662,0.9533321332931518,0.9532357454299928,0.96415935754776,0.9694132590293884,0.0600850571632385,0.059908447265625,0.060351737499237,0.0738876475811004
7981,1197,4,32,1.46,0.84,True,True,False,True,3.752386565208435,3.799687623977661,3.8217758774757375,3.826312000751496,13.105687509224795,13.158598721797276,13.082170864875888,10.71690075462362,1.135223479270935,1.1361027956008911,1.1452826976776125,1.1489900064468384,0.0766057952600366,0.075995934009552,0.0764399127960205,0.0977361094951628
4402,1530,8,32,0.54,0.88,False,True,False,False,3.030989873409271,2.9886234998703003,3.463480794429779,3.467238414287567,16.59272952509498,16.196759836977215,14.436343950199015,14.420698559174346,0.4811395013332367,0.4489274024963379,0.8025951504707336,0.8046115016937255,0.060758067202568,0.0617418026924133,0.0692696158885955,0.0693447682857513
7341,1026,6,16,0.65,0.84,False,False,True,True,3.562401007413864,3.5489689111709595,3.663439667224884,3.668925063610077,14.00690989544194,14.088295705495115,13.64119299067691,13.59798585440936,0.9585242176055908,0.9808212518692015,1.0932642698287964,1.1166875982284543,0.0714176838369847,0.0709809064865112,0.0733073716163635,0.073541257969926
5257,1107,1,16,1.14,0.71,False,True,False,True,3.170682693719864,3.038784384727478,3.681598579883576,3.686738166809082,15.882048251396505,16.453952009083068,13.581056955578504,13.562124211197444,0.4872667229175567,0.4079796075820923,1.0747687935829162,1.0801525568962096,0.0634136538743973,0.0607756876945495,0.0736319715976715,0.0737347633361816
5147,1117,5,16,0.33,0.77,True,False,True,True,3.0533442521095275,2.9587764739990234,3.602621054649353,3.60752002954483,16.397087787413987,16.776952103639815,13.876235727659262,13.81360278094741,0.8167410886287689,0.8949904441833496,0.9859577298164368,0.9999915671348572,0.0616547837670004,0.059605655670166,0.0720656538009643,0.072414114369844
6662,1044,2,32,1.77,0.99,False,False,False,False,3.630302650928497,3.662637591362,3.760103166103363,3.774465720653534,13.783490687194314,13.651366500778416,13.29750752668266,13.246908154099176,0.9942755901813508,0.931099534034729,1.3040891766548155,1.3351153779029843,0.0726060530185699,0.0732527518272399,0.0752020633220672,0.0754893144130706
5779,1751,7,8,1.02,0.84,False,False,True,False,3.5126236844062806,3.522243857383728,3.627996265888214,3.632708420753479,14.18215013728987,14.193195510565037,13.780881900848778,12.62605925356685,0.8797517251968384,0.9623295068740844,1.0786695957183838,1.105901188850403,0.0705651375974927,0.0704562973976135,0.0725642964839935,0.0792015946592603
5192,532,2,16,1.1,0.98,False,True,True,True,3.218343745470047,3.138614654541016,3.746746742725372,3.7778190398216247,15.526426723261473,15.874119946635172,13.343084938840247,13.230625539442954,0.5257373189926148,0.4251265525817871,0.9165697455406188,1.0879954242706298,0.0650803202380736,0.0629959106445312,0.0749451873302459,0.0755822162151336
6405,1493,7,32,0.13,0.81,False,False,True,True,3.602573254108429,3.6322237253189087,3.684380435943603,3.703792169094086,13.885956333398749,13.765672442421888,13.57080272628124,13.499677881388376,0.976587302684784,0.988064169883728,1.069196891784668,1.0906029629707337,0.0720514650821685,0.0726444745063781,0.073687608718872,0.0740758433818817
5379,935,5,8,0.52,0.91,False,False,False,False,3.5571489214897154,3.6154321432113647,3.71351420879364,3.7276408195495607,13.890479976261515,13.818515558356385,13.452352679793249,9.142451101062973,0.8761072409152985,0.9585461616516112,1.0184096693992617,1.0313540387153626,0.0722740221949769,0.0723666763305664,0.0743364400863647,0.1093802146818123
5660,1741,3,8,0.51,0.76,True,False,True,False,3.822939367294312,3.816404700279236,4.155288326740265,4.169552309513092,13.15538832851708,13.134581903204062,12.03285945741294,11.991695100440312,1.1753130233287812,1.0655938386917114,1.535120666027069,1.5510756254196167,0.0764587873458862,0.0763280940055847,0.0831057665348053,0.0833910461902618
4704,242,5,16,0.95,0.81,False,True,True,True,3.201955882310868,3.017835021018982,3.91879266500473,3.92413275718689,15.742110388548848,16.566600182590534,12.757177967522418,12.740133925346756,0.4801461088657379,0.3892723321914673,0.9979305148124696,1.0071267414093017,0.0644085110664367,0.0603624153137207,0.0783872423171997,0.0784921105384826
7321,435,1,8,0.83,0.78,False,True,False,True,3.334700105190277,3.3643449544906616,3.683595132827759,3.687445688247681,15.106297425372254,14.349020462458656,13.573695861709684,13.559521772907662,0.6221487474441528,0.623633623123169,0.9597911238670348,0.9979858446121216,0.0668234046243852,0.0697289135379176,0.0736719026565551,0.0737489137649536
5169,1839,6,32,0.24,0.81,True,False,True,True,3.576463190317154,3.6092493534088135,3.666966414451599,3.673760995864868,13.967418400781176,13.844745231802252,13.630666183308952,13.604520793197992,0.9118848443031312,0.9383225440979004,1.0079567074775695,1.0200851345062256,0.0716563593990662,0.0722295713424682,0.0733639857769012,0.0735049779891967
5246,983,2,16,1.61,0.79,True,True,False,True,3.590842447280884,3.595089912414551,3.627417349815369,3.640085768699646,13.925327987194958,13.90785802278912,13.783912998120051,13.73605629176269,0.7955284929275512,0.9593578577041626,0.9723788619041442,0.9860948586463928,0.0718168489456176,0.071901798248291,0.0725483469963073,0.0728017153739929
5972,447,1,32,0.98,0.71,True,False,True,False,3.5181380462646485,3.6058335304260254,3.632388806343079,3.638018217086792,14.122458919652816,13.860079530745036,13.759719126388962,12.735606846147109,0.921529667377472,0.9745851755142212,1.037065649032593,1.0573516368865967,0.0709843358776398,0.072149658203125,0.0726759021282196,0.0785207462353365
6239,646,8,16,0.38,0.91,False,True,False,True,3.140989453792572,3.123191952705384,3.620401024818421,3.630306906700134,15.897484584875958,16.001581009067724,13.810624823005838,13.772940219938512,0.4621187424659729,0.3812242746353149,0.9545282363891602,0.9640197825431824,0.0633813731442878,0.0624938249588012,0.0724080204963684,0.0726061381340026
6346,880,3,16,0.46,0.94,False,True,True,False,3.097311717271805,3.104468584060669,3.381986939907074,3.3871880912780763,16.109331663671846,16.102348238734713,14.781923419852555,14.72359497918365,0.4140634822845459,0.3702837228775024,0.6570374846458436,0.6620810818672179,0.0622782397508621,0.0621027445793151,0.0676501948833465,0.0679201459884643
5902,1778,3,8,0.37,0.85,False,False,True,False,3.580201312303543,3.626062512397766,3.717228293418884,3.7298459124565126,13.90647567729348,13.787245559180256,13.441887688648803,13.38645026907349,0.908102135658264,0.9787998199462892,1.058211302757263,1.0960822081565855,0.0720502478585523,0.0725308036804199,0.0743943130970001,0.0747036057949065
4517,1195,4,8,0.51,0.99,False,False,False,False,3.562058732509613,3.5984236001968384,3.6630733966827393,3.6829216504096975,13.98735587504264,13.891869002562878,13.644874355083925,13.571564635841735,0.8753990161418915,0.8957539796829224,1.0293270111083983,1.0382127499580385,0.0716139782696962,0.0719845557212829,0.0732875936031341,0.0736834721088409
6201,510,3,16,1.42,0.87,False,True,True,True,3.192289879322052,3.0112823247909546,3.823714816570282,3.832362985610962,15.75290409717946,16.160791615181523,13.074630727309389,13.044068382120969,0.4983300769329071,0.3648818731307983,1.1959097146987916,1.2049146270751954,0.0641826109409332,0.0619201397895813,0.0764839956760406,0.0766631987571716
6056,77,2,16,1.81,0.73,True,True,False,True,3.635218043327332,3.6392592191696167,3.677766811847687,3.680619895458221,13.75581530033889,13.739060252503847,13.595206745978787,13.584668215308817,0.9678139114379882,0.968178391456604,0.9785120964050292,0.981284875869751,0.0727043608665466,0.0727851843833923,0.0735553362369537,0.0736123979091644
7091,957,8,8,0.32,0.99,False,False,False,False,3.580437756776809,3.618286848068237,3.6805409669876097,3.689538509845734,13.936708286984114,13.817670967216666,13.579569864997444,13.549247458087857,0.9387146663665772,0.9614229202270508,1.0290870189666748,1.044209859371185,0.0718353047609329,0.0723710966110229,0.0736400351524353,0.0738048503398895
5180,1360,4,32,0.95,0.75,False,True,False,False,3.109583696126938,3.079319477081299,3.43021445274353,3.4340798044204712,16.08673031056506,16.235431236291305,14.575670434989789,14.55654958733702,0.477266206741333,0.4312862157821655,0.7647312879562378,0.7735626077651977,0.0623963253259659,0.0615936827659606,0.0686074788570404,0.0686976001739502
6489,1295,8,16,1.88,0.93,False,False,True,True,3.540155415534973,3.569958090782165,3.687711310386658,3.85610180139541,13.998508903488927,13.951384769202512,13.556078490425753,10.809467582448535,1.0030774569511414,0.9947839975357056,1.1505929708480835,1.2013038063049286,0.0716859494086295,0.0716775608062744,0.073767646074295,0.0925304986900752
5781,1529,2,32,0.23,0.76,True,True,False,True,3.6303480768203737,3.6355098485946655,3.668427586555481,3.671603882312775,13.773649559011222,13.753229235082156,13.629817909639725,13.618027063645606,0.9817870330810546,0.9826862812042236,0.9911579370498658,0.9927580046653748,0.0726069615364075,0.0727101969718933,0.0733685517311096,0.0734320776462554
6533,566,3,16,1.95,0.79,True,False,False,True,3.4399782991409302,3.428624749183655,3.587537407875061,3.602635717391968,14.549217073597733,14.583106560487447,13.937136953364382,13.878727720320468,0.8615690016746521,0.918152928352356,1.0924666762351989,1.101773943901062,0.0687995659828186,0.0685724949836731,0.0717507481575012,0.0720527143478393
4925,1793,1,16,0.48,0.76,False,False,False,False,3.531150275468826,3.553177118301392,3.605938875675201,3.6150248742103575,14.131946610459895,14.069988663043752,13.863847435658649,13.812713595795866,0.9065313625335694,0.9220852851867676,0.9965866804122924,1.019395306110382,0.0707902621030807,0.0710732626914978,0.0721300511360168,0.0723970790386199
6848,66,1,16,1.28,0.77,False,False,True,False,3.5369218337535857,3.595811367034912,3.642342007160187,3.962894539833068,14.026733714493918,13.89672322545849,13.718523684461934,12.310460034330733,0.9049752306938172,0.9738421440124512,1.0335593223571775,1.0405652689933775,0.0715972711177972,0.0719594097137451,0.0728941411972046,0.0813164623260495
5144,476,3,32,1.8,0.72,False,True,True,True,3.150401637554169,3.090845227241516,3.8110349774360657,3.821300740242005,15.99359694977228,16.17539677564568,13.11979620462522,13.084549844080993,0.5267051160335541,0.4137574434280395,1.2527387619018555,1.2617304420471191,0.0631907574052396,0.0618222856521606,0.0762206995487213,0.07642601480484
6028,1142,5,8,0.21,0.86,True,True,False,True,4.18152991771698,4.1894145011901855,4.213132297992706,4.214849820137024,11.957911988454631,11.934842038125636,11.867654907526406,11.862819739023472,1.4428727436065674,1.4366062879562378,1.492979061603546,1.494355125427246,0.0836305983543396,0.0837882900238037,0.0842626459598541,0.0842969964027404
4243,1465,3,16,0.6,0.83,False,False,True,True,3.683560736179352,3.707741141319275,3.7768214464187615,3.7825398159027097,13.526331099001812,13.48428379013614,13.230634359147723,13.180248227809097,0.7999515604972839,0.8708280324935913,0.938724720478058,0.9475045251846314,0.0740215249432457,0.0741604089736938,0.0755821661949157,0.0758711094379425
4948,1511,7,8,1.13,0.71,False,False,False,True,3.649258815050125,3.684956312179565,3.73832893371582,3.749593920707704,13.70987252701426,13.56868192889883,13.374960132105622,13.334777437424371,0.926603466272354,0.9474291801452636,1.0558170080184937,1.058450288772583,0.0729851763010025,0.0736991262435913,0.0747665786743164,0.074991878414154
4603,110,8,32,1.75,0.91,False,True,False,True,3.024009363651276,2.870700716972351,3.816284680366516,3.8390139508247376,16.717580750189526,17.413549592950154,13.101747964390183,13.024177735381404,0.5331428611278534,0.3989425897598266,1.4404526829719544,1.443865222930908,0.0605443488854628,0.0574265480041503,0.0763256936073303,0.0767802790164947
6219,1861,7,16,1.67,0.81,True,False,False,False,3.479750275611877,3.563925504684448,3.6422812819480894,3.647548093795777,14.270183445266566,14.02786640751502,13.723832384403783,13.661252280033512,0.8365332365036011,0.8852403163909912,1.030378019809723,1.0531069779396056,0.0703564780781666,0.0712866783142089,0.0728659439086914,0.0733053214848038
7355,1171,1,8,0.09,0.73,True,True,True,False,3.429936647415161,3.429936647415161,3.429936647415161,3.429936647415161,11.370472404903117,11.370472404903117,11.370472404903117,11.370472404903117,1.523503065109253,1.523503065109253,1.523503065109253,1.523503065109253,0.0879470935234656,0.0879470935234656,0.0879470935234656,0.0879470935234656
6591,2005,1,16,0.22,0.94,False,False,False,False,3.5321365761756898,3.5443888902664185,3.6179757475852967,3.6215041661262513,14.095487745185656,14.105659473303673,13.819450643937165,13.805905691131285,0.9207798039913178,0.970678210258484,1.0654958963394163,1.1033463764190672,0.0710484946489334,0.0708935308456421,0.0723617765903472,0.0724327762126922
5055,875,3,32,0.28,0.94,False,False,True,False,3.5814421689510345,3.5890761613845825,3.626708221435547,3.6316131734848014,13.962438172895668,13.93116160644894,13.7866067379258,13.767986185944135,0.8680456697940826,0.9365403652191162,0.9915415048599242,1.020010197162628,0.0716288433790207,0.0717815232276916,0.0725341644287109,0.072632263469696
4721,320,1,16,1.21,0.7,False,True,False,True,3.212730127573013,3.094992160797119,3.689281833171844,3.7082626962661744,15.667174276163689,16.155133134895408,13.552779751823314,13.483402902300822,0.5265685069561005,0.4291492700576782,0.8943771004676817,1.1163903880119324,0.0642546025514602,0.0618998432159423,0.0737856366634368,0.0741652539253234
7845,1689,1,8,0.22,0.88,False,False,False,True,3.6567840802669527,3.608556270599365,3.800603473186493,3.817067456245423,13.64824811712035,13.811704595817565,13.152678668195913,13.069483491716186,0.945547865629196,1.0114294290542605,1.110700786113739,1.1260604786872863,0.0733712030963837,0.0724024391174316,0.0760301403999328,0.0765145808783444
7675,1153,7,8,0.99,0.88,False,False,True,False,3.112893966436386,3.097429037094116,3.3761258125305176,3.379536995887756,16.031605562446565,16.14180545117464,14.80205035835182,14.680270317543862,1.0070830023288726,1.0183143615722656,1.1037002801895142,1.1260678696632385,0.0626090241782806,0.0619509387016296,0.0675582082271575,0.0681189699172973
4086,1662,5,8,0.67,0.95,True,False,False,False,3.6944796061515808,3.648795127868652,4.126271140575409,4.132609231472015,13.558013225356657,13.671549175323422,12.116971095442308,12.097870957179923,0.9752122807502748,0.9000093936920166,1.506795084476471,1.5094485759735108,0.0741121446847915,0.0731446003913879,0.0825288755893707,0.0826591723442077
7293,1599,2,8,1.54,0.95,False,False,True,False,3.1608715796470643,3.047647476196289,3.573756158351898,3.6934502029418943,15.901275376066817,16.406111165897315,13.990881802321637,13.537477840455706,0.9086645114421844,1.0176503658294678,1.0717135667800903,1.207803418636322,0.0632174315929412,0.0609529495239257,0.0714751231670379,0.0738690040588378
5427,268,6,8,0.36,0.83,False,True,False,True,3.3696060049533845,3.351577043533325,3.7591287732124328,3.768470087051392,14.980199100818872,14.969743899382816,13.300954294764043,13.267983786141444,0.6826665627956391,0.7026784420013428,1.0574606060981748,1.0919015073776244,0.0673921200990676,0.0670315408706665,0.0751825754642486,0.0753694017410278
6743,359,6,32,1.69,0.96,True,True,True,True,3.587440776824951,3.659992456436157,3.680449938774109,3.681917006969452,13.550740950050573,13.646979197898618,13.5798341433354,9.979655687363778,0.985926113128662,0.9859131574630736,0.9959438681602478,0.9985728883743286,0.0741236744880676,0.0732763028144836,0.0736386020183563,0.1011891510963439
4533,675,8,8,0.73,0.83,False,False,False,False,3.5641805469989776,3.646364212036133,3.671230447292328,3.6751716780662536,13.879733623086372,13.707533421479065,13.61637728791998,10.077314262831422,0.8630020642280578,0.935246467590332,1.0206554412841795,1.0376570749282836,0.0722459768613056,0.0729525852203369,0.0734409732818603,0.0992329042397047
8064,1440,1,8,1.96,0.99,False,True,False,True,3.3733225047588347,3.327172040939331,4.070975923538208,4.126839115619659,15.061906836901688,15.125404590623033,12.282072757293452,12.11581037136287,0.7267357289791108,0.6455124616622925,1.6607676863670349,1.664293909072876,0.0674664500951767,0.0665434408187866,0.0814195184707641,0.0825367823123932
8062,1262,1,16,1.64,0.76,True,False,False,False,3.534739342927933,3.571808934211731,3.654427528381348,3.6622821140289306,14.103625817438186,13.998136326852048,13.679094827767113,13.6496525241423,0.9318886160850524,0.986586570739746,1.089551031589508,1.1300927138328551,0.0710073851911645,0.0714380812644958,0.0731042523384094,0.0732619394302368
7051,531,3,16,0.7,1.0,False,True,True,False,3.0589441084861755,3.0284913778305054,3.378613770008087,3.3815932488441467,16.335885747287247,16.464563912520052,14.7977155909403,14.765190107119444,0.429360009431839,0.3847538232803345,0.6900159597396851,0.695162079334259,0.0614405979394912,0.0607367038726806,0.0675779983997345,0.0677268657207489
6413,1065,6,8,1.23,0.74,True,False,True,False,3.50973925948143,3.583976984024048,4.1858529329299925,4.191151649951935,14.459190757009868,13.933384545071728,11.94406128139616,11.92516412630632,0.9491143190860748,0.9213510751724244,1.4978510022163392,1.5013087797164917,0.0706340937137604,0.0717700886726379,0.0837236161231994,0.0838562882423401
6182,1885,5,8,1.68,0.87,True,True,False,True,4.288196125030518,4.300171256065369,4.321736299991608,4.322742369174957,11.660532066814593,11.627443890909948,11.569424099243497,11.56673159522667,1.4759937620162964,1.444117546081543,1.597711968421936,1.603461647033691,0.0857639225006103,0.0860034251213073,0.0864347259998321,0.0864548473834991
5428,506,1,32,1.0,0.71,True,False,False,False,3.6531219363212575,3.662376642227173,3.743338370323181,3.753149375915527,13.678077605754517,13.647720626743812,13.35618692389273,13.307801831247335,0.9526278328895568,0.9571421146392822,1.0491536021232604,1.0855133366584775,0.0731572414925224,0.0732723093032836,0.0748716688156127,0.0751438913345336
7909,512,4,8,1.37,0.94,False,False,False,True,3.628168262243271,3.6426849365234375,3.7373616218566896,3.741646177768707,13.787378720394056,13.7261409105672,13.378421747567398,13.363102157726113,0.9852456033229828,1.0044947862625122,1.1255355477333069,1.1603840065002442,0.0725633652448654,0.0728536987304687,0.0747472324371337,0.0748329235553741
5098,1844,1,32,0.99,0.75,True,False,False,False,3.4884873366355897,3.537001848220825,3.6083309769630434,3.6244781732559206,14.246348954665496,14.12842063830145,13.836250549117985,13.218359229586763,0.8873045170307159,0.9082472324371338,0.985473084449768,1.005140027999878,0.0703811576985839,0.070779321193695,0.0722739152908325,0.0756566405178003
5769,1324,7,8,1.13,0.74,False,True,True,False,3.2407520723342897,3.0913119316101074,3.9109602570533752,3.920014462471008,15.60130252145998,16.174368580949796,12.784584023257962,12.755054993153763,0.5499423217773437,0.418379545211792,1.2621250033378602,1.2685538911819458,0.06489947412014,0.0618262386322021,0.0782192051410675,0.0784002892494201
5094,1393,2,8,0.01,0.9,False,True,False,True,3.369403109550476,3.370090365409851,3.6837323665618897,3.693477902412415,14.95345561482224,14.893129382850404,13.57319018468524,13.537376671511424,0.6216529428958892,0.4789975881576538,0.9820978999137878,1.0164822387695311,0.0673880621910095,0.067401807308197,0.0736746473312378,0.0738695580482483
5977,1031,7,8,0.71,0.71,False,False,False,False,3.5660010063648224,3.575244903564453,3.6651427865028383,3.674080049991608,14.031096370708456,13.985700332665076,13.642033324919025,13.608848938663508,1.0034039652347564,1.0317864418029783,1.1342774510383606,1.1546060180664062,0.0713200201272964,0.071504898071289,0.0733028557300567,0.0734816009998321
7069,1256,8,8,0.14,0.94,False,False,False,True,3.6111607611179353,3.579554319381714,3.789438033103943,3.8002587485313417,13.828704597270823,13.963983768004397,13.194036438441454,13.148917324141554,0.9463768458366394,0.9651226997375488,1.112031054496765,1.1409743499755858,0.0723861940030128,0.0716128063201904,0.0757918174266815,0.0760518924713134
5277,401,3,8,0.5,0.85,False,True,False,True,3.329948352575302,3.346282720565796,3.647663724422455,3.656201431751251,15.132804200617176,14.998504753814563,13.707403910750209,13.675399262884136,0.6300973260402679,0.650072455406189,0.9342506527900696,0.968367702960968,0.066598967051506,0.0669256544113159,0.0729532744884491,0.073124028635025
6734,1799,7,16,0.72,0.83,False,True,True,True,3.154664360284805,3.040869951248169,3.664207589626312,3.682320759296417,15.97355687787053,16.442663144460177,13.645515479074383,13.578393434250634,0.5068876123428345,0.3893986940383911,1.0016432285308838,1.0073891043663026,0.063093287205696,0.0608173990249633,0.0732841517925262,0.0736464151859283
5606,1873,8,16,0.53,0.73,False,True,False,True,3.122998663187027,2.999394655227661,3.609516155719757,3.61298996925354,16.128425534895584,16.670239112342912,13.852272129029853,13.838953635231732,0.4693514585494995,0.355864405632019,0.8637515902519226,0.9002134251594544,0.0624599732637405,0.0599878931045532,0.0721903231143951,0.0722597993850708
7955,429,4,16,0.6,0.75,True,True,False,True,3.627697687149048,3.6366933584213257,3.660274386405945,3.661763892173767,13.783768182785478,13.748753746222064,13.660178113443758,13.654622386953683,0.8062636375427246,0.9752370119094848,0.9848109006881712,0.9880215311050417,0.0725539537429809,0.0727338671684265,0.0732054877281189,0.0732352778434753
5103,1810,1,16,1.11,0.84,False,False,False,True,3.6215841579437256,3.6643221378326416,3.73248039484024,3.738344266414642,13.696901695284234,13.631390394604065,13.392611329633194,13.168408435742968,0.9425619471073152,0.9593844413757324,1.0691287279129027,1.0850878262519834,0.0731802989377844,0.0733601427078247,0.0746680371761322,0.0760362108807089
6786,688,3,32,0.82,0.95,False,True,False,True,3.175601979494095,3.189131736755371,3.663613271713257,3.666290068626404,15.509656686443332,15.378363227599,13.64349075708494,12.39246708991909,0.5632657885551453,0.4692821502685547,0.9652032732963562,0.9693383646011352,0.0650212908845276,0.0650264525413513,0.0732950253486633,0.0806942113532739
6939,1187,6,8,1.05,0.96,False,False,True,False,3.409244964122772,3.5274401903152466,3.6731326580047607,3.695086708068847,14.724266377238202,14.155317870710604,13.591389999813597,12.976799274573786,0.9897530114650728,0.9891476631164552,1.132400119304657,1.1630864024162293,0.0684381406062791,0.0706448316574096,0.0735759918689727,0.0770621176174708
5634,1783,1,8,0.78,0.97,True,False,False,True,3.752226473093033,3.610564351081848,4.170586383342743,4.176203701496124,13.288268613686505,13.423776259821246,11.985848322672624,11.94681529425324,1.0477521848678588,0.9779764413833618,1.5248463034629822,1.5299659299850463,0.0756294806599617,0.0745050573348999,0.083431725025177,0.0837176615476607
6190,1421,6,16,0.4,0.9,False,True,True,True,3.1872448885440825,3.09048593044281,3.6328641057014464,3.636377861499786,15.65274556859356,16.095747911113193,13.75947270658627,13.736166387574483,0.5025827813148499,0.3642265796661377,0.9957311153411864,1.0017415547370911,0.064430800943698,0.0621296906471252,0.0726772036552429,0.0728005161762237
6060,936,4,8,0.23,0.92,False,False,True,True,3.537794642448425,3.679590344429016,3.720537745952606,3.730145168304444,14.084968135101985,13.585934855082524,13.431627025210906,13.35537479677135,0.9561182010173798,1.0051321983337402,1.0635221004486084,1.0913989663124084,0.0714626450495003,0.0736055350303649,0.0744511442184448,0.0749787807994415
4359,1948,3,8,1.09,0.86,True,True,True,True,4.107730350494385,4.11549723148346,4.126678085327148,4.12865386724472,12.172440474840393,12.14920025385181,12.116283193531004,12.11048482418433,1.3941615915298462,1.580701231956482,1.5883456707000732,1.5901249647140503,0.0821546070098877,0.0823099446296691,0.0825335617065429,0.0825730773448944
7521,1157,5,16,1.61,0.84,True,True,True,False,3.5981602573394778,3.602463483810425,3.630427694320679,3.633723621368408,13.896938218019004,13.87939166654023,13.772482099320872,13.759991131898143,0.9836695289611816,0.984284281730652,0.9954291939735412,0.9992812705039978,0.0719632051467895,0.0720492696762084,0.0726085538864135,0.0726744724273681
7115,1663,6,8,0.43,0.98,True,False,True,True,3.690410143136978,3.6310319900512695,4.1231377720832825,4.128523495197296,13.54366653983415,13.74517936528959,12.123217229852726,12.072448733898684,0.9748396170139312,0.9906347990036012,1.4440667390823363,1.447774260044098,0.0742565020427108,0.0727528762817382,0.0824863550662994,0.0828552305430172
4962,1892,4,32,1.43,0.85,False,False,False,True,3.6174645233154297,3.629792451858521,3.746019721031189,3.766115124225617,13.7702434910552,13.742021385400138,13.339324545129337,13.269632852089645,0.9038037037849428,0.9508993625640868,1.1873838305473323,1.2074786567687987,0.0727599168002605,0.0727696132659912,0.0749663181304931,0.0753600602149963
6606,1126,4,8,1.53,0.81,True,False,False,False,3.710818947553635,3.62555730342865,4.141928637027741,4.146840686798096,13.530894009684069,13.790983241956331,12.07167105160207,12.05737183305879,1.141341894865036,1.0470813512802124,1.546168076992035,1.5508005976676942,0.0742163789510727,0.072511146068573,0.0828385727405548,0.0829368137359619
6924,527,4,16,1.68,0.76,False,True,False,False,3.140674141645432,3.061768054962158,3.617451250553131,3.6231590914726257,15.967258619019812,16.327128378351503,13.820012364969562,13.798019278256364,0.5561908864974976,0.4371322393417358,0.9905258774757384,0.9957743954658508,0.0630555264767478,0.0612477588653564,0.0723588354587554,0.0724741711616516
6724,561,1,32,1.03,0.98,True,False,True,False,3.498947721719742,3.5229134559631348,3.6028400301933288,3.634927008152008,14.188235234546683,14.187768249439593,13.876547826080811,13.754338568592129,0.9198358738422394,0.9605226516723632,1.0145294785499572,1.048124189376831,0.0725877816438674,0.0704832553863525,0.0720640330314636,0.0727043322086334
4648,283,4,8,0.67,0.86,True,False,True,False,3.7013035118579865,3.630545735359192,4.088228344917297,4.090302495956421,13.525045374706483,13.771785934848332,12.230054066082042,12.22204658012375,1.0384846866130828,0.951069951057434,1.5138476014137268,1.5188511395454407,0.0741929398139317,0.0726122236251831,0.0817657873630523,0.0818193587779998
4777,1553,3,8,1.02,0.74,False,False,True,True,3.6481846523284913,3.665630340576172,3.719201695919037,3.730504269599914,13.676032771748256,13.6386735751784,13.437830943718058,13.39581861065408,0.882293530702591,0.93608820438385,1.0831453442573546,1.08657249212265,0.0731606620243617,0.0733209133148193,0.0744167718887329,0.0746501890182495
5727,1831,2,8,1.55,0.79,True,False,True,False,3.34347157239914,3.0638378858566284,4.140962719917297,4.145856957435608,14.914923941906574,15.90558903835328,12.064714289900127,10.112405500676678,0.9740078854560852,0.9369269609451294,1.5164543628692626,1.518782105445862,0.0685628642272102,0.0628710556030273,0.082886339187622,0.09891363983544
5602,348,4,32,0.98,0.74,True,False,True,False,3.543056528568268,3.592246532440185,3.618698644638061,3.648380708694458,14.090731819931468,13.916766123879778,13.815487852864669,13.697854958437942,0.943052374124527,0.9890471696853638,1.048138225078583,1.0767511129379272,0.0710335331757863,0.0718557739257812,0.072382544517517,0.0730041349887847
7888,389,2,8,1.77,0.88,False,False,False,False,3.600274974107742,3.6042730808258057,3.7558992862701417,4.083188858032224,13.738549247277463,13.86924804283807,13.307760588160388,10.262731390286136,0.9739676570892334,1.066824436187744,1.1660717487335204,1.2077146935462946,0.0730811870754919,0.0721019625663757,0.0751441302299499,0.0974454027002729
4246,1547,1,16,0.81,0.75,False,False,True,False,3.601337776184082,3.62849235534668,3.6756244540214538,3.688872048854828,13.828718185363464,13.767472443141202,13.600759987085851,13.546550171953058,0.8747358238697052,0.8923399448394775,1.0208799481391906,1.0251330041885376,0.072413169708848,0.0726349854469299,0.0735253038406372,0.0738195330142974
5409,329,3,8,0.7,0.83,True,False,True,False,3.662501286268234,3.6254937648773193,4.002319967746734,4.006508345603943,13.69329815869028,13.79122547676365,12.492754308715377,12.479694589637475,1.101225414276123,1.0229792594909668,1.5462358117103576,1.5489531683921811,0.0732500257253646,0.0725098752975463,0.0800463993549347,0.0801301669120788
7337,1166,2,8,1.68,0.71,True,False,True,True,3.739180996418,3.650853991508484,4.17670443058014,4.188197247982025,13.405850981984512,13.693527769089265,11.971160754823336,11.938310696699608,1.131082147359848,1.017932415008545,1.5459097504615784,1.5498757529258729,0.0749035691329411,0.0730272006988525,0.0835340886116027,0.0837639449596405
4607,1883,2,16,1.0,0.91,True,False,True,False,3.5644544279575348,3.5725704431533813,3.726543915271759,3.740649406909944,13.983216273671305,13.993716434393228,13.412037681493606,13.346193188807812,0.8749430739879608,0.9298882484436036,1.0872056126594545,1.1010909962654114,0.0717294353862171,0.071460645198822,0.0745598859786987,0.0749277330398559
5956,362,6,32,0.32,0.9,False,True,True,True,2.858071012496948,2.813761353492737,3.5265026688575745,3.530394217967987,17.987970177121362,17.937533283990284,14.17835316495334,14.162724322850234,0.545185558795929,0.4550410509109497,0.8862626075744628,0.8906195330619812,0.0571614202499389,0.0562752270698547,0.0705300533771514,0.0706078843593597
6438,956,1,8,0.45,0.75,False,False,False,True,3.6573685324192047,3.714479446411133,3.8509691834449766,3.8647907614707946,13.524765518483736,13.453560503398272,12.965611954217914,11.89385634177762,0.95437392950058,1.0105693340301514,1.0969982743263245,1.1331498956680297,0.0741101414190902,0.0743297672271728,0.0771270980834961,0.0840771212735596
4379,1852,8,32,0.15,0.78,True,True,False,True,3.57638117313385,3.5925254821777344,3.6137624621391295,3.615299301147461,13.982064359157569,13.917788007126424,13.83599531713395,13.830113767951676,0.7979439306259155,0.9345275163650512,0.9450289726257324,0.9486882758140563,0.071527623462677,0.0718505096435546,0.0722752492427825,0.0723059860229492
4389,1085,5,16,1.24,0.9,False,True,False,True,3.235405285358429,3.080012440681457,3.7210349082946776,3.72892959356308,15.600097717227095,16.23370188084492,13.437121992205284,13.408673655939555,0.4625413691997528,0.356827974319458,0.9377750396728516,0.9577345204353332,0.0647081057071685,0.0616002488136291,0.0744206981658935,0.0745785918712615
5845,1042,1,16,0.95,0.81,True,False,True,False,3.474300625324249,3.518736958503723,3.6728039026260375,3.679562618732452,14.277857462253229,14.205223072187351,13.605806404118391,13.10103557838393,0.8914328646659851,0.92874014377594,1.053560996055603,1.0987203192710877,0.0703292786787717,0.0703966426849365,0.0734980328083038,0.0763426224561837
6530,1779,5,16,0.6,0.87,False,True,False,True,3.1523694443702697,3.0582488775253296,3.657632315158844,3.664232335090637,15.985639267763917,16.349225439755827,13.670045461145712,13.64542295615014,0.4594911444187164,0.377138614654541,0.9382404685020448,0.9445484018325804,0.0630473888874054,0.0611649775505065,0.0731526463031768,0.0732846467018127
6015,1558,3,8,1.71,0.97,True,True,True,True,4.190866689682007,4.2613314390182495,4.288674986362457,4.295324182510376,11.566467233547518,11.72879492453341,11.640334579073349,7.416004245742723,1.5502869510650634,1.5502136945724487,1.5729899644851684,1.578348045349121,0.0872223847638476,0.0852602553367614,0.0859081888198852,0.1362424571541222
4053,1438,1,32,1.02,0.81,False,False,False,False,3.596921637058258,3.603480815887451,3.719918584823609,3.7245761942863465,13.84578986296731,13.836627652696396,13.43485103664435,13.406204477922104,0.8471252799034119,0.8951747417449951,1.0113041400909424,1.018018615245819,0.0723367220267146,0.0722721481323242,0.0744332778453827,0.0745923287391662
4064,843,3,8,0.77,0.84,False,True,True,False,3.2632439482212066,3.0379509925842285,4.047155475616455,4.052901694774628,15.570048747117887,16.458461919471613,12.35435616242782,12.33684006531922,0.4853105223178863,0.3448823690414428,1.3273852109909057,1.3304892730712892,0.0652648789644241,0.0607590198516845,0.0809431095123291,0.0810580338954925
5664,1718,8,8,1.7,0.7,False,False,True,False,3.6264421248435976,3.572811484336853,3.821769607067108,3.9629963040351854,13.70087489306824,13.752204696825409,13.069145479228188,11.831136648758262,0.9834258580207824,0.9876850843429564,1.12898645401001,1.156842007637022,0.073186228993764,0.072728955745697,0.0765160970687866,0.084527297415052
4922,289,1,8,0.17,0.88,False,True,False,False,3.204357331991196,3.036173462867737,3.998459482192993,4.002607848644256,15.747256820395858,16.440461602418203,12.504189940549416,12.47763920115388,0.4681530010700225,0.3302978277206421,1.2568350672721862,1.265822513103485,0.0647260430336737,0.0608255457878112,0.0799731934070587,0.080143365907669
4828,1186,1,32,0.45,0.74,True,False,True,True,3.54669934630394,3.574628591537476,3.67037148475647,3.6760001754760734,14.051615300271044,13.976831252798256,13.621352112361222,13.591681180677696,0.8620642745494842,0.90484881401062,0.9717094302177428,1.0284027504920958,0.071291209614978,0.0715469765663147,0.0734141509532928,0.0735744159221649
5286,373,7,32,0.11,0.7,True,False,False,True,3.541218605041504,3.563346743583679,3.664110922813416,3.6760855317115775,14.063413647565792,14.025670620995784,13.64545110941848,13.599047114930768,0.9318012416362762,0.939090371131897,1.0401089668273924,1.082386212348938,0.0712688213018271,0.0712978386878967,0.0732844958305359,0.073534564256668
7429,1887,7,32,1.17,1.0,False,False,False,False,3.537672392129898,3.551495671272278,3.581882655620575,3.624831256866455,14.10369553381618,14.076218779002396,13.937030167962728,13.59081917923193,0.9697208106517792,1.0092954635620115,1.1094408869743346,1.1506633114814755,0.0709149402507921,0.0710418057441711,0.0717513146400451,0.0735800356643955
4094,744,7,16,1.28,0.92,False,False,True,True,3.63915558218956,3.6412525177001953,3.748222601413727,3.76141042470932,13.686805587610616,13.702563176448516,13.338123067762345,13.28326031311484,0.8832951128482819,0.9352539777755736,1.11799875497818,1.12935338973999,0.0731883627355098,0.0729790830612182,0.0749730675220489,0.0752827246189117
4582,387,4,8,0.73,0.85,False,True,False,False,3.2915299677848817,3.0714305639266968,4.103755760192871,4.108437550067902,15.454303599121973,16.279063155302236,12.183960967386597,12.17007671670549,0.5003496944904328,0.3646351099014282,0.8770093798637304,1.364184775352478,0.0658305993556976,0.0614286112785339,0.0820751152038574,0.082168751001358
6033,586,5,32,0.11,0.87,True,False,True,False,3.4658607232570646,3.497921705245972,3.549904704093933,3.5599038195610047,14.3653356021239,14.293025822870044,14.081765152760823,14.025482586844769,0.905383620262146,0.9495974779129028,1.0408899784088137,1.0635055208206177,0.0698330208102861,0.0699641919136047,0.0710138247013092,0.0712988008022308
7294,205,4,32,1.57,0.79,True,False,False,True,3.450756574869156,3.411385059356689,3.676960122585297,3.680325522422791,14.39510348292437,13.99454889147015,13.596070958060942,11.710265630645408,0.9516831648349762,1.003636598587036,1.0705212354660034,1.0988904309272765,0.0697570998138851,0.0714564228057861,0.0735506606101989,0.08539516793357
6373,1286,3,8,0.27,0.89,False,False,False,True,3.7129575562477113,3.68570327758789,3.940198612213136,3.951317105293274,13.4859127266441,13.566606127746676,12.68971607259437,12.654008474742724,1.0028584039211272,1.0394662618637085,1.1231980919837952,1.153260896205902,0.0742591511249542,0.0737140655517578,0.0788039722442627,0.0790263421058654
6670,2024,5,16,1.21,0.92,False,False,False,False,3.501652578115463,3.4917749166488647,3.6123931765556336,3.616018440723419,14.285521966174525,14.319365142440567,13.84123976106709,13.827363114897407,0.9140271532535552,0.9744609594345092,1.0660850048065185,1.0852615308761595,0.0700330515623092,0.0698354983329773,0.0722478635311126,0.0723203688144683
6139,1083,6,8,0.64,0.74,False,True,False,True,3.278163819313049,3.078542709350586,3.746186602115631,3.7515645933151247,15.317943197418147,14.23731987120157,13.345417201255923,13.322939605696504,0.6075877690315247,0.4466855525970459,1.0322338104248048,1.0353447556495663,0.0661687642125522,0.0702380087796379,0.074932089805603,0.075058510351181
7371,910,5,32,0.62,0.97,False,False,False,True,3.629613327980041,3.692120671272278,3.744487500190735,3.7547195482254025,13.70701843139302,13.534540594290863,13.341425523740392,13.25754318506768,0.8797235858440399,0.9844592809677124,1.0637287020683288,1.0796743083000182,0.0730769276327208,0.0738850426673889,0.0749545104503631,0.0754289918196828
5020,1173,6,32,1.47,0.76,True,True,False,True,3.6793301200866697,3.683388352394104,3.726217961311341,3.727139790058136,13.590589151344174,13.574458062256715,13.418431422376514,13.415112659487114,0.9192205858230592,0.907413125038147,0.9829864978790284,0.985102219581604,0.0735866024017334,0.073667767047882,0.0745243592262268,0.0745427958011627
4663,1640,1,32,1.83,0.92,False,False,False,True,3.655075252056122,3.573569297790528,4.383388102054596,4.399572203159332,13.743466523833863,13.985290818376727,11.40670164651097,11.364742775564276,0.9772783529758452,0.8830748796463013,1.542087483406067,1.5477959179878236,0.0732045315665167,0.0715037035942077,0.0876677620410919,0.0879914440631866
7672,111,6,32,1.67,0.89,True,True,True,True,3.6110583925247193,3.615462899208069,3.641716194152832,3.64283887386322,13.847165081537703,13.829490727564067,13.729790419342777,13.725559049978544,0.985247564315796,0.9861990213394164,0.9936598777770996,0.9963637447357178,0.0722211678504943,0.0723092579841613,0.0728343238830566,0.0728567774772644
7387,685,8,16,1.3,0.73,False,False,True,True,3.6168186128139497,3.632155060768128,3.7491485834121705,3.767476582527157,13.782223654940278,13.75758827788275,13.331672432657436,12.094642324053472,0.9541389632225036,0.97352933883667,1.123106837272644,1.1470813274383544,0.0726724075820711,0.0726871657371521,0.0750093445777893,0.0826812760829925
7598,1474,7,32,0.49,0.73,False,False,False,True,3.575616810321808,3.6663416624069214,3.735151970386505,3.7398539876937855,13.775651532148077,13.620850975971887,13.380631015157496,9.172789105272416,0.8814120709896087,0.9420210123062134,1.019752275943756,1.0447330951690672,0.0729164892869336,0.0734168529510498,0.0747348918914794,0.1090199223160743
7425,1636,6,32,1.06,0.7,False,False,True,True,3.5109482407569885,3.5188976526260376,3.603677785396576,3.62354234457016,14.229080254695727,14.208267494261854,13.870480080454536,13.791456139223127,0.9646736550331116,0.9953563213348388,1.067156195640564,1.1004520869255066,0.0703088737487792,0.0703815579414367,0.0720955581665039,0.0725086900234222
4443,1421,1,32,0.04,0.84,True,False,False,True,3.583108731508255,3.5809314250946045,3.900199949741364,3.908002953529358,13.852399714793137,13.962026391948138,12.81530221789924,12.704375388994157,0.8821653139591217,0.8804382085800171,1.2375794529914856,1.2636864447593688,0.072644655585289,0.0716228413581848,0.0780317142009735,0.0788314954757687
8151,1155,8,8,1.15,0.93,True,True,False,True,4.151840295791626,4.20047652721405,4.217987716197968,4.221741523742676,11.84365332802128,11.896945785890658,11.850282983420286,9.47601072096932,1.5048774528503417,1.5055456161499023,1.514891517162323,1.5165994668006897,0.0848688808104571,0.0840551877021789,0.0843861770629882,0.1121706427097319
5071,639,4,8,1.31,0.79,False,True,True,False,3.280897983312607,3.0628384351730347,4.112360954284668,4.2133021783828735,15.513655417098937,16.324749799825355,12.158467321350038,11.86717649959798,0.5210585629940033,0.3765491247177124,1.6108153223991395,1.6145791912078855,0.0656179596662521,0.0612567687034606,0.0822472190856933,0.0842660435676574
4887,953,2,8,1.0,0.94,False,False,False,False,3.6154344296455374,3.650488495826721,3.72641590833664,3.7351790475845337,13.7551301007966,13.633274366639569,13.403977511263683,13.321024536468578,0.9039912462234496,0.9592362642288208,1.0127207040786743,1.0297566962242126,0.0727807146078355,0.0733503746986389,0.0746047208309173,0.0750774771849313
7371,1678,6,32,0.01,0.9,False,False,True,True,3.54268296957016,3.5251107215881348,3.763098442554474,3.777077057361603,14.046686700481487,14.172313437480726,13.266265513212543,13.211113489191828,0.9410958802700042,0.9622622728347778,1.0589768052101134,1.0927063536643982,0.0713615699362658,0.0705601239204406,0.0753791637420654,0.0756973308236975
7777,203,3,16,0.25,0.93,False,True,True,True,2.999284615516663,2.8316982984542847,3.690595269203186,3.695897483825684,16.931050635441217,17.6639245906404,13.547949952866372,13.528513806430844,0.4944483613967895,0.3396021127700805,1.028702402114868,1.0363429594039917,0.0599856923103332,0.0566339659690856,0.0738119053840637,0.0739179496765136
4217,1396,7,16,0.4,0.9,True,False,True,False,3.3767877805233,3.548390507698059,3.61609228849411,3.622926971912384,14.93952435412641,14.090895581244771,13.8270807524542,13.800996176106498,0.8154874610900879,0.8183093070983887,0.9967731475830078,1.0078836393356323,0.0676705037386186,0.0709678101539611,0.0723218457698822,0.0724585394382476
6819,943,8,32,0.39,0.99,False,True,True,False,3.083040010929108,3.076089859008789,3.440103769302368,3.449574677944183,16.19261523834064,16.24590910615299,14.51960564088835,14.492548554846843,0.4600071406364441,0.4280842542648315,0.720490038394928,0.7243708062171936,0.0620506259245307,0.0615539598464965,0.0688723945617675,0.0690009796619415
6268,1823,5,8,1.54,0.71,False,True,True,False,3.1661428678035737,2.934726357460022,3.964949011802673,3.972234990596771,16.039655059325163,17.037363615996508,12.60649094400936,12.583847148510069,0.5263280749320984,0.3491748571395874,1.3838886857032775,1.390791606903076,0.0634098219871521,0.0586945271492004,0.0793242151737213,0.0794669538021087
4587,1085,2,32,0.31,0.84,True,False,False,False,3.477606613636017,3.561805248260498,3.682603526115417,3.687389178276062,14.291140096159417,14.036385003631134,13.571367927120914,13.516039976607672,0.8123321390151977,0.8786855936050415,0.9476062178611756,1.0474645376205445,0.0702437169273694,0.0712434148788452,0.0736845397949218,0.0740488727569577
7056,444,5,16,0.76,0.85,False,True,False,False,3.091757545471191,3.0157785415649414,3.519016599655151,3.538890266418457,16.22027903581336,16.578448362334342,14.208526074876591,14.12872302296141,0.5006723022460937,0.401066780090332,0.8619759202003479,0.8662680196762085,0.0619984130620956,0.060319275856018,0.070380331993103,0.0707778053283691
6722,1088,3,32,0.32,0.88,False,False,True,False,3.4886207437515258,3.484180450439453,3.54828087091446,3.558201076984405,14.33369857292974,14.350577050082782,14.091330967891595,14.052044547036996,0.8331447088718414,0.9157881736755372,1.0161346673965457,1.047812190055847,0.0697724148750305,0.069683609008789,0.0709656174182891,0.0711640215396881
5301,658,4,16,1.61,0.95,True,False,False,False,3.435441100597381,3.4378618001937866,3.5571861267089844,3.5723891687393188,14.562538554489167,14.54392379978695,14.056053920340045,13.996235525785885,0.925024482011795,0.9766355752944946,1.0170947790145874,1.0489200830459595,0.0687088220119476,0.0687572360038757,0.0711437225341796,0.0714477833747863
4778,1293,5,8,0.85,0.89,True,True,True,True,4.179924907684327,4.204176306724548,4.2232470393180845,4.22545902967453,11.963168748554883,11.892936061849513,11.839232216267618,11.833034030631191,1.319057855606079,1.497025489807129,1.506354713439941,1.5116175866127013,0.0835984981536865,0.0840835261344909,0.0844649407863616,0.0845091805934906
6715,1681,1,16,0.11,0.79,True,True,False,True,3.5254191875457765,3.530091643333435,3.5567426681518555,3.5605283403396606,14.183637603739337,14.16393833138223,14.057806727727783,14.04286012995633,0.7907434940338135,0.8962527513504028,0.9057329058647156,0.9104970216751098,0.0705083837509155,0.0706018328666687,0.0711348533630371,0.0712105668067932
7531,1238,3,16,0.13,0.74,True,False,False,False,3.496646302938461,3.5160346031188965,3.643017792701721,3.654323177337647,14.210872913272553,14.186443337492864,13.719606233127438,12.638431087049362,0.9089538025856018,0.957938551902771,1.0676308631896971,1.0959095621109007,0.0704730067312975,0.070490071773529,0.0728883898258209,0.0791237689426967
6715,1893,2,8,0.9,0.97,False,False,False,False,3.5496642637252807,3.561019897460937,3.6772170662879935,3.689160139560699,14.040270085146272,13.972196628933272,13.592418371543296,12.958049809968548,0.8879547095298768,0.9598082304000854,1.0324306964874268,1.0583236527442932,0.0713022546002739,0.0715722465515136,0.0735704252719879,0.0771721714873062
6595,777,8,32,1.98,0.77,True,False,False,True,3.4486098885536194,3.442444324493408,3.670046043395996,3.681461622714997,14.439882944630368,14.411035800172266,13.623153357558804,13.515832454259307,0.9025906991958618,0.946547269821167,1.0416828751564025,1.0663265132904052,0.0694945961931477,0.0693914651870727,0.0734044442176818,0.0740060069042702
6375,1507,1,16,0.46,0.78,False,True,False,False,3.066674607992172,3.0437655448913574,3.4887532591819763,3.4923398423194887,16.276658696727267,16.39595306441337,14.330075047969816,14.314798270411824,0.4673763382434845,0.3306108713150024,0.932976245880127,0.9366897916793824,0.0619057233173644,0.0609906601905822,0.0697833051681518,0.0698577785491943
6839,1912,7,16,1.19,0.89,True,False,True,False,3.432873791456222,3.426259398460388,3.5868687868118285,3.5896589398384093,14.488560590892664,14.59192724192308,13.93627669574398,13.892828474786624,0.9595886516571044,1.006112575531006,1.0494319438934323,1.0673783493041993,0.0691447476410398,0.0685310435295105,0.0717551770210266,0.0719819510142008
6383,1409,8,16,0.87,0.78,False,True,False,False,3.1297507989406586,3.077106118202209,3.623336338996887,3.6336450719833375,15.971255530839384,16.201345625385308,13.79784003326724,13.758246986981591,0.4719350838661194,0.3746485710144043,0.8531036019325257,0.857502737045288,0.0631610031916035,0.0617234992980957,0.0724751119613647,0.0726836786270141
8180,333,4,32,1.07,0.78,True,False,True,True,3.596556030511856,3.623674154281616,3.748159384727478,3.759308731555939,13.852461842434348,13.796148170224264,13.339709533140718,13.296111680692,0.94780046582222,0.9861595630645752,1.0863082170486449,1.1190882921218872,0.0723536268313725,0.0724839997291565,0.0749641511440277,0.075209958076477
6933,1275,8,8,0.41,0.9,True,True,False,False,3.5133719444274902,3.5133719444274902,3.5133719444274902,3.5133719444274902,11.100447267434166,11.100447267434166,11.100447267434166,11.100447267434166,1.477374792098999,1.477374792098999,1.477374792098999,1.477374792098999,0.0900864601135253,0.0900864601135253,0.0900864601135253,0.0900864601135253
5551,519,7,8,1.22,0.72,False,False,False,True,3.7576178872585295,3.757702827453613,3.904482972621918,3.908271987438202,13.25765453713553,13.269436719689832,12.803847463148028,12.790857720940227,0.999022604227066,1.045077919960022,1.2021186113357545,1.2372616958618163,0.0755655839363734,0.0753615856170654,0.0781015241146087,0.0781808730125427
5397,1454,4,8,0.38,0.83,False,False,False,True,3.6196927106380463,3.6592613458633423,3.77995069026947,3.819906613826752,13.730883801786264,13.632191661607916,13.185256420222444,13.009232884867584,0.9223022770881651,0.9309991598129272,1.022944152355194,1.049413721561432,0.0729643492909038,0.0733558106422424,0.0758422873020172,0.0768874996662138
5207,177,3,16,1.61,0.76,True,False,True,False,3.5038878405094147,3.520517945289612,3.595131528377533,3.610683965682983,14.244766561609213,14.184823288059754,13.906453961638942,13.837107281928072,0.9219758498668672,0.9171686172485352,1.021960699558258,1.0535492205619812,0.0702404152154922,0.0704979109764099,0.0719090583324432,0.0722694511413574
4254,1415,4,32,0.11,0.89,False,False,False,True,3.6430358397960654,3.6774089336395264,3.704906225204468,3.713040750026703,13.72880878872972,13.596529983351529,13.495618231809988,13.4660522423852,0.8801842200756073,0.8670405149459839,1.0132163643836976,1.0230752110481265,0.0728607167959213,0.0735481786727905,0.0740981245040893,0.074260815000534
7879,310,4,32,0.86,0.99,False,False,False,False,3.5708517169952394,3.584204912185669,3.659507322311401,3.665498969554901,13.9904959793244,13.948727201694036,13.662427044988153,13.622579524737736,0.9892849135398863,0.9982736110687256,1.0966249585151673,1.1356842827796936,0.0714987039682192,0.071691129207611,0.0731934380531311,0.0734075363636016
5315,769,2,16,1.24,0.71,True,False,True,True,3.328582924604416,3.338036298751831,3.411020314693451,3.4146090149879456,15.02675339133594,14.978866473866145,14.658370646730706,14.642964940936842,0.8713004398345947,0.9310250282287598,0.9967976689338685,1.0189400482177735,0.0665716584920883,0.0667607259750366,0.068220406293869,0.0682921802997589
5698,265,8,32,1.8,0.86,False,True,False,True,3.157784613370896,3.007972240447998,3.860405397415161,3.890717148780823,15.959412080539028,16.622494216851667,12.952008168549284,12.85110125421193,0.5356870913505554,0.4163089990615845,1.377825951576233,1.380966682434082,0.0631556922674178,0.0601594448089599,0.0772081079483032,0.0778143429756164
7121,742,3,32,0.07,0.76,False,True,False,True,3.147309410572052,3.056320071220398,3.623819553852081,3.62694020986557,15.94516525374527,16.359550886744366,13.797596507827624,13.785724910509304,0.4748800575733184,0.4030352830886841,0.9286216020584106,0.9324524784088136,0.0631274736805966,0.0611264014244079,0.0724763910770416,0.0725388041973114
7297,742,1,8,0.85,0.87,False,True,False,False,3.2352361738681794,3.072110652923584,3.950014591217041,3.969500286579132,15.646392898890817,16.275455431945463,12.656453367753182,12.59297271124955,0.5127371978759766,0.3564181327819824,1.254851460456848,1.2565717959403992,0.0648183876606455,0.0614422130584716,0.0790110762119293,0.0794093679904937
7477,929,8,8,1.63,0.95,True,False,False,False,3.667062395811081,3.5964572429656982,4.086561095714569,4.089968721866608,13.69331007755767,13.902570723552238,12.235226350394004,12.22503236749034,1.058423812389374,0.9936721324920654,1.486915159225464,1.4930493426322935,0.0733412479162215,0.0719291448593139,0.0817312219142913,0.0817993744373321
4209,892,3,8,1.21,0.99,True,True,True,True,3.525247869491577,3.5323128700256348,3.548061728477478,3.5595033478736875,14.184028010934362,14.15503156238102,14.09220148092305,14.047002445178896,1.3802100372314454,1.3497612476348877,1.4837844729423524,1.486035087108612,0.0705049573898315,0.0706462574005127,0.0709612345695495,0.0711900669574737
7856,1255,7,32,0.17,0.76,False,False,False,True,3.56790186047554,3.609000444412232,3.731547999382019,3.735570623874664,13.931097546365848,13.850645070511842,13.395901738760111,13.323072523713847,0.9594926822185516,0.9986884593963624,1.0569389462471008,1.0820240688323974,0.0719839738857512,0.0721988034248352,0.0746496965885162,0.0750991789897281
4595,1893,3,16,1.92,0.91,False,True,False,False,3.0540873992443083,3.017407178878784,3.634452998638153,3.642238891124725,16.377458895826507,16.562720209277458,13.751438546566208,13.700736849718757,0.4612612414360046,0.3483251333236694,1.0372944116592406,1.0437579154968262,0.0616347313233784,0.0603765559196472,0.072719664812088,0.0729895700114113
6410,583,5,8,0.57,0.75,True,False,False,True,3.733327059745789,3.6551769971847534,4.1371411919593815,4.148724207878113,13.39342977474905,13.46794567770857,12.07942194642452,12.048945250870124,1.1630908679962155,1.0560382604599,1.5381673336029054,1.5435038542747497,0.0752188708335634,0.0742612648010253,0.0827854208946228,0.0829948171138763
5695,1543,2,8,0.8,0.76,False,True,True,False,3.2782878184318545,3.058823108673096,4.172027957439423,4.175603046417236,15.50344205818842,16.34503755980753,11.98408335534022,11.973092604526986,0.522159743309021,0.3744550943374634,0.9828956842422484,1.482989671230316,0.0660304444523419,0.0611806488037109,0.0834440124034881,0.0835206108093261
7989,195,6,16,1.65,0.73,True,False,True,True,3.601466826200485,3.6276720762252808,3.702229905128479,3.70961462020874,13.837910707427367,13.778393977407688,13.503460384178124,13.47180356985757,0.9593484735488892,1.0083905458450315,1.1038135051727296,1.1242845559120178,0.072343074350608,0.0725774025917053,0.0740550920963287,0.0742291115283966
7865,1585,1,32,1.29,0.87,False,True,True,True,3.087068464756012,2.936412811279297,3.6455983996391295,3.649578583240509,16.355847619492536,17.027578635253015,13.715169508162129,13.70021191765737,0.5163505840301513,0.4171375036239624,1.0586338758468627,1.0663617587089538,0.0617413692951202,0.0587282562255859,0.0729119679927825,0.0729915716648101
6947,1303,3,16,0.82,1.0,False,False,False,False,3.601979295015335,3.640865206718445,3.738435089588165,3.755622940063476,13.813964980919357,13.719423637119728,13.364128886084496,13.17343557415799,0.8676377940177917,0.9647483825683594,1.0568305015563964,1.082279462814331,0.0725654146446121,0.0728893971443176,0.0748271741867065,0.075917213903533
5225,450,5,32,0.07,0.89,False,False,False,True,3.615283340215683,3.644811034202576,3.711042761802673,3.713811981678009,13.787145346096349,13.715656531900962,13.472282828704456,13.402519665115816,0.946002448797226,0.9465852975845336,1.048842978477478,1.0741986870765683,0.0726036955549603,0.0729093790054321,0.0742264702320098,0.0746128450870513
7536,953,8,32,1.29,0.81,False,True,False,False,3.0303532707691194,3.0063658952713013,3.244433605670929,3.2470917415618894,16.463311579853098,16.591458346511267,15.410195334518113,15.318518556179184,0.5160286235809326,0.4389644861221313,0.8910999536514282,0.8971585607528686,0.0608620810300112,0.0602723240852356,0.0648921041488647,0.0652804641246795
6426,1374,3,16,0.82,0.95,False,False,True,False,3.373330971002579,3.326932668685913,3.658258199691773,3.668948931694029,14.741086787527102,14.851947598041148,13.664576006237478,12.95397731973856,0.9095270919799804,0.9656633138656616,1.029892647266388,1.0446144819259642,0.0681581095704845,0.0673312377929687,0.0731819267272949,0.0772736006895698
6463,1510,5,16,0.64,0.78,True,False,True,False,3.492866636514664,3.5279541015625,3.615736317634583,3.623894853591919,14.254293781489569,14.161930859037458,13.826720153097249,13.780929417105696,0.8993750822544098,0.9343401193618774,1.052541732788086,1.0824932122230528,0.0703397442481456,0.0706118416786193,0.0723237347602844,0.0725680453899578
6220,1301,4,32,0.18,0.79,False,True,False,False,3.071000906229019,3.0087268352508545,3.47312843799591,3.478190281391144,16.296967454870696,16.60817870884607,14.39379748526032,14.374451848009205,0.456997332572937,0.3934117555618286,0.8062648892402648,0.8158094716072083,0.0617451662386164,0.0602113103866577,0.0694743692874908,0.0695678701877594
4069,711,4,32,1.8,0.97,False,False,True,True,3.669519188404083,3.805611252784729,3.957824528217316,3.968382544517517,13.6906995947153,13.138494227008808,12.63320283467406,12.599591971142829,0.9116963911056518,1.0516462326049805,1.175990676879883,1.2201157999038696,0.0733903837680816,0.0761122250556945,0.0791564905643463,0.0793676508903503
5000,1690,1,8,1.68,0.87,False,False,False,False,3.668103659152985,3.7541061639785767,3.941555714607239,3.9503986120224,13.66995876182474,13.318756015631088,12.68534650790918,12.65695058050122,0.9386109900474549,1.0082858800888062,1.2344121932983398,1.2373030805587768,0.0734567234342162,0.0750821232795715,0.0788311142921447,0.0790079722404479
6092,1205,4,8,0.77,0.83,False,True,False,True,3.334655725955963,3.1727333068847656,3.721094024181366,3.728259091377258,15.089596472803995,14.82686158252733,13.43646468680815,13.40978217755751,0.6566157865524292,0.6504086256027222,1.011668586730957,1.0168181085586547,0.0669058893591213,0.0676778292655944,0.0744243388175964,0.0745724268436432
6722,1491,6,16,1.82,0.92,False,False,False,True,3.5251043689250947,3.489993095397949,3.677086579799652,3.679736571311951,14.194599613617946,14.326677425141032,13.59772170625596,13.587929200686084,0.975384042263031,0.999752640724182,1.096056866645813,1.1229259538650511,0.0705020873785018,0.0697998619079589,0.073541731595993,0.073594731426239
4595,1439,2,32,1.78,0.95,False,True,False,True,3.2167086577415467,3.13405179977417,3.8939740300178527,3.945477786064148,15.602325160879106,15.951487949916311,12.84035414869584,12.672736411467758,0.5653328263759613,0.4559712409973144,1.473389995098114,1.4777471423149109,0.0645292138503945,0.0626900768280029,0.077879480600357,0.0789095557212829
6959,1454,5,32,1.16,0.83,False,False,True,True,3.4654658603668214,3.6261258125305176,3.755810940265656,3.7689625453948974,14.414305923326715,13.753507704688475,13.284079720593787,12.459483907863673,0.9050423562526704,0.9510823488235474,1.098085057735443,1.10138338804245,0.0701054360925105,0.0727087426185607,0.0752780792713165,0.0803016580531469
4366,451,8,8,1.2,0.96,False,False,False,False,3.5934974348545072,3.681205987930298,3.7225104331970216,3.728129312992096,13.815600187143051,13.580266791112034,13.42316986657608,13.27423238442926,0.8608790755271911,0.8741192817687988,1.093754768371582,1.1024435615539552,0.0726387056547052,0.073636257648468,0.0744980516433715,0.0754588712692257
4175,1759,6,32,1.47,0.77,False,True,False,True,3.1947466003894807,3.109511494636536,3.759374225139618,3.774374918937683,15.689505754421075,16.07210120764355,13.297202478580315,13.24331076940143,0.5426141321659088,0.4324365854263305,1.2505552649497986,1.2557703280448913,0.0641506478744394,0.0622196221351623,0.0752037913799286,0.0755098191261291
4295,1450,6,8,0.48,0.89,False,True,True,True,3.352265487909317,3.405725121498108,3.681378257274628,3.683512179851532,15.006353853189578,14.190105437984393,13.581869762591408,13.574001667503955,0.5956666147708893,0.5788586139678955,0.9360153436660766,0.9526598215103148,0.0671837922016779,0.0704938999811808,0.0736275651454925,0.0736702435970306
4019,681,3,32,1.6,0.73,False,True,True,False,3.052290443181992,3.037453770637512,3.496514785289764,3.5005800223350523,16.399314685044384,16.42193576678759,14.299953850055337,14.28334741781064,0.454591121673584,0.3796862363815307,0.9013136744499206,0.9049846386909484,0.0613326092809438,0.0608941864967346,0.0699302957057952,0.070011600446701
4389,718,2,8,1.11,0.81,False,True,False,True,3.382901372909546,3.337612986564636,3.770032513141632,3.814547543525696,14.944029683798064,15.045090409626493,13.262485193019527,13.107714462023557,0.6290238654613495,0.6147708892822266,1.0308743834495544,1.056565089225769,0.0676580274581909,0.0667522597312927,0.0754006502628326,0.0762909508705139
4273,854,4,16,0.71,0.71,True,True,False,True,3.682466287612915,3.688760161399841,3.720310115814209,3.7233926463127136,13.57906874352716,13.554702239171805,13.439741271107083,13.428613811788583,0.8347703075408935,0.8384793996810913,1.0343839049339294,1.0350873160362244,0.0736493257522582,0.0737752032279968,0.0744062023162841,0.0744678529262542
4651,811,4,8,1.87,0.74,True,False,False,True,3.768774268627167,3.71835720539093,4.131749999523163,4.136423053741456,13.194444606585412,13.442282940292545,12.094458052490058,12.051752230973335,1.1007152891159058,1.022282600402832,1.3983302474021913,1.4486592078208924,0.0761044365088145,0.0743921256065368,0.0826824977397918,0.0830463796244724
7606,504,7,32,0.27,0.97,False,True,False,True,3.133884587287903,3.1363096237182617,3.549469530582428,3.5536687350273133,15.909194782670392,15.930426058667116,14.08351747188999,14.055129806942382,0.5293140280246734,0.4278087615966797,0.9421640753746032,0.9489217638969422,0.0632788613568925,0.0627729606628418,0.0710049889087676,0.071150682401657
5640,1819,6,16,1.24,0.82,True,False,False,False,3.5146604478359222,3.5522631406784058,3.6148068308830257,3.634769649505616,14.214984889076277,14.07280368454707,13.775408836136464,13.753673400759633,0.9147762501239776,0.9388152360916138,1.0279769897460938,1.0618225622177124,0.0704133129937307,0.0710590481758117,0.0725931267738342,0.0727078502655029
5291,714,4,16,0.03,0.84,True,True,False,True,3.5248913288116457,3.53347110748291,3.552910912036896,3.554676563739777,14.185536900079656,14.150391795306454,14.072967698630908,14.06597742925533,0.8911765003204346,0.8919126987457275,0.8992514729499816,0.9064914178848268,0.0704978265762328,0.0706694221496582,0.0710582182407379,0.0710935312747955
5464,1491,6,16,1.27,0.97,False,False,False,True,3.6017972087860106,3.6038235425949097,3.6885373830795287,3.692168347835541,13.884703488841,13.87415321962028,13.555508562384343,13.5421777369559,0.9383645617961884,0.9725956916809082,1.109299623966217,1.114981904029846,0.0720359441757202,0.0720764708518982,0.0737707476615905,0.0738433669567108
7077,367,5,32,0.66,0.86,False,False,True,False,3.5571997714042665,3.593357801437378,3.620165419578552,3.6313095712661743,13.981862417704871,13.912988107666958,13.808458305417682,13.671678463388204,0.939969928264618,0.990041732788086,1.0738424062728882,1.1008175611495972,0.0716109610441569,0.0718752861022949,0.072419380903244,0.0731457398659473
7147,344,8,8,1.25,0.95,False,False,False,True,3.5989073491096497,3.626100182533264,3.785616028308868,3.790779926776886,13.892997668366402,13.782032942901632,13.20529525193955,13.12152718477417,0.9934218060970308,1.010852575302124,1.155824315547943,1.1942692685127256,0.0720812555338885,0.0725582361221313,0.0757271974086761,0.0762106417655944
4517,753,8,8,0.34,0.86,True,False,False,False,3.6563502848148346,3.586329817771912,4.150319397449493,4.160262262821197,13.762150538199664,13.941843132703797,12.04726564810721,12.018473080021154,1.024456548690796,0.9267740249633788,1.530370819568634,1.5331939768791198,0.0731270056962967,0.0717265963554382,0.0830063879489898,0.0832052452564239
7948,1331,3,16,0.8,0.95,True,True,True,True,3.5758055353164675,3.586005687713623,3.608626961708069,3.609357149600983,13.983771215413778,13.943090072593662,13.855685498777207,13.852882364190156,0.8542230272293091,0.8413510322570801,0.9360730051994324,0.9385939121246338,0.0715161107063293,0.0717201137542724,0.0721725392341613,0.0721871429920196
7897,1366,8,8,1.86,0.99,False,False,False,False,3.5687987542152406,3.5897823572158813,4.000432062149048,4.017723298072814,13.899525682902704,13.916864170781585,12.482570210740832,11.69149500726246,0.8984831595420837,1.030550837516785,1.177683651447296,1.208899414539337,0.0723280800156258,0.0718552756309509,0.0801117072105407,0.0855325345169414
7336,735,8,32,1.2,0.93,False,False,False,True,3.560172139406204,3.5764423608779907,3.6450839281082152,3.664913947582244,14.017343488734287,13.97995644876895,13.715818846902904,13.260484344319366,0.9217499113082884,0.9899080991744996,1.070216965675354,1.104147253036499,0.0713783052797975,0.0715309810638427,0.0729085161685943,0.0754171021938323
8029,1593,4,16,1.11,0.87,False,True,False,True,3.1877523815631865,3.084403395652771,3.831928849220276,3.8344265484809874,15.697183739423256,16.033194484818363,13.046736895789856,13.021356797721872,0.5282879555225373,0.4215418100357055,1.129690933227539,1.1354968190193175,0.064466122962346,0.0623706030845642,0.0766475179195404,0.0767969148039817
4342,1821,2,32,1.0,0.85,False,True,False,True,3.2066082894802093,3.1669846773147583,3.5684682607650755,3.5769208168983457,15.64255628081054,15.683594910321304,14.006218760692589,13.969248088812018,0.5330174565315247,0.4744724035263061,0.8807623863220215,0.8829680395126343,0.0642784792502721,0.063763301372528,0.0713968575000763,0.071585814332962
4033,758,7,8,1.85,0.9,False,False,False,True,3.703410443067552,3.737028479576111,3.8528202414512633,3.870260388851166,13.514753904087788,13.37961503384946,12.977506740064172,12.919027397855391,1.0336122250556945,1.1679775714874268,1.3384822487831116,1.3838559055328368,0.074068208861351,0.0747405695915222,0.0770564048290252,0.0774052077770233
6275,248,3,16,0.27,0.88,True,False,True,False,3.435787004232407,3.519899964332581,3.632472515106201,3.6369902539253234,14.334485190396515,14.174910048479022,13.748520041779551,12.308834056374286,0.8652667081356049,0.9306364059448242,1.079363679885864,1.1107745671272278,0.0701190364365048,0.0705471849441528,0.0727351014614105,0.0812891562686245
6320,878,8,32,0.03,0.77,True,True,True,True,3.611513042449951,3.61792254447937,3.659848392009735,3.664190201759338,13.845810758094958,13.82008581705577,13.661768352658196,13.645583719584058,0.9812894582748412,0.982345461845398,0.9934404850006104,0.99469979763031,0.072230260848999,0.0723584508895874,0.0731969678401947,0.0732838040351867
6874,77,8,16,1.81,0.82,False,False,True,False,3.4905356311798097,3.460134029388428,3.855702829360962,3.863817746639252,14.307668806254425,14.24893254975282,12.957533925178602,12.868094420896709,0.925928671360016,1.1048587560653689,1.2142636656761168,1.2466766023635865,0.0703413741442892,0.0701807737350463,0.0771751790046691,0.07771270084646
4216,1768,3,8,1.42,0.87,False,False,True,False,3.5983580029010773,3.528275489807129,4.031692731380463,4.041791014671325,13.944327494379364,14.171229227036894,12.401738818061034,12.370753490071454,0.9078398048877716,1.0725964307785034,1.1540878534317016,1.172240400314331,0.0719671600580215,0.0705655097961425,0.0806338546276092,0.0808358202934265
7231,848,1,32,0.28,0.93,False,True,True,False,3.164646056890488,3.094802737236023,3.615577113628388,3.618249526023865,15.881884329312456,16.15466623278897,13.826791835510075,13.817291663940235,0.5492926168441773,0.4367269277572632,0.961277186870575,0.9652848100662232,0.0633751274518477,0.0619016194343566,0.0723233568668365,0.0723730834007263
6054,1814,2,16,0.36,0.82,True,False,True,True,3.5855628287792207,3.637332558631897,3.668397915363312,3.679448928833008,13.944160447183254,13.739400538866088,13.629690873137616,13.585990010158325,0.923418184518814,0.9841598272323608,1.062349259853363,1.0880300545692445,0.0717813875436783,0.0727833795547485,0.073369235754013,0.0736052436828613
5814,1691,3,8,1.44,0.82,False,True,False,True,3.4469521689414977,3.309485077857971,4.036993432044983,4.04589290857315,14.695816249693326,14.901943012994424,12.385455042848063,12.358211436196072,0.7641170144081115,0.7362115383148193,1.3262784361839297,1.356103162765503,0.0690374301671982,0.0671411228179931,0.0807398686408996,0.080917858171463
6634,985,7,8,0.59,0.8,True,True,True,False,2.438436985015869,2.438436985015869,2.438436985015869,2.438436985015869,7.381777798897214,7.381777798897214,7.381777798897214,7.381777798897214,1.5100581645965576,1.5100581645965576,1.5100581645965576,1.5100581645965576,0.1354687213897705,0.1354687213897705,0.1354687213897705,0.1354687213897705
4384,927,1,32,0.84,0.96,True,False,True,False,3.465659793615341,3.5687694549560547,3.610615968704224,3.6237155175209046,14.417020190594744,13.993208442978542,13.82793268986955,13.724063873890222,0.7525571715831757,0.8390229940414429,0.9100116610527038,0.9398035955429076,0.0695208764560294,0.0714632391929626,0.0723173899650573,0.0728650519847869
5882,779,2,16,0.58,0.9,True,True,True,True,3.632584977149963,3.676321506500244,3.7035637974739073,3.70615392446518,13.57524304166791,13.587820270203846,13.496478135507871,11.694133527583446,0.968233289718628,1.0106854438781738,1.0306053638458252,1.0323131895065307,0.0738151544525509,0.0735953640937805,0.0740934066772461,0.0874796161924089
6647,1015,7,32,0.99,0.9,False,True,False,True,2.951389602422714,2.8185253143310547,3.5162498593330382,3.522090208530426,17.10636900383662,17.54057635939491,14.21969517319632,14.196115671137038,0.520818544626236,0.4368438720703125,0.8708606243133544,0.9319581389427184,0.0591160703829356,0.0570140051841735,0.0703249971866607,0.0704418041706085
7115,721,3,8,0.67,0.92,True,True,False,True,3.939716506004333,3.9491080045700073,3.966733992099762,3.9672946524620056,12.691840728306316,12.661086996880378,12.604828095923695,12.603046758181138,1.4076408052444458,1.547581911087036,1.5533254623413086,1.5545130610466005,0.0787943301200866,0.0789821600914001,0.0793346798419952,0.0793458930492401
4791,1045,5,32,0.72,0.83,False,False,False,False,3.279891676902771,3.274131417274475,3.3794466257095337,3.3905021476745607,15.186113678603542,15.270072672536868,14.795092068084,14.746764138397523,0.8520513427257538,0.8720138072967529,0.9855695843696594,0.9981657361984252,0.0659307480166939,0.06548757314682,0.0675899815559387,0.0678114867210388
6450,1772,2,8,0.02,0.73,False,False,False,False,3.5752570831775667,3.5491942167282104,3.753472292423248,3.761039528846741,13.958178445433976,14.081673349758594,13.3095076369652,13.273787220591258,0.93785875082016,0.9687949419021606,1.1142510294914243,1.1507236409187316,0.0717832037591508,0.0710142946243286,0.0751342594623565,0.075341128029142
4615,198,2,32,1.82,0.91,False,False,True,True,3.366898242235184,3.408110380172729,3.4723838567733765,3.516090316772461,14.756068577886465,14.669549163809188,14.39190978233067,12.882128111597888,0.9081949734687804,1.0239477157592771,1.1145596146583556,1.3230951261520385,0.0679020141702061,0.0681684207916259,0.0694834914207458,0.0776357256621121
5300,1113,4,32,0.94,0.87,False,True,False,True,2.951734981536865,2.8526384830474854,3.3846011996269225,3.388756070137024,17.050976278092104,17.52799435701221,14.772789185921331,14.754676741663774,0.4758358466625214,0.3951053619384765,0.9477134346961976,0.9571707201004028,0.0590346996307373,0.0570527696609497,0.0676920239925384,0.0677751214027404
6700,1826,4,8,0.68,0.9,False,False,True,False,3.594970667362213,3.5944660902023315,3.739799022674561,3.7460455203056338,13.889936397055235,13.78266900973516,13.368554696733373,13.346858269730069,0.9841470444202424,0.9756991863250732,1.166507601737976,1.203270604610443,0.0720743674119313,0.0725600147247314,0.0748024039268493,0.0749240016937255
4399,1582,6,8,0.73,0.74,False,False,True,False,3.567060562372208,3.582684874534607,3.732735300064087,3.742512650489807,13.958746933247951,13.95175419372374,13.378810336129026,13.33902963504192,0.8301024901866912,0.9093225002288818,1.0020172595977783,1.0144025254249571,0.0718605515669554,0.0716755747795105,0.0747450613975524,0.0749679720878601
5757,1703,2,8,1.61,0.95,False,True,False,True,3.324022636413574,3.266796112060547,3.922714400291442,3.93139874458313,15.260032882710108,15.343729858701938,12.746275951697928,12.71811978315608,0.6535980188846588,0.4837145805358886,1.2444688320159911,1.2563616847991943,0.0664804527282715,0.0653359222412109,0.0784542880058288,0.0786279748916626
4328,189,2,32,1.53,0.89,False,True,True,False,3.12368949174881,3.094823837280273,3.6002779483795164,3.624283847808838,16.03664774461438,16.153287135984804,13.887818326704894,13.79582897588953,0.5056154370307923,0.410507321357727,1.142515242099762,1.146162028312683,0.0626547530015309,0.0619069051742553,0.0720055589675903,0.0724856769561767
6405,1014,5,8,1.49,0.9,False,True,False,False,3.161635736227036,2.981175661087036,3.937195062637329,3.939767634868622,15.990570666650951,16.76741860158791,12.699396219737162,12.691103868096276,0.4772935366630554,0.312013030052185,1.3085938453674315,1.3130940651893617,0.0634880462721177,0.0596394729614257,0.0787439012527465,0.0787953526973724
7662,1172,6,8,1.48,0.82,True,False,False,True,3.752614452838898,3.717099666595459,4.161846888065338,4.167001950740814,13.22038522384518,13.365622870440028,12.006236172479763,9.057141915251302,1.0452986085414886,0.9726576805114746,1.516775119304657,1.5235204243659972,0.076535530748642,0.0748191857337951,0.0832900493144988,0.1104688134614156
7306,209,4,32,1.33,0.83,False,False,False,False,3.5377008271217347,3.542417049407959,3.698643302917481,3.708468687534333,14.008707945934717,14.098351825857172,13.50631417080958,12.473213832199509,0.8534870576858521,0.9697265625,1.1306411266326903,1.1330300378799438,0.0717087051788966,0.0709303021430969,0.0740394449234008,0.0803093488534287
7452,882,4,32,1.26,1.0,True,False,False,True,3.577726814746857,3.6376253366470337,3.752482104301453,3.765240242481232,13.932717214030994,13.742688549103232,13.309204611680055,12.890921938136705,0.8941383564472198,0.9363012313842772,1.0553717851638793,1.0908829164505005,0.0719180833260359,0.0727659654617309,0.0751359708309173,0.0775792963215256
5128,584,7,32,1.77,0.9,False,False,False,False,3.53927362203598,3.697725772857666,3.983644080162049,3.9982059836387633,14.229130208220791,13.520515427413237,12.550002232956343,12.504880899242842,0.9738448858261108,1.1429349184036257,1.2705626487731934,1.2773074769973756,0.0712479969773973,0.0739616775512695,0.0796812608242034,0.0799687745094299
4565,767,8,32,0.14,0.94,True,False,True,False,3.5409979331493378,3.6044905185699454,3.632543158531189,3.640357899665832,14.079019675638232,13.871029020223403,13.763655279249717,13.724850660948215,0.864426645040512,0.8896355628967285,0.9703565239906312,0.98306428194046,0.0711724798244588,0.0720927047729492,0.0726551213264465,0.072860537815094
6266,1019,5,32,0.57,0.98,True,False,True,True,3.613443388938904,3.6377499103546143,3.757076787948608,3.7678342294692992,13.793401128322184,13.743251869311148,13.292966593218354,13.264615877352057,0.9439189422130584,0.9858806133270264,1.096873140335083,1.1293592500686644,0.0726155134307014,0.0727629828453064,0.0752277524471283,0.0753885435581207
4182,817,3,32,1.57,0.98,False,False,False,True,3.624881358146668,3.60262131690979,4.272944450378418,4.300316164493561,13.79274762012016,13.87753457321597,11.701534566425751,11.62705239736534,0.8936473178863525,0.8058351278305054,1.2846984624862672,1.2897939205169675,0.0727183721401752,0.0720589089393615,0.0854588890075683,0.0860063232898712
7283,1965,8,8,0.94,0.94,True,False,True,False,3.6877981781959535,3.568143129348755,4.174093651771545,4.178168909549713,13.606048815190157,13.981135708544162,11.978230554945965,11.965370139097953,1.0447513747215271,1.022929072380066,1.4975558757781982,1.5025199270248413,0.0739046375643123,0.0715251421928405,0.0834847848415374,0.0835745144844055
5678,573,5,16,1.47,0.77,True,True,True,True,3.6633481311798097,3.667944550514221,3.696008563041687,3.701369984149933,13.649572393712187,13.63161579526254,13.5281083881718,13.508513702572412,0.9775305128097534,0.9780774116516112,0.9878999590873718,0.989269254207611,0.0732669626235961,0.0733588910102844,0.0739201712608337,0.0740273996829986
6076,1766,7,16,0.87,0.8,False,False,False,True,3.636040344238282,3.622966289520264,3.830303180217743,3.842706844806671,13.69039059859692,13.788857825843236,13.04507831815664,12.965701089602256,0.9743010938167572,1.0170652866363523,1.1211462259292602,1.1509671545028686,0.0731998223092821,0.0725223231315612,0.0766572630405426,0.077126853609085
7788,680,5,8,1.72,0.78,False,True,False,True,3.348994479179382,3.2602559328079224,4.010550463199616,4.023962359428405,15.176662441627466,15.361626311354142,12.467116755643682,12.425563701469772,0.6724159264564514,0.4485911130905151,1.3025012731552124,1.3307823610305785,0.0670106630961099,0.0652051186561584,0.0802110092639923,0.0804792471885681
4184,1005,3,32,1.23,0.98,False,False,False,True,3.6431100404262544,3.6337037086486816,3.8420403480529774,3.8504436302185057,13.605759941354927,13.73705110312555,13.001573817715268,12.933011297863167,0.8558099818229675,0.8758846521377563,1.0653878808021546,1.0757694721221922,0.0737647433783924,0.0727958273887634,0.0769137659072876,0.0774524250239653
4996,1273,7,16,0.05,0.87,True,False,False,False,3.5619719398021696,3.5659990310668945,3.670145559310913,3.680810797214508,14.022984557508977,13.985010715474289,13.62220283783863,13.57578984961313,0.9010361409187316,0.9402657747268676,1.0319459319114686,1.0505350351333618,0.0713554194552558,0.0715054297447204,0.0734095661640167,0.0736605427265167
8012,1814,6,32,0.86,0.83,False,False,True,False,3.5468547105789185,3.590194821357727,3.71973477602005,3.867706184387207,13.984393772227405,13.915742963655973,13.438924978456315,12.831979257288287,0.8886948442459106,0.9307820796966552,1.0058514952659607,1.0335315561294556,0.0716928748658055,0.0718610572814941,0.0744107139110565,0.0779848228379297
7114,1203,4,16,1.91,0.81,True,False,False,True,3.650609942674637,3.6758333444595337,3.737353312969208,3.7486372351646415,13.676905892843273,13.595330281721136,13.357436460734789,13.336997038515086,0.9477206099033356,1.006214618682861,1.0690361857414246,1.0877337741851807,0.0731629678741097,0.073554675579071,0.0748646650314331,0.0749793998718261
4077,618,1,8,0.5,0.86,True,False,True,False,3.632787185907364,3.518337368965149,4.114326858520508,4.135565154552459,13.789026536467668,13.518178081433632,12.146846646888338,12.089562086753132,0.929563012123108,0.8737821578979492,1.4809148788452149,1.487107174396515,0.0731247959625578,0.0739765107937348,0.0823258957862854,0.082715982055664
5016,1750,2,32,1.89,0.97,True,False,True,False,3.5740959560871124,3.6164870262146,3.686531662940979,3.6958974194526673,13.98926420616827,13.823253239478635,13.558320285425854,13.525172868939668,0.9153648352622986,0.9288491010665894,1.0403716444969178,1.0736790323257446,0.0715659315023666,0.0723418712615966,0.0737554497718811,0.0739362100601196
6837,739,5,8,0.84,0.86,False,True,False,False,3.2743064308166505,3.098072648048401,3.968893086910248,3.978521792888641,15.472082781681756,16.13906931673709,12.597971010973438,12.567481776108265,0.5048127281665802,0.4033846855163574,1.23122740983963,1.2350592303276062,0.065486128616333,0.061961452960968,0.0793778617382049,0.0795704358577728
6612,151,4,32,0.18,0.98,False,True,True,True,3.2010932099819183,3.1188894510269165,3.81266565322876,3.817795324325561,15.637070469954145,15.971876784882523,13.10919371459972,13.085077269397186,0.4884322094917297,0.3901267051696777,1.0124500274658204,1.015421407222748,0.0646723801565131,0.0626100540161132,0.0762823421955108,0.0764231178115395
7514,1505,7,32,1.88,0.87,False,True,False,True,3.588006911277771,3.444875955581665,4.438220798969269,4.460063591003418,14.01861037501812,14.497020121716822,11.25438451797952,11.210003589217711,0.8225723242759705,0.6675426959991455,1.4065438270568849,1.4126655268669128,0.0722303297426019,0.0689797091484069,0.0888542625904083,0.0892060375213623
6928,1556,4,8,0.46,0.71,False,False,True,True,3.6569992470741273,3.6781997680664062,3.769426310062408,3.778121519088745,13.645655678709756,13.592854005869103,13.263349760055585,13.21783914612276,0.909014446735382,0.9753148555755616,1.0628660440444946,1.0854015040397644,0.073331486426081,0.0735680675506591,0.0753957347869873,0.0756554029464721
7208,1756,7,8,1.76,0.99,True,True,True,True,4.151420922279358,4.162489891052246,4.173672914505005,4.176279480457306,12.044440656446868,12.012041191727684,11.97985588078457,11.972380934146006,1.4579229640960694,1.5483490228652954,1.5570889592170716,1.5608553576469422,0.0830284184455871,0.0832497978210449,0.0834734582901001,0.0835255896091461
4435,1800,7,16,1.58,0.71,False,False,True,False,3.591247578859329,3.6053624153137207,4.34579861164093,4.359318559169769,13.925036507264824,13.865785014165574,11.498900021020235,11.403216837642017,0.853488780260086,0.8509323596954346,1.3460871577262878,1.3484069037437438,0.0725532196852895,0.0721199703216552,0.0869648416042327,0.0877164721250532
6100,1360,6,16,0.35,0.9,True,False,True,True,3.602604856491089,3.6169744729995728,3.798217380046845,3.8135202383995055,13.869537213859012,13.822314338354314,13.163993830048108,13.082267937791224,0.8787785720825195,0.9534610509872437,1.087223124504089,1.1230289554595947,0.072221232642666,0.0723467850685119,0.0759647879600524,0.0764393464088439
6209,1934,3,8,1.24,0.77,True,False,True,True,3.695236059427261,3.6063681840896606,4.151063096523285,4.179251313209534,13.576911796631087,13.849932799020944,12.044778357302503,11.962519134592156,1.0260553240776062,0.994744062423706,1.4920183062553405,1.4950793766975403,0.0740454069546291,0.0722025942802429,0.0830235285758972,0.0835944326877594
6004,1850,8,32,0.55,0.71,False,False,True,False,3.525730414390564,3.565396904945373,3.591061270236969,3.6029299688339234,14.148633517580516,14.022854262761438,13.920394023004656,13.869888903367956,0.9082490730285644,0.9627925157546996,1.0108452796936034,1.0440842628479003,0.0707213200128995,0.0713121581077575,0.0718370471000671,0.0720986468791961
7549,2018,2,8,0.46,1.0,False,True,False,True,3.357567685842514,3.12224018573761,3.811104202270508,3.818896057605744,15.038049509599336,15.253959301081832,13.119187529985185,13.01137821423056,0.6370586335659028,0.4175310134887695,1.0893137216567992,1.1325279378890991,0.067621210437369,0.0657075667381286,0.076224232673645,0.0768571772704253
5004,1324,2,16,1.76,0.81,False,True,True,True,3.1332742309570314,3.090512275695801,3.893929088115692,3.9020575785636895,16.152368849180192,16.174238323469226,12.840500970235096,12.81375249102032,0.5065055644512176,0.367864727973938,1.254521107673645,1.2584623408317566,0.0628893154077166,0.0618267154693603,0.0778785817623138,0.0780411515712738
7792,825,6,8,1.68,0.75,False,True,True,True,3.373018659353256,3.2789214849472046,4.077233231067657,4.094566144943237,14.993798870637807,14.609384103256108,12.26212349935853,12.206982041348844,0.6717820644378663,0.4597095251083374,1.276317059993744,1.3179865074157715,0.0679930561733689,0.0684685972157646,0.0815519442558288,0.0819203409194946
5925,158,3,8,1.28,0.83,False,True,False,True,3.407814177274704,3.1860419511795044,3.969306063652039,3.9766174578666686,14.79724307803776,15.548829391947706,12.594770846035551,12.54568982352518,0.7069931817054749,0.4635595083236694,1.1902931213378904,1.217315490245819,0.0688443126947761,0.0643150353431701,0.0793980305194854,0.0797088953894537
7078,1545,1,32,1.42,0.71,True,True,False,True,3.5790875816345213,3.617485284805298,3.6468810200691215,3.649780366420746,13.741439890356284,13.787640860092488,13.704107851436854,11.372047607936835,0.8760563945770263,0.9649293422698976,0.9737912774085998,0.9756723165512085,0.0730265733213985,0.0725287508964538,0.0729708304405212,0.0915909491062163
8050,1675,1,16,1.65,0.88,False,False,False,True,3.658500221967697,3.6709223985672,3.76937485933304,3.780265798568726,13.67436874961244,13.620558572263958,13.26479912968954,13.226583173798971,0.9730726206302642,1.1444034576416016,1.2657867431640624,1.2987428379058836,0.0731700044393539,0.073418447971344,0.0753874971866607,0.0756053159713745
4568,289,4,32,1.39,0.85,True,False,False,True,3.583739161491394,3.611123442649841,3.684160232543945,3.704652900695801,13.94707309514795,13.84466187356824,13.567717236443176,13.494786967902074,0.868988779783249,0.906917691230774,1.0173723936080932,1.0520570135116576,0.0717587414503097,0.0722300052642822,0.0737043673992157,0.074102691411972
6483,2016,5,32,1.53,0.9,False,False,True,True,3.644112505912781,3.551802515983581,4.098164522647858,4.110159275531768,13.737907604470172,14.072597372368833,12.19485220198721,12.162181442250372,0.8396387565135955,0.98069167137146,1.1736895203590394,1.1858800148963926,0.0732021372795105,0.071060094833374,0.0820018138885498,0.0822220925331115
7184,704,1,16,1.91,0.78,True,False,False,False,3.456665046215057,3.5341209173202515,3.586655986309052,3.595562083721161,14.303145547179446,14.140816848664112,13.920096069132937,12.331037069740049,0.8729287099838257,0.938523769378662,1.010594093799591,1.0367758989334106,0.0702155694642507,0.0707172727584838,0.0718385863304138,0.0811736120897178
6169,586,5,16,0.83,0.92,False,True,False,True,3.2097222530841827,3.1045860052108765,3.726066768169403,3.7315591764450073,15.656411656653775,15.923790406540942,13.411268970747455,13.384009142888116,0.5601308166980743,0.4447915554046631,1.00453120470047,1.007600464820862,0.0644452600548799,0.0628027892112731,0.0745641596317291,0.0747174509396423
8099,1225,7,16,1.69,0.9,True,True,False,True,3.621209874153137,3.695205450057984,3.724191927909851,3.728473198413849,13.374966374401092,13.519959904612186,13.409805065912217,9.216662211647378,0.7972394418716431,0.6495530605316162,1.0008767247200012,1.0066486716270446,0.0752040173356378,0.0739647436141967,0.0745723164081573,0.1085582295217012
5648,144,3,8,0.64,0.73,True,False,True,False,3.6940864014625534,3.6234381198883057,4.240690541267395,4.247975599765778,13.57645757848477,13.771906077116084,11.78246913385632,11.759033572547622,1.090893486738205,1.0042990446090698,1.5621327042579651,1.5738305163383484,0.0743539818020427,0.0726118540763855,0.0848718540668487,0.0850410171508789
4243,423,5,8,0.36,0.76,False,True,True,False,3.228586527109146,3.090649724006653,4.033456754684448,4.039753053188324,15.633521126267071,16.155494387174034,12.394397248668923,12.370442585558813,0.4632931160926818,0.3226169347763061,1.3481029510498046,1.353166379928589,0.0652939154326915,0.0618984532356262,0.0806816160678863,0.0808378543376922
7410,1730,4,16,0.45,0.94,False,True,True,False,3.1181436979770663,3.025892853736877,3.67072993516922,3.6744123792648313,16.11800366266947,16.520244076831553,13.618284637537991,13.606003496890644,0.5064929401874543,0.3718184232711792,0.9777717471122742,0.9845846700668336,0.0627018237140443,0.0605317950248718,0.0734306874275207,0.0734969703197479
5358,257,5,32,0.46,0.85,True,False,False,True,3.695475178956985,3.629473209381104,4.058278119564056,4.082931294441223,13.541146665595356,13.77490993450004,12.314186261630368,12.218218482452308,1.0279868054389951,0.96896493434906,1.3996610641479492,1.4433663272857666,0.0741434877227854,0.0725957560539245,0.0812071523666381,0.0818449926376342
5810,957,2,8,0.7,0.89,False,True,True,False,3.221594961881637,3.048650622367859,3.91347621679306,3.915808849334717,15.725563962583252,16.400698655150027,12.776364862086824,12.768754025867716,0.4965932750701904,0.3853634595870971,1.215146827697754,1.22228444814682,0.0644318992376326,0.0609730124473571,0.0782695243358612,0.0783161769866943
5266,725,6,8,0.0,0.96,True,False,False,False,3.728103215694428,3.5965187549591064,4.233969485759735,4.240704050064087,13.479400591008504,13.902332618620765,11.809249068410644,11.790495028381796,1.0465374672412873,0.971785306930542,1.61079443693161,1.6168154215812682,0.0745907066117161,0.0719303750991821,0.0846793897151947,0.0848140810012817
6132,638,1,32,1.0,0.89,True,True,False,True,3.6389888620376585,3.642106294631958,3.6704590916633606,3.674688148498535,13.740903683983676,13.728319852663128,13.622276189272188,13.606597697220804,0.819694595336914,0.7052503824234009,1.0007533192634583,1.0058407592773435,0.0727797772407531,0.0728421258926391,0.0734091818332672,0.0734937629699707
5744,676,8,8,0.74,0.92,True,False,True,False,3.498337641954422,3.425615668296814,3.930968225002289,3.939061875343323,14.227848185045476,14.54949675664824,12.704974659718864,12.654335950505526,1.0287250244617463,0.9516533613204956,1.521689474582672,1.5247126746177673,0.0708271056175231,0.0687309098243713,0.0787093267440795,0.0791012183984118
6513,386,8,16,1.95,0.74,True,False,False,True,3.4358582866191862,3.4767085313797,3.5985267043113707,3.609046642780304,14.41405494771895,14.37466994045316,13.882923028867063,13.072964311149224,0.8366192018985749,0.902634620666504,0.9622243165969848,0.9714911937713624,0.0695848624232041,0.0695668148994445,0.0720309436321258,0.0765381702922637
8140,1997,4,32,0.44,0.86,False,True,True,False,2.5681449496746063,2.3671058416366577,3.2581895709037783,3.263348309993744,19.85337747343724,21.122840863694183,15.345945628618466,15.321686579382709,0.466346310377121,0.3985859155654907,0.8021695852279663,0.8072395849227905,0.0513628989934921,0.0473421168327331,0.0651637914180755,0.0652669661998748
4695,1112,2,8,0.73,0.96,False,True,False,False,3.2554785335063934,3.085252285003662,4.107240700721741,4.110735380649567,15.645892434438302,16.167886127766607,12.173018411530125,12.162249366741912,0.5593466663360596,0.358488917350769,1.3315685987472534,1.3367550206184386,0.065280466799438,0.0618511080741882,0.0821488940715789,0.0822216348171234
4573,843,4,8,1.0,0.81,False,False,True,True,3.7358310759067535,3.7234469652175903,4.010243046283722,4.018588860034942,13.40986104710979,13.428417456309448,12.468072239999838,12.442178534504,0.9717436611652376,0.9613533020019532,1.2997649669647215,1.319088499546051,0.0747166215181351,0.0744689393043518,0.0802048609256744,0.0803717772006988
5197,1218,4,32,0.64,0.88,False,False,False,True,3.654000233411789,3.684688448905945,3.7017064094543457,3.707788279056549,13.687142123320449,13.569668291181287,13.507284119495685,13.485128458171015,0.9508230376243592,0.9799965620040894,1.0324643492698669,1.0589763259887697,0.0730800046682357,0.0736937689781188,0.0740341281890869,0.0741557655811309
4968,431,6,16,0.92,0.84,False,True,True,True,3.156577773094177,3.0807902812957764,3.7554850578308105,3.759217672348023,15.873987355929104,16.22851624181525,13.313135629514536,13.299036004830224,0.4658147549629211,0.3714677095413208,0.9774204730987548,0.9823622250556946,0.0637374256584379,0.0616199278831482,0.0751137845516204,0.0751934200763702
6581,307,3,16,1.76,0.95,True,False,False,False,3.5480253970623017,3.5753798484802246,3.6544037461280814,3.662943680286408,14.049550898531168,13.982831631383288,13.680730913243286,13.606323210002024,0.9737616658210756,1.0055623054504397,1.0675187706947329,1.1068229866027832,0.0712664327671653,0.071516273021698,0.0730955097675323,0.0734952870845794
6665,1279,3,8,0.78,0.85,False,False,False,False,3.568530937433243,3.580193877220154,3.692498540878296,3.718600842952728,13.938228545795162,13.899147100814307,13.5387408056435,12.976595024816875,0.9508888733386992,0.9951115846633912,1.049699056148529,1.0713105010986328,0.0718709501162171,0.0719470691680908,0.0738621127605438,0.0770643012434243
4339,156,2,32,1.83,0.93,True,False,True,False,3.5447450363636017,3.5489500761032104,3.647847580909729,3.6573890256881714,14.112646932799631,14.088673908882042,13.706713240081804,13.6709548010412,0.8673420786857605,0.851118803024292,1.0479355692863463,1.0501268410682678,0.070894900727272,0.0709790015220642,0.0729569516181945,0.0731477805137634
7197,1903,2,32,0.09,0.88,False,False,False,False,3.5296525239944456,3.537561416625977,3.6453177690505982,3.658147087097168,14.17377408801802,14.134030333006612,13.71622544696902,13.668121842936207,0.9195571386814118,0.954322099685669,1.083924388885498,1.1197745132446288,0.0705930504798889,0.0707512283325195,0.0729063553810119,0.0731629417419433
8066,1382,2,32,1.93,0.8,True,True,True,True,3.564511160850525,3.5931121110916138,3.632712149620056,3.6395412349700926,13.885907858564872,13.889536316705396,13.73659842100922,12.888388303617113,0.8144726467132568,0.9836500883102416,0.9929622411727904,1.0007564425468445,0.0720394915906394,0.0719966506958007,0.0727983465194702,0.0776316199651578
7976,1193,7,32,0.07,0.96,False,False,True,False,3.5105607318878174,3.5423771142959595,3.597822797298432,3.600975577831268,14.250985735299995,14.11481567731461,13.897293680320832,13.885126105219156,0.9679772806167602,0.963631510734558,1.0503377318382263,1.084396126270294,0.0702112146377563,0.0708475422859191,0.0719564559459686,0.0720195115566253
4876,244,1,16,1.72,0.98,False,True,True,False,2.9540972769260407,3.039021849632263,3.2497106790542603,3.2559918665885923,16.80662678960459,16.442551542083336,15.3695897983784,15.325723636694349,0.4257731902599335,0.3529934883117676,0.8099680781364441,0.8128270363807678,0.059724619207303,0.0608178114891052,0.0650635452270507,0.065255258431154
5610,1820,7,8,0.31,0.99,False,True,True,False,3.2516516292095186,3.039875864982605,3.983099377155304,3.9889291167259215,15.580003246384436,16.185521548814314,12.5530385438338,12.53469253633042,0.5181041097640992,0.3874243497848511,1.2790145754814148,1.2818600201606751,0.0651383767618852,0.0617947530746459,0.079661987543106,0.0797785823345184
6087,848,1,32,0.16,0.75,True,False,False,False,3.570750495195389,3.598712682723999,3.6434606194496153,3.6629381942749024,14.010197226614483,13.893857200536734,13.723216806324873,13.650244736790864,0.9193138003349304,0.9726635217666626,1.0431790471076965,1.0588397049903868,0.0714150099039078,0.0719742536544799,0.0728692123889923,0.073258763885498
6091,723,1,16,1.5,0.75,False,False,False,False,3.5386808240413665,3.5578144788742065,3.624669551849365,3.6297243428230286,14.135543331648606,14.053571457095934,13.794360946275235,13.775150749113994,0.9463162362575532,1.0052849054336548,1.06316739320755,1.0903930640220645,0.0707736164808272,0.0711562895774841,0.0724933910369873,0.0725944868564605
5100,2037,6,32,0.78,0.8,False,False,False,True,3.653635503053666,3.638241767883301,3.7670275926589967,3.7763487839698793,13.690574048735382,13.742902049421058,13.273064444277724,13.240302438267014,0.8819261312484741,0.9696705341339112,1.0207568645477294,1.0349830365180968,0.0730727100610732,0.072764835357666,0.0753405518531799,0.0755269756793975
6557,1358,1,32,0.06,0.91,True,True,False,False,2.292686700820923,2.292686700820923,2.292686700820923,2.292686700820923,10.904237369653892,10.904237369653892,10.904237369653892,10.904237369653892,1.0415153503417969,1.0415153503417969,1.0415153503417969,1.0415153503417969,0.0917074680328369,0.0917074680328369,0.0917074680328369,0.0917074680328369
5103,1698,8,32,0.87,0.75,True,False,False,False,3.50172933459282,3.5504701137542725,3.600074708461761,3.6167591786384574,14.257071036978578,14.079182427008655,13.885976606814095,13.823674814123098,0.9084232568740844,0.9120287895202636,1.025894010066986,1.0695861768722534,0.0702344641358763,0.0710268521308899,0.0720151004791259,0.0723396649360656
7007,1264,5,32,1.23,0.8,True,True,False,True,3.5858506870269777,3.620189428329468,3.642713248729706,3.647396960258484,13.785479427896869,13.798134999691168,13.721854510292246,12.454216069674615,0.9627285766601562,0.9629456996917723,0.9735981822013856,0.9763861680030824,0.072605227279663,0.0724735689163208,0.0728764519691467,0.0810687582492828
7722,265,4,32,1.21,0.96,True,True,False,False,2.5805795192718506,2.5805795192718506,2.5805795192718506,2.5805795192718506,12.400315417921815,12.400315417921815,12.400315417921815,12.400315417921815,0.9626297950744628,0.9626297950744628,0.9626297950744628,0.9626297950744628,0.0806431099772453,0.0806431099772453,0.0806431099772453,0.0806431099772453
6494,232,6,32,1.97,0.76,False,True,False,False,3.0641714930534363,3.068063259124756,3.3905064344406126,3.3979080390930165,16.252988194766093,16.282037624501548,14.746422886363352,13.509000993090886,0.5150889217853546,0.4107251167297363,0.954158902168274,0.9598236083984376,0.0619222733301274,0.0614173746109008,0.0678130559921264,0.0740596329268285
7889,365,3,32,1.26,0.97,False,False,True,False,3.468325721025467,3.465751051902771,3.7025759100914,3.714710841178894,14.297997159839362,14.339002509266006,13.482941044915355,12.42549335967456,0.8677463042736053,0.9431289434432985,1.0388270616531372,1.0809407329559326,0.0701720970825803,0.069739875793457,0.0741677949428558,0.0804797241764683
6635,973,6,16,1.48,0.73,True,True,True,True,3.6012316751480102,3.611130714416504,3.63167918920517,3.6349640250206,13.884962674490986,13.846078999953534,13.76773754554112,13.755296542769909,0.8994015216827392,0.992414116859436,1.001279389858246,1.003170564174652,0.0720246335029602,0.07222261428833,0.0726335837841034,0.072699280500412
6773,1252,2,8,0.22,0.97,False,True,True,False,3.2112543320655824,3.022133946418762,4.228585755825042,4.231920728683472,15.92642096833929,16.542913498086868,11.822252329523748,11.750755952887406,0.478724341392517,0.3443938493728637,0.951726496219635,0.958082492351532,0.064647826537821,0.0604488444328308,0.0845862507820129,0.0851022948980331
6423,156,7,32,0.75,0.98,False,False,False,True,3.59686886548996,3.62406587600708,3.677811884880066,3.691438252925873,13.862293006427713,13.796132284333137,13.591243448899364,13.523466707727303,0.9478131771087648,1.0099185705184937,1.1057515621185303,1.127167477607727,0.0721938074723533,0.0724840831756591,0.0735767858028411,0.0739463427543639
4880,669,8,16,1.34,0.92,False,True,True,True,3.082790960073471,3.0458914041519165,3.565392804145813,3.570189538002014,16.180562199515833,16.402003776582376,14.016785104587685,13.446404177196596,0.5044642150402069,0.4127551317214966,1.075847589969635,1.081534070968628,0.0623210361907076,0.0609681606292724,0.071343035697937,0.0743701816195673
6332,1787,2,8,0.4,0.79,False,True,True,False,3.190698143243789,2.9958336353302,3.9386669754982,3.9437598323822014,15.88834489880755,16.6860011397467,12.694650327590924,12.67825691157013,0.5057533752918243,0.3559749126434326,1.2553245306015015,1.2623976469039917,0.0639166536150556,0.0599304795265197,0.0787733395099639,0.078875196647644
5106,865,6,8,0.74,0.77,False,False,False,True,3.681634129285813,3.7147018909454346,3.83043520450592,3.837986829280853,13.562668818224545,13.457532407778787,13.052181880657557,13.017151663291148,0.9274504137039185,0.9711387157440186,1.042609596252441,1.062403664588928,0.0738093831459681,0.0743078279495239,0.0766155462265014,0.0768217216968536
6638,1039,1,16,0.16,0.93,False,False,True,True,3.506276916265488,3.5441893339157104,3.6713409662246703,3.67740070104599,14.250565515689248,14.103271837209295,13.616258720612397,13.539958248326888,0.8918130683898926,0.9514764547348022,1.0346200227737423,1.0549724984169004,0.0703085951632923,0.070905532836914,0.073441612958908,0.0738560538291931
5838,726,3,16,1.96,0.87,True,False,True,False,3.4583650994300843,3.5103737115859985,3.607046902179718,3.611266279220581,14.39783628913305,14.21593165480776,13.859365034488302,13.821388228815875,0.8664437425136566,0.9461501836776732,1.0092360377311709,1.0173316860198975,0.0696810233111634,0.0703436207771301,0.0721533777713775,0.0723528829863576
5362,360,8,32,1.08,0.83,False,False,True,False,3.553367403745652,3.6072402000427246,3.704569292068481,3.714413638114928,13.904668220942185,13.830025543143684,13.485335211521054,11.40712455105297,0.8638775968551635,0.9502785205841064,1.0345999360084537,1.0381272840499878,0.0722659146904945,0.0723064470291137,0.0741546268463134,0.0877392660856244
4544,2030,1,8,0.39,0.96,False,False,True,True,3.7038248383998873,3.702625870704651,3.862580633163452,3.902259042263031,13.446040177427548,13.502793499755391,12.91473569435036,12.781702560041651,0.8815807569026947,0.9138048887252808,0.9785157322883606,0.9880261421203612,0.0744855629841486,0.0740587496757507,0.07743093085289,0.078236840057373
6409,1969,8,8,1.95,0.92,False,True,True,True,3.503491191864013,3.2155606746673584,4.380525124073029,4.392874240875244,14.456274581945497,14.75624843869261,11.41286345544528,11.37904533235971,0.8321541583538056,0.6906245946884155,1.653328502178192,1.6841796326637268,0.0710357663058008,0.0679567408561706,0.0876204309463501,0.0878808360576629
4210,445,4,32,1.65,0.96,True,False,True,False,3.5178412544727324,3.5870989561080933,3.672739183902741,3.6841725063323976,14.1210661081915,13.93021505385433,13.5941030722415,12.249698630493985,0.8263275766372681,0.8192715644836426,1.029268217086792,1.040184338092804,0.0710554939785173,0.07178640127182,0.0735613083839416,0.0816346621172768
4712,1971,2,16,1.86,0.9,True,False,True,True,3.325042153596878,3.278797149658203,3.635557973384857,3.642522044181824,15.031470664615853,15.247846653657495,13.751662866376511,13.670113182192942,0.8739955317974091,0.8928875923156738,0.9860966324806208,1.0192150044441224,0.0667676195734728,0.0655830311775207,0.0727184789180755,0.0731523725042537
8099,1269,2,32,1.46,0.76,True,False,False,False,3.4748819160461424,3.473876953125,3.5362557291984555,3.5520685863494874,14.372867093418966,14.391572283744726,14.127847101160912,14.034107638451465,0.9476700091362,0.9717075824737548,1.0566366076469422,1.075497579574585,0.0695991449639603,0.0694851112365722,0.0707821931838989,0.0712549770355224
7007,1998,2,16,0.86,0.87,False,False,True,False,3.478320822715759,3.4860572814941406,3.5640819549560545,3.6022721123695374,14.379275276970343,14.342851494651248,14.028858841403126,13.880129791140757,0.9379199361801148,0.9893592596054076,1.0683133840560912,1.1036514663696289,0.0695664164543151,0.0697211456298828,0.0712816390991211,0.0720454422473907
6919,358,6,16,0.57,0.89,False,True,False,False,3.1668351316452026,3.063657760620117,3.649791193008423,3.6794672656059264,15.867362215975628,16.31802355853219,13.69941462547247,13.588923720455464,0.5346363723278046,0.4031707048416137,1.017071437835693,1.020136034488678,0.0634546570658683,0.061281931400299,0.0729958238601684,0.0735893453121185
7886,1651,7,8,0.58,0.91,False,True,False,True,3.304646052122116,3.10354745388031,3.657937061786652,3.6606078362464896,15.249911897416764,15.117531837313198,13.668150604791064,13.6559159892473,0.5954604732990265,0.4685127735137939,0.9576725482940672,0.9590554189682008,0.0662217171486685,0.0664322686195373,0.0731627876758575,0.0732283360958099
4699,611,1,16,0.52,0.82,False,True,True,True,3.044061480760574,3.1224948167800903,3.721586000919342,3.7257221817970274,16.878613231699223,15.997057850717685,13.433584468187194,13.413402488429924,0.4827280604839325,0.3906941413879394,0.9639509081840516,0.9670689916610716,0.0613097843391053,0.0625114965438842,0.0744402956962585,0.0745522996902465
7194,1053,4,16,1.71,0.78,False,True,True,True,3.1476122188568114,3.1227684020996094,3.591540217399597,3.596616051197052,15.797022688696329,16.007363723735782,13.917131105113071,13.87797140611001,0.5378761780261994,0.4291783571243286,0.9424937605857848,0.9469544267654418,0.0640919213612874,0.0624712491035461,0.071853889465332,0.0720654445330301
5400,658,8,32,0.12,0.96,False,True,True,False,3.0998391568660737,3.063979148864746,3.457182455062866,3.461433665752411,16.174600726464742,16.30774838109307,14.462644340951329,14.444881757609863,0.4870055782794952,0.4002758264541626,0.871669340133667,0.8751724505424499,0.0621308792965085,0.0613205528259277,0.0691436491012573,0.0692286733150482
7569,235,3,32,1.39,0.91,False,True,True,True,3.1918985795974733,3.2136170864105225,3.601161539554596,3.607469322681427,15.560983465259785,15.551440001722742,13.87959201018967,13.11054492710655,0.5603374600410461,0.449776291847229,0.9558043241500854,0.9608871603012084,0.0646793963999249,0.0643027281761169,0.0720482273101806,0.0762769784208605
4252,1346,4,8,0.76,0.79,False,False,False,True,3.638621919155121,3.645660638809204,3.734279358386993,3.742478001117706,13.665494286149906,13.626542013831028,13.38734852403295,13.25814221821371,0.8613393878936768,0.8881474733352661,1.0067099690437316,1.0203642845153809,0.0732732788971728,0.0733876252174377,0.0746973905563354,0.0754324463337659
4481,870,4,8,1.21,0.72,False,True,True,False,3.260722478628159,3.167109727859497,4.001291573047638,4.0055865788459775,15.38952285027225,15.78056185104403,12.486605337556066,12.359659984676796,0.5259794354438782,0.367699384689331,1.34611337184906,1.3475913834571838,0.0659778147420825,0.0633691000938415,0.0800858178138732,0.0809102396684534
8059,166,5,16,0.75,0.96,False,False,True,False,3.5073628175258635,3.5197285413742065,3.584112226963043,3.6005660462379456,14.26284734588872,14.205641710061157,13.950456022055596,13.886705458045077,0.8515809094905853,0.9188203811645508,0.9913960099220276,1.0199906110763548,0.0701472563505172,0.0703945708274841,0.0716822445392608,0.0720113209247589
6018,2001,8,32,1.17,0.74,False,False,False,False,3.434597263336181,3.595273852348328,3.6541783094406126,3.668361766338348,14.626727475088344,13.87990549737126,13.682777316947975,13.56847680278947,0.9308563113212586,1.0024616718292236,1.0976881861686707,1.1138364386558532,0.0689971534013747,0.0720468759536743,0.0730845775604248,0.0737053234577178
6023,1355,1,8,1.85,0.87,True,False,False,True,3.740110788345337,3.644071578979492,4.259872007369995,4.2626181817054745,13.403941009855828,13.720573971727203,11.737319737693424,11.727613611088977,1.056161653995514,0.9654686450958252,1.5192510962486268,1.5266057658195495,0.0750520469743328,0.0728832483291626,0.085198326587677,0.0852688393115997
7348,381,2,8,0.96,0.96,False,True,False,True,3.382176241874695,3.4471116065979004,3.664865219593048,3.67294246673584,14.785745372122634,14.061114859706503,13.63154921361335,13.597806924494511,0.6585988473892211,0.6685948371887207,0.9804763793945312,0.9879380893707276,0.067932965947872,0.0711181163787841,0.073359233379364,0.0735412707328796
7153,1290,7,32,0.38,0.87,True,True,True,False,3.500488314628601,3.508995532989502,3.541294598579406,3.543464939594269,14.284884140461829,14.249092978464777,14.119130377917148,14.11048448522126,0.9143013668060302,0.9149891138076782,0.9248036026954652,0.92753803730011,0.070009766292572,0.07017991065979,0.0708258919715881,0.0708692987918853
5459,986,8,16,0.46,0.89,False,False,True,False,3.5873834133148192,3.635854721069336,3.7549187660217287,3.761313662528992,13.879977864366356,13.744869376369143,13.311863472836045,13.254611031618534,0.9219743597507476,0.9883581399917604,1.0654496431350706,1.1025030040740966,0.072199907360971,0.0727544260025024,0.0751209628582,0.0754610346764325
5622,447,4,16,0.52,0.77,False,False,False,False,3.514529002904892,3.539453148841858,3.603425621986389,3.620983552932739,14.199892923237533,14.12163409678626,13.873950119681774,13.794170000381929,0.8874893414974213,0.943795084953308,1.0107989192008973,1.0291640853881836,0.0704751944337572,0.070813341140747,0.0720775263309478,0.0724943962574005
4690,1655,5,32,0.15,0.7,False,False,True,False,3.580430097579956,3.573495626449585,3.744852900505066,3.761255745887756,13.933185444606844,13.927128965242144,13.350729459613632,13.293011138752265,0.888161472082138,0.9332960844039916,1.0278639912605283,1.048342192173004,0.0718740624168645,0.0718038606643676,0.0749022743701934,0.0752275003433227
6334,999,4,16,1.22,0.78,False,True,True,False,3.0062422943115235,2.9623236656188965,3.2894277930259705,3.293003876209259,16.654099002439196,16.86953633717178,15.200212068465992,15.183705199314684,0.4206911301612854,0.3530999422073364,0.775321090221405,0.7772052335739136,0.0602296179022108,0.0592784523963928,0.0657885558605194,0.0658600775241851
7182,583,1,16,1.68,0.88,False,False,True,False,3.60092236161232,3.616303563117981,3.718981671333313,3.73033175945282,13.872880802998024,13.82426061142445,13.444020614150528,13.392484366377444,1.033563048839569,1.0470774173736572,1.16580308675766,1.1998042201995849,0.0721203028221388,0.0723365998268127,0.0743825101852417,0.0746687500953674
6848,1240,7,32,0.01,0.77,False,False,False,True,3.6049016559124,3.617581009864807,3.672355854511261,3.684124209880829,13.822845520249563,13.819980253831504,13.610343242207112,13.560119467576593,0.9900120902061462,0.996634840965271,1.079450476169586,1.1038236451148986,0.0723743402418337,0.0723590040206909,0.0734735331535339,0.0737456640720367
6725,166,3,32,1.29,0.93,True,False,False,False,3.526927431821824,3.546168565750122,3.628474152088165,3.641026613712311,14.144216064797677,14.088063880589823,13.777094430409369,13.7154273005532,0.9803269481658936,0.990709662437439,1.0750871062278748,1.0960258889198302,0.0707939476251602,0.0709821128845214,0.0725842487812042,0.07291068277359
7452,585,4,8,1.74,0.93,True,False,True,False,3.6158575773239137,3.5717313289642334,4.156063616275787,4.15938640832901,13.77135125647676,13.99067025359628,12.024300582889198,11.093713996315016,1.04364297747612,0.9658838510513306,1.5182876229286193,1.5235059833526612,0.0733668459201641,0.0714762043952941,0.0831649203300476,0.0901799127762776
4380,1004,8,16,1.06,0.88,True,False,False,False,3.348611924648285,3.331848382949829,3.545400583744049,3.552689278125763,14.816829207371349,15.001911948493408,14.10029686955317,14.003644252753508,0.8094410490989685,0.8853162527084351,0.9490619540214538,0.9598409223556518,0.0677205750275281,0.066658170223236,0.0709204926490783,0.0715312542522651
7481,790,4,8,1.32,0.75,True,False,True,False,3.6240174639225007,3.583574652671814,4.105189383029938,4.11104971408844,13.76708300076823,13.947753987917794,12.172835488123066,12.120783465905827,1.0194134664535524,0.9689663648605348,1.4636560082435608,1.4662330651283264,0.0732059560465089,0.0716961312294006,0.0821501286029815,0.0825885602156318
4568,450,8,8,1.13,0.8,True,True,True,True,4.260693926811218,4.279553174972534,4.29775037765503,4.300081057548523,11.736205193731683,11.683462909196798,11.633994463060708,11.627687863998272,1.4171051359176636,1.5852125883102417,1.593593692779541,1.598060178756714,0.0852138785362243,0.0855910634994506,0.0859550075531005,0.0860016211509704
6807,1051,1,16,1.7,0.98,True,False,False,False,3.5536083459854124,3.565165162086487,3.644720220565796,3.651086468696594,14.057688618556618,14.022840763108457,13.714942086419416,13.693241915708446,0.9758969426155092,1.00616192817688,1.077844965457916,1.1146971130371093,0.0711941907031195,0.0713122272491455,0.0729131770133972,0.0730287251472473
4582,821,7,8,0.89,0.83,False,True,True,False,3.225327389240265,3.1170573234558105,4.04554899930954,4.051113533973694,15.581547682975234,16.026768992815693,12.352724362699693,12.329023301105597,0.4716904938220977,0.3581571578979492,1.2157791256904602,1.226351525783539,0.0653884487041578,0.0623956084251403,0.080953801870346,0.0811114683502598
5296,975,1,8,1.28,0.71,True,False,False,True,3.732611999511719,3.65566623210907,4.218527209758759,4.223096640110016,13.433782006614,13.642772678202771,11.851177976708108,11.830924852146929,1.0328837299346925,0.9551661014556884,1.4575913906097413,1.479479033946991,0.0748426269241742,0.0732989287376403,0.0843797976970672,0.084524247932434
6847,1525,8,32,1.92,0.94,False,True,False,True,3.141401792764664,3.009525179862976,3.875157189369202,3.891346101760864,15.985473586282206,16.608673207506126,12.90270241463259,12.849024149816508,0.5154453933238983,0.3959863185882568,1.3202986240386962,1.32836749792099,0.0631701527165937,0.0602095055580139,0.077503143787384,0.0778269220352172
4417,387,7,16,1.44,1.0,True,False,True,False,3.252842116355896,3.0497244596481323,3.573963820934296,3.578419773578644,15.406719477603572,16.229156128917836,13.98808240316528,13.961047138325306,0.8798717617988586,0.886641263961792,1.0051968812942504,1.014097545146942,0.0653119702187848,0.0616229724884033,0.0714894273281097,0.0716307818387005
8030,455,1,16,0.78,0.92,False,True,False,True,3.2309137976169584,3.086053967475891,3.911606287956238,3.916157295703888,15.623273476523588,16.193653775146558,12.78247255843924,12.76761791310524,0.5258872139453888,0.3900240659713745,1.008561944961548,1.0125804996490475,0.0648146261936476,0.0617525887489318,0.0782321257591247,0.0783231459140777
6262,418,7,16,1.07,0.99,True,True,False,True,3.604799675941467,3.616831779479981,3.6340673923492433,3.635948281288147,13.871235438379994,13.824253679459297,13.758688321304902,13.751571870043051,0.8000122261047363,0.9606274366378784,0.9699857831001282,0.9722331213951112,0.0720959935188293,0.0723366355895996,0.0726813478469848,0.0727189656257629
7018,1291,4,32,0.78,0.86,False,True,True,True,3.2188707172870634,3.1494141817092896,3.582923877239227,3.586095952987671,15.569723868043924,15.58189623142644,13.955082975009452,13.942739028445969,0.5458890902996063,0.5203070640563965,0.8945268869400025,0.9016678190231324,0.0645536156773387,0.0641965460777282,0.0716584775447845,0.0717219190597534
6477,1465,8,16,0.39,0.93,False,False,False,False,3.529322270154953,3.653929114341736,3.715285646915436,3.724990458488465,13.948552510320106,13.663880439303274,13.44934794073002,9.66542418494593,0.8370410811901092,0.897885799407959,1.0455832123756408,1.0781473016738892,0.0720706241041422,0.0731856560707092,0.0743530473709106,0.103469204455614
5033,408,2,32,1.08,0.9,True,True,True,True,3.5792466688156126,3.5864533185958862,3.613439464569092,3.6201814460754393,13.970339762901446,13.941349768321224,13.837231956526251,13.81149947859332,0.8882045555114746,0.8848361968994141,0.9236431360244752,0.9255421018600464,0.0715849333763122,0.0717290663719177,0.0722687892913818,0.0724036289215087
6530,1465,3,32,1.19,0.75,True,True,False,True,3.640357217788696,3.645125269889832,3.672593665122986,3.675681438446045,13.735846963282205,13.71695103054924,13.614356931589858,13.602921560154249,0.9136437845230102,0.9039809703826904,0.976275098323822,0.9784458589553832,0.0728071443557739,0.0729025053977966,0.0734518733024597,0.0735136287689209
7334,1774,5,16,1.79,0.75,False,False,True,True,3.662085498571396,3.679450035095215,3.788018596172333,3.811420307159424,13.660337045170564,13.588990599515675,13.199513356964175,13.118469457591251,1.011857089996338,0.9639708995819092,1.3849639058113097,1.442074053287506,0.0732417099714279,0.0735890007019043,0.0757603719234466,0.0762284061431884
5603,1916,8,32,1.16,0.75,False,True,False,False,3.1438560128211974,3.112239003181457,3.491883099079132,3.497709515094757,15.93261109784077,16.05626609757676,14.315491958260113,14.283567289167602,0.5393116104602814,0.4941267967224121,0.8652163028717041,0.8689314723014832,0.0630347998778025,0.0622809863090515,0.0698543930053711,0.0700105224132537
5082,524,5,8,0.19,0.91,False,False,True,False,2.998920577764511,3.012265205383301,3.079203712940216,3.0857568550109864,16.597401405241495,16.596594600175003,16.233179055428444,16.184146357987814,0.8956390607357025,0.9136912822723388,0.9819803714752198,0.9945147609710692,0.0603692173878351,0.0602533245086669,0.0616022281646728,0.061790261973275
6026,943,3,16,1.36,0.99,True,True,False,True,3.746581783294678,3.754256248474121,3.7794135332107546,3.781028158664703,13.346279944591018,13.31821725207318,13.229566508635038,13.22391637966057,1.1246592330932617,1.256149411201477,1.2643886804580688,1.2671850204467774,0.0749316356658935,0.0750851249694824,0.075588270664215,0.075620563173294
4983,1211,1,16,0.34,0.82,False,True,False,False,3.103641464710236,3.03964364528656,3.5009048342704774,3.5067444324493406,16.178919797182512,16.449296659507404,14.282022082278145,14.258238934474512,0.4622895812988281,0.3574448823928833,0.8442631244659424,0.8485850548744202,0.0621268874872021,0.0607928729057312,0.0700180966854095,0.0701348886489868
5015,1108,1,8,0.43,0.86,False,False,False,False,3.557786695957184,3.56820034980774,3.6519048690795897,3.66151300907135,14.013607019592069,14.011637179635787,13.689687951390148,13.621662786165624,0.910428537130356,0.921712040901184,1.007652735710144,1.0513937401771545,0.0714079962927362,0.0713692474365234,0.0730476841926574,0.0734125029087066
6766,1420,6,8,0.89,0.84,True,True,True,True,4.238774394989013,4.262932062149048,4.291744375228882,4.292488734722138,11.736543380076728,11.727764914305377,11.64904491525002,11.20543873108226,1.5888408517837525,1.5888575315475464,1.5986381888389587,1.6009032726287842,0.0852207445947747,0.0852677392959594,0.085843947649002,0.089376077792519
7699,661,1,32,0.78,0.81,False,False,False,False,3.548214873075485,3.5563071966171265,3.617531085014343,3.6274482679367055,14.094283392703051,14.059527837134787,13.82158130557028,13.78379413307379,0.9415507769584656,0.9844584465026855,1.0574086070060729,1.0742298483848571,0.0709642974615097,0.0711261439323425,0.0723506217002868,0.0725489653587341
4806,612,7,8,1.04,0.81,False,False,False,True,3.667702317237854,3.66702401638031,3.759236466884613,3.780964660644531,13.595461836732628,13.633676355737189,13.298678766523542,13.223649508647592,0.900802892446518,0.9607937335968018,1.0575853228569028,1.0876817274093629,0.073591894207398,0.0733477878570556,0.0751954402923584,0.0756220898628234
7811,1006,5,32,1.96,0.96,False,True,False,True,2.961645940542221,2.793836832046509,3.734938216209412,3.740642113685608,17.208314976031655,17.82860749854489,13.387102305571904,13.366689055112838,0.5517068564891815,0.4221876859664917,1.116961681842804,1.1204896759986878,0.0594937265210681,0.0560896301269531,0.0746987643241882,0.0748128422737121
8103,1643,1,8,1.84,0.78,True,False,True,False,3.641771926879883,3.555130362510681,4.132262945175171,4.137915623188019,13.70637969510343,14.038322131709092,12.098525827223892,12.083016578866642,1.053221704959869,0.9928631782531738,1.503297793865204,1.5079771614074706,0.0734040870764252,0.0712336730957031,0.0826546981334686,0.0827607902050018
5881,214,6,32,0.84,0.81,True,True,True,True,3.592807092666626,3.621702194213867,3.643469512462616,3.646148910522461,13.808985995692668,13.795142694118994,13.71820528623524,13.002010066483258,0.9645405435562132,0.965267777442932,0.9736651182174684,0.975649664402008,0.0724405380129814,0.0724892973899841,0.0728958382606506,0.0771313332855701
4083,629,6,16,1.42,0.96,True,False,True,False,3.407464442253113,3.456848859786988,3.5034769058227537,3.513280127048493,14.672881955334828,14.463117784740607,14.27013803728646,14.226733118164582,0.7011863172054291,0.7998675107955933,0.938328731060028,0.94283531665802,0.0682138300005982,0.0691413855552673,0.070076406955719,0.0702902181148528
7353,623,6,32,0.93,0.85,False,True,True,True,3.2084227526187896,3.121503472328186,3.737897002696991,3.7441558599472047,15.611849923690928,16.017133830863607,13.373834086739144,13.35183886336582,0.589606465101242,0.4579359292984009,1.0314293146133422,1.0393776559829713,0.064626062461987,0.0624331426620483,0.0747728734016418,0.0748960507392883
6888,360,5,8,1.87,0.95,False,True,False,False,3.4541669404506683,3.1509599685668945,4.276888394355774,4.287537705898285,14.741345395011097,15.746403665725277,11.68832707084333,11.657046070752592,0.81642174243927,0.7069205045700073,1.5884122848510742,1.6186240291595455,0.0695227279742558,0.0635077214241027,0.0855554430484771,0.0857850259780883
5796,1066,8,16,0.2,0.96,True,True,True,True,3.589541206359863,3.599983334541321,3.630590581893921,3.6324724626541136,13.930942317426036,13.888953262517983,13.771864097934488,13.764729586260556,0.8617573118209839,0.9735256433486938,0.9848984360694886,0.9886212253570557,0.0717908241271972,0.0719996666908264,0.0726118116378784,0.0726494492530822
7494,1247,3,32,1.55,0.96,False,True,True,False,3.124145746231079,3.0867749452590942,3.5632212162017822,3.567602324485778,16.027713399816335,16.18929737208314,14.032246940286756,14.015014982639787,0.5033421993255616,0.4055818319320678,0.9685912132263184,0.9732673048973084,0.0627551168215962,0.0617692112922668,0.0712644243240356,0.0713520464897155
5637,129,3,16,0.73,0.88,True,False,True,True,3.490390288829804,3.565441846847534,3.6393776059150698,3.642318496704101,14.327887302729932,14.02350746052872,13.738612875884447,13.727520297014625,0.7568498075008392,0.8377339839935303,0.9988138556480408,1.001049158573151,0.0699076052533255,0.0713088369369506,0.0727875521183013,0.072846369934082
8072,1843,4,8,0.74,0.91,False,True,True,False,3.218245255947113,3.0219480991363525,4.015738713741302,4.0219897413253785,15.72230833722626,16.54480973950423,12.449340996536552,12.430831559160362,0.4866412317752838,0.3654389381408691,1.2695464372634888,1.2744445776939393,0.0647828761184916,0.0604419159889221,0.0803255372047424,0.0804451448917388
5530,1982,3,8,1.11,0.94,True,False,False,True,3.713653934001923,3.635364532470703,4.169306969642639,4.178989844322205,13.534311465092811,13.760391241354297,11.992401181885118,11.964613908606191,1.1135627138614654,1.0249019861221311,1.5018537521362303,1.5050828599929809,0.0742730786800384,0.072707290649414,0.0833861393928527,0.0835797968864441
7854,771,3,32,1.87,0.89,False,False,True,True,3.742669373750687,3.7746835947036734,3.86236058473587,3.8799942255020143,13.34241495875984,13.245267007713686,12.940113374101434,12.874777562002285,1.059992597103119,1.248208999633789,1.3346552848815918,1.3623412656784055,0.0750250557722584,0.0754986667633056,0.0772790756225586,0.0776722655773162
7220,695,7,16,0.81,0.82,True,False,False,False,3.512470029592514,3.5318654775619507,3.5738938331604,3.581788234710693,14.2397340455497,14.156824707375932,13.990342856061666,13.959507602974323,0.934822051525116,0.9722961187362672,1.056569468975067,1.0844432425498962,0.0702494005918502,0.070637309551239,0.071477876663208,0.0716357646942138
7684,1199,4,8,0.2,0.99,True,True,False,True,4.222413954734802,4.232678771018982,4.255124700069428,4.261706333160401,11.84228662765135,11.812856497992907,11.750536976746323,11.732392469730366,1.539236431121826,1.5395222902297974,1.5482555866241454,1.5512875151634216,0.084448279094696,0.0846535754203796,0.0851024940013885,0.085234126663208
5244,1123,5,32,1.07,0.76,True,True,False,True,3.5935765075683594,3.59775972366333,3.6302555322647097,3.6329410696029663,13.914620465213243,13.897537353554638,13.773135322684476,13.762953852872938,0.7872179269790649,0.6672288179397583,0.9620872259140014,0.966013207435608,0.0718715301513671,0.0719551944732665,0.0726051106452942,0.0726588213920593
8017,1675,6,16,1.82,0.83,True,False,True,True,3.523805536031723,3.5755048990249634,3.665833568572998,3.679825179576874,14.128116878248257,13.977570970891405,13.634457070059131,13.566921842551803,0.8479574823379517,0.9112699031829834,0.97178897857666,0.9854675364494324,0.0709593593456806,0.0715431952476501,0.0733435890674591,0.0737089398738665
5360,1118,1,16,0.5,0.79,True,True,False,True,3.582395052909851,3.599728584289551,3.624150109291077,3.6257033944129935,13.95865140958246,13.889936504141197,13.796338712262829,13.790427746401637,0.801079716682434,0.9437456130981444,0.9539031386375428,0.957695198059082,0.071647901058197,0.071994571685791,0.0724830021858215,0.0725140678882599
5536,2038,1,32,1.64,0.75,True,True,True,True,3.631646990776062,3.641054630279541,3.664219868183136,3.6674360466003417,13.768743682611287,13.732288955429317,13.645469380825716,13.63350314458429,0.8337258100509644,0.9961051940917968,1.0066511988639832,1.0091758227348329,0.0726329398155212,0.0728210926055908,0.0732843973636627,0.0733487209320068
7418,1429,3,32,1.15,0.8,True,True,False,True,3.601800570487976,3.6605610847473145,3.6835670113563537,3.684213838577272,13.556103901871843,13.63515344181169,13.571371286333722,10.497362701840489,0.9987731266021728,1.0000872611999512,1.0080866813659668,1.0098284912109374,0.0740838317104748,0.07333984375,0.0736845216751098,0.0982260988652705
5431,1402,8,8,0.86,0.77,True,False,False,False,3.631526416540146,3.589756846427917,4.119004666805267,4.124881055355072,13.798204872759234,13.927863677106297,12.137909739288505,12.121291466455078,1.018086040019989,0.9514998197555542,1.516343283653259,1.5216531538963318,0.0730928030322579,0.0717985200881958,0.0823865082263946,0.0824994601249694
4940,395,1,8,0.02,0.87,True,False,False,True,3.74544261932373,3.6941397190094,4.129364669322968,4.133066875934601,13.329887014449737,13.519717856149336,12.105265556226032,12.078720047651627,1.0380268251895906,0.9733740091323853,1.4911877512931824,1.4968040370941162,0.0752673345615124,0.0739660406112671,0.0826086792945861,0.0827915741443633
6022,574,2,8,1.0,0.93,False,False,False,False,3.561734564304352,3.5799753665924072,3.6249170303344727,3.642833054065704,14.04187225022742,13.966576550497711,13.793420502302345,13.725581024890058,0.9807071328163148,1.010140895843506,1.106800448894501,1.1294140458106994,0.071234691286087,0.0715995073318481,0.0724983406066894,0.0728566610813141
8131,319,7,8,1.38,0.82,False,True,True,False,3.197305978536606,3.007274031639099,3.9316344618797294,3.93457412481308,15.871379136967583,16.626353151331884,12.717357244575588,12.707855655860294,0.5183236563205719,0.3401687145233154,1.3095323085784911,1.3135080218315125,0.0639461195707321,0.0601454806327819,0.0786326892375946,0.0786914824962616
7229,936,5,16,1.87,0.93,False,True,True,False,3.0222763776779176,2.907493233680725,3.6011744022369383,3.617156689167023,16.65886917916472,17.196944664243983,13.88436094270262,13.823011949280277,0.4655946147441864,0.3525656461715698,1.0727702260017395,1.0791856360435486,0.0604455275535583,0.0581498646736145,0.0720234880447387,0.0723431337833404
6615,1743,2,8,1.53,0.74,True,False,True,True,3.7449112057685854,3.6475000381469727,4.151071190834045,4.155649025440216,13.398732245718357,13.70801906152647,12.045083727927697,12.03181493498972,1.1260521376132966,1.036126732826233,1.4964260458946228,1.4994245290756223,0.0748982241153716,0.0729500007629394,0.0830214238166809,0.0831129805088043
7271,2041,1,32,0.79,0.8,True,True,False,True,3.665939149856568,3.6783857345581055,3.697829651832581,3.699065501689911,13.63993649929566,13.592919277111667,13.521444981566844,13.516928271006432,0.8271293687820435,1.018297553062439,1.0244585633277894,1.02815908908844,0.0733187829971313,0.0735677146911621,0.0739565930366516,0.0739813100337982
7947,133,6,32,1.84,0.89,False,True,False,True,3.2058664643764496,3.1508175134658813,3.653025496006012,3.656381454467773,15.617711205479209,15.861084371610977,13.686869262935804,13.66064013644568,0.5838876855373383,0.4723408222198486,0.9860788822174072,0.9899998307228088,0.0643873571082567,0.0630473923683166,0.073062727689743,0.0732030117511749
4063,768,3,16,0.17,0.9,True,False,False,False,3.532742427587509,3.5549237728118896,3.61828476190567,3.628695695400238,14.131983021480105,14.063002513209518,13.81815204101162,13.778213922058526,0.8477087914943695,0.8672530651092529,1.0065906286239623,1.0312437367439269,0.0707991880625486,0.0711085700988769,0.0723685772418975,0.0725783477306366
5967,391,7,32,0.27,0.99,True,True,False,False,3.5128069925308227,3.516541361808777,3.541591966152191,3.542188172340393,14.23420577961955,14.21851613911562,14.117944877779845,14.11556856428362,0.9480893039703367,0.94825279712677,0.9579064249992372,0.9643940377235412,0.0702561398506164,0.0703308272361755,0.0708318393230438,0.0708437634468078
5161,664,5,16,1.0,0.79,True,True,True,True,3.5864018487930296,3.5991907119750977,3.615243375301361,3.6164510464668274,13.942543952355452,13.892015969016132,13.830327676920886,13.825709372614469,0.8839594936370849,0.8804649114608765,0.9297271609306336,0.9313659620285034,0.0717280369758605,0.0719838142395019,0.0723048675060272,0.0723290209293365
7166,85,3,32,1.83,0.82,False,False,False,False,3.5475854766368866,3.5683101415634155,3.652399444580078,3.668209583759308,14.10321048324625,14.012235168559814,13.689630836530478,13.630628537284291,0.9175201070308684,1.0185368061065674,1.1150534272193908,1.119297308921814,0.0709517095327377,0.0713662028312683,0.0730479888916015,0.0733641916751861
6370,1513,2,16,0.62,0.94,False,True,True,False,3.017790917158127,3.028326153755188,3.315042591094971,3.3350928092002867,16.483132584741828,16.462876375548092,15.07796258222661,14.978727828472651,0.3951351428031921,0.359261155128479,0.6330414891242981,0.6370744180679321,0.0609313202811222,0.0607429647445678,0.0663219580650329,0.0667614063898722
7309,1633,7,8,1.26,0.97,True,True,False,False,4.167880535125732,4.1778236627578735,4.201937139034271,4.202414882183075,11.99717086165006,11.9679536935219,11.89927369247534,11.8979209364218,1.540567698478699,1.5402913093566897,1.551154863834381,1.553915741443634,0.0833576107025146,0.0835564732551574,0.0840387427806854,0.0840482976436615
7518,1660,1,16,1.48,0.75,False,True,True,False,3.121285446882248,3.0945398807525635,3.601783978939056,3.625238699913025,15.921568119707295,16.119361812201475,13.801637506984338,12.72080883312968,0.5131455540657044,0.3731304407119751,0.9817151308059692,0.9844101428985595,0.0633207296569557,0.0620372009277343,0.0724551706314086,0.0786113586583558
7820,827,4,8,0.17,0.74,False,False,False,False,3.537252813577652,3.5762163400650024,3.7007059812545777,3.7091970324516295,14.042767444498397,13.963167269714807,13.508439013056968,13.25181191152823,0.8814502143859864,0.9182726144790648,1.0703354716300963,1.1034426927566527,0.0715075302565548,0.0716170287132263,0.0740277984142303,0.0755771645177309
6068,482,8,8,1.34,0.85,False,False,True,False,3.428226393461228,3.57420027256012,3.6617196202278137,3.664683427810669,14.646095424657904,13.980972375877368,13.652461743029166,13.635705000357124,0.8851864111423492,1.056846022605896,1.1056294441223145,1.126769609451294,0.0687068709750329,0.0715257954597473,0.0732468636035919,0.0733368769168853
7033,1807,4,32,0.51,0.79,True,False,False,False,3.4707835793495176,3.4795353412628174,3.568252992630005,3.576146047115326,14.35603060239228,14.368133574409772,14.01207977231406,13.927656284833407,0.9437394261360168,0.9964420795440674,1.0548388600349423,1.075824043750763,0.0698026659806569,0.0695984625816345,0.0713669939041137,0.0717995898246765
4702,556,3,16,0.57,0.82,False,True,True,False,3.1528152298927306,3.0617475509643555,3.613396155834198,3.619618926048279,15.960560065616203,16.33054308193634,13.837397815449524,13.81360884260137,0.4876601183414459,0.3737592697143554,0.8705797910690307,0.8735886454582215,0.0630563045978546,0.0612349510192871,0.0722679231166839,0.0723923785209655
4481,104,3,32,1.28,0.98,False,True,False,False,3.109611074924469,3.054783821105957,3.579656422138214,3.5918108558654787,16.08343646893785,16.338271649791317,13.947857289917042,13.909763230421532,0.4927584707736969,0.4050204753875732,0.9959217548370362,1.001996886730194,0.0624987744713938,0.0612060618400573,0.0716956005096435,0.0718919516086578
8045,982,5,8,1.98,0.87,False,False,True,False,3.592632240056992,3.5657145977020264,4.385474753379822,4.408100237846375,13.969263350545289,14.022086830539624,11.400242632916097,11.313702642870052,0.9650847041606904,0.8970823287963867,1.4333154916763309,1.4423092555999757,0.0722066899117301,0.0713160610198974,0.087717431306839,0.0883883934020996
7816,694,4,16,1.57,0.9,True,False,True,False,3.558015476465225,3.54805850982666,3.707859230041504,3.722909846305847,14.053722568330777,14.090398033630272,13.484870364908124,13.430355409240605,0.9459400570392608,0.9588912725448608,1.1507739543914794,1.195565242767334,0.0712189778339295,0.0709703159332275,0.07415718460083,0.0744581969261169
7760,1031,3,32,0.16,0.9,False,True,False,False,2.960877976417541,3.00139582157135,3.4952042222023008,3.5222433733940126,17.17463749467943,16.659338924140798,14.305316727986906,14.19549835402841,0.4906776821613312,0.4280986785888672,0.8408631563186646,0.8441255450248718,0.0592175595283508,0.060027916431427,0.069904084444046,0.0704448674678802
8123,1592,1,8,1.31,0.7,False,False,True,False,3.5557563054561614,3.542781352996826,3.91246041059494,3.920702409744263,13.99490465321753,14.08784166154364,12.76310497235011,12.674312020731335,0.7972514522075653,0.8836977481842041,1.0924638271331788,1.1042413330078125,0.0717294565313741,0.0709831953048706,0.0783508405685424,0.0789405322074888
5295,1582,3,16,1.17,0.72,False,True,True,True,3.1106802237033846,2.965833306312561,3.689619708061218,3.694416038990021,16.042262698157565,16.422727846185637,13.54186135288482,13.530074373125318,0.4429265284538269,0.3352313041687011,1.050041770935059,1.054186260700226,0.0629343689690618,0.0609273886680603,0.0738450922966003,0.0739094248652458
6554,476,1,32,1.01,0.91,True,True,True,True,3.609748735427857,3.622631311416626,3.63201642036438,3.634098083972931,13.852068438718184,13.802122191641615,13.766457621935906,13.758575363097409,0.8160963535308838,0.960130214691162,0.9677167773246764,0.976215569972992,0.0721949747085571,0.0724526262283325,0.0726403284072876,0.0726819616794586
6624,529,8,32,1.38,0.75,False,False,True,True,3.625230000019074,3.639953136444092,3.704616105556488,3.716560556888581,13.79757890336858,13.736440824401129,13.496675119259752,13.453299177638728,0.9494571101665495,1.042418122291565,1.115175652503967,1.1497543311119078,0.0725046000003814,0.0727990627288818,0.0740923221111297,0.0743312111377716
6263,2006,7,16,0.56,0.81,True,True,False,False,1.8858437538146973,1.8858437538146973,1.8858437538146973,1.8858437538146973,9.014532601448176,9.014532601448176,9.014532601448176,9.014532601448176,1.0183160305023191,1.0183160305023191,1.0183160305023191,1.0183160305023191,0.1109319855185116,0.1109319855185116,0.1109319855185116,0.1109319855185116
5191,389,7,16,1.62,0.97,False,True,False,True,3.107760753631592,2.9264954328536987,3.759995174407959,3.763478350639344,16.18517900482085,17.085047553568266,13.297263700726266,13.284652126084858,0.4517873227596283,0.3027514219284057,1.1758478164672852,1.1807168865203856,0.0625569440046945,0.0585307121276855,0.0752034420967102,0.0752748362541198
7254,1740,8,8,1.24,0.79,False,False,True,True,3.7045935559272767,3.707231283187866,3.964035427570343,3.9930227947235095,13.469018199475578,13.472181326577124,12.611704335543378,12.12096032296312,0.9908514523506164,1.0116983652114868,1.096329128742218,1.11582279920578,0.0744465075647129,0.0742270302772521,0.0792914259433746,0.0825019360542297
5771,1896,4,32,1.86,0.71,True,False,True,False,3.4992787301540376,3.500108480453491,3.639306831359863,3.644920091629028,14.246115336846836,14.283937102326677,13.737062069967385,13.700319652887254,0.9750224661827088,0.9839472770690918,1.0865944504737854,1.1087063908576964,0.0703429544168359,0.0700087094306946,0.0727957692146301,0.0729909976959228
5229,996,2,16,0.09,0.77,True,True,False,True,2.9407141160964967,2.943189024925232,2.9690292119979858,2.970912232398987,17.003743147553898,16.98837812457733,16.840521417181762,16.82985221751865,0.8430297136306762,0.917104721069336,0.9287300705909728,0.9306463813781738,0.0588142823219299,0.0588637804985046,0.0593805842399597,0.0594182446479797
4881,118,8,16,1.82,0.71,True,True,False,True,3.5853994941711425,3.605481743812561,3.6398958921432496,3.641170980930328,13.882622589464738,13.866621658295182,13.734957166211071,13.470528275159769,0.8816819667816163,0.8762340545654297,0.931373906135559,0.9336884331703186,0.0720407776930393,0.0721156191825866,0.072806925535202,0.0742625053992638
7959,1533,1,32,0.95,0.86,True,True,True,True,3.5640523195266725,3.6019158363342285,3.628625309467316,3.631074635982513,13.818901070800225,13.87494899705646,13.77857370607765,11.771441089783874,0.7772039937973022,0.6374595165252686,0.957702612876892,0.9622033476829528,0.0725387711023029,0.0720723438262939,0.0725764524936675,0.087334639938254
7338,375,1,32,1.07,0.82,False,False,True,True,3.547014046907425,3.658295392990112,3.694377601146698,3.959545233249664,14.007542067396116,13.663341555119384,13.515852049012093,12.512771075686535,0.9971793353557586,1.0010956525802612,1.079725432395935,1.1005481028556825,0.0716019917874554,0.0731885385513305,0.073987196445465,0.0799636940691204
6838,612,1,16,0.96,0.72,False,False,True,True,3.564453102350235,3.609026312828064,3.657293057441712,3.670800747871399,13.902501172748044,13.847268167906623,13.657141823573175,12.20991040835191,0.9640018558502196,1.0140262842178345,1.096330451965332,1.1181959772109984,0.0720468890947537,0.0722164106369018,0.0732217628955841,0.0819046493388023
5474,72,7,32,0.97,0.93,True,False,True,False,3.4490886902809144,3.47469162940979,3.561990749835968,3.5721778392791745,14.406576160877892,14.386826066544105,14.034245836968342,13.97505773317394,0.883138120174408,0.9231988191604614,1.0039330959320067,1.0346592593193054,0.0706314087708791,0.0695080351829528,0.0712542741298675,0.0715560681343078
6099,1864,4,8,1.24,0.98,True,True,True,True,4.1884135198593135,4.19763708114624,4.22453556060791,4.2260622930526734,11.93842872539242,11.911463443851924,11.835620607332272,11.83134526917472,1.3303446531295775,1.2185643911361694,1.494282066822052,1.4994299364089965,0.0837682703971862,0.0839527416229248,0.0844907112121582,0.0845212458610534
6779,283,7,8,0.98,0.71,True,True,True,False,2.42797589302063,2.42797589302063,2.42797589302063,2.42797589302063,7.0017169646813935,7.0017169646813935,7.0017169646813935,7.0017169646813935,1.5653319358825684,1.5653319358825684,1.5653319358825684,1.5653319358825684,0.1428221113541547,0.1428221113541547,0.1428221113541547,0.1428221113541547
4007,1248,8,16,0.12,0.73,False,True,True,False,3.0876006293296814,3.0306316614151,3.5065545082092284,3.5103249168396,16.269500158869675,16.49736720705829,14.258509116708046,14.232303623270928,0.4428783512115478,0.3497508764266968,0.7933940768241882,0.8025612473487854,0.0618391298770904,0.0606157326698303,0.0701335597038269,0.0702626944065094
7782,1475,4,32,0.61,0.75,False,False,True,True,3.575707075595856,3.667708516120911,3.706937491893768,3.712533941268921,13.73702950587974,13.630073920044254,13.48152035269753,9.68128058198544,0.8868353927135467,0.9580776691436768,1.0056391835212706,1.0447484517097472,0.0731001387169757,0.0733671736717224,0.0741756119728088,0.1032999073596376
5736,979,4,8,0.63,0.72,True,True,True,True,4.1441148662567135,4.173871278762817,4.194067180156708,4.198741137981415,11.9877677041989,11.976420184624471,11.914099957976973,11.21779203301798,1.3232671976089478,1.482752561569214,1.4897942900657657,1.4936946749687194,0.0834507152284894,0.083497405052185,0.0839341762065887,0.0894677931036267
4313,1962,3,8,1.05,0.88,False,True,False,True,3.404715245962143,3.180688738822937,3.844708073139192,3.851938169002533,14.773685211124164,15.009219376248032,12.993008054754451,12.950512908213575,0.636940462589264,0.4426624774932861,1.0312535285949709,1.0617220902442932,0.0687063934242023,0.0667695808410644,0.0769644718170166,0.0772518630027769
6415,538,6,8,1.27,0.9,True,True,False,True,4.296012558937073,4.309231281280518,4.326222372055054,4.329951801300049,11.63923181169883,11.60299756987381,11.557428690684826,11.547473673235102,1.422874426841736,1.3724510669708252,1.5585505485534668,1.5602668404579163,0.0859202511787414,0.0861846256256103,0.086524447441101,0.0865990360260009
5789,1143,4,8,1.13,0.97,False,True,False,False,3.189643067121506,2.97261381149292,4.007418048381806,4.010714015960693,15.90261052136346,16.739227290694537,12.476861510538416,12.466608143979055,0.5035244512557984,0.3545900583267212,1.3496358275413514,1.3550443387031554,0.064008685438812,0.0597399145906621,0.0801483609676361,0.0802142803192138
6208,1595,8,16,0.83,0.93,False,False,True,False,3.567838795185089,3.584289789199829,3.672959303855896,3.749454956054688,13.895171336948028,13.922579009552502,13.610688901550406,13.18855253188704,0.9566863286495207,0.975075364112854,1.0488517999649047,1.0880260467529297,0.0721747941902859,0.0718257975578308,0.0734716668128967,0.0759283384407264
7468,487,2,8,0.68,0.81,True,False,False,False,3.656664811372757,3.59614098072052,4.195161414146424,4.201108012199402,13.648770115069702,13.884417132963277,11.90758850635122,11.792783571816464,1.0812589740753171,1.0025228261947632,1.5322834491729735,1.5376970553398133,0.0737660276069685,0.0720231890678405,0.083980060338974,0.084797643461713
6854,1709,5,32,0.46,0.74,True,True,False,True,3.517841534614563,3.5272490978240967,3.5535131096839905,3.556566882133484,14.214526297372078,14.1753535612146,14.070585061409602,14.058502239619958,0.9392916870117188,1.020067572593689,1.031272578239441,1.0334075331687926,0.0703568306922912,0.0705449819564819,0.0710702621936798,0.0711313376426696
7796,1294,5,8,0.86,0.78,True,True,True,False,2.8753066062927246,2.8753066062927246,2.8753066062927246,2.8753066062927246,8.694724919174355,8.694724919174355,8.694724919174355,8.694724919174355,1.5666089057922363,1.5666089057922363,1.5666089057922363,1.5666089057922363,0.1150122642517089,0.1150122642517089,0.1150122642517089,0.1150122642517089
6795,1444,3,32,0.41,0.82,False,False,True,False,3.550208077430725,3.594895958900452,3.7116708278656008,3.723963980674744,13.972006190237266,13.893611119254384,13.468209865611444,12.1980682951624,0.8714313411712646,0.9670614004135132,1.0359626412391665,1.0518436908721924,0.0717346769033758,0.0719755315780639,0.0742489173412322,0.0819804196832356
7360,1798,6,8,0.0,0.84,False,False,False,False,3.416633430719376,3.46077573299408,3.533296453952789,3.543196520805359,14.578678551233798,14.437786657492968,14.144368543641882,14.09518542519953,0.9317273688316344,0.9572321176528932,1.0867419600486754,1.1163195967674255,0.0687260943412781,0.0692626953125,0.0706995153427124,0.0709462113380432
5733,775,1,32,1.8,0.9,False,False,True,True,3.639456830024719,3.658661961555481,3.794022750854493,3.811178433895112,13.723124216404846,13.664628950096835,13.178357859993085,12.84811477948838,0.9971016538143158,1.0398411750793457,1.2364630699157717,1.2849971246719334,0.0729523646016274,0.0731816434860229,0.0758819890022277,0.0778324304580688
4319,214,5,32,1.97,0.97,False,False,True,False,3.668498326539993,3.652481198310852,4.102137100696564,4.111967313289642,13.672690376589232,13.689324413837154,12.188768627936817,12.159629774943848,1.005974725484848,1.1847161054611206,1.2951865434646606,1.3105844831466675,0.0733699665307999,0.073049623966217,0.0820427420139312,0.0822393462657928
7541,1885,8,8,1.15,0.75,False,True,False,True,3.322939859628677,3.1768611669540405,3.723706614971161,3.7426988077163696,15.062874015428124,14.394520674610996,13.416160298448306,13.292160630573424,0.664748717546463,0.8960189819335938,1.0117865443229674,1.0477749609947205,0.0671434177654861,0.0694809484481811,0.0745369746685028,0.0752441832870244
4388,851,4,8,0.79,0.95,False,True,True,False,3.2794096302986144,3.131347417831421,4.041801166534424,4.051755664348602,15.45530891217284,15.966903939663672,12.370722764859728,12.340329512379146,0.4922416496276856,0.3889598846435547,1.3157153367996215,1.3212998294830325,0.0657427852502891,0.0626295495033264,0.0808360233306884,0.081035113286972
7380,1443,8,16,0.2,0.71,False,True,True,True,3.1225431501865386,3.039520025253296,3.632959592342377,3.639095256328583,16.041327025107172,16.443255677375316,13.74932147593737,13.71254946229392,0.5102795529365539,0.3994007110595703,0.943248736858368,0.9474094581604005,0.0628706081281105,0.0608152079582214,0.0727308619022369,0.0729297563870747
6941,1687,5,16,0.65,0.7,False,True,True,True,3.1377982473373414,3.022123694419861,3.663027930259704,3.674603860378266,16.000823519548266,16.541636731334187,13.648420657284854,13.604215712315863,0.4511753511428833,0.3585612773895263,0.9810312747955322,0.982990448474884,0.0630033657845328,0.0604535102844238,0.0732685506343841,0.0735066262722015
7439,1559,8,8,1.12,0.73,False,True,True,True,3.327102342844009,3.166423082351685,3.700077068805695,3.708342678546906,15.147163612587525,14.854713989518167,13.511810060122311,13.385321061392858,0.6740204381942749,0.8444305658340454,1.063518738746643,1.1057006859779357,0.066687419809401,0.0674647951126098,0.0740093293190002,0.0747107620239257
4581,1125,8,16,2.0,0.72,True,False,True,True,3.557302052974701,3.5717124938964844,3.632907009124756,3.647152645587921,14.061439541680343,13.998887114968916,13.763082889618593,13.709324799330275,0.8714839863777161,0.8848778009414673,0.9628324151039124,0.9742866635322568,0.071146041059494,0.0714342498779296,0.0726581401824951,0.0729430529117584
4232,1085,4,32,1.21,0.71,False,False,True,True,3.627465938329697,3.653253793716431,3.700902819633484,3.7039670872688295,13.787861027755868,13.686429370425897,13.510216951937114,13.499040038352568,0.8911323428153992,0.8795664310455322,1.124253332614899,1.1293549728393557,0.0725493187665939,0.0730650758743286,0.0740180563926696,0.0740793417453765
7349,87,7,8,0.74,0.88,False,True,True,True,3.352028229236603,3.352576732635498,3.7479915499687193,3.7518041348457336,15.061061338401332,14.977351181574909,13.340478331260066,13.32692172050872,0.6828061044216156,0.6971276998519897,1.0237021088600158,1.0280062317848204,0.067040564584732,0.0670515346527099,0.0749598309993743,0.0750360826969146
6102,1839,2,32,0.42,0.8,True,False,True,True,3.569163014888764,3.579952955245972,3.719144821166992,3.7369166159629823,14.02301806902488,13.966691700830635,13.443950803687422,13.380014899619598,0.9691261506080628,0.9778428077697754,1.111467683315277,1.154152135848999,0.0713832602977753,0.0715990591049194,0.0743828964233398,0.0747383323192596
4879,992,1,16,0.86,0.82,False,False,False,True,3.6247106969356535,3.644297122955322,3.709533524513245,3.733402032852173,13.800909691856903,13.7200668174574,13.478783699182568,13.392610701522552,0.8926876771450043,0.929058074951172,1.0069299697875975,1.0221754813194277,0.072494213938713,0.0728859424591064,0.0741906704902648,0.0746680406570434
7351,753,6,32,0.52,0.76,True,False,True,True,3.5626866471767427,3.591368794441223,3.720036971569061,3.731081473827362,13.967674785855907,13.919888488327729,13.43602555531304,13.338284566269513,0.9678713130950928,0.9856367111206056,1.0972641468048094,1.13453777551651,0.0717490122502049,0.0718396568298339,0.074426771402359,0.0749867843359707
7008,1146,7,8,1.3,0.95,False,True,False,False,2.752350858449936,2.3800628185272217,3.9996397495269775,4.008457758426666,19.15114935054563,21.007848911133184,12.501125907381322,12.47363029365786,0.4851733326911926,0.3662624359130859,0.8669875502586365,0.8825408554077081,0.0550470171689987,0.0476012563705444,0.0799927949905395,0.0801691551685333
5541,1144,7,16,0.23,0.81,False,False,False,True,3.637405294179916,3.6674652099609375,3.730470991134644,3.741511993408203,13.75188392219036,13.633408029156318,13.40313330914479,13.363582339773924,0.9859675586223602,0.9852371215820312,1.076941192150116,1.10166907787323,0.0727481058835983,0.0733493041992187,0.0746094198226928,0.074830239868164
6244,1512,2,8,0.68,0.94,False,False,False,True,3.66696923494339,3.671143651008606,3.906079113483429,3.914067018032074,13.585703591130716,13.484114572478914,12.786699616191918,12.7661194104128,0.876645370721817,0.943268060684204,1.0732483983039856,1.0993334531784058,0.0738179072224431,0.0741638350486755,0.0782062635421753,0.078332347112894
7887,411,2,32,0.96,0.83,False,True,True,True,3.1828549122810363,3.0622079372406006,3.6929392337799074,3.699130895137787,15.781752008612113,16.31450698302615,13.539350910124249,13.516688494624184,0.5338223767280579,0.4178969860076904,1.0158389687538147,1.021675293445587,0.063824322271347,0.061295154094696,0.0738587846755981,0.0739826179027557
6952,1216,1,32,0.34,0.93,True,False,True,False,3.531844770908356,3.5492717027664185,3.6144001603126528,3.621437971591949,14.120257598711785,14.085070598862456,13.83139375388354,13.806198718903874,0.943156818151474,0.9960604906082152,1.0678078174591064,1.0855969071388245,0.0708758740603924,0.0709971594810486,0.0722992937564849,0.0724312339305877
5258,796,2,32,0.08,0.7,False,False,True,False,3.554365885257721,3.576449155807495,3.6668569087982177,3.680063989162445,14.045697076240684,13.97836688937559,13.632223983476862,13.582527358887257,0.8979757881164551,0.9478347301483154,1.0013431549072265,1.026186842918396,0.0712368168036143,0.0715391159057617,0.0733556022644043,0.0736240016460418
5983,570,7,32,1.45,0.97,True,False,False,False,3.519486701488495,3.5325669050216675,3.588549196720124,3.597844309806824,14.190292693053856,14.14752191935953,13.93261306203044,13.87889782139281,0.9503530049324036,0.9753273725509644,1.051941466331482,1.094483983516693,0.0705078285353524,0.0706837677955627,0.0717740452289581,0.0720518433570861
5764,1839,5,8,1.85,0.73,False,False,False,False,3.6341497719287874,3.69707989692688,4.149782490730286,4.154366958141327,13.623981943036492,13.516841859116244,12.043234115188444,10.618170067927004,0.9711276543140412,1.1879820823669434,1.2747151494026183,1.3109059643745422,0.073982734848687,0.0739817786216735,0.0830341744422912,0.0942574882345498
5142,719,7,32,0.94,0.99,True,True,False,True,3.5781506586074827,3.597244381904602,3.614148998260498,3.6149836111068727,13.97538603074326,13.899528283170191,13.83451540754362,13.831321515863914,0.80285147190094,0.9505267143249512,0.9580703973770142,0.9663964939117432,0.0715630131721496,0.071944887638092,0.0722829799652099,0.0722996722221374
6387,2015,7,16,0.42,0.74,False,False,True,True,3.59172061920166,3.605898380279541,3.716092789173126,3.7287929105758666,13.930619237667988,13.86617004854508,13.454992396504345,13.409166800155583,0.9311347067356108,0.9731959104537964,1.1192650794982908,1.1589103364944455,0.0718344123840331,0.0721179676055908,0.0743218557834625,0.0745758582115173
5422,1444,2,16,0.61,0.96,False,True,True,False,3.0016334474086763,2.933252215385437,3.4261185169219965,3.4518929433822634,16.6447788977619,16.998252134327416,14.507394011397478,14.47723212065765,0.4218986761569976,0.3786817789077759,0.70392005443573,0.7092979335784912,0.0604394724607467,0.0588295841217041,0.0689303674697876,0.0690739826202392
4188,91,7,8,0.24,0.87,True,True,True,True,4.103056201934814,4.14470100402832,4.185657811164856,4.188622226715088,11.984549234472446,12.058724088509615,11.944760824712931,9.552220598657808,1.339059600830078,1.3081889152526855,1.4415209531784057,1.4417707705497742,0.0838774018455954,0.0829275155067443,0.0837187128067016,0.1112470201492308
4378,1623,7,32,0.84,0.75,False,True,False,True,3.2687587094306947,3.210205316543579,3.691404294967652,3.696642558574677,15.366261042529723,15.574316834927972,13.544980753327746,13.52578706826066,0.5155099761486054,0.4370837211608886,0.934116268157959,0.94270827293396,0.0654331189574264,0.0642082738876342,0.073828085899353,0.0739328511714935
6924,123,6,16,1.02,0.94,True,False,True,False,3.5068427431583404,3.5535813570022583,3.6282834887504576,3.63704954624176,14.098353275814445,14.065051327133451,13.773603264289797,13.689234961110484,0.9343177890777588,0.9789633750915528,1.0854575872421264,1.12166855096817,0.0730031290180542,0.0710982131958007,0.0726026430130005,0.0731559066548064
4705,1920,4,32,1.99,0.97,True,False,False,False,3.4727768182754515,3.478768825531006,3.5823769211769103,3.592061221599579,14.351556662306166,14.37283255904498,13.955194154763245,13.913777496716069,0.8391044127941132,0.9005622863769531,1.0050069570541382,1.0182860565185547,0.0697773417146582,0.069575707912445,0.0716579072475433,0.0718712084293365
8187,1222,6,8,0.15,0.88,False,True,False,True,3.261180806159973,3.086264491081238,3.7445446610450746,3.762729301452637,15.126093182230663,13.869445570994372,13.33505214760995,6.571366313861421,0.5663928294181824,0.4333046674728393,0.9549319982528685,0.991588099002838,0.0680437503896087,0.0721009397506713,0.0749903337955474,0.1521847701072691
7264,1729,2,32,0.77,0.91,False,True,True,False,3.027644135951996,3.0766613483428955,3.468164980411529,3.472117018699646,16.72890057933932,16.25138391753648,14.41684588291417,14.400436321175128,0.5435447490215302,0.4756767749786377,0.8613847136497498,0.8679971265792846,0.0605528827190399,0.0615332269668579,0.0693632996082306,0.0694423403739929
6575,177,2,16,1.15,0.88,True,False,False,True,3.534134180545807,3.572654485702514,3.643213033676148,3.652013165950775,14.04159817904761,13.99294465433434,13.722635789024144,13.632861406987605,0.8616009187698365,0.9408608675003052,1.0136906504631042,1.0480499219894408,0.0714754043250524,0.0714645862579345,0.0728722977638244,0.0734701490766858
7177,1378,4,8,0.21,0.89,False,False,True,True,3.669166669845581,3.636624932289124,4.067738032341003,4.082985472679138,13.496630992585931,13.734240250053826,12.271349812431128,10.211998209002086,0.8969702577590942,0.9439475536346436,1.1311211585998535,1.165388193130493,0.0745474413732855,0.0728107261657714,0.0814906282424926,0.0979272883499369
7397,206,7,8,0.63,0.88,True,False,False,False,3.6123547947406767,3.5575889348983765,4.170989060401917,4.176969978809357,13.750372137029744,14.037055029589029,11.977612832025011,9.317976439645038,1.0246753656864167,0.9556701183319092,1.5519932150840758,1.5548043870925905,0.0736604262120608,0.0712400150299072,0.0834890904426574,0.1073798102880612
6611,948,3,32,1.31,0.91,True,False,True,True,3.551057826280594,3.5650497674942017,3.672332191467285,3.679725685119629,14.093070644667646,14.025051478476058,13.615326009253488,13.587969644065726,0.8675412392616272,0.9210879802703856,1.0751089215278624,1.1214529228210448,0.0710211565256118,0.071300995349884,0.0734466438293457,0.0735945137023925
7979,1156,6,32,1.71,0.89,False,True,True,False,3.1015050554275514,3.017768383026123,3.672931241989136,3.6943179321289055,16.15755917090778,16.566509882491413,13.613108017695009,13.53429806151437,0.5390354287624359,0.4561326503753662,1.2203608870506286,1.2247113704681396,0.0622249736226123,0.0603627443313598,0.0734586248397827,0.0738863586425781
7747,898,6,16,1.5,0.82,False,True,False,True,3.1212839710712434,3.035887718200684,3.5617700457572936,3.5651895427703857,15.91522716534798,16.433217494741058,14.032887095243623,13.201219667262508,0.4776358234882354,0.330930233001709,1.070664405822754,1.0732474088668822,0.0634309555661054,0.0608523559570312,0.0712611737251281,0.0757509730312559
4304,650,2,16,0.17,0.87,True,False,True,False,3.5239201653003693,3.603208899497986,3.648431158065796,3.653796308040619,14.115828624251948,13.87512210148886,13.699095626273897,13.663033377795388,0.7853330516815186,0.8235083818435669,0.9842867612838744,0.9897253656387328,0.0710360764883297,0.0720714378356933,0.072997519493103,0.073198510831775
5726,870,6,32,0.64,0.83,False,True,False,True,3.194005196094513,3.1301109790802,3.596491551399231,3.6017373490333555,15.707984764516748,15.973173721305857,13.90243777755101,13.882189387227656,0.4914382433891296,0.4429107904434204,0.900105893611908,0.9040526914596556,0.0639762731109347,0.0626049661636352,0.0719298310279846,0.0720347469806671
5005,1120,5,32,1.88,0.78,True,True,True,True,3.543710398674011,3.5810130834579468,3.60682532787323,3.609020619392395,13.907212127452809,13.952799342061784,13.858765562860322,11.987149626946712,0.8784020471572876,0.8763293027877808,0.9124756217002868,0.9147386240959168,0.0720512200832367,0.0716702079772949,0.0721565015316009,0.0853966397047042
7639,665,1,32,0.61,0.73,True,False,False,False,3.5484978055953977,3.581833481788636,3.6417757630348206,3.653739039897919,14.073797771207808,13.955563550577684,13.726816088639817,13.67531842651054,0.9869534647464752,1.0094523429870603,1.0764151334762573,1.105728895664215,0.0711181644946336,0.071656014919281,0.0728501055240631,0.0731244544029235
6631,1519,5,8,1.62,0.92,True,True,True,False,3.173471450805664,3.173471450805664,3.1841932058334352,3.1851462507247925,10.08373683252608,10.08373683252608,10.049668350184634,10.046640040643172,1.5247344970703125,1.5247344970703125,1.5307992935180663,1.5313383865356445,0.099170982837677,0.099170982837677,0.0995060376822948,0.0995358203351497
4361,1314,6,32,1.17,0.96,False,True,True,False,3.115700879096985,3.098221063613892,3.504122829437256,3.520884389877319,16.01547627380516,16.07885783591592,14.25682098269096,14.12033386950203,0.4736326384544372,0.3986203670501709,0.9129596829414368,0.9177839255332948,0.0628798013685965,0.0621934723854065,0.0701418647766113,0.070819855260849
7255,1663,8,32,1.06,0.95,False,False,True,True,3.5902861166000366,3.588189482688904,3.714478099346161,3.729361791610718,13.90111744836256,13.9141061968048,13.4588033050375,13.39385602576417,0.9958992898464204,1.006336331367493,1.1189308166503906,1.1516553831100462,0.0719977934650013,0.0718695139884948,0.0743008122444152,0.0746610987663269
5195,1109,8,8,1.3,0.86,False,False,True,True,3.602413592338562,3.6524688005447374,3.953708684444428,3.96653623342514,13.7714103573496,13.648328067305386,12.632806263652894,11.190293252797368,0.787986501455307,0.937204360961914,1.0638028264045716,1.0667067646980286,0.0731008001171908,0.0732690811157226,0.0791589772701263,0.0893834650616684
6021,447,8,32,0.14,0.82,False,False,False,True,3.6114806032180784,3.646845579147339,3.712627148628235,3.724186508655548,13.854707506497656,13.710482258109993,13.467552234592194,13.42575095850318,1.006201605796814,1.0015114545822144,1.117577040195465,1.156552467346191,0.0722296120643616,0.0729369115829467,0.0742525429725647,0.0744837301731109
7371,1896,7,8,1.38,0.76,True,True,False,False,2.336043357849121,2.336043357849121,2.336043357849121,2.336043357849121,6.849187942612407,6.849187942612407,6.849187942612407,6.849187942612407,1.501115798950195,1.501115798950195,1.501115798950195,1.501115798950195,0.14600270986557,0.14600270986557,0.14600270986557,0.14600270986557
7434,685,4,8,0.53,1.0,False,False,False,False,3.59790934085846,3.653895258903504,3.707138919830322,3.714173498153688,13.818760923546655,13.679055118285422,13.486146136851714,13.414533744628084,0.8978000795841217,1.000334858894348,1.055402112007141,1.0757911610603332,0.072521945220232,0.0731044650077819,0.0741501679420471,0.0745601693630217
4252,1433,2,32,1.24,0.97,True,False,True,False,3.4426292777061462,3.386940836906433,3.63410370349884,3.6436279821395874,14.522448334519352,14.74695151033005,13.752984952608474,13.720881544882142,0.8196173083782196,0.9074083566665648,0.958169972896576,0.966893446445465,0.068986728298664,0.0678106498718261,0.0727114880084991,0.0728816567420959
4997,204,2,32,1.34,0.94,False,True,True,False,3.100766658782959,3.0605627298355103,3.5374529004096984,3.5426387667655943,16.221450560692496,16.336864984848937,14.134463809899234,14.113773178904047,0.4826818633079529,0.3973666429519653,0.9715678691864014,0.976309163570404,0.0620153331756591,0.0612112545967102,0.0707490580081939,0.0708527753353118
6214,426,4,8,0.25,1.0,False,False,True,True,3.63123315691948,3.625082015991211,3.7600435853004455,3.765082812309265,13.7410924367125,13.77655169876217,13.296792027163145,13.270322993210309,0.9055673468112946,0.939160943031311,1.0512922644615172,1.0913496208190918,0.0728293695052464,0.0725872015953064,0.0752061097621917,0.0753561178684234
4042,1314,2,8,0.65,0.99,True,True,True,True,4.172836856842041,4.184890270233154,4.203774988651276,4.21691769361496,11.982862037728136,11.9477449161578,11.894072264506644,11.857074537218546,1.3228788566589356,1.4963934421539309,1.5023210644721985,1.5043704152107238,0.0834567371368407,0.0836978054046631,0.0840754997730255,0.0843383538722992
7941,1906,6,8,0.19,0.92,False,True,True,True,3.3190916311740875,3.140990972518921,3.740671491622925,3.747362787723541,15.145668674370148,14.478866794704484,13.359303849158357,13.293926275185084,0.6530251109600067,0.4486926794052124,1.04269380569458,1.0766061139106748,0.0669858802706003,0.0691879916191101,0.0748542001247406,0.075223579531908
4295,159,6,32,0.66,0.75,False,True,True,True,3.2091530191898348,3.1300508975982666,3.6501928329467774,3.666357090473175,15.637724728453945,15.971715193242847,13.697906491155926,13.63751508856527,0.5049813616275788,0.4198243618011474,0.928604793548584,0.9312445354461668,0.0643095132473975,0.0626106834411621,0.0730038566589355,0.0733271418094635
7438,1288,6,16,1.62,0.84,True,True,True,True,3.495608773231506,3.509780049324036,3.5281500458717345,3.5325284957885743,14.304795470413453,14.245909554397958,14.171733663426611,14.154170668254949,0.8678530931472779,0.9430317878723145,0.9515139102935792,0.9566601395606996,0.0699121754646301,0.0701956009864807,0.0705630009174346,0.0706505699157714
6907,1397,5,16,0.82,0.96,True,False,False,False,3.5056413328647613,3.599220633506775,3.660586214065552,3.667972264289856,14.193772959830948,13.889439847453056,13.653090335605022,12.463424290161049,0.9262066924571992,0.9758520126342772,1.0540629267692565,1.0744277358055114,0.0706101404982005,0.0719971442222595,0.0732434914112091,0.0802347719669342
5522,1474,2,8,1.05,0.95,False,True,False,True,3.2955045568943024,3.14517343044281,3.733830583095551,3.7438335156440736,15.207841453120212,14.23986417261476,13.384867880416964,13.219439844417652,0.5917588412761688,0.4212138652801513,0.9985964179039002,1.0015199422836305,0.0664081170615695,0.0702253890037536,0.0747112343311309,0.0756484922435548
6660,1990,8,8,1.97,0.71,True,True,False,True,4.47181058883667,4.509577631950378,4.544109618663788,4.548327188491822,10.995993857548424,11.082586849347996,11.002673709276362,8.636394409693473,1.5605608129501345,1.5607619285583496,1.5733552694320678,1.5755811858177184,0.0915049445657169,0.0902316427230835,0.0908869996070861,0.1245380879878996
4402,1984,8,8,0.4,0.95,True,False,True,True,3.663411356210709,3.5719839334487915,4.20201336145401,4.206982626914978,13.655792892988275,13.994192864069788,11.896630927189667,11.877315174655251,0.9347589659690856,0.8655662536621094,1.4741047501564026,1.477398431301117,0.0738561193971223,0.0714582133293151,0.0840574114322662,0.0841941116809844
5890,631,6,32,0.95,0.97,False,True,False,False,3.1421347558498383,3.061763525009156,3.5929948568344114,3.600778195858002,15.918129198599992,16.195475391695105,13.914543605007696,13.871567265872528,0.5653033602237701,0.4531211853027344,0.969492495059967,0.9723805975914002,0.0632178913173221,0.061745765209198,0.0718672511577606,0.0720899077892303
5578,1992,4,32,1.3,0.85,False,False,False,False,3.407449071407318,3.4868093729019165,3.653864049911499,3.665691750049591,14.646274509776667,14.33555993563741,13.671517297316392,11.983128285052972,0.8857976150512695,0.9875093698501588,1.0847490072250363,1.1047638392448424,0.0686268534925248,0.0697566056251526,0.073144770860672,0.0834508593612246
6421,191,2,32,0.87,0.78,False,True,True,False,3.140228650569916,3.0804898738861084,3.574160349369049,3.579326055049896,15.960443515412368,16.203579537272624,13.989299957347988,13.969110172048206,0.529862631559372,0.4217935800552368,0.9205662846565248,0.9252364420890808,0.0630384537958631,0.0617148113250732,0.0714832069873809,0.0715865211009979
6946,118,1,32,1.73,0.97,False,False,True,True,3.5889728045463563,3.605928421020508,3.652877831459045,3.67260311126709,13.93560182310816,13.866056390343209,13.68783801475412,13.614321637306812,0.9501080095767976,1.0035561323165894,1.0932870864868165,1.1303509616851806,0.0717794560909271,0.0721185684204101,0.0730575566291809,0.0734520622253417
7309,1704,3,32,1.76,0.83,False,False,True,True,3.576399449110032,3.601894736289978,3.633683741092682,4.0349828791618325,13.857975903110765,13.878886015138846,13.727844611047017,11.368421137362589,0.9826345086097718,0.9940301179885864,1.0761779069900512,1.0975215172767627,0.0723036132205223,0.0720518922805786,0.0728446590900421,0.0879730698384735
5946,928,1,16,0.15,0.74,True,True,True,False,1.8731093406677248,1.8731093406677248,1.8794981479644768,1.880066041946411,9.341876658541704,9.341876658541704,9.133497712495018,9.11497513951309,0.9902442693710328,0.9902442693710328,0.9957845330238342,0.9962770009040832,0.1071106670728695,0.1071106670728695,0.1094998666663575,0.1097122399635564
7418,80,2,16,1.33,0.72,True,True,True,True,3.58464337348938,3.629233956336975,3.647291088104248,3.648012888431549,13.709903800778338,13.769243171459204,13.707352416545808,11.18921186827821,0.90216881275177,0.8989843130111694,0.9501073122024536,0.9527355051040648,0.0732433026313781,0.0726256418228149,0.072953548669815,0.0938937396526335
7763,1112,7,8,0.57,0.89,False,False,False,True,3.5835628485679627,3.627085447311402,3.694034481048584,3.700514316558838,13.897593586807076,13.78155880476336,13.516547242432637,13.210289279692727,0.8819984209537506,0.937562108039856,1.0103669524192809,1.0249883460998537,0.0720184778548574,0.0725607323646545,0.073983391046524,0.0756987258956429
7414,989,5,8,1.28,0.77,True,False,False,True,3.74876566529274,3.657426834106445,4.195967614650726,4.200601530075073,13.350347705886511,12.882442612247626,11.91443476939194,11.897806250560008,1.0128917121887206,0.9880517721176147,1.5221049189567566,1.5273032307624816,0.0754621441468214,0.0776250338554382,0.0839318037033081,0.0840491079330444
4073,1397,8,16,0.65,0.73,False,False,True,False,3.597018249034881,3.598019242286682,3.7459661602973937,3.7502596759796143,13.857912944777077,13.873854601900636,13.346863156898818,13.3297972358989,0.8684889733791351,0.9126787185668944,1.1111584305763245,1.1189777398109435,0.0722930232312944,0.0720781803131103,0.0749239718914032,0.0750198969841003
4559,844,6,16,1.74,0.92,True,False,True,True,3.4922439420223235,3.4314777851104736,3.674428331851959,3.682762086391449,14.2795965438221,14.27780251794202,13.607374045861285,13.573057682497405,0.8694653987884522,0.8758062124252319,0.9729043841361994,1.0118677163124083,0.0702350854280667,0.0700655758686554,0.0734895651340484,0.0736753710746765
4473,390,3,16,0.39,0.85,False,False,False,False,3.5486580657958986,3.580726265907288,3.6620112299919128,3.665419616699219,14.07371269022348,13.957702110130828,13.649020168816454,13.62805558857817,0.838123413324356,0.8727837800979614,0.9423357486724854,0.9552056550979614,0.071130960164419,0.0716450309753417,0.0732653324604034,0.0733780712325398
6730,1487,3,32,1.64,0.79,True,True,True,False,1.864379525184632,1.864379525184632,1.868978655338288,1.8693874669075008,9.38583628449302,9.38583628449302,9.16762249710098,9.148225715999466,0.9751330614089966,0.9751330614089966,0.9821845889091492,0.9828113913536072,0.1066146621517106,0.1066146621517106,0.10909337459826,0.1093137045935088
6787,219,4,32,1.37,0.8,False,False,False,True,3.54791366815567,3.591028928756714,3.637497413158417,3.643352053165436,14.092109477361062,13.911949796044208,13.74258007297539,13.717658062339568,0.9416268122196196,1.0609054565429688,1.176998257637024,1.2062129926681515,0.0710114177703857,0.0718806505203247,0.072766539812088,0.0728999552726745
7016,501,3,32,1.33,0.76,False,False,False,False,3.5230928575992584,3.509886384010315,3.700871741771698,3.711768369674682,14.149898053893969,14.244430845845972,13.509455587815438,13.3177485381891,0.8090820479393005,0.680850625038147,1.0975204229354858,1.1037925910949706,0.0707700307017878,0.070202875137329,0.0740222280025482,0.0750877737045288
4881,2037,7,8,0.11,0.92,False,True,True,False,3.234796801805496,3.0772628784179688,4.067017936706543,4.0890245485305785,15.602649289966108,16.23153116280431,12.284886377680689,12.22631351192068,0.5003051507472992,0.3393350839614868,1.3327300786972045,1.3341352820396424,0.0652716923104392,0.0616084837913513,0.0814008600711822,0.081790803194046
7971,593,6,16,1.23,0.93,False,True,False,True,3.105074429512024,3.02272367477417,3.7512147188186646,3.756068861484528,16.16518153246627,16.536062017031256,13.328818473060196,13.302818527964844,0.4807190763950348,0.3671125173568725,1.0875479578971865,1.0922526383399964,0.062728057558276,0.0604738903045654,0.0750254046916961,0.075172041606903
7114,160,2,16,1.09,0.84,False,True,True,False,3.109854121208191,3.028683662414551,3.57307915687561,3.5817806577682494,16.083952466187768,16.388091589656455,13.976920401199031,13.957791773843828,0.5239176142215729,0.3980027437210083,0.964306640625,0.967666199207306,0.0626384861463155,0.0610201168060302,0.0715465190410614,0.0716445707321166
5298,1310,5,8,0.8,0.96,True,False,False,True,3.63539256811142,3.61579430103302,4.14539794921875,4.153578882217407,13.745867402233388,13.779528041810382,12.05991680523899,11.982800994663016,1.008224995136261,0.9573203325271606,1.4669184327125548,1.4728338360786437,0.0734860113948583,0.0725714993476867,0.082919311761856,0.0834663900852202
5316,1922,6,16,1.29,1.0,True,True,True,True,3.5587331771850588,3.6005834341049194,3.626978945732117,3.633849499225617,13.820191240852829,13.878887903912188,13.775107803537525,11.416845842444648,0.9595809364318848,1.0387097597122192,1.0503811597824098,1.0550599789619446,0.0726137004459605,0.0720519018173217,0.0725947451591491,0.0912290806770324
6465,398,8,32,0.57,0.84,True,False,True,True,3.599657541513443,3.632633924484253,3.735953760147095,3.750479121208191,13.875619051136312,13.762300639776855,13.38012165873802,13.309557449636928,0.9749209666252135,0.9913321733474731,1.1259361505508425,1.1577521681785583,0.0721502557784319,0.0726622700691223,0.0747377359867095,0.0751339785099029
4601,727,7,32,2.0,0.84,False,False,True,False,3.61534479379654,3.587044239044189,4.677588951587677,4.7201859521865845,14.018026024312752,13.934017214279422,10.689269014922727,10.592803155527106,0.9761124420166016,0.8663434982299805,1.634768557548523,1.637798058986664,0.0725591899042544,0.0717668175697326,0.0935517790317535,0.0944037190437316
5563,382,1,32,0.25,0.82,False,True,False,True,3.187265889644623,3.123581051826477,3.7166196942329406,3.71927773475647,15.72812632788687,15.99410781738335,13.452300576703216,13.431710767354216,0.5156182432174683,0.4257905483245849,1.0061832904815673,1.0116867423057556,0.0641546562209725,0.0625230360031127,0.0743367273807525,0.0744511755168437
5024,149,3,16,0.6,0.95,True,False,False,True,3.570876847505569,3.6187630891799927,3.660037481784821,3.673038821220398,13.986157886484484,13.812600554970814,13.659127080780678,13.612221827649458,0.8935715723037719,0.935089111328125,1.024075269699097,1.0443273377418518,0.0715649573668837,0.0723976635932922,0.0732111206054687,0.0734633928775787
4561,1288,1,32,0.63,0.96,False,False,False,True,3.609380089044571,3.649560451507568,3.713351631164551,3.729772667884826,13.829428657216274,13.697531665167729,13.4637904201891,13.395136099940002,0.8627241420745849,0.9272468090057372,1.0361952304840087,1.0546239733695983,0.0723694357128606,0.0730058550834655,0.074273293018341,0.0746539634704589
8024,1907,8,8,1.94,0.94,False,False,False,True,3.669415053129196,3.670637726783752,3.766309750080109,3.781198179721832,13.632481165502432,13.6216150491804,13.27559424250926,13.22332171547375,1.0304166054725648,1.0565145015716553,1.144496500492096,1.1678307366371157,0.0733883010625839,0.073412754535675,0.0753261950016021,0.0756239635944366
7813,880,6,8,0.18,0.99,True,False,False,False,3.6408889508247375,3.6076449155807495,4.115769171714783,4.12087828874588,13.661994593116091,13.85819508109929,12.146519798026388,12.091717122798483,1.0652256941795348,1.0190649032592771,1.5033279299736022,1.5071054410934448,0.0738706453531979,0.072159469127655,0.082328108549118,0.0827809957027432
5259,1435,5,16,0.14,0.73,False,True,True,True,3.192681384086609,3.09381365776062,3.674023115634918,3.693730745315552,15.764962364051712,16.16129267592106,13.609059721880897,13.53644958182315,0.5138534557819366,0.3986414670944214,0.9153677701950074,0.9226649165153504,0.0638536276817321,0.0618762731552124,0.0734804623126983,0.073874614906311
5114,1805,6,8,0.03,0.75,False,False,True,True,3.642309277057648,3.641754150390625,3.7270251274108888,3.740400037765503,13.729469056660124,13.729650307146024,13.415525406749536,13.367554560641535,0.8928394114971161,0.938539743423462,1.007446527481079,1.0407871055603026,0.0728678068683502,0.0728350830078125,0.0745405025482177,0.07480800075531
4608,487,2,32,0.04,0.96,True,False,False,True,3.4804634141921995,3.454504609107971,3.649259340763092,3.655630507469177,14.294398358765228,14.47232514128821,13.696817777024355,13.67533797779152,0.8745372939109802,0.91518235206604,1.0115124464035032,1.0334821105003356,0.0700596533086564,0.0690973973274231,0.0730096597671508,0.0731243353366851
4659,676,6,16,0.4,0.81,False,False,True,False,3.5129560148715973,3.4890289306640625,3.663277995586395,3.668232262134552,14.17533853827248,14.302163911354189,13.642821856749428,13.620303232474685,0.8204293787479401,0.911141276359558,0.9570966601371764,0.9667805266380308,0.0706783482684029,0.0699197077751159,0.0732986190319061,0.0734214732170104
6410,275,4,8,1.62,0.93,True,False,False,False,3.583060632944107,3.557235836982727,4.080113732814789,4.088412337303161,13.798882605817855,13.964776027683389,12.252729318830887,9.9478600504004,1.036145406961441,0.9591240882873536,1.4182137608528138,1.437876408100128,0.0732669468531872,0.0716087388992309,0.0816144697666168,0.1005603408065494
7368,631,8,32,0.02,0.77,True,False,True,True,3.548549401760101,3.5408735275268555,3.6548439383506777,3.666761891841889,14.096597096883016,14.120809366657577,13.680474700571455,13.63600951244575,0.912260057926178,0.9531471729278564,1.0555206418037413,1.0923492527008056,0.070970988035202,0.0708174705505371,0.0730968787670135,0.0733352378368377
6440,100,8,32,0.28,0.81,True,False,True,True,3.033149993419648,2.868309259414673,3.5155715465545656,3.5190262937545778,16.64502348024095,17.431872081782785,14.22243846905085,14.208475857971749,0.7648676419258118,0.8633537292480469,1.0049296498298643,1.008478157520294,0.0606629998683929,0.0573661851882934,0.0703114309310913,0.0703805258750915
8110,1119,2,8,0.01,0.99,True,False,True,False,3.666317447423935,3.577442765235901,4.135462784767151,4.141522617340088,13.643422075786768,13.974898383674182,12.088080142698749,12.071805600246128,1.0419178128242492,0.9734711647033693,1.510452914237976,1.5142486572265623,0.0736687396989149,0.0715568709373474,0.0827261226177215,0.0828376494407653
8144,759,5,32,1.04,0.99,False,True,False,False,3.1098109102249145,3.073789954185486,3.468167364597321,3.476613574028016,16.113092395874077,16.265090152336164,14.410989067216692,14.364349505840185,0.5158318352699279,0.4282313585281372,0.8910525918006897,0.8946481275558471,0.0623348832339048,0.0614813685417175,0.0693914897441864,0.0696167969703674
4769,723,3,16,0.51,0.94,True,False,True,True,3.516556240320205,3.599272131919861,3.6546887159347534,3.659146764278412,14.159016530340391,13.890387830099671,13.67706478651347,13.643514533207137,0.8136922514438629,0.8870841264724731,0.9798397064208983,0.9859870600700378,0.0708085838724585,0.0719922304153442,0.0731151030063629,0.0733014154574449
5591,1910,7,16,1.64,0.82,False,True,False,True,3.203606140613556,3.126031756401062,3.660032284259796,3.667362813949585,15.669765266393965,15.951374842072706,13.661081774987329,13.633775244458574,0.5353269064426422,0.4204918146133423,0.9574192881584168,0.963887939453125,0.0642238010109269,0.0626905393600463,0.0732006456851959,0.0733472562789917
7939,1204,4,8,0.26,0.9,False,False,True,True,3.650433924198152,3.7496410608291626,3.9765461444854737,3.9781851506233217,13.522567884367724,13.285437867942893,12.570356604058215,10.948960931273506,0.8168577468395233,0.9267815351486206,0.9948525428771972,1.01482706785202,0.0744132293812638,0.0752705287933349,0.0795522379875183,0.0913407991230487
6093,102,6,16,0.7,0.96,False,True,True,True,2.921082228422165,2.8575332164764404,3.637421000003816,3.6411514616012575,17.45522463661678,17.389154207580834,13.74560974065906,13.731855921866323,0.4962806630134582,0.3523397445678711,0.9881560802459716,0.992629816532135,0.0586699142442029,0.0575078082084655,0.0727505013942718,0.0728233683109283
6014,762,7,32,1.91,0.75,False,False,False,False,3.611200011968613,3.631156444549561,3.748356115818024,4.535714116096496,13.63984968109233,13.765265407544405,13.25187573713125,9.475079896640835,1.0174899482727051,1.0353984832763672,1.1347782969474791,1.5117963576316833,0.073795581430875,0.07264662027359,0.0754764566421508,0.1055567645938956
6512,494,4,8,0.34,0.78,False,True,False,True,3.33685340166092,3.1107449531555176,3.776323354244232,3.780641238689423,15.15364467955376,15.679091781232552,13.239195617284883,13.22175985363334,0.5986134827136993,0.4433680772781372,0.9801560401916504,1.0149823260307311,0.0668229571831532,0.0638176584243774,0.0755332899093628,0.0756328992843627
6616,208,5,16,1.38,0.77,False,False,False,False,3.609730187654496,3.628076553344727,3.711214768886566,3.726241497993469,13.771341124261436,13.77898765355526,13.463982895283111,12.32448177113217,1.0262832927703858,1.0372496843338013,1.1181012988090515,1.143003487586975,0.0727240714266019,0.0725742721557617,0.074272227525711,0.0811420184016227
4094,605,1,16,1.44,0.76,False,True,False,True,3.048658850193024,2.870975375175476,3.6191002249717714,3.6515038871765135,16.362398810157178,17.38472813064432,13.69911483322978,11.35370903991782,0.4800141477584839,0.3824949264526367,0.9509112954139708,1.1279806756973267,0.0620320553201927,0.0575217604637146,0.0729974172115325,0.0880967259945406
6176,881,1,32,1.34,0.91,False,False,False,False,3.58810472369194,3.6322211027145386,3.689837491512298,3.8525892758369418,13.82634177263296,13.758856417408015,13.541873890844592,12.040541512218928,0.921916080713272,1.0113364458084106,1.0912451148033142,1.1124723529815672,0.0724838869814749,0.0726804590225219,0.0738450243473053,0.0830530386686324
5785,2038,7,32,1.52,0.94,False,True,True,False,3.162249363660812,3.081620931625366,3.583293199539185,3.7343475580215455,15.900994261360363,16.225227326185937,13.953644669692526,13.389219934311363,0.5723473882675171,0.4511535167694092,0.9752841353416444,1.3645911812782288,0.0632449872732162,0.0616324186325073,0.0716658639907836,0.0746869511604309
7805,947,5,32,0.43,0.78,False,True,False,False,2.7937650585174563,2.4732195138931274,3.520411193370819,3.525148298740387,18.393277730784703,18.03085142080784,14.198953569695949,14.182004919912568,0.4831393301486969,0.4136989116668701,0.8428564190864563,0.8456866812705993,0.056144045027097,0.0559012579917907,0.0704277253150939,0.070511892080307
6108,1439,7,16,0.38,0.86,False,False,False,True,3.619303071498871,3.63893449306488,3.688158106803894,3.695601782798767,13.818767307602478,13.740286046540362,13.556902678035232,13.529596399978663,1.0066133248806,1.009342074394226,1.0960686445236203,1.1271647381782532,0.0723860614299774,0.0727786898612976,0.0737631621360778,0.0739120356559753
5081,371,7,32,0.6,0.76,False,True,False,True,3.2235326027870177,3.1157987117767334,3.695114600658417,3.7176401662826537,15.565670909241014,15.98768551683476,13.531380052808576,13.449392026059048,0.5118069159984588,0.4280153512954712,0.9805498719215392,0.9870154762268066,0.0646368287135393,0.0625487256050109,0.0739022920131683,0.074352803325653
4545,1383,3,16,0.14,0.82,True,False,True,False,31.75396056856428,2.696643829345703,62.64545087814331,62.6478996515274,9.78724249995417,11.110165170275971,0.798142551451838,0.7981113541967916,29.78047377722604,0.8237113952636719,60.48753561973572,60.49281643390656,0.6368279316765921,0.0900076627731323,1.252909017562866,1.252957993030548
4270,74,6,8,0.66,0.96,False,False,False,True,3.655397050380707,3.700103640556336,3.74652351140976,3.754503519535064,13.60567292263354,13.511369000112254,13.343351691966838,13.26299556732906,0.8658719527721405,0.896742582321167,1.0290958166122437,1.0327296352386477,0.0735911411126724,0.0740117454528808,0.0749436891078949,0.0754038605874583
4806,1522,7,16,0.37,0.92,False,False,True,False,61.63941725434327,59.97557306289673,176.70882577896117,176.75100071191787,3.7728302490544574,0.8336727345342688,0.2829513454183723,0.2828838298030638,31.1547266259426,15.434322834014893,117.79155405759812,117.83362901210783,1.232788345086865,1.1995114612579345,3.534176515579224,3.535020014238358
6195,1286,3,16,1.99,0.94,False,False,True,False,22.580974614078347,19.425416111946102,62.88872963190079,62.89760547161102,5.4336830348016765,2.573947438707399,0.7950550169292252,0.7949428223736102,18.83958043022589,16.86217761039734,60.38560831546784,60.39606701850891,0.451619492281567,0.3885083222389221,1.2577745926380155,1.2579521094322204
7722,1195,2,32,1.1,0.79,False,True,False,True,55.257499082013965,39.154680013656616,120.0276950120926,120.03642011404035,3.51907272634601,1.707168874173782,0.416567755514285,0.4164943031172901,25.95313683897257,16.87651538848877,60.284185922145845,60.30762778759003,1.119510583356023,0.7830936002731324,2.4005698635578154,2.4009932353019714
6149,1575,5,8,0.6,0.89,False,False,True,True,75.23117752106774,63.57067084312439,119.95358300209044,119.98995697498322,1.200623252056161,0.7865262287916825,0.4168278991659237,0.4167015416569012,39.61773468327048,57.33372616767883,60.73329508304596,88.68787384033203,1.504623550421355,1.2714134168624878,2.399071660041809,2.399799139499664
6317,567,3,32,0.68,0.94,False,False,True,False,23.02940797684144,12.45447063446045,68.5789743065834,68.58651132583618,7.389972743050766,4.014623144694234,0.729086436572173,0.7290063167638988,18.754329458791386,10.038310527801514,57.52975195646286,57.56366320848465,0.4607777428279466,0.2490894126892089,1.371579486131668,1.3717302265167235
4817,180,4,16,0.37,0.97,False,False,False,False,3.563213837146759,3.5732229948043823,3.66582065820694,3.670465111732483,14.038649096597512,13.99296940091105,13.639510678158036,13.622251871269478,0.8771365785598755,0.9212362766265868,1.0020269751548767,1.0164821529388428,0.0712642767429352,0.0714644598960876,0.0733164131641388,0.0734093022346496
5167,541,3,8,1.01,0.99,True,False,False,False,3.658725506067276,3.583153009414673,4.084985446929932,4.089040997028351,13.632429203334912,13.92088877107559,12.237045292167682,12.21500827617942,1.043494200706482,0.9525052309036256,1.4380082726478576,1.4716941905021668,0.0738500185153063,0.071834647655487,0.0817190735340118,0.0818719457626342
6183,1972,7,32,1.71,0.78,True,False,False,False,3.5092603647708893,3.509121775627136,3.6239237546920777,3.630962810516357,14.256269424121705,14.24857954717772,13.797199979102478,13.770452377318154,0.935525668859482,0.9872939586639404,1.0893128037452695,1.104025547504425,0.0701920934258675,0.0701824355125427,0.0724784750938415,0.0726192562103271
6039,1163,5,32,1.94,0.9,True,True,True,False,3.621203651428223,3.626266479492188,3.653733098506928,3.659893293380737,13.80848080980014,13.788286194139232,13.684633987534106,13.661601139143787,0.9824098682403564,0.9816315174102784,0.9930561900138856,0.9954572224617004,0.0724240730285644,0.0725253295898437,0.0730746619701385,0.0731978658676147
4151,1828,2,8,0.26,0.95,True,False,False,True,3.872447715997696,3.728298306465149,4.249365234375,4.253090641498566,12.868616548148191,12.280452358294824,11.760525426386078,10.890267056352744,0.9954371702671052,0.899355411529541,1.522783875465393,1.5266211819648745,0.0784807783889238,0.0814360523223877,0.0850302145481109,0.0918419386746288
4870,1288,1,32,1.28,0.99,True,True,False,True,3.4332923078536988,3.4473315477371216,3.4678308963775635,3.469886231422424,14.564711751010677,14.504065535725143,14.418236116285028,14.409694464260864,0.8058280038833618,0.9883949756622314,0.9973295450210572,0.9992616701126098,0.0686658461570739,0.0689466309547424,0.0693566179275512,0.0693977246284484
7633,1507,8,32,1.01,0.79,True,True,False,True,3.429194803237915,3.4371007680892944,3.4784305334091186,3.4795557498931884,14.58187141673965,14.547144066233765,14.374298890409973,14.369650844470684,0.8375411128997803,0.9937108755111694,1.0043748021125791,1.008544120788574,0.0685838960647583,0.0687420153617859,0.0695686106681823,0.0695911149978637
6452,807,4,32,1.38,0.73,True,True,False,True,3.566911120414734,3.5801936388015747,3.597088432312012,3.6091846108436574,14.01880280804974,13.965725071612528,13.900131909329057,13.853579264229834,0.8328713989257812,0.9882079362869264,0.9984573483467102,1.0058785223960875,0.0713382224082946,0.0716038727760315,0.0719417686462402,0.0721836922168731
4279,433,7,32,0.18,0.97,False,False,False,False,3.5186213564872744,3.5674701929092407,3.618684506416321,3.629560031890869,14.106615561607413,14.000638033634,13.810947502141955,13.316383720769272,0.8435161948204041,0.8789331912994385,1.0072187423706054,1.0353718328475952,0.0710439054602629,0.0714253163337707,0.0724063286781311,0.075100398323488
4543,831,8,8,1.74,0.71,True,False,False,False,3.68330629825592,3.6646087169647217,4.118861651420593,4.144540519714355,13.54477313449558,13.640706799263926,12.1293291970942,12.0337488288696,1.0237672543525695,0.9365142583847046,1.415440797805786,1.5075406050682068,0.0743357530598605,0.0733099842071533,0.0824447901248932,0.0831255969570527
6948,586,6,32,1.67,0.78,False,False,True,False,3.6269904589653015,3.633293390274048,3.770302212238312,3.775931158065796,13.770575010645157,13.756895623091,13.25843772322267,13.236535153144136,1.0597324991226196,1.0517586469650269,1.217217135429382,1.25160831451416,0.0726680639463312,0.0726908183097839,0.0754236676692962,0.0755484715938568
4666,1436,6,32,0.34,0.77,False,True,False,True,3.1442511105537414,3.0602117776870728,3.551404321193695,3.559769117832184,15.944968306455683,16.33881344079387,14.078937660122078,14.045854758300456,0.4996581649780273,0.4244465827941894,0.9930020332336426,1.0005260062217711,0.0630283730367819,0.0612042355537414,0.0710280864238739,0.0711953823566436
7397,1365,4,8,1.28,0.96,False,True,True,False,3.145457468032837,2.978420853614807,3.9135969161987294,3.922342112064362,15.910644967848947,16.574079103718184,12.77597085471892,12.747485710179305,0.4655991220474243,0.3011050224304199,1.2862833857536315,1.2912806367874146,0.0637345476449704,0.0603351783752441,0.0782719383239746,0.0784468422412872
6898,843,5,16,0.67,0.85,True,False,False,False,2.917631322145462,2.936107397079468,3.041912055015564,3.047872021198273,17.120075165755157,16.903466218808674,16.43319952275397,16.400547345412992,0.8286824285984039,0.8973939418792725,1.002990472316742,1.0120597863197327,0.0584879063275125,0.0591604018211364,0.0608524227142334,0.0609735748291015
5339,2007,4,16,1.49,0.98,True,True,True,True,2.9804199504852296,2.994312286376953,3.012608885765076,3.017174117565155,16.777693811385966,16.698326557347762,16.596910873207868,16.571818558489287,0.889275918006897,0.9263780117034912,0.9563749551773072,0.9579068899154664,0.0596083990097046,0.059886245727539,0.0602521777153015,0.060343482351303
7990,390,7,8,0.24,0.89,True,True,True,True,3.605418720245362,3.614237785339356,3.631078457832337,3.636133642196656,13.86866901666331,13.834178012995627,13.770015632655872,13.750877527964253,1.430446195602417,1.510133981704712,1.5452808260917663,1.5516848611831664,0.0721083744049072,0.0722847557067871,0.0726215691566467,0.0727226728439331
6516,1025,1,8,0.63,0.89,True,False,True,True,37.82055137349271,19.94510245323181,63.05018422603607,63.06099552631378,1.7676144097662474,2.506836072035533,0.7930190949184627,0.7928831377849521,27.549322788742767,17.463053703308105,60.582462954521176,60.59370990753174,0.7638983079147824,0.3989092111587524,1.2610036845207215,1.2612199105262756
5289,732,8,32,0.82,0.96,False,True,True,True,59.18491764115815,60.05918478965759,119.92870163917542,119.95664715766908,1.5488053791797611,0.832512132409266,0.4169143775977243,0.4168172517716406,32.739315332752646,16.85978388786316,60.156658411026,60.17368817329407,1.183698352823163,1.201183695793152,2.3985740327835083,2.399132943153381
4657,1160,3,8,1.54,0.89,False,True,False,True,48.2428030517866,59.72970712184906,119.92038810253143,119.9496415257454,2.877994782713734,0.8371043895774034,0.4169432803836447,0.4168415964849003,28.858464142061628,15.272787094116213,60.12744498252869,60.16074868440628,0.9648560610357326,1.1945941424369813,2.398407762050629,2.398992830514908
7018,1310,2,32,0.03,0.91,False,True,False,False,36.360416341395606,19.489024877548218,62.27396327257157,62.28458868503571,1.8411937528831748,2.5654902344771653,0.8029037718686315,0.8027668011904575,23.660285731156662,16.791051149368286,60.22086138725281,60.23218296289444,0.7347105902149563,0.3897890496253967,1.2454792654514313,1.245691773700714
7433,696,8,16,1.28,0.86,False,True,False,False,51.91590210396474,19.14809560775757,120.01007807254793,120.0195627784729,4.5980637621396605,2.611202519402431,0.4166316763618488,0.4165987514704081,26.57971514116122,16.887332677841187,60.191565895080565,60.21795352458954,1.0536909262314402,0.3829653167724609,2.400201561450958,2.400391255569458
6500,134,6,8,1.1,0.78,False,False,False,False,23.96338472927318,19.36895704269409,63.106996297836304,63.11687036514282,5.256800595960721,2.581450301623744,0.7923051791043736,0.7921812409410157,21.492671198003432,16.808046102523804,60.59257411956787,60.60541970252991,0.4792676945854635,0.3873791408538818,1.262139925956726,1.2623374073028566
7766,1423,8,32,1.61,0.95,False,False,True,True,12.294662046432496,11.541054129600523,22.562335097789763,22.572854166030883,8.243224783670664,8.109960329862007,2.216082678652456,2.21504997251654,9.606753879785538,1.129655122756958,20.02215651273728,20.04892337799072,0.2458932409286499,0.2308210825920105,0.4512467019557953,0.4514570833206177
7256,1233,5,32,0.11,0.93,False,True,False,True,26.93558892607689,2.3949049711227417,60.09615758657456,61.55602978467941,12.565062718975188,20.87767248845492,0.8319999486009209,0.7832738897087662,3.186301279067993,0.2568804025650024,3.1721764564512536,59.09890748500824,0.5407060057787184,0.0478980994224548,1.2019231517314912,1.279779740768798
8138,1864,4,32,0.36,0.73,True,True,True,True,12.70674674510956,12.72039246559143,12.754310524463651,12.755141248703003,3.934955033889759,3.930696332771879,3.920243270300277,3.919987950358797,10.016612100601195,10.139795660972595,10.15060613155365,10.153223135471343,0.2541349349021912,0.2544078493118286,0.2550862104892731,0.25510282497406
7582,432,7,32,2.0,0.96,True,False,True,False,48.84833724619978,60.139150857925415,120.06537001132963,120.06882115364074,7.81456407831471,0.8314051543248681,0.4164299329673294,0.3508251889112862,12.781163728843302,0.8043794631958008,60.37460994720459,60.425067558288575,1.0212555565167278,1.2027830171585083,2.401364361286164,3.006740181386473
5966,1392,1,8,1.18,0.83,False,False,False,False,54.46713345892289,60.02030146121979,119.92886976003646,119.93891238689424,1.7617752496480477,0.8330514645876843,0.4169137931517617,0.4168788844667979,29.148432755002787,14.448785305023192,60.96162272691727,116.59396159410448,1.0893426691784578,1.200406029224396,2.398577395200729,2.3987782477378845
5319,704,7,32,0.45,0.77,True,False,False,True,49.896261821581625,59.879525661468506,119.97659316062928,119.9974694442749,3.240713161122472,0.835009954532325,0.4167479566003264,0.4166754538503626,20.120693599145245,14.061800956726074,60.65041790008545,60.6684940624237,1.0026528589097468,1.19759051322937,2.399531863212585,2.3999493888854984
5113,773,8,16,0.15,0.7,False,False,False,False,29.015633525618583,19.5271418094635,62.642525625228885,62.65230959415436,3.980034194355613,2.560538582034998,0.7981798228547364,0.7980551814195774,17.527859027127185,16.808774709701538,60.232948088645934,60.243687829971314,0.5803126705123717,0.39054283618927,1.2528505125045777,1.253046191883087
5388,849,1,32,1.39,0.8,False,False,False,False,3.394663840532303,3.3924273252487183,3.849075102806091,3.860119342803955,14.729335687240516,14.16388851891292,12.982822270939126,12.92535750299624,0.8740606069564819,0.8851953744888306,1.2996918916702271,1.3311711168289184,0.0683535295452782,0.0706020808219909,0.0770248548984527,0.0773779907522529
4459,631,3,32,0.73,0.86,True,True,False,True,3.4911853790283205,3.5078285932540894,3.528938770294189,3.529780316352844,14.323197568949826,14.253832186957943,14.168565492759916,14.165187610897746,0.6939559268951416,0.8639627695083618,0.8725922703742981,0.8773378539085388,0.0698237075805663,0.0701565718650817,0.0705787754058838,0.0705956063270568
7783,1520,1,32,0.32,0.71,True,False,True,True,3.485762358903885,3.519816637039185,3.643913912773132,3.649455304145813,14.217300573294915,14.192782079592671,13.711512973809386,12.685515399702442,0.8495816278457642,0.90712571144104,0.9998642325401306,1.0040050435066223,0.0705673217081556,0.0704583644866943,0.0729314119815826,0.0788987117655134
7380,1648,3,32,0.63,0.7,True,False,True,False,3.479422721862793,3.5119309425354004,3.622550344467163,3.6429183197021486,14.301910288494252,14.227459275756964,13.77906366923628,13.3230486789937,0.8581631422042847,0.9090930223464966,1.0215887069702148,1.0513899374008178,0.070016419626564,0.0702866268157959,0.0725738718509674,0.0750608646100566
6529,2005,2,32,0.28,0.71,True,True,False,False,3.5202500104904173,3.519545316696167,3.5683106660842894,3.569720470905304,14.204969173766765,14.206387877555118,14.012232989273189,14.006699175769135,0.9152653694152832,0.916701078414917,0.925488007068634,0.9285676193237304,0.0704050002098083,0.0703909063339233,0.0713662133216857,0.071394409418106
6405,1104,1,16,0.22,0.8,True,True,False,True,3.610230464935303,3.612507581710816,3.641906177997589,3.643565182685852,13.850332793907016,13.840801524471662,13.72907422037352,13.722824011625198,0.7921869611740112,0.6479849815368652,0.960749650001526,0.9636412715911864,0.072204609298706,0.0722501516342163,0.0728381235599517,0.072871303653717
5601,1374,7,32,1.62,0.82,False,True,False,True,3.255318739414215,3.2405818700790405,3.638601553440094,3.6515463805198656,15.372980046240762,15.421036969169784,13.740814424532871,13.192859672106078,0.5993742537498474,0.5060298442840576,0.9689221382141112,0.9809176611900292,0.06538981747487,0.0648464822769165,0.0727758901119232,0.0757985782146453
4016,1353,6,8,1.59,0.96,False,False,True,False,3.540859949588776,3.524614095687866,3.6543464183807375,3.694341094493866,14.12539718717424,14.185950289693029,13.682337402548724,13.534213225311577,0.8787960064411163,0.8991771936416626,1.1893726229667665,1.1919939088821412,0.0708171989917755,0.0704922819137573,0.0730869283676147,0.0738868218898773
7682,756,7,32,0.11,0.89,True,False,False,False,3.5015554988384245,3.562020182609558,3.594731044769288,3.6020373106002808,14.284564545263953,14.031923519074835,13.90742222045174,13.860566806306352,0.938988597393036,0.9725745916366576,1.0259690523147582,1.047654528617859,0.0700907386859257,0.0712660670280456,0.0719040513038635,0.072147128868103
4953,1823,4,8,1.02,0.71,True,False,True,False,3.687833060026169,3.607490062713623,4.142587411403656,4.146889934539795,13.604113174761666,13.855982016109884,12.067558277185528,12.050806493938378,1.0124519097805025,0.9576667547225952,1.5229934573173525,1.5280707311630248,0.0738974634204591,0.0721709990501403,0.0828668053150177,0.0829820013999939
4898,2021,3,32,0.47,0.74,True,False,False,False,3.521817774772644,3.553352832794189,3.6340867638587953,3.670072598457336,14.210641396686386,14.071217349952876,13.75861482338965,13.62370907879256,0.8867982697486877,0.9137115478515624,1.0611322522163391,1.063270001411438,0.0704363554954529,0.0710670566558837,0.0726817352771759,0.0734014519691467
5280,853,4,16,1.96,0.8,True,False,True,True,3.6013046884536744,3.64649760723114,3.7332090735435486,3.759677994251251,13.866518058568188,13.707120028813144,13.378080071206591,13.256096036183596,0.916526358127594,0.9745817184448242,1.0342890381813048,1.0748497796058654,0.0721989731026074,0.072954785823822,0.0747491505146026,0.0754372909159887
7705,725,5,32,1.0,0.9,False,False,False,True,3.6078566634655,3.643877029418945,3.702339458465576,3.733402583599089,13.827013616040816,13.717023388662255,13.49709842898712,12.764902407094617,0.9681600511074068,0.996254563331604,1.0715815782546996,1.1034647130966186,0.0723958895524342,0.0729021143913269,0.0740899987220764,0.0783399174213409
7622,661,2,8,0.26,0.76,False,False,False,True,3.6291550302505495,3.6439226865768433,3.684477376937866,3.717064480781555,13.722616492946273,13.720968523569091,13.55528063978864,13.439173563452004,0.9657756519317628,0.9776339530944824,1.0416905522346496,1.076240653991699,0.0729399737778832,0.0728811526298523,0.0737719960212707,0.0744093415260314
7015,565,3,16,1.74,0.74,False,False,False,True,3.661403143405914,3.578399896621704,4.362344026565552,4.381293518543243,13.629511056573822,13.964684894609558,11.4563217345699,11.356883076583753,0.9219256675243378,0.755291223526001,1.388132131099701,1.3910584473609924,0.0741147413923626,0.071609206199646,0.087288051366806,0.0881333667543196
6138,588,1,16,0.93,0.9,True,False,False,True,3.5490438389778136,3.649569511413574,3.678911828994751,3.685121591091156,13.9843924366749,13.693398626361272,13.584536016137696,12.67110942851926,0.8928963124752045,0.953916072845459,1.0352697253227234,1.0738037157058715,0.0718119931303587,0.0730278897285461,0.073613114118576,0.0790004275716123
5021,1859,4,32,1.26,1.0,True,True,False,True,3.5994570875167846,3.605774283409119,3.630784845352173,3.634481925964356,13.89184621099592,13.866651230652028,13.771127471524878,13.757123231361224,0.872102346420288,0.8694380521774292,0.905443835258484,0.9076301550865172,0.0719891417503356,0.0721154856681823,0.0726156969070434,0.0726896385192871
7220,651,1,8,1.36,0.82,True,False,False,False,3.702923066616058,3.635543704032898,4.130374765396118,4.135472927093506,13.544401515615505,13.751328716131226,12.105107432798064,12.088538726174082,1.0974985313415528,1.0164103507995603,1.5387172460556031,1.5450181365013125,0.074155754487331,0.0727202463150024,0.0826097583770752,0.0827229843616485
5873,1359,6,8,0.7,0.84,False,False,False,True,3.6069365799427033,3.5978726148605347,3.768917644023895,3.777892787456513,13.874112838145573,13.89710125086292,13.266408306257494,13.234891246979092,0.9532233703136443,0.9703844785690308,1.0917696356773376,1.1201873278617858,0.072138731598854,0.0719574522972107,0.0753783528804779,0.0755578557491302
7212,1676,4,32,1.78,0.73,False,False,False,False,3.5863602352142334,3.549296021461487,4.454149007797241,4.477128672599792,13.993926206024769,14.080198505715714,11.21509303482205,11.15618995676802,0.8298271036148072,0.7250136137008667,1.4094469904899598,1.411793611049652,0.0725067159136673,0.0710217261314392,0.0891655678749084,0.0896366448839505
7646,269,2,32,0.2,0.72,True,True,True,True,3.5141501092910765,3.509755492210388,3.5520453214645387,3.5542790269851685,14.229551522591883,14.24601294083407,14.076397213315,14.067551352864122,0.9025758409500122,0.902950882911682,0.9133828163146972,0.9145323753356932,0.0702830021858215,0.0701951098442077,0.0710409064292907,0.0710855805397033
4161,1467,6,16,0.82,0.77,False,True,False,False,3.0514561891555787,3.0235540866851807,3.259655702114105,3.263611710071564,16.412203130511397,16.536830048827618,15.3390434142501,15.320450019670348,0.4130274403095245,0.3629167079925537,0.6726431250572205,0.6754040479660034,0.0610291237831115,0.0604710817337036,0.0651931140422821,0.0652722342014312
5806,1861,6,16,1.6,0.78,True,False,True,True,3.4405036687850954,3.4522531032562256,3.5048191785812377,3.526457667350769,14.4799339211812,14.481204766614578,14.263628545244252,14.162302327414924,0.8802527594566345,0.9771263599395752,1.0409067511558532,1.0695061874389649,0.069125971423255,0.0690550279617309,0.0701083877086639,0.0706100024223327
6865,780,5,32,1.61,0.86,True,True,False,True,3.5846079540252687,3.590221405029297,3.61555016040802,3.621119532585144,13.949370398989965,13.926718615489364,13.829154119538728,13.807884667383634,0.8060844039916992,0.7616360187530518,0.9394707441329956,0.9505172443389892,0.0716921590805053,0.0718044281005859,0.0723110032081604,0.0724223906517028
7420,1931,5,8,0.3,0.71,False,True,False,True,3.388943959474564,3.238554358482361,3.788864803314209,3.793189070224762,14.829821305927556,15.251826011422398,13.192040741938728,13.154103086230686,0.5904608070850372,0.4177203178405761,1.0002641439437867,1.0403722381591796,0.0680809101134538,0.0655708932876587,0.0758032832145691,0.0760289414733647
7511,546,1,8,1.54,0.87,False,False,True,False,3.5635106015205382,3.556803584098816,3.6694205045700072,3.681788806915283,14.010870939692063,13.985977309105166,13.612719999204788,13.535415077351646,0.9908726286888122,1.0298044681549072,1.115494430065155,1.1411041045188903,0.0714197845016142,0.0715008115768432,0.0734607045650482,0.0738802666627443
4453,1353,3,16,1.2,0.98,True,False,True,False,3.525984560251236,3.5585111379623413,3.599214005470276,3.608601515293121,14.136940639969865,14.04441976202306,13.890917753665985,13.849846624584169,0.8870263254642486,0.8812979459762573,1.009390640258789,1.0255747079849242,0.0708753664802102,0.0712026572227478,0.0719894843101501,0.0722029679775237
6215,192,8,8,1.69,0.73,False,True,False,False,3.325420217514038,3.107280850410461,4.129687130451202,4.354784314632416,15.167498576073756,15.480256008960234,12.103847178323246,11.468551995576483,0.565730402469635,0.4442468881607055,0.9144027352333068,1.926730685234069,0.0671368183550225,0.0645984148979187,0.082618360042572,0.0871949669361114
7453,403,4,16,0.84,0.76,False,True,True,False,3.0508846843242647,3.062099575996399,3.425724709033966,3.4313457226753235,16.320820923027206,16.32461411564652,14.592179460730522,14.477800218063228,0.4057645452022552,0.3580920696258545,0.7211498975753784,0.7273386359214783,0.0615818656233224,0.0612571907043457,0.0685298590660095,0.0690723126411437
4161,1212,6,16,1.06,0.83,False,False,False,True,3.398603501319885,3.4383463859558105,3.708607184886932,3.725756483078003,14.718579556978884,14.5405436786009,13.462960111145426,13.40720631785195,0.8169326984882355,0.8547004461288452,0.9351890563964844,0.9809957456588744,0.0683045583639228,0.0687732195854187,0.074277869939804,0.0745868968235818
7548,1106,1,16,1.91,0.76,False,True,True,False,2.5266077029705047,2.341423988342285,3.4693718910217286,3.4810121417045594,20.098101030274723,20.9569520483875,14.41183066085451,14.363638494957058,0.4073578870296478,0.3152236938476562,0.8752223014831543,0.8792278361320496,0.0512521436262883,0.0477177596092224,0.0693874378204345,0.0696202428340912
6610,1972,5,16,0.45,0.95,False,False,True,False,3.592499121427536,3.614342570304871,3.7199114084243776,3.7274949240684494,13.907960100161882,13.832529990390018,13.44071689398569,13.411981376680837,0.8974949526786804,0.9759927988052368,1.1470680475234984,1.184063467979431,0.0719685441085269,0.0722933554649353,0.0744007935523986,0.074560330581665
6748,1743,5,8,0.0,0.81,True,False,False,True,3.724712288379669,3.674114346504211,4.171890771389007,4.182290472984314,13.41785186469759,13.546065854846711,11.984810242057488,11.954777719905229,1.035073274374008,0.9768165349960328,1.4920007586479187,1.4946806836128237,0.0749530125723944,0.073822648525238,0.0834389514923095,0.0836485649108886
5862,548,1,16,1.13,0.85,False,True,False,True,3.0908577036857605,3.0486119985580444,3.473516356945038,3.478959617614746,16.14262651193478,16.34958713984421,14.385721030309,14.362103704824284,0.5006391978263856,0.4227006435394287,1.0341336488723754,1.0382970333099364,0.0622233368276179,0.0611636662483215,0.0695133736133575,0.0696276922702789
6076,1029,2,8,0.95,0.73,False,False,False,False,3.4735631346702576,3.541637420654297,3.6668943643569945,3.884345297813416,14.32629265281929,14.0721819530201,13.594885751089745,12.773085351040658,0.9338629269599914,0.9873923063278198,1.0721374988555907,1.1090335536003113,0.0700628948443531,0.0710621857643127,0.0735570952892303,0.0783037735765629
5425,860,2,8,1.03,0.79,False,True,False,False,3.265896458625793,3.122178316116333,3.682527327537537,3.697613844871521,15.335900245040648,15.17785753575221,13.574570643900037,12.83301062125024,0.6322360706329345,0.6187984943389893,0.9975603342056274,1.0268267178535462,0.0661248778412484,0.0660702633857727,0.0736671550273895,0.0779757084422639
8049,766,4,16,1.29,0.73,False,True,False,False,3.092667217254639,3.084761500358581,3.4969512104988096,3.501690735816956,16.075989044161265,16.05387595254897,14.2923315806091,14.261925419529204,0.5235334920883179,0.4262082576751709,0.9203951478004456,0.9248941493034364,0.0626804044693708,0.0622911024093627,0.0699675903320312,0.0701220505654811
6925,850,7,16,1.81,0.8,True,True,False,False,3.561323747634888,3.5697520971298218,3.587447774410248,3.5946278810501098,14.040352487156182,14.006574920256565,13.93748514905116,13.909688604438362,0.966545352935791,0.9679733514785768,0.9769613862037658,0.978679654598236,0.0712264749526977,0.0713950419425964,0.0717489554882049,0.0718925576210021
4135,649,2,8,0.9,0.8,False,False,False,False,3.5742502307891844,3.649742007255554,3.764826679229736,3.776739530563354,13.84342834959639,13.69647103509121,13.27332380959851,9.710587603129497,0.823890689611435,0.8511052131652832,0.9843172669410706,0.9981863903999328,0.0726014576709933,0.073011507987976,0.0753390805721283,0.102986862361431
7783,1257,2,32,1.34,0.96,True,False,False,False,3.470516848564148,3.518766164779663,3.684538722038269,3.6862542033195496,14.255537396584236,14.197341942013749,13.567905218330694,9.382820536142765,0.8977451825141907,0.9417719841003418,1.045621967315674,1.0487180304527284,0.0705430126049939,0.070435721874237,0.0737033450603485,0.1065802234761854
5897,1381,1,8,1.35,0.99,False,True,True,False,3.1777314019203184,3.015743851661682,3.927860116958618,3.934113092422485,15.861414039448752,16.497098459130683,12.725625195653276,12.707656409837368,0.4931059086322784,0.3508728742599487,1.2823118925094603,1.2853755831718443,0.0640711273325341,0.0606178069114685,0.0785816009044647,0.0786927164554596
7162,947,1,16,1.81,0.78,False,False,False,False,3.593662539720535,3.60102379322052,3.692842638492584,3.715962588787079,13.92083629327979,13.884940197180727,13.53970501837946,13.455464550794748,1.0122525000572205,1.1214113235473633,1.1924829006195068,1.2169425344467162,0.0718732507944107,0.0720204758644104,0.0738568527698516,0.0743192517757415
8042,1621,8,16,0.96,0.87,False,False,True,True,3.5578455436229706,3.572283387184143,3.647449839115143,3.651327986717224,14.058677727159727,13.99664995572413,13.708207714249507,13.693648238497204,0.9303425836563112,0.9615143537521362,1.007551336288452,1.038075120449066,0.0711569108724594,0.0714456677436828,0.0729489967823028,0.0730265597343444
7843,2014,6,8,1.71,0.78,False,True,False,True,3.3070859038829803,3.2621920108795166,3.921877110004425,3.934026420116425,15.328161854680776,15.40316807088999,12.748997485534844,12.70962488724244,0.664469838142395,0.5651906728744507,1.3358962178230285,1.3416157484054565,0.0661417180776596,0.0652438402175903,0.0784375422000885,0.0786805284023284
5613,577,8,16,1.67,0.87,True,False,True,True,3.54463493347168,3.518524646759033,3.68744820356369,3.7136509728431695,14.084326690815535,14.1928740612684,13.548832213329868,13.455296369378354,0.9425575113296508,0.99526047706604,1.0734169960021973,1.0979104733467102,0.0711000168796768,0.0704579067230224,0.0738071026802063,0.0743201831817626
4212,304,7,32,0.54,0.99,False,False,False,False,3.563370769023895,3.5607388019561768,3.642136359214783,3.649832034111023,14.037041027875215,14.042029859485584,13.728206489299236,13.699260562035356,0.825243912935257,0.8963056802749634,1.019924283027649,1.036616199016571,0.0712674153804779,0.0712147760391235,0.0728427271842956,0.0729966406822204
7062,630,6,32,0.72,0.8,False,True,False,False,3.117407855987549,3.059668064117432,3.4978787422180178,3.512566614151001,16.080382975882003,16.340336245821682,14.28959281877438,14.232976041941992,0.4956453764438629,0.4392077922821045,0.8259698867797851,0.8323472261428833,0.0624864290580153,0.061198251247406,0.0699810009002685,0.0702593751430511
8028,803,3,32,1.13,0.86,True,True,True,True,3.661907925605774,3.670732378959656,3.693335545063019,3.6963777112960816,13.654716164665086,13.621259976658976,13.537898042726066,13.526756389496883,0.8789991474151612,1.036902666091919,1.0454306483268738,1.0486648845672608,0.0732381585121154,0.0734146475791931,0.0738667109012603,0.0739275542259216
7024,373,2,16,1.09,0.91,False,False,False,True,3.622885332107544,3.62794816493988,3.7498794198036194,3.980956954956055,13.699308297279062,13.775651460262251,13.331008045295526,12.420757903643851,0.9339521253108978,0.9962435960769652,1.0865064144134522,1.1087547326087952,0.0731431789696216,0.072591848373413,0.0750130820274353,0.0805479274272917
5094,390,8,8,1.29,0.95,False,True,True,False,3.1798834025859835,3.1256327629089355,3.772087442874908,3.776174206733704,15.730337771745846,15.99554019137776,13.254256232743348,13.240857971062184,0.5105062496662139,0.3447479009628296,1.2672372102737426,1.2732017993927005,0.0643951156212126,0.0625174260139465,0.0754474625587463,0.0755238068580627
4682,1885,8,8,1.03,0.85,False,False,True,True,3.693406065702439,3.688756823539734,4.021257293224335,4.02749899148941,13.549976355886052,13.55364433795511,12.432197049146202,12.403701018976244,0.922049000263214,0.9276734590530396,1.0531149625778198,1.0793926811218262,0.0740606322367986,0.0737808942794799,0.0804363055229187,0.0806211100578308
4340,1141,3,16,1.22,0.75,False,False,True,False,3.5942150628566742,3.6510478258132935,3.74005777835846,3.75275714635849,13.794396658314543,13.683041836969975,13.356805281554712,12.16094563786048,0.8486695384979248,0.9432913064956664,1.1123245477676391,1.1183117127418518,0.0726629779666954,0.073083164691925,0.0748682024478912,0.0822318651527166
5313,728,3,16,1.23,0.85,False,True,True,True,3.218986583948136,3.159071564674377,3.663560605049133,3.6923809242248535,15.464233989820707,15.790068347490829,13.599073476496896,13.214092777934896,0.5131722283363342,0.4230515956878662,0.8947962522506714,1.082740912437439,0.0650693430864343,0.0633309721946716,0.0735344214439392,0.0756793991783085
4906,1213,4,16,0.14,0.98,False,True,False,False,3.027318530082703,3.036707043647766,3.442061161994934,3.450181188583374,16.555018260341686,16.461375575955042,14.522522018458272,14.483761415709033,0.4144664907455444,0.3445323705673218,0.7744155406951905,0.7793700456619262,0.0608718918021672,0.0607482647895813,0.0688585631847381,0.0690429925612914
8176,1343,4,32,1.35,0.84,False,True,False,True,3.178347700834274,3.063160181045532,3.728476595878601,3.744141681194305,15.811367008682598,16.317730928806682,13.4103027671688,13.354195508562483,0.5304136121273041,0.4394935369491577,1.1708575248718265,1.1743607640266418,0.0637627537288163,0.0612830352783203,0.074569531917572,0.0748828336238861
7446,1789,2,32,1.66,0.85,True,False,True,False,3.5369188606739046,3.54319441318512,3.666989946365357,3.67260734796524,14.120802677231056,14.110621272992756,13.634817493538044,13.58810482285804,0.9442367720603942,0.972245454788208,1.1037754535675046,1.137657432556152,0.0708700616962769,0.0708686017990112,0.0733416492938995,0.0735937835693359
5835,524,8,32,0.2,0.9,True,True,False,False,3.5858098888397216,3.596136569976806,3.615573453903198,3.618091049194336,13.944739010060296,13.90381014901935,13.829065514298565,13.819442520974633,0.956612629890442,0.957733154296875,0.965232789516449,0.9702127861976624,0.0717161977767944,0.0719227313995361,0.0723114690780639,0.0723618209838867
5040,342,6,16,0.1,0.77,False,False,False,True,3.60099276304245,3.653642535209656,3.7416129231452944,3.749490947723389,13.814510252556904,13.67159932834889,13.355356591805547,13.088006114535595,0.8837606859207153,0.907336950302124,0.99506356716156,1.0058309864997863,0.0725341363988953,0.0731443357467651,0.0748763234615325,0.0764082190623649
6117,410,4,16,1.97,0.95,True,False,True,True,3.548142248392105,3.599134087562561,3.661628365516663,3.6729425978660575,14.064945943262387,13.890511137707684,13.654176020878856,13.608395437341692,0.8592504608631134,0.9540575742721558,1.0485310912132264,1.0693014860153198,0.07120318501393,0.0719915914535522,0.0732376673221588,0.0734840663909912
5874,1407,2,32,1.9,0.95,True,False,True,True,3.5160560429096224,3.5109007358551025,3.65882226228714,3.668454699516297,14.103261880742927,13.965631481258493,13.648498563443498,13.127342720837404,0.9368412983417512,0.9745992422103882,1.0506721973419189,1.0917664456367493,0.0710640386963674,0.0716043543815612,0.0732681324481964,0.076230007808544
5363,1856,2,32,1.85,0.8,False,True,False,False,3.033268659114837,2.9232131242752075,3.576536774635315,3.5826362919807435,16.59768236051726,17.104466209685334,13.976728394665017,13.943702641502536,0.5003291666507721,0.3973419666290283,0.9956338405609132,1.0001802229881287,0.0607416925430297,0.0584642624855041,0.0715475018024444,0.0717169625759124
7219,555,6,16,1.83,0.77,True,True,False,False,3.94351622581482,3.9505209922790527,3.9967503547668457,3.9997790455818176,12.679891543684828,12.656558491172362,12.510163493450444,12.500690829556277,0.9975765466690064,0.9968916177749634,1.0082306623458863,1.0103514218330385,0.0788703245162963,0.079010419845581,0.0799350070953369,0.0799955809116363
7513,1495,5,32,0.99,0.8,True,True,False,True,3.560748801231384,3.568774104118347,3.597175574302673,3.5976974868774416,14.026096782893196,14.0104132520725,13.899794153877108,13.897777837415012,0.9364800214767456,0.9373860359191896,0.9448144197463988,0.948580002784729,0.0713004248030642,0.0713754820823669,0.0719435114860534,0.0719539497375488
7287,1951,2,16,0.92,0.92,False,False,True,False,3.496871188879013,3.511348247528076,3.574081420898437,3.579194548130036,14.212964020759784,14.227314520063914,13.981643544395595,13.896218781951758,0.9598320519924164,0.9807025194168092,1.0553671002388,1.0788223195075988,0.0704595136043212,0.0702873373031616,0.0715223498344421,0.0719762827363506
4062,1394,4,16,1.8,0.87,True,False,False,False,3.552431573867798,3.5787999629974365,3.6705856323242174,3.683016669750213,14.058992304814405,13.962001319746452,13.618109930046115,13.552233322790826,0.8472232687473297,0.8344295024871826,1.0493748664855955,1.0668058514595031,0.07120011639297,0.0716229724884033,0.0734316294193267,0.073788583946228
7439,1108,1,8,0.1,0.76,False,True,False,False,3.3175719702243804,3.094789743423462,4.3177084684371945,4.324126646518708,15.387925408718404,16.1553568941205,11.57563871271368,11.556445964448956,0.5097888088226319,0.3689613342285156,1.0126645684242248,1.0149241852760311,0.066621050533583,0.0618989729881286,0.0863883218765258,0.08653179397583
5185,1137,5,16,1.04,0.84,False,True,True,True,3.2064939081668853,3.11478042602539,3.6488383173942567,3.658776662349701,15.6847265787357,16.05249618055621,13.702991864170103,13.665770010127783,0.5205119788646698,0.4247381687164306,0.8888497829437255,0.9603755569458008,0.0641298781633377,0.0622956085205078,0.0729767663478851,0.073175533246994
5335,1953,6,16,0.66,0.84,True,False,False,True,3.524034982919693,3.57492458820343,3.6352587580680846,3.6416956114768975,14.115492164722504,13.98191571119499,13.74967991863678,12.713679416963805,0.8681720042228699,0.9318863153457642,1.0063565969467163,1.0391830778121949,0.0709341312348157,0.0715209579467773,0.0727289657592773,0.078655436183467
5473,1147,8,16,0.61,0.99,False,True,True,False,3.06169269323349,3.0237178802490234,3.568295657634735,3.571109516620636,16.303764853281447,16.52651148248146,14.00495849826616,13.36870651422204,0.4412261426448822,0.3532730340957641,0.7889295220375061,0.7922952198982238,0.061970642775833,0.0605088376998901,0.0714032819271087,0.0748574558285261
5705,681,3,32,1.24,0.98,False,True,True,False,3.098953061103821,3.066444993019104,3.356500566005707,3.361327714920044,16.16977917263656,16.305526475086403,14.8964670307192,14.875074448670116,0.5049740564823151,0.4498507976531982,0.7820958018302917,0.7865245389938355,0.0619790612220764,0.061328899860382,0.0671300113201141,0.0672265542984008
7509,1617,8,8,1.14,0.97,False,False,False,False,3.5685614001750947,3.6177687644958496,3.794736123085022,4.038043265342712,13.836776779031348,13.816864834443791,13.160001669238085,12.148102227679276,0.9373001503944396,0.9789310693740844,1.047165870666504,1.081935758590698,0.0725692836362218,0.0723753190040588,0.0759878346920013,0.0823688221666545
6158,1279,8,8,1.94,0.97,False,True,True,False,3.3393830037117005,2.9414658546447754,4.814371728897095,4.829851400852204,15.480837230143411,16.988408695979345,10.369731762999336,10.31246799774667,0.6440288865566254,0.3352771997451782,2.2816707849502564,2.2861058855056764,0.0678577770657958,0.0588636660575866,0.0964345099925994,0.0970328815506348
5161,1478,6,16,0.28,0.88,False,False,False,False,3.535624315738678,3.586544275283813,3.680222749710083,3.685308830738068,14.083479637750411,13.937117037655971,13.582454545473748,13.491907226918569,0.8863547396659851,0.9323388338088988,0.9965343475341796,1.0162991333007811,0.0712405098689927,0.0717508506774902,0.0736243958473205,0.0741200992133882
6764,724,2,32,0.36,0.86,False,True,True,True,3.1637641727924346,3.0824183225631714,3.655082046985626,3.657791216373444,15.780747682477212,15.976839492269354,13.677942811089714,13.650237889814491,0.5600453472137451,0.449630856513977,1.0072729110717773,1.0098055052757262,0.0640637281674936,0.0626014097531636,0.0731104094982147,0.0732599100470542
7145,1767,6,32,0.27,0.94,True,False,False,True,3.51076565861702,3.5915123224258423,3.628815650939941,3.635230429172516,14.161409207233792,13.919408356694028,13.768431143159813,13.705837553398354,0.9042466390132904,0.9428657293319702,0.9957507133483886,1.0207222509384155,0.0708286198862015,0.0718421339988708,0.072629916191101,0.0729907213687895
7818,585,3,16,1.34,0.89,False,False,False,False,3.5520073020458223,3.663872241973877,3.726998472213745,4.133175902366638,13.826528417579173,13.639013258500382,13.01160825400672,9.18223555728282,0.8435612320899963,0.9351134300231934,1.077900183200836,1.086766541004181,0.072761870854845,0.0733190870285034,0.0768598311703379,0.108905943299041
4206,613,4,8,1.64,0.89,True,False,True,True,3.68068549990654,3.6255658864974976,4.1785876750946045,4.182468757629395,13.667785791852063,13.790950590532056,11.96576544651066,11.954661936351416,0.9032133209705352,0.8303248882293701,1.4028033018112185,1.4863489508628844,0.0736137099981308,0.0725113177299499,0.0835717535018921,0.0836493751525878
6015,1208,3,8,0.43,0.7,False,False,False,True,3.5876779735088347,3.6324539184570312,3.684693789482117,3.689744687080384,13.866546965161367,13.756441286792656,13.56712963942026,13.52812087402514,0.9199870610237122,0.9744293689727784,1.0272317051887512,1.0738521528244018,0.0722329272358041,0.0726932191848755,0.0737075583934783,0.0739218383011064
7358,1480,8,8,1.41,0.87,False,True,False,False,3.168032294511795,2.917226076126098,4.031717920303345,4.036859426498413,15.99096414934988,17.135227803110688,12.40017814945129,12.380094641814686,0.4737494158744812,0.3030033111572265,1.2979085922241211,1.3009700512886049,0.0637324955803783,0.058359305858612,0.0806440029144287,0.0807748267650604
6736,1103,4,16,1.99,0.84,True,False,True,True,3.4724601793289183,3.496277332305908,3.6578961491584776,3.681446385383606,14.427238090349114,14.300925041299788,13.669059487106685,13.581618409741528,0.7901462626457214,0.8874598741531372,0.97343111038208,0.9842652821540832,0.0694492035865784,0.0699255466461181,0.0731579229831695,0.0736289277076721
4554,1771,2,16,1.2,0.85,True,False,True,False,3.5450587701797485,3.549824953079224,3.642236733436584,3.649264421463013,14.0762947539885,14.03237287335707,13.7260356495372,13.661741223995572,0.8668475425243378,0.9102253913879396,0.9863718509674072,1.0305922269821166,0.0710907196832754,0.0712637901306152,0.0728542485237121,0.0731977661484166
5608,837,3,8,0.44,0.76,False,False,True,False,3.5628702247142794,3.5679317712783813,3.665708303451538,3.672115614414215,14.024850005879507,14.012055641415367,13.638870675189704,13.583583208803878,0.9151037538051604,0.9726389646530152,1.0534377217292783,1.07472962141037,0.0713331690609455,0.0713671159744262,0.0733198535442352,0.0736182838439941
7889,446,6,32,1.48,0.9,False,True,False,False,3.087954431772232,3.017178654670716,3.5563634634017944,3.565496203899384,16.30586927281433,16.57177542863853,14.05930538743086,14.023293574813,0.5010834157466888,0.4122426509857178,0.9558864235877992,0.959271879196167,0.0617590886354446,0.0603435730934143,0.0711272692680358,0.0713099240779876
5800,1292,2,32,1.32,0.85,True,False,False,False,3.510363903045654,3.548961997032165,3.646786892414093,3.655449719429016,14.25016243875089,14.08773120890447,13.707295528357587,13.67548321712725,0.9541131591796876,0.9612026214599608,1.1058622002601624,1.133981783390045,0.0702612475949664,0.0709837508201599,0.0729538514614105,0.0731235647678375
5990,1229,5,16,1.67,0.84,False,True,True,False,3.2143042397499086,2.973185420036316,4.263029599189759,4.286062576770783,15.895369661225628,16.816980102411925,11.728748146926389,11.665718789890612,0.4665577971935272,0.3750468492507934,0.939196252822876,0.9454134345054628,0.0642860847949982,0.0594637084007263,0.0852605919837951,0.0857212515354156
5447,706,2,8,1.1,0.73,True,False,True,True,3.627487018108368,3.5890612602233887,4.184621381759643,4.19048301935196,13.788327032859804,13.927616707893051,11.942355145158956,11.910281614208886,0.9660969150066376,0.923782467842102,1.5220259308815005,1.5253718972206116,0.0733261727726539,0.0717997932434082,0.0837355771064758,0.0839822487503288
4055,266,6,8,1.87,0.78,False,False,False,False,3.704852595329285,3.7222111225128174,4.067053961753845,4.086528322696686,13.535078503394644,13.432875880929192,12.293914915381423,12.235324475917482,0.980954566001892,0.9872469902038574,1.4860671520233155,1.4894500660896302,0.0740970519065856,0.0744442224502563,0.0813410792350769,0.0817305664539337
7165,575,7,32,0.66,0.96,False,False,False,False,3.55043615102768,3.6319891214370728,3.7495749950408936,3.7594563817977904,13.90749996455204,13.756539671948572,13.320408455942273,11.398293471957755,0.9330032050609588,0.9800156354904176,1.1133897066116332,1.1515331816673278,0.0721761645254963,0.072692699432373,0.0750727729797363,0.0877423335313796
5605,229,3,16,0.32,0.93,False,False,False,False,3.5540697562694548,3.571607112884521,3.6083061933517455,3.6192375588417054,14.071726103385927,13.999300160881344,13.856917340453045,13.815064646352733,0.9462911474704744,0.9627965688705444,1.0618796706199645,1.1009366941452026,0.0710813951253891,0.0714321422576904,0.0721661238670349,0.0723847511768341
5740,1253,8,8,0.33,0.84,True,False,True,True,3.707530759572983,3.667856097221376,4.132702541351319,4.137440690994263,13.52132121575042,13.628930262661044,12.098620577225596,12.084765382538126,1.074163193702698,0.9856655597686768,1.5855229377746582,1.5900107836723327,0.0742812019502415,0.0733733320236206,0.0826540508270263,0.0827488138198852
5958,656,8,16,0.53,0.71,False,False,False,True,3.653973922729492,3.6930023431777954,3.7780361652374266,3.7916952848434446,13.696722941052483,13.539119585133273,13.234389001923462,13.186713658932868,1.0003338944911957,1.030517339706421,1.114176440238953,1.1375143456459045,0.0730794784545898,0.0738600468635559,0.0755607233047485,0.0758339056968689
6927,519,5,8,1.13,0.95,True,False,True,True,3.8432300019264223,3.6689590215682975,4.190570795536042,4.198763778209687,13.083764637044135,13.627843746189257,11.93154881410774,11.90826696697568,1.0882841742038727,1.0351932048797607,1.5623574376106262,1.566074299812317,0.0768646000385284,0.0733791804313659,0.0838114159107208,0.0839752755641937
6575,1164,1,8,0.74,0.97,True,False,True,False,3.632340071201325,3.606773257255554,4.167642855644226,4.173537311553955,13.681268259683527,13.860028223278295,11.991120075046554,11.8244160531738,1.039561346769333,0.985087513923645,1.5678614854812625,1.5714239716529843,0.0737042471971948,0.0721499252319335,0.0833950452804565,0.0846129425714846
7296,545,4,32,0.21,0.94,True,True,False,True,3.6804778146743775,3.6898581981658936,3.711374700069428,3.713206820487976,13.585984786355958,13.55065859761461,13.472099786846208,13.465449821822428,0.9709789609909056,1.0520364046096802,1.0620486378669738,1.063962550163269,0.0736095562934875,0.0737971639633178,0.0742274940013885,0.0742641364097595
5446,355,7,16,0.42,0.93,True,False,True,True,3.519960800409317,3.583655595779419,3.661555087566376,3.6761145424842834,14.14988676105093,13.938724787054532,13.645620882185684,13.498771484709671,0.8953934454917908,0.9354385137557985,1.024467694759369,1.0474691081047058,0.0708159868221907,0.0717425870895385,0.0732835845947265,0.074086119455099
4024,1120,3,8,1.18,0.85,True,False,False,True,3.760365892648697,3.720786929130554,4.237536072731018,4.2430551767349245,13.189351971618528,13.1636976200138,11.79071634473464,9.318683882981588,0.9693080842494964,0.8778711557388306,1.5627671122550963,1.566033124923706,0.0764790673346301,0.075991985797882,0.0848124890327453,0.1073126511012806
5548,517,1,32,1.72,0.73,True,True,False,True,3.609166402816773,3.609416127204895,3.6475128889083854,3.649313483238221,13.854859818165048,13.852656209228122,13.707970788452156,13.701208647954678,0.7651612758636475,0.957817316055298,0.9682570576667786,0.9713481950759888,0.0721833280563354,0.0721883225440979,0.0729502577781677,0.0729862696647644
6432,1801,3,8,0.12,0.94,False,False,False,True,3.585654674768448,3.565176129341125,3.865901124477386,3.876033880710602,13.829363025151396,14.017941264871236,12.930052073435816,11.329239170790215,0.945924699306488,0.9907809495925904,1.2192655444145202,1.2405546736717223,0.0725371333609024,0.0713371515274047,0.0773392095565795,0.0882684393246968
6005,764,7,8,0.54,0.89,False,True,True,False,3.2325785398483275,3.0853887796401978,4.02568234205246,4.029405550956726,15.585223544248606,16.19567030446904,12.420254706973246,12.408778260588374,0.5013103306293487,0.3851335048675537,1.3156832456588743,1.317428698539734,0.0652427372413522,0.06174489736557,0.0805136468410492,0.0805881110191345
4578,458,1,8,0.19,0.98,True,True,True,True,4.161689019203186,4.166178226470947,4.20568323135376,4.2199536800384525,12.015060010014752,12.001406884103869,11.888675152631135,11.848546932606055,1.3977002811431884,1.3830385208129885,1.4838043212890626,1.4847169065475463,0.0832337803840637,0.0833235645294189,0.0841136646270751,0.084399073600769
6002,949,6,32,1.5,0.88,False,False,True,True,3.5902410805225373,3.5861576795578003,3.735115957260132,3.741087069511414,13.93596407025009,13.942500777325888,13.38646531655182,13.365099256455755,0.8748698258399963,0.989861011505127,1.1899397134780885,1.194765079021454,0.0718048216104506,0.071723153591156,0.0747023191452026,0.0748217413902282
6722,1109,8,16,0.01,0.71,False,False,True,False,3.576619602441788,3.6166181564331055,3.646325862407685,3.660523774623871,13.986637991554549,13.825070231223323,13.712433350739742,13.659247444689203,1.0192765045166017,1.0263803005218506,1.101626443862915,1.125004725456238,0.0715323920488357,0.0723323631286621,0.0729265172481536,0.0732104754924774
5968,1112,5,16,1.04,0.8,True,False,False,True,3.600571310520172,3.6419209241867065,3.6877884030342094,3.6949644660949694,13.88035829355713,13.729018572007064,13.55826163824429,13.53192986992469,0.9519324600696564,1.0032298564910889,1.0950187683105468,1.1221791958808898,0.0720858256095494,0.0728384184837341,0.0737557680606842,0.0738992893218994
8109,1232,3,32,0.56,0.93,True,True,True,True,3.609304542541504,3.62154233455658,3.640202784538269,3.640876462459565,13.854048760100463,13.806280850140368,13.735498564018576,13.732957049056983,0.8242675876617431,0.984799861907959,0.993718683719635,0.996113839149475,0.07218609085083,0.0724308466911315,0.0728040556907653,0.0728175292491912
7995,1006,5,32,0.91,0.8,False,True,True,False,3.093838495016098,3.035318374633789,3.4262885570526125,3.4326914739608765,16.212448175131048,16.472736587194298,14.593049935837364,14.56582986891564,0.4780949926376343,0.4277726411819458,0.7826218962669372,0.7900482487678527,0.0618948396251556,0.0607063674926757,0.0685257711410522,0.0686538294792175
7641,123,5,32,1.68,0.85,True,True,True,True,3.605536575317383,3.649076819419861,3.679141843318939,3.679992709159851,13.65183805220692,13.692431541815438,13.586902038584892,12.130599707482816,0.9479811334609984,0.9486575126647948,0.9586511850357056,0.9598224973678589,0.0732977899909019,0.0730330491065979,0.0736002955436706,0.0824362345039844
5672,454,7,8,1.57,0.95,False,True,True,True,3.3411892640590666,3.238016963005066,3.89387435913086,3.9053318548202514,15.093562990885612,14.76955288934765,12.839318938859249,12.802670735424927,0.7011442315578461,0.4764819145202636,1.3007981896400451,1.324100573062896,0.0674165940305765,0.0678287053108215,0.077885751247406,0.0781087057113647
6309,333,2,16,0.47,1.0,True,False,False,True,3.530756484270096,3.5612754821777344,3.601852226257324,3.622326352596283,14.110575386656334,14.038897113263737,13.866742888224564,13.794360090376596,0.9097923803329468,0.9400860071182252,1.0261183381080627,1.0547338557243346,0.0709615821441014,0.0712306666374206,0.0721149883270263,0.0724933970928192
5686,1248,7,16,1.98,0.81,False,False,True,True,3.683062554597855,3.6759772300720215,4.544219529628753,4.663061747550964,13.69284310804084,13.601825291896002,11.002989614804724,10.722568736522629,1.0095386922359466,1.0088382959365845,1.4203885674476622,1.5904563426971436,0.073661251091957,0.0735195446014404,0.090884390592575,0.0932612349510192
7319,968,1,32,0.31,0.87,True,True,False,True,3.4963470125198364,3.531352400779724,3.544462728500366,3.545673749446869,14.190057830161486,14.157159571319593,14.104900061672115,13.386528140523245,0.8910811996459961,0.8909960985183716,0.9007029891014099,0.9026654171943664,0.0704937959432601,0.0706356382369995,0.0708973476886749,0.074905615723133
6331,1150,8,16,1.63,0.81,False,False,False,True,3.608217587471009,3.6332591772079454,3.711811590194702,3.895851716995237,13.762896656559152,13.756546841508811,13.464520826507368,12.19919846207356,1.0130275893211365,1.01750648021698,1.1386515498161316,1.1715596556663512,0.0727824220308152,0.0726926612854003,0.0742692604064941,0.0819766623020171
5271,282,4,8,0.97,0.95,True,False,True,True,3.709879454374313,3.696080446243286,4.112017452716827,4.118361220359803,13.423708834186764,13.519419398011806,12.158333459935998,12.138836727705751,1.0768141758441925,1.0076152086257937,1.4632001399993897,1.4691402864456176,0.0749008540481292,0.0739676737785339,0.0822481143474578,0.0823802173614502
7304,2043,8,16,1.29,0.76,True,False,True,False,3.579191428422928,3.637226104736328,3.699465274810791,3.70902314901352,13.969376862117883,13.743414537018351,13.51465184670914,13.469945884596376,0.9441781389713289,1.0029432773590088,1.0986156940460203,1.1293890237808226,0.0716825668238304,0.0727621221542358,0.0739937670230865,0.0742393493175506
7529,1206,2,16,1.09,0.84,False,False,True,False,3.5427832090854645,3.6196951866149902,3.647017371654511,3.9799835419654848,13.983421241997933,13.810882595671586,13.688479954607145,12.42987928203388,0.9478873443603516,0.9861363172531128,1.0361615657806396,1.0506864523887631,0.0717360975186503,0.0724066686630249,0.0730541304406665,0.0805141086631348
6281,1978,1,32,1.01,0.84,False,False,False,False,3.562575831413269,3.571245312690735,3.609299266338348,3.6304726076126097,14.03662590539296,14.000718436396385,13.853104525866009,13.772311654173064,0.9733978521823884,1.0200427770614624,1.1085108280181883,1.129929299354553,0.0712515166282654,0.0714249062538147,0.0721859853267669,0.0726094521522521
7357,2039,8,16,0.05,0.74,True,False,True,False,3.563703247308731,3.6135079860687256,3.6859819650650025,3.698955984115601,13.990294524076427,13.835506273528898,13.557417774691231,13.509216634540378,0.929366419315338,0.9711863994598388,1.055821180343628,1.076015224456787,0.0716267016256556,0.0722778034210205,0.0737603592872619,0.0740235372066497
7822,1400,3,32,0.52,0.73,False,False,False,True,3.538014632463456,3.5763401985168457,3.7084513664245606,3.720063588619232,13.947300188001188,13.961844653040629,13.475508339415356,9.88277140965803,0.9585577130317688,0.97921884059906,1.1045250654220582,1.1298084950447085,0.0719729450971533,0.0716237735748291,0.0742087049484253,0.1011978790477701
8170,715,3,16,1.18,0.93,False,True,False,True,3.0324658930301664,3.000540971755981,3.9407302737236014,3.949835329055786,17.12650609412866,16.663661815148828,12.688003662093442,12.658755578520182,0.4957203030586242,0.3538519144058227,1.1299546122550963,1.1326692461967467,0.0606493178606032,0.0600108194351196,0.078814605474472,0.0789967065811157
5611,1852,5,32,0.68,0.94,True,False,True,True,3.524774376153946,3.58993136882782,3.657225811481476,3.660376424789429,14.033288324611648,13.925092208910918,13.66762721614492,9.284937845744931,0.8989443814754486,0.9597567319869996,1.0265251994132996,1.0496669268608092,0.0716270983473148,0.0718128108978271,0.0731655893325805,0.1077034469211802
4600,232,7,32,0.86,0.85,True,False,False,False,3.4786986088752747,3.5536131858825684,3.6390232682228087,3.648840274810791,14.204498638880782,14.063621193793896,13.714866028129476,12.34650210672844,0.8409049534797668,0.8833904266357422,1.0478666782379151,1.0535474252700805,0.0719149000898984,0.0711054420471191,0.0729135813713073,0.0810570632645059
5886,1501,3,8,0.97,0.84,True,True,True,True,4.125533280372619,4.134646534919739,4.15987720489502,4.165753257274628,12.120331279657773,12.09293294735784,12.01958669377526,12.002645839279946,1.4508186340332032,1.4500178098678589,1.4619712471961974,1.4656974267959595,0.0825106656074523,0.0826929306983947,0.0831975440979004,0.0833150651454925
7376,645,3,32,0.58,0.95,False,False,False,False,3.570264058113098,3.590021133422852,3.655611753463745,3.664024820327759,14.009268947500845,13.927494614297398,13.677601686106929,13.646195922432264,0.9619268798828124,0.9842482805252076,1.0781765580177307,1.1086366391181943,0.0714052811622619,0.071800422668457,0.0731122350692749,0.0732804964065551
4356,1351,6,32,1.43,0.84,False,True,False,False,2.924599211215973,2.8541985750198364,3.498840320110321,3.516233947277069,17.120497665168205,17.51111782861692,14.24971193884364,14.203999861493154,0.4935083365440368,0.3997734785079956,1.087179136276245,1.088312690258026,0.0589004267368065,0.0571065783500671,0.0701768572330475,0.0704056352278765
7530,1087,3,32,1.24,0.73,True,True,False,True,3.446695666313172,3.454845309257508,3.479083573818207,3.480185878276825,14.507706787044617,14.472428044101536,14.371600815668318,14.367049122606083,0.8287272024154663,0.992167830467224,0.9998322248458862,1.0020403838157654,0.0689339133262634,0.0690969061851501,0.0695816714763641,0.0696037175655365
4833,994,4,8,0.11,0.76,False,False,True,False,3.5783700442314146,3.6367803812026978,3.7436614513397215,3.7497242879867554,13.922961655307668,13.74366037000906,13.354258724714546,13.239355073578972,0.8526370847225189,0.924413800239563,1.0315480470657348,1.0704381632804871,0.0719950841185294,0.0727608203887939,0.0748824799060821,0.0755351601933177
4841,916,1,32,1.77,0.9,False,False,False,False,3.5424890232086184,3.558259129524231,3.905070102214809,4.183414070606232,14.024087284772907,14.041886117479304,12.060162604783264,11.892505936051045,0.8099647176265716,0.8368303775787354,1.1153784513473453,1.4463501119613646,0.0717412710216937,0.0712155055999755,0.0829176309108734,0.0841288674056528
5900,1234,1,8,0.69,0.75,True,False,False,False,3.6485179901123046,3.544722080230713,4.215056824684143,4.220690562725067,13.748634937745546,14.079412471729244,11.861369395948312,11.843797774715185,1.0633971059322358,0.9619381427764891,1.571240484714508,1.5760022807121277,0.0732811857206803,0.0710256910324096,0.084307297706604,0.0844323794841766
6045,941,8,32,0.4,0.95,False,False,True,False,3.4897571992874146,3.529431223869324,3.669503235816956,3.6746860694885255,14.224611185081562,13.999728684824984,13.6242740701491,13.565325876640063,0.8191580557823182,0.8667774200439453,1.0826992988586426,1.0910821866989135,0.0704949575760614,0.0714299563082253,0.0733984060287475,0.0737737353563306
7178,1366,7,32,1.11,0.93,True,False,True,True,3.516839544773102,3.5924789905548096,3.6312046885490417,3.635180003643036,14.242641358553184,13.91796595103746,13.76953499149789,13.75447706853022,0.9008738481998444,0.9395558834075928,1.0118648886680603,1.048795027732849,0.070336790895462,0.0718495798110961,0.0726240937709808,0.0727036000728607
6677,2022,5,32,1.8,0.87,True,False,True,False,3.5221665120124817,3.549783110618592,3.647923183441162,3.662018620967865,14.196248649469114,14.084711080509615,13.693033498108107,13.65222651810032,0.9179120743274688,0.953831434249878,1.130971050262451,1.153484513759613,0.0705024031525566,0.0709989714622497,0.0730298373699188,0.0732481266975402
6922,1966,5,16,0.23,0.92,True,False,True,False,3.455242733955384,3.452499270439148,3.58763073682785,3.5970821952819825,14.460390297711562,14.33156450791244,13.93634123688667,13.892202648041378,0.969895213842392,0.9879173040390016,1.0553159952163695,1.079153299331665,0.0692466706201434,0.0697761559486389,0.0717548446655273,0.0719828629016876
6403,336,6,32,0.08,0.98,True,True,True,True,3.606892628669738,3.6227662563323975,3.638065493106842,3.640512499809265,13.863649008631036,13.801608071889856,13.74356789325369,13.73433003184558,0.8025092220306397,0.9541387557983398,0.9617734789848328,0.9639452409744262,0.0721378525733947,0.0724553251266479,0.0727613098621368,0.0728102499961853
6393,666,1,16,1.81,0.82,False,False,False,False,3.5925609958171845,3.624372839927673,4.181966197490692,4.1863695549964905,13.8407202405635,13.783628184629643,11.953898381905796,11.89401421252117,0.9503588700294494,1.1328537464141846,1.2789117097854614,1.3181490206718445,0.0730447655064495,0.0725498390197754,0.0836547181606292,0.0842272368609901
5284,1709,3,16,0.21,0.78,False,False,True,False,3.518741822242737,3.569068431854248,3.6666932463645936,3.674920527935028,14.134491073643202,13.985207605518251,13.630084898620233,13.483434445820922,0.8855602598190307,0.9000725746154785,1.0024052500724792,1.024760217666626,0.0709221570059339,0.0715041255950927,0.0733671145439148,0.0741719170229774
5988,1500,6,16,0.88,0.77,False,True,False,False,3.07042616724968,3.127737045288086,3.372515165805817,3.3960432982444764,16.157867348056904,15.962781102707629,14.796759657743346,14.702809044457982,0.4168002068996429,0.3709830045700073,0.6846864223480225,0.6909421849250793,0.0622561043139235,0.06264577627182,0.0675824189186096,0.0680186022449941
5906,73,1,16,0.32,0.83,False,False,False,False,3.487513942718506,3.512332320213318,3.642494547367096,3.702182056903839,14.28669983207658,14.225735154748062,13.717773363700786,13.480067682031502,0.909962260723114,0.97230863571167,1.0424046874046324,1.066486690044403,0.0701132749675361,0.0702951407432556,0.0728984031677246,0.0741836038589477
5720,291,3,16,0.49,0.9,False,True,True,False,3.087226631641388,3.0452163219451904,3.553626871109009,3.5555836963653564,16.201715011587076,16.414554319245706,14.068937352612355,14.056935617970458,0.4797218787670135,0.3633583784103393,0.8814369916915894,0.8864318180084229,0.0621401005549766,0.0609215474128723,0.0710785737037658,0.0711392602443695
7352,1822,4,16,0.81,0.76,False,True,False,True,3.1408305072784426,3.105786085128784,3.607249367237091,3.6131631922721854,15.860967912105464,15.86625942273676,13.851562648271274,13.525856296203704,0.5150551474094391,0.4129332304000854,0.9324517607688904,0.9390132761001588,0.0635247446657011,0.0630268287658691,0.0721940207481384,0.0739335718154907
4196,877,6,32,0.94,0.89,False,True,False,False,3.1288142716884613,3.149294137954712,3.512000012397766,3.5140279603004454,15.890510557860692,15.855966471693158,14.233131921363276,14.026929750321363,0.4558151412010193,0.3972725868225097,0.7984612345695495,0.8043831944465637,0.0633431354777929,0.0630677556991577,0.0702586054801941,0.0713083622753619
7040,226,8,32,1.23,0.71,True,False,True,False,3.496611771583557,3.5375713109970093,3.653784453868866,3.657790427207946,14.183200298978116,14.121282884536075,13.678362526536011,11.929666844550432,0.9538866138458252,0.996065616607666,1.056409192085266,1.082948739528656,0.0707482604266203,0.0708150959014892,0.0731081662178039,0.0838396425826599
5723,206,5,32,0.46,0.74,False,True,False,False,3.1169440472126007,3.073800563812256,3.5451829075813293,3.55048213005066,16.084605267494013,16.239330408903417,14.100915011965466,14.081028245833387,0.5012590789794922,0.4133352041244507,0.8980319738388062,0.9019130969047546,0.0625774208024143,0.061578893661499,0.0709173836708068,0.0710175409793853
6679,482,4,8,0.38,0.84,True,False,True,False,3.669342911243439,3.5768731832504272,4.2008251786232,4.207125232219696,13.63972619940856,13.947107120351951,11.895492226344311,11.86173237410636,0.9891809058189392,0.9831740856170654,1.4926854729652406,1.497351450920105,0.0738936967843498,0.0716995000839233,0.0840654578208923,0.0843141065809461
7967,1862,2,8,1.34,0.79,False,True,True,False,3.1039426362514497,3.1643399000167847,3.9316142439842223,3.934446079730988,16.4669900699481,15.77253773956636,12.717141471056532,12.70079590132879,0.530060818195343,0.363749623298645,1.2574015259742737,1.2585159420967102,0.0629373224855864,0.0634013509750366,0.0786340234279632,0.078735223197937
7067,1614,7,8,1.17,0.89,True,True,False,True,4.172319393157959,4.181053519248962,4.205543899536133,4.205984261035919,11.984411052222946,11.958709842710244,11.8890686311222,11.887823875314307,1.3338270425796508,1.5039260387420654,1.5098875522613526,1.512347662448883,0.0834463878631592,0.0836210703849792,0.0841108779907226,0.0841196852207183
4716,1818,6,8,0.37,0.83,False,False,False,True,3.662290694713593,3.724647283554077,3.756926500797272,3.767919602394104,13.562055125845143,13.418390936712832,13.301071008585255,13.188203716392026,0.8777451133728027,0.9272037744522096,0.9928043842315674,0.9985179257392884,0.0738216488545591,0.0745245838165283,0.0751819157600402,0.075825731062889
4242,977,7,32,1.64,0.88,False,True,True,True,3.192181329727173,3.086687088012696,3.808698081970215,3.830409014225006,15.73246639241813,16.17172900420499,13.127845543621996,13.053436621817784,0.5332775032520294,0.4183560609817505,1.3362604141235352,1.339179925918579,0.0639939979526731,0.0618363523483276,0.0761739616394043,0.0766081802845001
5503,684,1,16,0.61,0.77,False,False,False,False,3.460766677856445,3.496788501739502,3.628110706806183,3.634850115776062,14.420046796643511,14.254059017536989,13.774159757118218,13.713086803584948,0.9194626140594484,0.9569116830825806,1.0501664400100708,1.088582830429077,0.0694856338016914,0.0701554775238037,0.0725997102260589,0.0729247779326005
7100,742,4,8,1.58,0.84,True,False,False,False,3.720336449146271,3.6214464902877808,4.195860123634338,4.20308180809021,13.451806905253475,13.800094787104037,11.915139429057072,11.89422096381186,1.114851541519165,1.0291353464126587,1.586092150211334,1.594282968044281,0.0746821023376924,0.0724632811546325,0.0839268400669098,0.0840744428157806
6243,947,2,8,0.7,0.92,True,False,True,False,3.689540148973465,3.6209131479263306,4.133085298538208,4.137106010913849,13.600839406012296,13.806482370197346,12.097500145807658,12.085742998817334,1.062438735961914,1.007493019104004,1.5204118967056277,1.523970227241516,0.0738678546011448,0.0724297451972961,0.0826617059707641,0.0827421202182769
4538,1610,2,16,0.06,0.73,True,False,True,False,3.456317967176437,3.521752715110779,3.557964491844177,3.5626006388664244,14.419429248949804,14.19561625763297,14.05092398665965,14.033363653925422,0.8159923481941224,0.9017773866653442,0.9613978624343872,0.9640614700317384,0.0695134386956692,0.0704442834854126,0.0711696968078613,0.071258753824234
4465,1855,7,8,0.12,0.7,False,True,False,False,3.2268615305423736,3.068990111351013,3.857695424556732,3.8621487498283376,15.611795662746978,16.283619065584382,12.961106189436046,12.946161125909317,0.4761337983608246,0.3294111490249634,1.1606900691986084,1.1635545229911803,0.0647220528177593,0.0614114165306091,0.0771539084911346,0.0772429749965667
7183,1319,4,8,0.66,0.72,False,True,False,True,3.3726203405857085,3.1092077493667603,3.9062234997749328,3.911676406860352,15.006507894574856,15.017370572869398,12.79916189152075,12.779746988304328,0.596822725534439,0.4792153835296631,0.9720821142196656,1.017322759628296,0.0676025993317366,0.0669185256958007,0.0781301157474517,0.078248811006546
7314,1063,5,8,1.95,0.85,False,True,True,True,3.3847811675071715,3.1173163652420044,4.15165696144104,4.157763247489929,15.12781424102172,16.039676219227992,12.043384276449457,12.025696903794016,0.7588963711261749,0.4186117649078369,1.4751559972763062,1.5136508274078369,0.0676956233501435,0.06234632730484,0.0830331392288208,0.0831552649497986
5419,74,2,16,0.52,0.85,False,True,False,False,3.107779746055603,2.981882095336914,3.632262015342712,3.638119874000549,16.195931909160755,16.75070954297462,13.765526814309274,13.743362498679728,0.487847785949707,0.3648008108139038,0.9111135244369508,0.9178344225883484,0.0622528781161589,0.059699010848999,0.0726452403068542,0.0727623974800109
5019,814,8,32,0.53,0.7,True,False,True,False,3.557339994907379,3.548166871070862,3.666052913665772,3.675370261669159,14.06142597255048,14.091783979800113,13.638646596098145,13.6040715848661,0.926022893190384,0.9668079614639282,1.0313663959503174,1.0674775338172913,0.0711467998981476,0.0709633374214172,0.0733210582733154,0.0735074052333831
7796,879,3,8,0.79,0.87,True,False,False,True,3.7193609142303465,3.594140648841858,4.315329360961914,4.325178587436676,13.49538693056956,13.899290448532856,11.583533274628556,11.558947984705773,1.026247262954712,0.971993088722229,1.7115969896316527,1.7205352807044982,0.0746972198561618,0.0719461393356323,0.0863294458389282,0.0865130634307861
7802,1216,4,8,1.93,0.83,False,False,False,True,3.807752542495728,3.813596725463867,4.0130066752433775,4.024042677879334,13.152599050577228,13.11098255027644,12.45948588062512,12.425315593625708,1.0654163980484008,1.2417768239974976,1.3703821539878844,1.3748370933532714,0.0761550508499145,0.0762719345092773,0.0802601335048675,0.0804808535575866
6967,782,6,8,1.39,0.86,False,True,False,True,3.3376655912399293,3.1828927993774414,3.8867262601852417,3.904903085231781,14.874753894540676,14.066404944699402,12.846405096589994,10.550586436646649,0.6443496036529541,0.5196644067764282,1.1530785083770752,1.155720067024231,0.0727221013982258,0.0711035108566284,0.0778427889347076,0.0947892141614952
4259,1140,3,16,1.04,0.85,False,False,True,True,3.575406022071838,3.596556663513184,3.637062180042266,3.644826872348785,13.988826891155888,13.902186092837308,13.747359139123514,13.718072896864062,0.8545990836620331,0.8802722692489624,1.031118142604828,1.041466612815857,0.0715081204414367,0.0719311332702636,0.0727412436008453,0.0728965374469757
6707,1983,2,8,0.65,0.79,True,False,True,False,3.629557483196258,3.585862398147583,4.063226318359375,4.067602150440216,13.689048398455162,13.67743475346575,12.299640672028056,11.52500979085666,1.024819473028183,1.0191441774368286,1.4689342737197877,1.47589772939682,0.0737428247489803,0.0731134796142578,0.0813031883239746,0.0869003770543751
7136,770,2,8,1.34,0.98,False,True,True,True,3.263677978515625,3.0429482460021973,3.7804267406463614,3.8173122668266295,15.40048265874278,15.824315781490377,13.220019479916957,12.801530661161015,0.661284019947052,0.3815690279006958,1.0964855432510376,1.1249091172218302,0.0657063980640968,0.0631938886642456,0.0756428546905517,0.078117260982051
6363,1356,4,16,0.9,0.71,True,True,False,True,3.552632784843445,3.5912445783615112,3.613953244686127,3.614362370967865,13.853639885630942,13.920713449861084,13.834527419800605,11.679312646882378,0.9506385231018066,0.9512970447540284,0.9602791666984558,0.9630415391921996,0.072384623199039,0.0718353986740112,0.0722829172611236,0.0884924820105234
7887,1394,2,8,0.81,0.99,False,False,False,False,3.575340027809143,3.5877410173416138,3.6613717317581176,3.68600950717926,13.962498943715548,13.931500065904316,13.655206701726094,13.555957439080588,0.9639229047298432,0.9964942932128906,1.0781025171279908,1.103291983604431,0.0716512639313936,0.0717797875404357,0.0732321393489837,0.0737683319568634
6244,1549,1,32,0.88,0.98,True,False,True,False,3.557282663583756,3.542266249656677,3.727312517166138,3.734152646064758,13.986705162592893,14.108738454921443,13.410808298157972,13.352416520682612,1.0127594423294068,0.9952772855758668,1.1706647157669066,1.2011321878433228,0.071621399208241,0.0708780598640441,0.0745667209625244,0.0748933011399374
6811,823,1,32,0.79,0.98,False,False,True,True,3.621705162525177,3.6557464599609375,3.73832710981369,3.754527769088745,13.741794860707389,13.63998917935628,13.364611536873214,13.07477216686699,0.9307812690734864,0.9964791536331176,1.0653748869895936,1.0978010845184325,0.0728784629683594,0.0733142685890197,0.0748244769573211,0.07648554152798
5958,1509,4,8,0.23,0.71,False,True,True,False,3.279153876304626,3.0597691535949707,4.258229839801788,4.262407360076904,15.521367483842026,16.339368637082963,11.740293783326113,11.709802879630036,0.4910211360454559,0.3465445041656494,0.9951458811759948,0.9989017200469972,0.0661117230015141,0.0612018752098083,0.085176744222641,0.0854094041143144
6765,960,4,32,0.22,0.92,False,False,True,False,3.50528422832489,3.490443229675293,3.6738819241523744,3.6823364329338073,14.200777079361078,14.282169935471323,13.608334943955596,13.5163111359452,0.9770200431346894,0.9935333728790284,1.0618579745292662,1.0864389705657955,0.0706229396452713,0.0700174045562744,0.0734843759536743,0.0739935905395014
5643,1658,5,8,0.75,1.0,True,False,True,True,3.725356084108353,3.629245400428772,4.211364126205444,4.215634367465973,13.461284960249811,13.776075862270137,11.87263758905708,11.860611155108062,1.0760011100769042,1.001407027244568,1.5640832901000976,1.566340341567993,0.0746649635984051,0.0725896120071411,0.0842272825241088,0.0843126873493194
5821,574,6,8,1.35,0.96,True,True,False,True,4.514632902145386,4.529482841491699,4.5483428001403805,4.5496017718315125,11.075733037322603,11.038787862495486,10.99301486212934,10.989972863034724,1.42743812084198,1.415558099746704,1.5278560042381286,1.5282935786247254,0.0902926580429077,0.0905896568298339,0.0909668560028076,0.0909920354366302
5806,1303,7,8,0.04,0.94,False,False,False,True,3.4851125609874725,3.414106249809265,3.7701324343681337,3.7750678396224977,14.256063871580745,14.409066212017612,13.259514445734714,13.15068570110944,0.8745811188220978,0.9260011911392212,0.9922875046730042,1.0052702307701111,0.0704503359074932,0.0694122767448425,0.0754175429344177,0.0761174845695493
4216,775,4,32,1.23,0.76,False,False,True,True,3.601571578979492,3.6023690700531006,3.8240192770957946,3.832737374305725,13.874940597652092,13.878591196893124,13.071979473835816,13.0340395243548,0.8453147041797638,0.8960031270980835,1.04259250164032,1.0458842539787292,0.0721836703971028,0.0720534229278564,0.0764995081424713,0.0767221965789794
4845,1630,6,8,1.91,0.82,False,True,True,True,3.401402175426483,3.207764506340027,4.086307168006897,4.098610882759094,15.017660508177892,15.589134405013438,12.235986662311722,12.199256750342856,0.7651977896690368,0.4371886253356933,1.4859907984733582,1.5084238433837889,0.0680783142929985,0.0641552901268005,0.0817261433601379,0.0819722176551818
7351,143,8,8,0.1,0.83,True,False,False,False,3.6221370553970336,3.518498182296753,4.199247026443482,4.207203342914581,13.838736271138949,14.192438714563016,11.903627557209116,11.881653679926185,1.067778878211975,0.9579464197158812,1.5526989698410034,1.5574475455284118,0.072905929720096,0.0704601216316223,0.0840080049037933,0.0841633687496185
5129,1692,3,32,0.67,0.9,False,False,False,True,3.591925940513611,3.641621947288513,3.721285021305084,3.727207987308502,13.805929043067172,13.728440724135869,13.429032099782496,13.351957764264457,0.9023487055301668,0.9794803857803344,1.034390604496002,1.0559717512130735,0.0726623954436718,0.0728414845466613,0.0744655306339264,0.0749990082104997
6543,1080,8,32,1.57,0.92,False,True,True,True,3.108677645921708,2.912484288215637,3.834998047351837,3.840958471298218,16.271765840531003,17.16636167809299,13.037816298528504,13.017584122571414,0.504609557390213,0.3776445388793945,1.301362895965576,1.3076443982124328,0.0622092712846669,0.0582534623146057,0.0766999609470367,0.0768191694259643
7679,192,2,8,0.29,0.75,True,False,True,True,3.827870374917984,3.769025206565857,4.206392908096314,4.208835544586182,13.117294415324638,13.266029683104993,11.88666895671407,11.879770445860355,1.0951656889915466,1.0143901109695437,1.5467978477478026,1.5543451857566832,0.0765574074983597,0.0753805041313171,0.0841278581619262,0.0841767108917236
5800,1852,8,16,1.42,0.87,False,True,True,True,3.1733793985843657,3.048617362976074,3.773629105091095,3.782783496379852,15.889798304777106,16.40088337538909,13.249844986839944,13.217779992751078,0.4958514714241028,0.406684398651123,1.1880247473716736,1.1947532558441163,0.0634675879716873,0.0609723472595214,0.0754725821018219,0.075655669927597
5331,1523,1,16,0.02,0.9,False,False,True,True,3.58103301525116,3.6143375635147095,3.678813052177429,3.690828671455383,13.920088441536423,13.831326604939807,13.591117163453433,13.5235901711684,0.9088422775268554,0.9383559226989746,1.0059117674827576,1.0280153465270996,0.0719175967216492,0.072299644947052,0.0735774688720703,0.0739448613643646
7023,546,4,16,0.59,0.72,True,True,False,True,3.4133898878097533,3.42123806476593,3.440129244327545,3.441355905532837,14.64907377448594,14.614606410326669,14.53433774940988,14.52915701990402,0.8925968837738038,0.9812619686126708,0.9926597952842712,0.99420996427536,0.068267797756195,0.0684247612953186,0.0688025848865509,0.0688271181106567
6583,526,7,16,0.71,0.94,True,True,True,False,1.9370238780975344,1.9370238780975344,1.9370238780975344,1.9370238780975344,9.292606148809517,9.292606148809517,9.292606148809517,9.292606148809517,1.0155093669891355,1.0155093669891355,1.0155093669891355,1.0155093669891355,0.1076124376720852,0.1076124376720852,0.1076124376720852,0.1076124376720852
6141,79,6,32,0.92,0.81,False,True,False,False,2.679411084651947,2.450376272201538,3.6424867033958432,3.6487244176864624,19.237634253082444,20.40182159672429,13.714861860257518,13.693941465140917,0.5406949770450592,0.4199453592300415,1.00205340385437,1.0059309720993042,0.0539739788174628,0.0490152311325073,0.0729136035442352,0.0730249952316284
5945,882,7,32,0.7,0.8,False,False,False,True,3.5987004578113555,3.620984554290772,3.671347463130951,3.6798107743263246,13.832188314944531,13.80456658624536,13.613153441652813,13.467008148836412,0.9254780352115632,0.9749345779418944,1.051326596736908,1.0767584514617918,0.0723324896802001,0.072439796924591,0.0734583656787872,0.0742692722674338
4684,1642,6,8,0.56,0.84,False,False,False,True,3.726475429534912,3.7822362184524536,4.063013446331024,4.073309650421143,13.294934343566029,13.215587643406591,12.28538807879706,12.076510738075662,0.8917373526096344,0.9726607799530028,1.0437349081039429,1.058711287975311,0.0756783994684852,0.0756682205200195,0.0813975110054016,0.0828607124624284
6390,1862,7,32,0.75,0.77,False,False,True,True,3.525587193965912,3.528326153755188,3.598975729942321,3.618630969524384,14.186066321953524,14.17102619442398,13.892853781348771,13.817380338592884,0.949456297159195,0.9669253826141356,1.0791500091552737,1.1069959187507628,0.0705117438793182,0.0705665230751037,0.0719795145988464,0.0723726193904876
4464,911,8,32,0.96,0.8,True,False,False,False,3.565090316534042,3.590449333190918,3.639427709579468,3.657380340099335,14.031536339905214,13.9258352413815,13.738423745961232,13.670987254165734,0.8829975891113281,0.884952187538147,1.016987919807434,1.0399045324325562,0.0713018063306808,0.0718089866638183,0.0727885541915893,0.0731476068019866
6574,312,8,16,1.5,0.79,False,True,True,True,3.1943950283527376,3.098964214324951,3.687478566169738,3.835732731819153,15.768187481772824,16.134423184434397,13.559400871456738,13.035319291423486,0.5439671492576599,0.4218159914016723,0.961246931552887,1.3420156359672546,0.0638998237351576,0.061979284286499,0.0737495713233947,0.076714654636383
5092,989,4,16,0.52,0.88,False,False,False,True,3.6111003255844114,3.637021899223328,3.692234230041504,3.703795714378357,13.846776209358026,13.746666594125292,13.541936576942078,13.499664687204952,0.8847414445877075,0.9522298574447632,1.0212357640266418,1.0407868576049804,0.072243983380338,0.0727449083328247,0.07384468460083,0.0740759142875671
6703,1803,1,16,0.93,0.9,True,False,False,True,3.597295370101929,3.626221656799317,3.661387014389038,3.68417299747467,13.84717303506046,13.78736207796769,13.65582403408467,13.561892564486008,0.9461992192268373,0.9863094091415404,1.0723564505577088,1.0881886053085328,0.0723193484306335,0.0725301909446716,0.0732288289070129,0.0737360215663909
5539,834,2,8,0.61,0.71,True,True,False,True,4.13753876209259,4.146649122238159,4.168679106235504,4.173271656036377,12.085012770847404,12.057928916044538,11.994207138343452,11.981008065836484,1.3550481414794922,1.5081967115402222,1.5211165428161622,1.525081343650818,0.0827507752418517,0.0829329824447631,0.08337358212471,0.0834654331207275
6704,264,5,16,0.46,0.98,True,False,True,False,3.481682168245316,3.536745429039001,3.5740614414215086,3.5977330684661863,14.30325852058056,14.137033880639706,13.98282281468386,13.855208766834464,0.9223391664028168,0.9503203630447388,1.022238278388977,1.048093547821045,0.070051747186421,0.0707361960411071,0.0715163178443908,0.0721759360514188
4439,1274,6,16,1.56,0.9,False,False,False,False,3.360277270078659,3.3225497007369995,3.976932597160339,3.995509858131409,14.935723111694235,14.863336591909988,12.541363552789456,12.493272547073548,0.680974212884903,0.6620358228683472,1.1879520058631896,1.1922142720222473,0.0676284752244204,0.0672799038887023,0.0797361464500427,0.0800456154071923
7128,1699,2,8,1.13,0.71,True,False,True,False,3.713639069795609,3.673091173171997,4.165121078491211,4.168717424869538,13.503264496249216,13.565334940055042,12.003672492090184,11.993105008044797,1.1413459849357606,1.0892210006713867,1.5610561966896055,1.572192552089691,0.074469256893226,0.0737173962593078,0.0833078377246856,0.0833812427997589
5230,652,5,8,0.64,0.81,True,False,True,False,3.651251788139344,3.624181032180786,4.088369011878967,4.095633175373077,13.715081603164249,13.78332434869746,12.227967740112396,12.200477878276969,1.0178112089633942,0.9636349678039552,1.4918229460716248,1.497824814319611,0.0734791968513937,0.072551474571228,0.0817797381877899,0.0819640025615692
4853,1497,7,16,1.0,0.97,False,False,False,False,3.552578983306885,3.5623844861984253,3.652262485027313,3.655804369449616,14.022237200412244,14.0001041449338,13.689766382762532,13.674922622702924,0.8787587988376617,0.9190199375152588,0.980726420879364,0.9957102584838868,0.0714238164565142,0.0714284038543701,0.0730472655296325,0.0731265619277954
5283,943,8,8,0.75,0.81,False,True,True,False,3.0912953639030456,2.91633403301239,3.781868541240692,3.787540836334229,16.30695285968982,17.102224662297406,13.2205500482994,13.198403027324757,0.5508056485652923,0.379468560218811,1.2933809757232666,1.296720740795135,0.0621792805942205,0.0584719252586364,0.0756398181915283,0.0757667422294616
7867,1299,7,8,0.95,0.89,True,False,True,True,3.756386317014694,3.659874320030213,4.259806668758392,4.265165264606476,13.328558916610977,13.660211908561934,11.735934320056057,11.722594595819558,1.106169661283493,1.0314841270446775,1.6056642413139344,1.6092955827713014,0.0754433309718182,0.0732053065299987,0.0852083857059478,0.0853053476810455
6618,1461,3,32,1.95,0.88,False,False,True,False,3.606587988138199,3.571452498435974,3.826689267158508,3.8321810579299926,13.831360045027411,13.998236767652566,13.065595083351637,13.025853537036475,0.9816520607471466,1.0786046981811523,1.1501981139183044,1.1857818341255186,0.0725408918648958,0.0714375686645507,0.07653688955307,0.0767874844074248
6690,1252,8,32,0.52,0.74,True,False,True,False,3.377957849502564,3.413736820220948,3.5651638865470887,3.577858850955963,14.686805968431528,14.62722483598208,14.017647559378236,13.382791472701282,0.8860460519790649,0.9342182874679564,1.0613396167755127,1.0920557284355163,0.0683322697359219,0.0683656692504882,0.0713386464118957,0.0747773629740662
4127,1690,5,32,1.04,0.77,True,True,True,True,3.4998237895965576,3.567551732063293,3.599078691005707,3.603501679897308,13.837487995472188,14.007375690420698,13.875012145498816,9.365828513787896,0.8225375843048096,0.7911158800125122,0.9415394306182862,0.9462442088127136,0.0727323645075039,0.0713909602165222,0.0720720174312591,0.1068401176051089
6573,456,7,32,1.99,0.93,False,True,True,True,2.7336592876911165,2.442914724349976,3.8306623816490175,3.8422795152664175,18.957610408108422,20.47361758592777,13.052572933461144,13.013108444042391,0.5586953568458557,0.4364665746688843,1.2297416567802428,1.2370514941215516,0.0546731857538223,0.0488582944869995,0.0766132476329803,0.0768455903053283
5746,673,2,8,1.68,0.72,True,True,True,False,2.8099069595336914,2.8099069595336914,2.8099069595336914,2.8099069595336914,8.897091740058464,8.897091740058464,8.897091740058464,8.897091740058464,1.5325970649719238,1.5325970649719238,1.5325970649719238,1.5325970649719238,0.1123962783813476,0.1123962783813476,0.1123962783813476,0.1123962783813476
7967,1397,3,8,1.76,0.77,False,False,True,False,3.6782484912872313,3.693988084793091,3.8208189845085134,3.839413831233978,13.60221228170801,13.535506590313062,13.086199643310946,13.022821244036214,1.0297997510433197,0.9727351665496826,1.3972885370254515,1.4058399558067325,0.0735649698257446,0.0738797616958618,0.0764163796901702,0.0767882766246795
6499,1072,2,32,1.35,0.74,True,False,False,False,3.529850155115128,3.5672767162323,3.663107216358185,3.6674950242042543,14.12750002578061,14.00485975923787,13.649037410448477,13.62787642629683,0.954756121635437,1.040232539176941,1.1157483935356138,1.1417943835258484,0.0709522225071402,0.0714037919044494,0.0732652399539947,0.0733790048599243
6935,652,8,32,1.93,0.79,False,False,True,False,3.47224218249321,3.490128517150879,3.629790222644806,3.941391191482541,14.299118944307024,14.304810103909771,13.752614902945693,11.739319196244274,0.9972349989414216,1.0694366693496704,1.1440355062484742,1.1857142043113695,0.0701447797263789,0.0699065589904785,0.0727134444713592,0.0851842453002929
7501,960,6,8,0.74,0.92,True,False,False,False,3.6866729176044464,3.462653875350952,4.047857558727264,4.054135067462921,13.64928275880664,14.43979171930942,12.352213446831604,12.33308691236174,1.1270008599758148,1.106015682220459,1.5843064904212951,1.5896225476264954,0.0737334583520889,0.069253077507019,0.0809571511745452,0.0810827013492584
6802,278,8,8,1.41,0.89,True,True,False,False,4.177664284706116,4.18558931350708,4.2100062251091,4.210700471401214,11.968845883713556,11.945749477081367,11.876467001029992,11.874508847582804,1.5452824449539184,1.5450412034988403,1.5542499542236328,1.5565157675743102,0.0835532856941223,0.0837117862701416,0.084200124502182,0.0842140094280242
7250,1022,6,8,1.14,0.88,True,False,True,False,3.618129447698593,3.5722198486328125,4.0473012089729306,4.055054039955139,13.772996705867376,13.978950693277502,12.347938208654544,11.443146082260636,1.0544537448883056,0.9870585203170776,1.4303338766098022,1.4341894936561586,0.0729787702961971,0.0715361285209655,0.0809851801395416,0.087388601147501
6421,2022,5,8,0.59,0.94,True,False,False,False,41.87401759624481,63.00706362724304,63.03456335067749,63.04268168687821,6.186192600913315,0.7935618187113841,0.7932156162683758,0.7931134738712349,39.687433775733496,60.82220733165741,60.8478412270546,60.85709212779999,0.8374803519248966,1.2601412725448609,1.2606912670135495,1.260853633737564
8143,2041,6,8,0.72,0.72,False,False,True,True,29.18795896106296,12.856643438339232,63.05941826105118,63.07419216394425,3.874197587183183,3.8877115506122735,0.7929029697600606,0.7927172480465754,15.175739937358433,10.143595933914185,60.3689329624176,60.38468603849411,0.5846077836075719,0.2572207355499267,1.2611883652210236,1.2614838432788849
8184,1074,7,16,0.91,0.85,False,False,True,True,26.52022382511812,19.45462942123413,62.91951198577881,62.93596123695374,4.663005576170098,2.570082365353438,0.7946660494113579,0.7944583699276627,19.3574055447298,16.896060466766357,60.39240527153015,60.40571435928345,0.5304044765023623,0.3890925884246826,1.2583902397155762,1.2587192247390748
5786,1656,8,32,0.18,0.99,False,True,True,True,55.74806947326661,60.007365465164185,119.9199001312256,119.93228064537048,1.7101938931744547,0.8332310477623999,0.4169428538911426,0.41688906625728,32.14521186065674,16.90320110321045,60.23429608345032,60.255208282470704,1.1401734773190293,1.2001473093032835,2.398410215377808,2.3987196619033813
7482,1484,2,8,0.85,0.81,True,True,False,True,20.032695999145503,20.04239594936371,20.07167738676071,20.085313928127288,2.4959264339384,2.4947117535488275,2.491072623123748,2.489381056429422,17.35287347793579,17.36557149887085,17.377356457710267,17.38339070081711,0.40065391998291,0.4008479189872741,0.4014335477352142,0.4017062785625457
5042,1945,4,8,0.94,0.86,True,False,False,True,49.47329810876695,20.044471621513367,119.94409108161926,119.9570380449295,4.528152973200477,2.4944533806942406,0.4168608853502091,0.416815893898848,26.738491811449567,17.359965205192566,60.86457735300064,60.93400543928146,0.989465962175339,0.4008894324302673,2.398881821632385,2.3991407608985904
6127,703,1,32,1.38,0.94,False,False,True,False,43.801472414745376,59.95201373100281,69.343226146698,69.34713241577148,2.4731555370193514,0.8339675023516915,0.7210484993695234,0.6682065519733464,12.13984751701355,10.279040813446043,60.40472722053528,60.41376358985901,0.9031851588005432,1.1990874910354614,1.3868692617416385,1.6471012518644432
5692,747,6,16,1.5,0.82,False,True,True,False,55.46698482036591,59.97633576393128,119.96197400093078,119.9934001660347,3.185023058682027,0.8336621330739435,0.4167688852394489,0.4166790325980841,31.795330375891467,16.936874628067017,60.11405321359634,60.14315709590912,1.1313488999723071,1.1995267152786253,2.3994113726615907,2.3999287747859954
6858,709,4,32,1.15,0.96,True,False,False,True,55.90295271019438,38.9195967912674,116.6422417998314,116.65386481523514,3.4331046739323465,1.3657665319191723,0.4286489376590914,0.4286172455885504,28.88389391329751,16.8621563911438,57.56623989343643,60.22088264226913,1.136160349064814,0.850002110685621,2.332911415815353,2.3330839118003843
7760,1014,1,8,0.42,0.85,True,True,True,True,29.007977652549744,20.16019976139069,75.98504325151444,75.98761877298355,2.1313699663954258,2.4799281260643755,0.6580242356911389,0.6580019326450041,17.42583236694336,17.441776752471924,17.450150310993195,17.45327998161316,0.6052842204752024,0.4032374930381774,1.5197008650302886,1.519752375459671
7617,799,8,32,0.89,0.78,False,False,False,False,37.00159297670637,62.728097796440125,62.74616363048553,62.758806171417234,7.912351760735802,0.7970909649375189,0.7968614677281188,0.7967009515621191,34.99164948293141,60.67243468761444,60.696848809719086,60.70998960256576,0.7419115927862742,1.2545619559288026,1.2549232726097108,1.2551761234283447
4985,671,3,16,0.04,0.94,True,False,False,True,3.567457001209259,3.644055962562561,3.6986093163490295,3.709478967189789,13.984256148372346,13.720876042898297,13.510404960947659,13.474593882690854,0.8206349921226501,0.9069439172744751,0.9812127351760863,1.0114850807189941,0.07168626139428881,0.07288164377212525,0.07401702737808227,0.07421374034881591
