max-num-batched-tokens,max-num-seqs,swap-space,block-size,scheduler-delay-factor,gpu-memory-utilization,enable-chunked-prefill,enable-prefix-caching,disable-custom-all-reduce,use-v2-block-manager,latency_average,latency_p50,latency_p95,latency_p99,tokens_per_second_average,tokens_per_second_p50,tokens_per_second_p95,tokens_per_second_p99,time_to_first_token_average,time_to_first_token_p50,time_to_first_token_p95,time_to_first_token_p99,time_per_output_token_average,time_per_output_token_p50,time_per_output_token_p95,time_per_output_token_p99
7902,1561,8,16,1.66,0.9,False,True,False,False,4.967806806564331,4.678969860076904,6.081169855594635,6.091117322444916,10.211869087906065,10.686113751228053,8.22210219392585,8.208674613991743,0.8570147967338562,0.5464041233062744,1.9122934341430664,1.9161691021919247,0.0993561361312866,0.093579397201538,0.1216233971118927,0.1218223464488983
4932,346,6,8,1.77,0.89,False,False,False,False,6.305425740480423,6.315806984901428,6.664848065376281,6.801400380134583,7.947521407856119,7.916644718527918,7.50204648573588,7.351427276849164,1.7496992504596711,2.0103951692581177,2.1918533086776706,2.4813906598091124,0.1261085148096084,0.1263161396980285,0.1332969613075256,0.1360280076026916
6561,1542,1,16,1.72,0.97,False,True,False,True,5.116593384742737,4.647284626960754,6.829368126392365,6.873411996364593,9.96018578086574,10.7589709926483,7.321321846103918,7.2744075507692285,0.8874072289466858,0.521759033203125,2.876608419418335,2.87874624490738,0.1023318676948547,0.092945692539215,0.1365873625278472,0.1374682399272918
6699,1657,6,8,1.22,0.98,True,False,True,False,6.171887699365616,6.1074538230896,6.633523869514465,6.638964896202087,8.115360555220832,8.186754015925489,7.537471935523855,7.531294529836681,1.9461877822875977,1.9008780717849727,2.454818546772003,2.457136173248291,0.1234377539873123,0.1221490764617919,0.1326704773902893,0.1327792979240417
5020,256,3,8,1.05,0.82,False,True,True,True,5.180362197160721,5.008824586868286,6.127584993839264,6.131247630119324,9.761152954079524,9.998215645081649,8.159821537383861,8.154947087982926,0.8349732375144958,0.7144771814346313,1.891250479221344,1.8937744855880736,0.1036072439432145,0.1001764917373657,0.1225516998767852,0.1226249526023864
5851,252,5,16,0.21,0.89,False,True,False,False,5.104222563505172,5.161467909812927,5.353190231323242,5.356867773532867,9.815441547066662,9.687236131455016,9.340224771077528,9.333812623416597,0.6357777881622314,0.5336846113204956,1.2040084600448608,1.2056431341171263,0.1020844512701034,0.1032293581962585,0.1070638046264648,0.1071373554706573
4953,1653,7,16,1.48,0.99,False,True,False,False,4.913292404413223,4.617319226264954,6.416088855266571,6.435435576438904,10.341597699519072,10.82879427462894,7.79290962185576,7.769481866087993,0.726429032087326,0.4846196174621582,1.9214646577835084,1.928604106903076,0.0982658480882645,0.092346384525299,0.1283217771053314,0.128708711528778
6990,1407,6,8,1.21,0.95,False,False,False,True,6.156834369897842,6.14173948764801,6.292577397823334,6.305694589614868,8.12271222743643,8.141016091707176,7.945869688649946,7.92934095375063,1.8977715933322907,1.9431431293487549,2.0687528371810915,2.1004727029800416,0.1231366873979568,0.1228347897529602,0.1258515479564667,0.1261138917922973
4301,713,7,32,1.11,1.0,False,True,True,True,5.06356248497963,4.768478274345398,6.075213313102722,6.096555767059326,9.986621154061526,10.485525556216128,8.230163699526903,8.201352027673481,0.7940714609622955,0.5712152719497681,1.9953192472457888,1.9989922833442688,0.1012712496995926,0.0953695654869079,0.1215042662620544,0.1219311153411865
6427,113,7,32,1.3,0.89,False,True,False,False,4.763166002035141,4.518786549568176,5.622590005397797,5.654543087482453,10.586062141813343,11.06491742493286,8.892698909541695,8.842447431483116,0.6379729235172271,0.4586192369461059,1.5850286841392518,1.589402022361755,0.0952633200407028,0.0903757309913635,0.1124518001079559,0.113090861749649
8075,1475,2,16,1.99,1.0,True,True,False,False,5.960830864906311,5.970182180404663,5.993608593940735,5.99689080953598,8.388364831316968,8.374953894251078,8.342219763015478,8.337654042872636,1.8456009435653689,1.8452593088150024,1.8570483922958367,1.8604183602333069,0.1192166172981262,0.1194036436080932,0.1198721718788147,0.1199378161907196
4224,768,1,32,1.54,0.87,False,True,False,True,5.062247391939163,4.734795451164246,6.368341016769409,6.3810739111900325,10.039856442433916,10.560118450971968,7.851338358079944,7.835671660255532,0.8006304776668549,0.5200831890106201,2.0494508862495424,2.1773184299468995,0.1012449478387832,0.0946959090232849,0.1273668203353881,0.1276214782238006
4709,1965,3,16,0.22,0.94,True,False,False,True,5.850124694108963,5.9006640911102295,6.042502892017365,6.049393332004547,8.552008968197429,8.473709527478425,8.274716774538792,8.265291630705212,1.3803672254085542,1.5652480125427246,1.8006142854690552,1.823329055309296,0.1170024938821792,0.1180132818222046,0.1208500578403472,0.1209878666400909
5390,568,5,32,0.53,0.98,False,True,True,True,5.085020930767059,4.734934091567993,6.304119372367859,6.309704678058624,9.992515658200832,10.559809185028154,7.931321920040232,7.924301151665752,0.8086911189556122,0.5291415452957153,2.016268718242645,2.0217319345474243,0.1017004186153411,0.0946986818313598,0.1260823874473571,0.1261940935611724
5282,935,6,16,1.0,0.94,False,False,False,True,6.088997085094452,6.079954624176025,6.261512577533722,6.264611787796021,8.214129149681089,8.22376193900731,7.98529099496527,7.981340552427924,1.6013688516616822,1.6884031295776367,1.893099403381348,1.922463257312775,0.1217799417018891,0.1215990924835205,0.1252302515506744,0.1252922357559204
5897,712,6,16,1.49,0.95,False,True,False,True,5.178979456424713,4.918747425079346,6.276320540904999,6.283194329738617,9.775178265470732,10.165767084647742,7.966451034083652,7.95773572773873,0.8448944365978241,0.5331224203109741,2.040524542331696,2.0425741314888,0.1035795891284942,0.0983749485015869,0.1255264108180999,0.1256638865947723
7879,406,2,16,0.37,0.86,False,True,False,True,4.348758814334869,3.951237440109253,5.673042166233063,5.677189586162567,11.789422948275948,12.654263573507013,8.81361332075874,8.807174614124897,0.7193177580833435,0.449276328086853,1.8625385284423828,1.868609027862549,0.0869751762866974,0.079024748802185,0.1134608433246612,0.1135437917232513
4576,200,7,16,0.24,0.95,False,False,True,True,6.08018778681755,6.08233642578125,6.213781344890594,6.222939548492431,8.225261013077489,8.220525240258965,8.046630116768034,8.034788452487476,1.5455334198474884,1.4523794651031494,1.943614649772644,1.9644578790664675,0.121603755736351,0.121646728515625,0.1242756268978119,0.1244587909698486
4325,1045,1,32,0.41,0.87,False,True,True,True,5.036444951295852,4.737210392951965,6.120203566551209,6.125478494167328,10.058034543918165,10.554976521235572,8.169662900119663,8.16262762949411,0.7257237446308136,0.5083233118057251,1.674031400680542,1.856026930809021,0.1007288990259171,0.0947442078590393,0.1224040713310241,0.1225095698833465
4434,1095,6,16,0.8,0.91,False,True,True,False,4.909663292169571,4.703556060791016,5.754505777359009,5.776433212757111,10.273270349368534,10.630254991808664,8.688843485863655,8.655860487159758,0.6936529517173767,0.4758782386779785,1.563600206375122,1.569549753665924,0.0981932658433914,0.0940711212158203,0.1150901155471801,0.1155286642551422
6981,307,7,32,1.61,0.95,False,False,False,True,6.173091033697128,6.184735298156738,6.249157857894898,7.270116848945609,8.12695874525306,8.084420421765618,8.001078090605073,6.878522487738271,1.9921869802474976,1.998697757720948,2.106507694721222,2.160549411773676,0.1234618206739426,0.1236947059631347,0.1249831571578979,0.1454023369789121
5707,1185,6,32,1.97,0.95,False,False,False,True,6.2526060378551485,6.183616876602173,6.550939464569092,6.5596777939796445,8.002543339414379,8.085886696174704,7.632493071240288,7.622325604054992,1.9857959592342376,2.1947858333587646,2.4209224343299867,2.424075717926025,0.1250521207571029,0.1236723375320434,0.1310187892913818,0.1311935558795929
4641,1340,1,16,1.2,0.99,False,False,False,True,6.051579611301422,5.981167793273926,6.543426644802094,6.566309757232666,8.272435207786678,8.359571607077635,7.641256354877607,7.614627066086164,1.6607678925991058,1.4954886436462402,2.5887230753898622,2.5922464084625245,0.1210315922260283,0.1196233558654785,0.1308685328960418,0.1313261951446533
4812,325,5,32,0.39,0.87,False,True,False,False,4.433209055662156,4.122410774230957,5.5775272130966185,5.583619890213012,11.501473773623248,12.13956045594378,8.964546131469634,8.954764290624905,0.6945030426979065,0.4393141269683838,1.6406886458396912,1.6449351024627683,0.088664181113243,0.0824482154846191,0.1115505442619323,0.1116723978042602
4616,883,8,16,0.17,0.93,False,False,True,True,6.035796648263931,6.014588952064514,6.176949179172516,6.184628529548645,8.285491481424714,8.313120143613563,8.094610875266646,8.08455993362711,1.5160473346710206,1.472944974899292,1.9226380825042724,1.933979337215424,0.1207159329652785,0.1202917790412902,0.1235389835834503,0.1236925705909729
6690,303,2,8,1.24,0.92,False,True,True,True,5.0660197699069975,4.862220883369446,6.066144633293152,6.077116014957428,10.000895876031931,10.30039649542802,8.24246751174786,8.227586890875608,0.8460443723201752,0.6487534046173096,1.9573176980018616,1.9627328133583068,0.1013203953981399,0.0972444176673889,0.121322892665863,0.1215423202991485
5909,1472,8,16,0.49,0.93,False,False,False,False,6.533237535953521,6.5572227239608765,7.07509001493454,7.090739464759826,7.698701424436171,7.6440110208932595,7.067047895687743,7.051450814205779,1.7170780646800994,1.812351107597351,1.9389775037765504,1.9902647614479063,0.1306647507190704,0.1311444544792175,0.1415018002986908,0.1418147892951965
6778,523,1,16,1.06,0.85,False,False,False,False,6.04589584350586,6.017700672149658,6.46225813627243,6.47071370601654,8.284089704674495,8.308821382561918,7.737233489862161,7.727122906977432,1.7791302859783171,1.905275583267212,2.381990337371826,2.408705749511719,0.1209179168701171,0.1203540134429931,0.1292451627254486,0.1294142741203308
8130,1292,5,8,1.69,0.91,True,False,True,False,6.176746698617936,6.0787516832351685,6.637553107738495,6.648877530097962,8.108717292605363,8.22537315688983,7.532896436103316,7.520066323604101,1.98270819067955,1.931695818901062,2.2169566988945006,2.4824900889396666,0.1235349339723587,0.1215750336647033,0.1327510621547699,0.1329775506019592
5130,525,2,32,1.11,0.97,True,False,False,True,6.034845788478851,6.055002808570862,6.184876537322998,6.201571552753449,8.289587739468397,8.257634485766491,8.084235774910761,8.062472621037527,1.620662934780121,1.5555378198623655,2.0361161470413207,2.0485776329040526,0.1206969157695769,0.1211000561714172,0.1236975307464599,0.1240314310550689
6354,1191,1,16,0.23,0.87,False,False,True,True,6.01605175614357,6.0297054052352905,6.12599264383316,6.138535704612732,8.312360280134577,8.292279081734439,8.16194254693485,8.14526511468448,1.7499662280082702,1.810014605522156,1.9000467538833616,1.9221614217758176,0.1203210351228714,0.1205941081047058,0.1225198528766632,0.1227707140922546
7245,895,7,32,0.63,0.99,False,False,True,True,5.983191591501236,5.982427716255188,6.06631053686142,6.081828682422638,8.357448954454444,8.357810971307211,8.242242083805976,8.221211600987209,1.79921737074852,1.8651986122131348,1.961018133163452,1.9954121303558348,0.1196638318300247,0.1196485543251037,0.1213262107372284,0.1216365736484527
5308,1313,1,32,1.04,0.99,False,False,True,False,6.002132596969605,6.026336431503296,6.084158384799958,6.089982516765595,8.331835273412995,8.296914812435086,8.218063511002311,8.21020419403738,1.6096059548854829,1.6361329555511477,1.9704643368721009,1.973918259143829,0.120042651939392,0.1205267286300659,0.1216831676959991,0.1217996503353118
5957,670,4,16,1.06,0.87,False,False,True,True,6.164054741859436,6.163111090660095,6.315994358062744,6.339325938224793,8.113965379848642,8.112785780464485,7.916409858177928,7.887274043706777,1.7445646989345551,1.8161879777908323,1.9977442741394045,2.007846176624298,0.1232810948371886,0.1232622218132019,0.1263198871612549,0.1267865187644958
8079,970,4,8,1.37,0.87,False,False,False,False,6.167149683237076,6.217114567756653,6.2759289860725405,6.289048631191253,8.110336875038412,8.042316012882235,7.96694805330402,7.950328104186852,1.7776372063159942,2.0852123498916626,2.150248610973358,2.184780983924865,0.1233429936647415,0.124342291355133,0.1255185797214508,0.125780972623825
4123,1358,7,16,0.02,0.95,True,False,False,True,5.810372025966644,5.983270764350891,6.046620547771454,6.061840875148773,8.633708106013703,8.356634426091627,8.269082003377418,8.248319512989562,1.5520492053031922,1.3862735033035278,2.438067162036896,2.442283067703247,0.1162074405193329,0.1196654152870178,0.120932410955429,0.1212368175029754
4732,1393,6,16,1.42,0.97,False,True,True,False,25.600975647568703,15.757596254348757,63.10732254981995,63.10962119340897,2.6811190181887974,3.173072796347743,0.7923010829819948,0.7922722257048046,21.60888630648454,11.476754665374756,60.22531385421753,60.22894193649292,0.5120195129513739,0.3151519250869751,1.2621464509963989,1.2621924238681792
5571,847,2,8,0.25,0.98,False,True,False,False,72.55811009705067,64.46414351463318,119.85093435049058,119.8887976551056,1.2115214742350835,0.7756249796642607,0.4171848994833992,0.4170531913576042,47.57365833520889,54.30598664283752,115.65059436559676,115.74026673316956,1.4511622019410138,1.2892828702926635,2.397018687009812,2.397775953102112
6039,163,6,16,1.09,0.95,False,True,False,True,44.195410983903066,18.99847710132599,114.0493766784668,114.05664709329604,1.8397121159253875,2.631789894309873,0.4384066047202588,0.4383786590225058,31.491922435306368,14.582628726959229,60.23048694133759,60.27835048675537,0.8839082196780613,0.3799695420265198,2.280987533569336,2.281132941865921
8119,1106,7,16,1.83,0.86,True,True,False,True,16.871388330459595,16.88689351081848,16.902237355709076,16.90620200872421,2.963610041386558,2.960876142613752,2.958188258972781,2.9574945958578898,12.668640241622924,12.698898434638975,12.72319848537445,12.72515487909317,0.337427766609192,0.3377378702163696,0.3380447471141815,0.3381240401744843
6773,1487,5,8,0.37,0.96,False,True,True,False,32.81007711567096,22.43657708168029,63.421609210968015,63.44609370708466,1.8655308648751263,2.2285039209847,0.7883748242564937,0.7880706164849635,28.756823913374944,18.08564615249633,60.29140133857727,60.31469225883484,0.6562015423134193,0.4487315416336059,1.2684321842193602,1.268921874141693
6192,1564,4,16,0.24,0.95,False,False,True,False,56.2370497934597,18.51069664955139,114.19353380203248,114.2090518951416,1.6647817605081812,2.701140910394194,0.4378531632778221,0.4377936723621645,34.74181932026578,14.311283826828005,61.63557705879212,61.65446496009827,1.124740995869194,0.3702139329910278,2.283870676040649,2.284181037902832
7212,1104,1,16,0.83,0.86,False,True,False,False,28.809984189622543,16.3631591796875,63.44769889116287,63.45599318265915,2.458243788772018,3.0556446728251165,0.788050648521138,0.7879476389668887,24.94103025338229,12.226823568344116,60.34975628852844,60.35920203447342,0.5761996837924507,0.3272631835937499,1.2689539778232577,1.2691198636531829
4666,1740,2,16,0.51,0.96,True,False,False,False,29.18688960808974,18.328378677368164,65.43095226287842,65.46727904319764,2.2763169534506527,2.72800998277823,0.7641643379766965,0.7637403272720865,24.928137251046987,13.823535203933716,61.673414421081546,61.70520127296448,0.5837377921617949,0.3665675735473633,1.3086190452575683,1.3093455808639527
6009,538,8,32,0.62,0.99,False,False,False,False,16.382437527179718,6.179681062698364,39.36347961425781,39.3712523818016,5.442090056759745,8.091040216696811,1.2702129104520736,1.2699621419368188,12.141808952604022,1.9750531911849976,34.980097234249115,35.1600687623024,0.3276487505435947,0.1235936212539672,0.7872695922851562,0.7874250476360322
4372,883,7,16,0.88,0.96,False,False,False,False,6.002821507453919,6.009373188018799,6.158248555660248,6.161588225364685,8.331816767763026,8.320349883363322,8.11919161324492,8.114790890583336,1.5091627383232116,1.405825972557068,1.914292144775391,1.9409378123283387,0.1200564301490784,0.1201874637603759,0.1231649711132049,0.1232317645072937
6115,1193,3,8,1.92,0.89,False,False,True,False,6.363987456560135,6.416447997093201,6.707803165912628,7.737711985111236,7.885801309679794,7.792473357191699,7.45400530443334,6.461858599300236,1.8375232863426207,1.655646562576294,2.611409199237824,3.149669921398163,0.1272797491312027,0.128328959941864,0.1341560633182525,0.1547542397022247
6070,1167,3,32,1.7,0.99,True,False,False,False,5.959224879741669,5.961993932723999,6.070761561393738,6.077888514995575,8.392993092095269,8.386456055179632,8.236198950408642,8.226541248386456,1.6842645394802094,1.7475831508636477,1.9391293287277225,1.9422969794273377,0.1191844975948334,0.1192398786544799,0.1214152312278747,0.1215577702999115
7144,231,4,8,0.06,0.97,False,True,True,True,5.255223716497421,5.145615339279175,6.141237401962281,6.145330359935761,9.635771697846115,9.760231301885645,8.141681687879462,8.136259089670386,0.8887566745281219,0.7605832815170288,1.6248080730438232,1.7928487467765808,0.1051044743299484,0.1029123067855835,0.1228247480392456,0.1229066071987152
4509,926,7,32,1.93,0.96,False,False,True,True,6.46290892958641,6.784183263778687,6.994257855415344,7.00464352607727,7.775534183172193,7.370083923498456,7.148721323071445,7.138121992201432,1.834081708192825,2.133203625679016,2.419917130470276,2.447408282756805,0.1292581785917281,0.1356836652755737,0.1398851571083068,0.1400928705215454
7258,626,3,8,0.97,1.0,False,True,True,True,5.199028260707856,5.03158974647522,6.164192867279053,6.1685175347328185,9.728552978358472,9.947000071971477,8.111362036112657,8.105675276441549,0.8232921481132507,0.6680411100387573,1.8893134117126464,1.9002000093460083,0.1039805652141571,0.1006317949295043,0.123283857345581,0.1233703506946563
5654,805,5,8,0.07,0.95,False,True,False,False,4.999082261323929,4.749006390571594,5.891990232467651,5.89795657157898,10.093121864007207,10.528518166469691,8.486096895185934,8.477512405274911,0.6868947803974151,0.4720504283905029,1.6767978549003602,1.6863753414154052,0.0999816452264786,0.0949801278114318,0.117839804649353,0.1179591314315795
4373,370,6,16,1.64,0.87,False,True,False,False,4.811385222673416,4.594387650489807,6.430885970592499,6.454625582695007,10.54975824923798,10.88284320640744,7.774978741880335,7.746382798221314,0.7741786074638367,0.5116961002349854,2.1380614042282104,2.145924625396729,0.0962277044534683,0.0918877530097961,0.12861771941185,0.1290925116539001
8072,1351,1,32,0.04,0.91,False,True,False,True,4.977800035476685,4.65440046787262,6.10103075504303,6.1045057845115664,10.189647938972138,10.742522145638564,8.195336494898255,8.190671247151577,0.8700304365158081,0.5297489166259766,1.9429829001426693,1.9511012268066408,0.0995560007095337,0.0930880093574524,0.1220206151008606,0.1220901156902313
5534,88,3,16,0.15,0.99,False,False,False,True,6.096985123157501,6.072563171386719,6.243818700313568,6.258147320747376,8.202733563732988,8.233755435498221,8.00791990887178,7.989585173712911,1.6581438338756562,1.654286503791809,1.8849843740463257,1.9559603309631344,0.12193970246315,0.1214512634277343,0.1248763740062713,0.1251629464149475
6733,1343,8,32,1.12,0.96,True,False,False,True,5.904134356975556,5.877745032310486,6.193124520778656,6.196948053836823,8.475792407181544,8.50683550438348,8.073469189612334,8.068487838104526,1.6756644535064698,1.7338294982910156,2.029793083667755,2.031320240497589,0.1180826871395111,0.1175549006462097,0.1238624904155731,0.1239389610767364
4093,1908,4,16,1.64,0.92,True,False,True,False,6.256372437477112,5.55724036693573,10.048845613002776,11.963139891624442,8.444662408988197,8.997272295479942,4.975711404386114,4.179737869190892,1.474624251127243,1.195171356201172,3.640639877319333,4.353916854858395,0.1251274487495421,0.1111448073387146,0.2009769122600555,0.2392627978324888
5789,139,3,16,1.8,0.86,False,False,True,True,6.432501853704452,6.5326091051101685,6.795179307460783,8.019027028083801,7.833996283131998,7.653909680053009,7.358247247558232,6.235170412837635,2.0988540601730348,2.1448620557785034,2.9292568087577817,3.042422115802765,0.1286500370740891,0.1306521821022033,0.1359035861492156,0.160380540561676
6281,915,7,8,0.37,0.88,False,True,False,True,5.261449741125107,4.962766170501709,6.309437012672424,6.316723928451538,9.635265382935998,10.085595667112583,7.924637334221644,7.915495530279863,0.926314685344696,0.7313210964202881,1.8062905550003048,1.970254116058349,0.1052289948225022,0.0992553234100341,0.1261887402534484,0.1263344785690307
6809,1424,5,8,0.51,0.88,False,True,True,False,5.041176997423172,4.784032583236694,6.133032763004303,6.137719857692718,10.053297624308708,10.452027645046972,8.152573438439742,8.146347692821545,0.6910887408256531,0.4698156118392944,1.852343451976776,1.856620161533356,0.1008235399484634,0.0956806516647338,0.122660655260086,0.1227543971538543
6680,629,2,16,1.13,0.94,True,False,False,False,6.000982111692428,6.001108884811401,6.146828317642212,6.150558164119721,8.334123248571693,8.331793501298367,8.134276317106407,8.129343593267766,1.8011405074596405,1.8795981407165527,2.0261964201927185,2.0307216000556947,0.1200196422338485,0.120022177696228,0.1229365663528442,0.1230111632823944
7268,869,4,32,1.47,0.9,True,False,True,True,5.972930884361267,5.979701519012451,6.055557644367218,6.0589914846420285,8.372292016499527,8.361621381288392,8.256877887984619,8.252198429148624,1.6635970199108123,1.801385521888733,1.8952017426490784,1.9112635660171504,0.1194586176872254,0.119594030380249,0.1211111528873443,0.1211798296928405
7782,1866,3,32,1.23,0.96,False,True,False,False,4.90142808675766,4.701309680938721,5.755533707141876,5.761973204612732,10.290623888518189,10.63533427838912,8.687291664715302,8.677582883099339,0.7636094546318054,0.5722606182098389,1.5691716194152832,1.5724868440628053,0.0980285617351532,0.0940261936187744,0.1151106741428375,0.1152394640922546
4982,757,3,16,0.85,0.93,True,False,False,True,6.075868837833404,6.0993863344192505,6.260547184944153,6.276896448135376,8.23465726620098,8.197546001856825,7.986522347480601,7.965720419840779,1.5866717207431793,1.548588514328003,1.9454304575920105,1.9482708764076235,0.1215173767566681,0.121987726688385,0.125210943698883,0.1255379289627075
5807,752,2,16,0.83,0.91,True,False,False,False,6.055398472547531,6.084672808647156,6.171334934234619,6.178248147964477,8.259951392009523,8.217368720400135,8.1019748045668,8.092909088781647,1.6213131046295166,1.73280930519104,1.940575611591339,1.971831450462341,0.1211079694509505,0.1216934561729431,0.1234266986846923,0.1235649629592895
4863,518,6,8,1.06,0.91,True,False,False,True,6.159272400140762,6.034490823745728,6.722528743743896,6.731727914810181,8.137717187647153,8.285703217132905,7.43767738425295,7.427513505177026,1.5763627684116364,1.509441614151001,2.3033538699150085,2.5011948633193968,0.1231854480028152,0.1206898164749145,0.1344505748748779,0.1346345582962036
8103,1246,2,16,1.38,0.91,True,False,True,True,6.039941728115082,6.046636700630188,6.162651562690735,6.171049785614014,8.280183138570845,8.269059724264359,8.113390753085115,8.102349163174615,1.883142672777176,1.8930468559265137,1.997916579246521,2.0339850759506226,0.1207988345623016,0.1209327340126037,0.1232530312538146,0.1234209957122802
7420,1579,8,32,0.51,0.99,True,True,False,True,5.915281615257263,5.924704194068909,5.953919160366058,5.955016577243805,8.45295697232718,8.439239895295232,8.397829864388022,8.39628227570865,1.5485796642303469,1.4778330326080322,1.802721381187439,1.8041614937782289,0.1183056323051452,0.1184940838813781,0.1190783832073211,0.119100331544876
5557,914,4,16,1.38,0.86,True,False,True,False,5.85090047121048,5.8400009870529175,6.037431585788727,6.047960917949676,8.54929528992181,8.561642399525297,8.281667347047954,8.2672492232118,1.6352989852428437,1.6795148849487305,1.8843595504760744,1.904369921684265,0.1170180094242095,0.1168000197410583,0.1207486317157745,0.1209592183589935
5241,179,4,16,0.92,0.99,True,False,False,False,5.871319113969803,5.945440649986267,6.06254106760025,6.066925864219666,8.525916708174186,8.409805602018453,8.24736681244317,8.241406130322037,1.5917669701576234,1.5722600221633911,1.951302182674408,1.97704199552536,0.117426382279396,0.1189088129997253,0.121250821352005,0.1213385172843933
7032,755,7,16,1.21,0.86,False,False,False,False,5.99072019815445,6.003078937530518,6.092204535007477,6.101450319290161,8.347768979210743,8.32905935701562,8.207209677134667,8.194772952729158,1.6528741061687469,1.8748430013656616,2.0768477439880373,2.0799680614471434,0.1198144039630889,0.1200615787506103,0.1218440907001495,0.1220290063858032
7314,251,1,32,0.3,0.93,False,True,True,False,4.943196264505386,4.669622182846069,5.9795449614524845,5.985577881336212,10.243024581615453,10.707505115480515,8.361840294302883,8.353412319513492,0.839411735534668,0.5350261926651001,1.8246082544326785,1.8360669088363648,0.0988639252901077,0.0933924436569213,0.1195908992290496,0.1197115576267242
4366,508,2,32,0.2,0.92,False,False,True,False,5.985597474575043,5.959023833274841,6.141754412651062,6.150882406234741,8.35540757080143,8.390636018480503,8.140996308455321,8.128914958635301,1.532331372499466,1.425336480140686,1.9768067717552185,1.993316147327423,0.1197119494915007,0.1191804766654968,0.1228350882530212,0.1230176481246948
6047,1640,2,32,1.16,1.0,True,True,True,True,6.0564564037323,6.061592698097229,6.099640643596649,6.1010916042327885,8.255845756799141,8.248657766146067,8.197204278610705,8.19525483307828,1.5900739526748655,1.959027409553528,1.9665815114974976,1.971988923549652,0.1211291280746459,0.1212318539619445,0.1219928128719329,0.1220218320846557
4317,1544,2,8,1.22,0.94,True,False,True,True,6.199617502689361,6.158205509185791,6.760768449306488,6.7636953282356265,8.096062659055507,8.123533281045997,7.395609002200898,7.392408672330883,1.6722643780708313,1.7226556539535522,2.5509938478469847,2.553705654144287,0.1239923500537872,0.1231641101837158,0.1352153689861297,0.1352739065647125
4454,542,3,8,0.86,0.93,True,False,False,False,6.317602514028549,6.0860360860824585,7.200393438339233,7.208368012905121,7.960554933629372,8.215528021046373,6.944064991505079,6.936382831292515,1.8322065877914429,1.4824200868606567,3.0278663873672484,3.034076678752899,0.1263520502805709,0.1217207217216491,0.1440078687667846,0.1441673602581024
6055,672,4,8,0.83,0.97,False,True,True,True,5.280311796665192,5.075314879417419,6.288027286529541,6.292438585758209,9.586663261699677,9.869707190249018,7.951619440281056,7.946044974528768,0.8656007611751556,0.652398943901062,1.988915264606476,1.993789212703705,0.1056062359333038,0.1015062975883484,0.1257605457305908,0.1258487717151642
5539,1225,3,16,0.94,0.98,False,False,False,False,6.085004867315292,6.086436748504639,6.182516896724701,6.19040048122406,8.218026412855856,8.214987357810426,8.087321205166523,8.077021861570264,1.6585514616966248,1.7310810089111328,1.919489514827728,1.954371416568756,0.1217000973463058,0.1217287349700927,0.123650337934494,0.1238080096244812
6301,1714,5,16,0.11,0.98,True,True,True,True,5.959538469314575,5.970684885978699,5.992143106460572,5.996057691574097,8.390140431124232,8.374248676270074,8.344259998897105,8.338815108987832,1.771388325691223,1.7665717601776123,1.8160989642143248,1.848731482028961,0.1191907693862915,0.1194136977195739,0.1198428621292114,0.1199211538314819
7454,809,4,32,1.7,0.94,True,False,False,True,6.006597536802292,6.043058633804321,6.163041639328003,6.175083153247833,8.327315617520231,8.274043884618106,8.112877337748566,8.097056956023458,1.794915360212326,1.9019192457199097,2.011807370185852,2.056221709251404,0.1201319507360458,0.1208611726760864,0.12326083278656,0.1235016630649566
4478,1714,6,32,0.53,0.9,False,True,True,False,4.826579377651215,4.611611604690552,5.563762235641479,5.568069026470185,10.432916586723,10.84220660896482,8.986724788802116,8.97977373763475,0.6316044235229492,0.4581667184829712,1.3617929697036744,1.400495297908783,0.0965315875530243,0.092232232093811,0.1112752447128296,0.1113613805294036
6768,951,4,8,1.93,0.92,False,True,False,False,5.040633591413498,4.796451687812805,6.2156389355659485,6.225208840370178,10.045097195983308,10.42437269409616,8.044225322765678,8.031859057711248,0.8265840435028076,0.5621030330657959,2.044937765598297,2.051147830486298,0.1008126718282699,0.0959290337562561,0.1243127787113189,0.1245041768074035
7875,1276,1,16,1.31,0.9,False,True,True,False,4.860613075494766,4.54811429977417,5.91804827451706,6.071413893699646,10.428533592454931,10.993567162007423,8.448731359740522,8.23531406939027,0.7865972638130188,0.5028676986694336,1.7014549016952514,2.183362250328064,0.0972122615098953,0.0909622859954834,0.1183609654903411,0.1214282778739929
5221,554,2,16,0.95,1.0,False,True,False,True,5.031221789121628,4.756383419036865,6.079680585861206,6.087127001285553,10.063285937574804,10.512188695831256,8.224116342857325,8.214055671370232,0.7675701403617858,0.5292140245437622,1.8589462757110595,1.8646432161331177,0.1006244357824325,0.0951276683807373,0.1215936117172241,0.121742540025711
6544,1104,5,16,0.7,1.0,False,True,True,False,4.852483334541321,4.623525619506836,5.723182821273804,5.726850230693817,10.39946613134114,10.814258280267442,8.736397489650562,8.73080279621275,0.6946143186092377,0.4571212530136108,1.4647307872772213,1.4901189923286438,0.0970496666908264,0.0924705123901367,0.114463656425476,0.1145370046138763
6792,101,6,8,0.18,0.98,False,True,True,True,5.212481311559677,5.097018003463745,6.037768924236298,6.043931050300598,9.70152844328873,9.843346146434213,8.281204640545797,8.272761485050358,0.964482523202896,0.7754579782485962,1.785016107559204,1.792251706123352,0.1042496262311935,0.1019403600692749,0.1207553784847259,0.1208786210060119
5276,1241,3,8,1.81,0.96,True,True,True,True,6.849074144363403,6.875361561775208,6.896370935440063,6.904627439975738,7.30072182572468,7.272344814835371,7.250190140061788,7.241523319096363,2.1928450536727904,2.334882378578186,2.6061251640319822,2.607028563022613,0.1369814828872681,0.1375072312355041,0.1379274187088012,0.1380925487995147
5329,171,1,8,1.79,0.92,False,False,True,True,6.338254623413086,6.447211146354675,6.763695526123047,6.785604288578032,7.908538566319232,7.755291670305641,7.392408456175151,7.368591825305201,1.95944251537323,1.961750030517578,2.8274752140045165,2.830355348587036,0.1267650924682616,0.1289442229270935,0.1352739105224609,0.1357120857715606
4534,1603,5,8,1.0,0.97,True,False,False,False,5.940673391819001,5.957326889038086,6.535617101192474,6.540435962677002,8.465500985157265,8.393026307151153,7.650386985014674,7.644750333520001,1.5962950205802915,1.4664952754974363,2.4257864356040955,2.428661766052246,0.11881346783638,0.1191465377807617,0.1307123420238495,0.13080871925354
5884,1665,3,16,1.42,0.88,False,True,True,False,5.151390517950058,4.954163670539856,6.090556073188782,7.032355589866637,9.807891212279968,10.092521025103435,8.209432378471423,7.109999085707767,0.6355366945266724,0.4090466499328613,1.5279279112815858,1.5337550282478332,0.103027810359001,0.0990832734107971,0.1218111214637756,0.1406471117973327
7899,880,5,16,0.02,0.92,False,False,True,True,6.031651198863983,6.100886344909668,6.133537483215332,6.144669682979584,8.292424950860084,8.195530480970898,8.151902575572606,8.137133903449493,1.880047184228897,1.9234272241592407,2.030725085735321,2.070993683338165,0.1206330239772796,0.1220177268981933,0.1226707496643066,0.1228933936595916
4829,894,4,16,1.92,0.97,True,False,False,True,5.969161957502365,5.948878169059753,6.115661787986755,6.129921579360962,8.379204788761331,8.404946039577105,8.17573007554047,8.156711342117148,1.5660770273208615,1.5680879354476929,1.912894070148468,1.9182450699806213,0.1193832391500472,0.118977563381195,0.1223132357597351,0.1225984315872192
7927,1135,5,16,1.07,0.99,False,True,True,True,4.798113012313843,4.685870051383972,5.43257452249527,5.437463812828064,10.47498401118368,10.67038124457087,9.203739456891462,9.19546349609618,0.8399172520637512,0.5261409282684326,1.85269718170166,1.8556945157051088,0.0959622602462768,0.0937174010276794,0.1086514904499054,0.1087492762565612
7288,926,5,32,1.01,0.86,False,False,False,True,6.010843669176102,6.038282752037048,6.124673295021057,6.145402550697327,8.320702878258421,8.280500210262227,8.163700772293774,8.1361635314669,1.842336641550064,1.9058313369750977,2.0126118302345275,2.0339727997779846,0.1202168733835221,0.1207656550407409,0.1224934659004211,0.1229080510139465
5369,234,1,32,1.05,0.93,True,True,True,True,5.9045572137832645,5.918860197067261,5.936695957183838,5.93965049982071,8.468282621802995,8.447572419690385,8.422193157450454,8.418004506223491,1.5033061170578004,1.8382548093795776,1.8432027697563167,1.847854504585266,0.1180911442756653,0.1183772039413452,0.1187339191436767,0.1187930099964141
5463,369,6,16,1.25,0.97,False,True,False,True,5.061289299726486,4.669154763221741,6.365495252609253,6.373071393966675,10.053231746057916,10.708576363016446,7.854848373793932,7.8455107297340545,0.7587999641895294,0.5036945343017578,2.1851917028427126,2.191421544551849,0.1012257859945298,0.0933830952644348,0.127309905052185,0.1274614278793334
7232,1099,3,8,0.98,0.89,True,False,True,False,6.225553175210953,6.100293874740601,6.685719394683838,6.690022583007813,8.044039089365903,8.19632644393493,7.478626763886901,7.473816326028852,2.020073354244232,1.969055414199829,2.558388829231262,2.5654565930366515,0.1245110635042191,0.122005877494812,0.1337143878936767,0.1338004516601562
4558,783,4,16,1.88,0.89,False,True,False,True,5.443098764419556,5.301389694213867,6.340083646774292,6.628066284656525,9.258434420366324,9.431489477167652,7.88633128305209,7.543678723393096,1.0511947453022004,0.9484535455703736,2.0367380380630493,2.403859875202179,0.1088619752883911,0.1060277938842773,0.1268016729354858,0.1325613256931304
7033,544,3,32,1.26,0.97,False,False,False,True,6.087052019834519,6.07255220413208,6.235752522945404,6.246517324447632,8.216006387146717,8.233770317783184,8.018278442439344,8.004460314785666,1.7418039751052856,1.998946070671081,2.126185178756714,2.144808073043824,0.1217410403966903,0.1214510440826416,0.124715050458908,0.1249303464889526
6251,1248,1,16,0.73,0.99,False,False,False,False,6.077956323623657,6.097783923149109,6.153211891651154,6.18561562538147,8.227294143394843,8.199700197403473,8.125837511000059,8.083270216817263,1.783843228816986,1.7723292112350464,1.8974456787109373,1.9917451310157768,0.1215591264724731,0.1219556784629821,0.123064237833023,0.1237123125076293
7389,1144,2,16,0.51,0.95,False,True,False,True,4.932545953989029,4.593925833702087,6.072732949256897,6.079466943740845,10.290110396603728,10.883937848939125,8.23352524534116,8.224405276743251,0.8019360089302063,0.4604061841964721,1.88480566740036,1.896064984798432,0.0986509190797805,0.0918785166740417,0.1214546589851379,0.1215893388748168
6306,1750,3,16,0.16,0.93,False,False,False,True,6.110901914834976,6.126185655593872,6.199274468421936,6.2147665262222285,8.183766792299926,8.161685397909727,8.065460000465448,8.045355026338543,1.7420509874820709,1.809747815132141,1.9512195110321044,1.952984383106232,0.1222180382966994,0.1225237131118774,0.1239854893684387,0.1242953305244445
6935,1283,6,16,0.18,0.89,True,False,True,True,5.965766427516937,5.975414395332336,6.051184606552124,6.062107908725738,8.382267141267478,8.367620543509737,8.262844922294226,8.247956269759804,1.7649913346767423,1.8448429107666016,1.931742572784424,1.9522289609909056,0.1193153285503387,0.1195082879066467,0.1210236921310424,0.1212421581745147
7959,1220,8,16,0.57,0.99,False,True,False,False,4.716933306455612,4.573115110397339,5.199751245975494,5.206082239151001,10.63101459388848,10.9334663166376,9.615844616148294,9.604151023208392,0.6371468162536621,0.4940915107727051,1.2377044558525083,1.23923574924469,0.0943386661291122,0.0914623022079467,0.1039950249195098,0.10412164478302
7628,1107,8,16,1.37,0.99,False,False,True,True,6.040682187080384,6.057886838912964,6.15110319852829,6.172026665210724,8.278561905806503,8.25370320213512,8.128623223036197,8.101066758062187,1.7046258985996243,1.6386202573776243,2.2030961513519287,2.232999672889709,0.1208136437416077,0.1211577367782592,0.1230220639705658,0.1234405333042144
7064,1293,5,32,0.86,0.99,False,True,True,False,4.859135236740112,4.64556097984314,5.592807507514953,5.598760318756104,10.358693412007534,10.762962837670088,8.94005382200539,8.93054839926457,0.7213483309745788,0.5660398006439209,1.4063593029975892,1.4144047284126282,0.0971827047348023,0.0929112195968628,0.111856150150299,0.111975206375122
7423,1529,6,8,0.66,0.9,False,True,True,False,4.968860675096511,4.709704637527466,6.011634373664856,6.014464776515961,10.192022941340433,10.616804371632202,8.317205757354905,8.313291687201392,0.6900270354747772,0.4967586994171142,1.734526228904724,1.738837606906891,0.0993772135019302,0.0941940927505493,0.1202326874732971,0.1202892955303192
5149,1224,5,16,1.55,0.97,False,False,True,False,6.267045122385025,6.208049058914185,6.757969391345978,6.777247757911682,8.009570754132149,8.054060110261604,7.398672174920393,7.377626109014863,1.7777747738361358,2.108427286148072,2.189250338077545,2.2206526470184325,0.1253409024477005,0.1241609811782837,0.1351593878269195,0.1355449551582336
7808,1206,7,16,1.23,0.88,True,False,False,True,6.112906150817871,6.006219148635864,6.748777747154236,6.770579514503479,8.209146921771202,8.324732610372871,7.408748943940918,7.384892253981811,1.7712701511383058,1.860218405723572,1.9739009261131288,1.995422077178955,0.1222581230163574,0.1201243829727172,0.1349755549430847,0.1354115902900695
4549,323,2,16,1.57,0.98,True,False,False,False,5.984283921718597,6.016332626342773,6.076364862918854,6.080655961036682,8.35678388099004,8.31071073865888,8.228603964447792,8.222797230127568,1.5152882874011993,1.423812747001648,1.9004270315170289,1.9209406113624568,0.1196856784343719,0.1203266525268554,0.121527297258377,0.1216131192207336
7451,169,5,16,1.41,0.99,True,True,True,True,6.051916489601135,6.061340928077698,6.085116779804229,6.086700708866119,8.26207780402248,8.248999828692492,8.216769351747704,8.214630971473845,1.6511092805862426,1.5810078382492063,1.9065769910812376,1.9071813464164733,0.1210383297920227,0.1212268185615539,0.1217023355960846,0.1217340141773224
7380,917,3,32,0.44,0.98,False,False,True,True,6.008669764995575,6.040645480155945,6.164193165302277,6.170262928009033,8.324950218384869,8.27726124681763,8.111361646259608,8.103382426265519,1.7694658613204957,1.8803404569625848,1.9559012532234192,1.994656970500946,0.1201733952999114,0.1208129096031188,0.1232838633060455,0.1234052585601806
6369,1348,1,8,0.28,0.97,True,True,True,True,6.934641056060791,6.9396278858184814,6.96707843542099,6.969765574932098,7.210321805152863,7.204997309267998,7.176609322248541,7.17384247536295,2.3867433404922487,2.2187188863754272,2.7595234751701354,2.7620999431610107,0.1386928211212157,0.1387925577163696,0.1393415687084198,0.1393953114986419
7066,1813,2,8,0.49,0.94,False,True,False,True,5.228605498075485,5.14780056476593,6.105133199691773,6.1088940525054936,9.686024653806216,9.756473427161929,8.1898295032326,8.1847875524239,0.9265956878662108,0.5873873233795166,1.81657110452652,1.818178548812866,0.1045721099615097,0.1029560112953186,0.1221026639938354,0.1221778810501098
8121,301,8,16,1.23,0.87,True,True,True,False,5.912730779647827,5.923723816871643,5.948764407634736,5.951243381500245,8.4565688860098,8.440637014662876,8.405106809275598,8.401606325597044,1.7976689291000367,1.7983671426773071,1.8105199337005613,1.815357894897461,0.1182546155929565,0.1184744763374328,0.1189752881526947,0.1190248676300048
5408,1411,3,8,1.06,0.88,True,False,False,False,18.280361995977515,5.699771523475647,68.76800048351288,68.79028788805007,6.110457136478265,8.772281512658466,0.7270823588425674,0.726846791307374,14.694198491526585,1.5460920333862305,68.49621088504792,68.5343544626236,0.36560723991955,0.1139954304695129,1.3753600096702576,1.3758057577610017
7981,1744,6,16,0.17,0.96,True,False,True,True,29.66864218086493,21.968907356262207,64.76686000823975,64.7839123249054,2.0065266776583344,2.275943868721699,0.7719997540970632,0.7717965505335408,25.49311146970655,17.7305428981781,60.93897199630737,60.955657958984375,0.5933728436172985,0.4393781471252441,1.295337200164795,1.2956782464981078
5354,753,6,32,0.28,0.97,False,False,False,False,47.90024718500319,17.102855443954468,114.26318460702896,114.2713599538803,1.9790191490566595,2.923488430680873,0.437586263436973,0.4375549571221358,30.155406722000667,12.933702945709229,60.46588599681854,60.46797064781189,0.9580049437000636,0.3420571088790893,2.285263692140579,2.2854271990776063
5793,332,3,8,0.25,0.9,False,True,False,True,5.171868008375168,4.977869868278503,6.175419795513153,6.17885998249054,9.791222739696815,10.062879816230724,8.09661555953135,8.092107628814652,0.8788229238986969,0.7356758117675781,1.6736043095588684,1.8591810584068296,0.1034373601675033,0.09955739736557,0.123508395910263,0.1235771996498107
7764,821,3,32,0.9,0.94,True,True,False,True,29.648304924964904,29.66237223148346,29.682362222671507,29.68554503679276,1.686439598765331,1.6856372652400575,1.6845020610591177,1.6843214414686285,25.49281749725342,25.52533531188965,25.533487474918367,25.534376800060272,0.592966098499298,0.5932474446296692,0.5936472444534302,0.5937109007358551
4118,1282,4,16,1.37,0.99,False,False,True,True,6.10629417181015,6.140889525413513,6.257952082157135,6.264653041362762,8.190728727587473,8.14214360175324,7.98983426916704,7.981287978059973,1.6758911192417143,1.3753001689910889,2.230333614349365,2.2462978839874266,0.122125883436203,0.1228177905082702,0.1251590416431426,0.1252930608272552
7763,167,8,8,1.5,1.0,False,False,False,False,6.145844844579696,6.192769885063171,6.294629836082459,6.312476327419281,8.140232314696913,8.073931540669916,7.943278844724473,7.92082178409708,1.757583991289139,1.5503180027008057,2.3108326911926267,2.3529592061042783,0.1229168968915939,0.1238553977012634,0.1258925967216491,0.1262495265483856
4557,1121,8,8,0.81,0.87,True,True,True,True,6.621243581771851,6.623253107070923,6.666532254219055,6.667745227813721,7.551698310993033,7.549160432298562,7.500151235375283,7.49878684025994,2.0745075368881225,2.3304812908172607,2.4178296923637386,2.471046962738037,0.132424871635437,0.1324650621414184,0.1333306450843811,0.1333549045562744
7152,239,5,8,0.29,0.89,True,False,True,True,6.0885974574089055,5.960451245307922,6.75631707906723,6.762638902664184,8.244590427575073,8.388626933216104,7.400481569474217,7.39356348845202,1.6640759682655335,1.651242971420288,2.478900396823883,2.481842050552368,0.121771949148178,0.1192090249061584,0.1351263415813446,0.1352527780532837
5484,631,3,16,0.95,0.92,True,False,True,True,5.973850560188294,6.003445625305176,6.088399660587311,6.131027297973633,8.371977077572607,8.328550501664523,8.212338687636045,8.155240357306647,1.5768504631519318,1.679651141166687,1.9154866099357604,1.918870754241944,0.1194770112037659,0.1200689125061035,0.1217679932117462,0.1226205459594726
6384,1683,1,8,0.96,1.0,True,False,False,True,6.200167751312256,6.124054431915283,6.591412329673768,6.596946482658386,8.074298397466134,8.164836808458066,7.585627709575508,7.579264153752191,1.8426211869716644,1.8054304122924805,2.4102195858955384,2.4137794613838195,0.1240033550262451,0.1224810886383056,0.1318282465934753,0.1319389296531677
6077,1766,5,16,0.53,0.99,False,True,True,True,4.984744659662247,4.704199194908142,5.986080145835876,5.992877261638641,10.146187581423952,10.628803287756046,8.352711464133314,8.343237796128982,0.7241723811626435,0.4880322217941284,1.817743074893952,1.826288540363312,0.0996948931932449,0.0940839838981628,0.1197216029167175,0.1198575452327728
4692,204,2,8,0.47,0.94,False,True,False,True,4.846437252759934,4.5833258628845215,6.210052180290222,6.217193825244904,10.62584165772187,10.963979549235656,8.051462141470703,8.042213492291596,0.830246456861496,0.4664000272750854,1.6168286323547365,1.8844385290145875,0.0969287450551986,0.0916665172576904,0.1242010436058044,0.124343876504898
4147,367,1,8,0.0,0.85,False,True,True,False,4.986017909049988,4.715584874153137,5.9696145296096805,5.976079137325287,10.139945691260044,10.603250907248412,8.375750200119867,8.366689771295304,0.67036048412323,0.4548543691635132,1.63892662525177,1.6759929823875428,0.0997203581809997,0.0943116974830627,0.1193922905921936,0.1195215827465057
7285,1246,3,32,1.26,0.88,True,False,False,False,5.950743118524551,5.9908212423324585,6.092558765411377,6.098941414356232,8.406214294966459,8.346294899700759,8.206732510116037,8.19814401195196,1.7852635288238523,1.8690546751022337,1.990079414844513,2.030245587825775,0.119014862370491,0.1198164248466491,0.1218511753082275,0.1219788282871246
6243,973,8,8,1.61,0.89,False,False,True,True,6.370227241516114,6.341630697250366,6.72926697731018,6.740364394187927,7.855035190437096,7.884408515484218,7.430230010038965,7.41799658443604,1.893635830879212,2.3159375190734863,2.42482464313507,2.460539381504059,0.1274045448303223,0.1268326139450073,0.1345853395462036,0.1348072878837585
4743,151,3,8,0.4,0.87,False,False,False,False,6.0520544075965885,6.013881206512451,6.229201376438141,6.244106740951538,8.264271212286937,8.314098390711404,8.026711129334814,8.007550493327065,1.5730205392837524,1.5097194910049438,2.0157348275184632,2.026498649120331,0.1210410881519317,0.120277624130249,0.1245840275287628,0.1248821348190307
5725,1454,5,32,1.59,0.9,True,True,True,True,6.064254746437073,6.07780647277832,6.093235576152802,6.0939299726486205,8.245233208452197,8.226652268421569,8.205820930809358,8.204885885300467,1.6833402156829833,1.627977967262268,1.906489408016205,1.909013495445252,0.1212850949287414,0.1215561294555664,0.121864711523056,0.1218785994529724
4471,526,3,8,0.8,1.0,False,False,False,True,6.0766034662723545,6.112292051315308,6.15944584608078,6.173965954780579,8.229658669184131,8.180237393810414,8.117613427614712,8.098522190708273,1.5347283411026,1.4191893339157104,1.897435677051544,1.913688461780548,0.1215320693254471,0.1222458410263061,0.1231889169216156,0.1234793190956115
6545,115,1,16,0.47,0.91,True,True,True,True,5.932478828430176,5.938514709472656,5.968121707439423,5.970745544433594,8.42841272303865,8.419613743813706,8.377845704161578,8.374163786784013,1.7960862302780152,1.7955421209335327,1.8064202070236208,1.807270758152008,0.1186495765686034,0.1187702941894531,0.1193624341487884,0.1194149108886718
6228,1714,6,32,1.42,0.89,True,False,False,True,8.227676120996476,8.488507628440857,10.609007978439331,11.851409549713123,6.372424392990402,5.890320909589161,4.712976790762128,4.219372153785381,4.092528283596039,4.627041459083557,5.453429222106933,6.636604683399197,0.1645535224199294,0.1697701525688171,0.2121801595687866,0.2370281909942624
6772,741,7,16,0.13,0.94,True,True,False,False,5.848273749351502,5.857593536376953,5.88220202922821,5.883009314537048,8.549801886488225,8.535928744037786,8.50021808418809,8.499051646323283,1.7467543649673465,1.748763084411621,1.7560628652572632,1.7604844999313354,0.11696547498703,0.117151870727539,0.1176440405845642,0.1176601862907409
6272,593,7,32,0.43,0.91,True,True,True,True,6.070191349983215,6.076870799064636,6.10397891998291,6.108594162464142,8.237200798335572,8.227918893964377,8.191378238772025,8.185193065938948,1.7973999071121216,1.7811224460601809,1.9531081438064573,1.955363414287567,0.1214038269996643,0.1215374159812927,0.1220795783996582,0.1221718832492828
7066,911,2,8,1.12,0.93,False,True,True,False,4.89821366071701,4.760735034942627,5.5234042525291445,5.529315967559814,10.260060681795258,10.502580893565954,9.052388294262752,9.042709876375568,0.7822453260421753,0.5815311670303345,1.824359834194184,1.8265270066261288,0.0979642732143401,0.0952147006988525,0.1104680850505828,0.1105863193511963
6103,73,5,8,0.07,0.87,False,True,False,False,5.132658442258835,4.716024398803711,6.536264944076538,6.541679821014404,9.9443815125324,10.602192809766729,7.649628753758349,7.643296733238876,0.7848825776576995,0.4812209606170654,1.7171199083328248,2.259634563922882,0.1026531688451766,0.0943204879760742,0.1307252988815307,0.130833596420288
7300,1097,8,8,0.26,0.91,True,False,True,True,6.14810417175293,6.031151175498962,6.6769394993782045,6.679264483451843,8.151409596117022,8.290297220206961,7.488460846289967,7.485854187850493,1.949887331724167,1.8596214056015008,2.478525233268738,2.482547550201416,0.1229620834350585,0.1206230235099792,0.133538789987564,0.1335852896690368
6694,1169,1,32,1.35,0.93,False,True,False,False,4.900973011255264,4.636849641799927,5.830971264839173,6.099610860347748,10.317952432202372,10.783183668713209,8.5749007725392,8.197244486800567,0.8158847486972809,0.535615086555481,1.6511454105377197,2.227491242885589,0.0980194602251052,0.0927369928359985,0.1166194252967834,0.1219922172069549
7160,232,3,8,0.12,0.99,True,True,False,True,6.581384468078613,6.596417427062988,6.610854828357697,6.618652222156524,7.597388741114112,7.579872037913569,7.563318488829004,7.554409018720414,2.072922081947327,2.39672315120697,2.4027241826057435,2.4094902443885804,0.1316276893615723,0.1319283485412598,0.1322170965671539,0.1323730444431305
4802,798,4,16,1.22,0.97,True,False,False,False,5.96203062415123,6.001676797866821,6.090370547771454,6.102059724330903,8.39053186849527,8.331018902025804,8.209681104541565,8.19395461639078,1.566228097677231,1.4891014099121094,1.968942904472351,1.9788852405548087,0.1192406124830245,0.1200335359573364,0.121807410955429,0.122041194486618
5673,1471,3,32,1.81,0.92,False,False,True,False,6.331883267164231,6.279398441314697,7.740043795108795,7.815731751918792,7.950768162950464,7.962546178872049,6.459915769095313,6.397353643742804,2.133002264499664,2.06862473487854,2.8766175866126966,3.1406167101860047,0.1266376653432846,0.1255879688262939,0.1548008759021759,0.1563146350383758
6240,387,8,8,0.08,0.88,False,True,True,False,10.613160736560822,4.715518116950989,28.537669670581817,28.55913268327713,8.511465404997725,10.603292916166128,1.752070179251361,1.7507534474238151,6.335142471790314,0.3969900608062744,24.24900028705597,24.25238084077835,0.2122632147312166,0.0943103623390197,0.5707533934116363,0.5711826536655426
5627,2044,4,16,0.06,0.96,True,False,False,False,34.28977165662724,30.00656485557556,54.28403716087341,55.32035680055611,1.837633562669499,1.6663020458216633,0.9210810880300644,0.9051061879139254,25.18569406867028,25.66830015182495,33.081648313999175,36.93899223566027,0.6857954331325444,0.6001312971115113,1.0856807432174682,1.1064071360111225
5118,1465,5,32,1.47,0.93,True,False,False,False,28.323688212308017,17.02383029460907,54.31665378808975,54.352543346881866,3.508943747221164,2.937059396328288,0.920527987513278,0.9199201532763238,16.10734269835732,12.62237811088562,27.67277826070785,27.67737356424332,0.5664737642461604,0.3404766058921814,1.086333075761795,1.0870508669376373
7171,1131,3,32,0.06,0.97,True,False,True,True,29.264026509653224,15.707115411758425,54.20950651168823,54.21624922752381,3.050426494883511,3.183270682697713,0.9223474482140764,0.922232738568286,16.675607180831456,11.518588304519652,27.64506983757019,27.65258741378784,0.5852805301930645,0.3141423082351685,1.0841901302337646,1.084324984550476
5596,893,5,32,0.79,0.96,True,False,True,False,32.523665533926255,32.0201690196991,61.213848733901976,76.47114632606522,2.890232448902492,1.5615158049053257,0.816808631734047,0.667786442379789,22.370237009865896,27.50813221931457,59.87335791587829,75.10282146453872,0.6504733106785252,0.6404033803939819,1.2242769746780395,1.5294229265213044
5704,1502,3,32,0.6,0.93,True,False,True,False,31.07672802522221,27.34930944442749,54.333689022064206,54.346727881431576,2.238312502227481,1.8281997248083228,0.9202393745322772,0.920018590864479,21.235603069876603,23.73212170600891,32.92213959693909,32.963328733444214,0.6215345605044441,0.5469861888885498,1.086673780441284,1.0869345576286316
4169,824,3,32,1.82,0.94,True,True,False,True,35.22801572799683,43.05316245555878,43.0829073548317,43.0860810303688,1.6979086994694987,1.161354874969458,1.1605530632001289,1.1604675758060763,12.469632515907287,12.501255869865416,12.888013517856598,12.890864062309266,0.7045603145599365,0.8610632491111756,0.8616581470966339,0.861721620607376
6824,1581,3,8,0.47,0.89,True,False,False,True,31.733803856200065,31.10608208179474,53.47141129970551,53.47934073448181,2.1467441235773683,1.6074027547965757,0.9350791159262466,0.9349404711052636,23.345082258832623,27.00758171081543,29.71649191379548,29.74927344083786,0.6346760771240018,0.6221216416358948,1.06942822599411,1.0695868146896363
6491,289,5,32,1.72,0.92,True,True,False,True,15.77562997292499,15.257607221603394,15.29040780067444,28.74560775756826,3.2372845460009785,3.277053818059002,3.2700239691660937,2.2011361381752392,11.073404029924042,11.104827642440796,11.127911901474,11.12998745918274,0.3155125994584998,0.3051521444320679,0.3058081560134887,0.5749121551513652
6941,1646,6,8,0.03,0.94,True,False,False,True,6.215282406806946,6.135902404785156,6.640432107448578,6.6469183969497685,8.056149524391936,8.148760674793504,7.529630493065829,7.5222828110932705,1.9420526790618893,1.942115306854248,2.455111026763916,2.4588048171997072,0.1243056481361389,0.1227180480957031,0.1328086421489715,0.1329383679389953
8158,865,5,16,0.17,0.87,True,False,False,False,27.21252563610748,24.34538102149964,54.245199751853946,54.276595578193664,3.412428201554363,2.053777673713323,0.9217405453160016,0.9212073733005164,18.195765594741207,17.854833126068115,49.90009903907776,50.00783197879791,0.5442505127221494,0.4869076204299927,1.084903995037079,1.0855319115638733
5804,287,2,16,0.68,0.9,False,True,False,True,5.024148125648498,4.81479012966156,5.962370359897614,5.968433103561401,10.056423970730831,10.385720400764525,8.385926567475277,8.37740813372029,0.7603674304485321,0.5818367004394531,1.7844303727149964,1.789649839401245,0.1004829625129699,0.0962958025932312,0.1192474071979522,0.119368662071228
6518,667,8,16,0.24,0.85,False,True,False,False,5.043581252098083,4.988985180854797,5.611706721782684,5.623920977115631,9.994189495518318,10.06435346919714,8.909945570212619,8.890594338899392,0.9168164789676666,0.8943926095962524,1.4565656065940855,1.4626257371902465,0.1008716250419616,0.0997797036170959,0.1122341344356536,0.1124784195423126
5914,1905,6,8,0.04,0.92,True,True,False,True,6.663525004386901,6.668676972389221,6.717427754402161,6.718703079223633,7.503842579167477,7.497739134194633,7.44332532410812,7.441912451010784,2.3210243701934816,2.306589245796204,2.453622710704804,2.4542787647247315,0.133270500087738,0.1333735394477844,0.1343485550880432,0.1343740615844726
4159,1300,7,16,1.87,0.99,False,False,True,False,6.255112280845642,6.361443042755127,6.746828067302704,6.763638942241669,8.02227387142648,7.859851879511924,7.41088993279147,7.392470309183685,1.917310701608658,1.7845747470855713,2.737724268436432,2.7830043911933897,0.1251022456169127,0.1272288608551025,0.134936561346054,0.1352727788448333
4404,1005,4,32,1.19,0.94,True,False,False,True,5.968967701196671,5.953994274139404,6.091430389881134,6.105626726150513,8.37899727260322,8.397723917287102,8.208252718826996,8.18916755305936,1.5042786180973051,1.4294211864471436,1.934842598438263,1.9444478344917293,0.1193793540239333,0.119079885482788,0.1218286077976226,0.1221125345230102
6708,322,4,16,0.3,0.87,False,True,True,True,4.965587025880813,4.61865770816803,6.107907390594482,6.112755529880523,10.218802594071896,10.82567629622666,8.18610975221151,8.17961716939552,0.7522494912147522,0.5163211822509766,1.8994832992553712,1.9020221638679504,0.0993117405176162,0.0923731541633605,0.1221581478118896,0.1222551105976104
7661,1685,1,16,1.12,0.97,False,True,False,False,31.30049287959149,27.619773745536804,54.93738955259323,56.08068387985232,2.8928975684572897,1.8102972369653392,0.9101269719494844,0.8919386736488031,16.197720303347236,22.55610513687133,23.59663857221604,30.271121764183043,0.6260098575918299,0.552395474910736,1.0987477910518646,1.1216136775970462
7973,907,4,16,1.79,0.94,True,False,False,True,32.72237429338343,28.13154828548432,74.37762662172273,86.15542990922928,2.8887925502767926,1.777363972490143,0.6941557389199242,0.5803464749042309,16.142885261423448,14.189061522483826,44.20449597835496,55.97888735294342,0.6544474858676684,0.5626309657096862,1.4875525324344545,1.7231085981845855
7909,1425,7,16,0.76,0.91,True,False,True,False,28.033428019064445,17.5378520488739,54.20524122714996,54.21231881141662,3.0317917576099096,2.8509762689673552,0.9224200255965392,0.922299601322114,17.096585890098854,13.422966957092283,30.663648009300232,30.67928517818451,0.5606685603812886,0.350757040977478,1.0841048245429992,1.0842463762283323
4012,1855,6,8,1.93,0.9,True,False,False,False,25.67232144051704,27.53178668022156,40.21063280105591,40.45241564750671,2.5372411910313426,1.8160826458792552,1.2434540363194877,1.236021247248991,18.465884599132814,16.28112244606018,31.30041255950928,32.751236829757666,0.5134464288103409,0.5506357336044312,0.8042126560211181,0.8090483129501342
5331,283,5,8,1.59,0.94,False,True,True,True,31.726657577725344,31.029377698898315,54.018536961078645,59.6706855392456,1.9901973204884933,1.6113761888768283,0.9256081859034386,0.8379323998564792,20.824726743753565,23.33961760997772,28.88189232349396,55.3935866355896,0.6345331515545068,0.6205875539779664,1.080370739221573,1.193413710784912
5321,962,3,8,0.33,0.92,False,False,True,True,26.46708464803117,28.31647837162017,54.0984302520752,54.11480826377869,2.773681522995033,1.7657562986078812,0.9242412365953772,0.9239615127419064,18.61953264836109,23.62296891212464,31.001433229446413,31.01576298475265,0.5293416929606233,0.5663295674324036,1.081968605041504,1.0822961652755738
5754,473,2,8,0.4,0.87,True,True,False,True,16.714954380989074,16.725900888442993,16.765998005867004,16.77313126087189,2.991348247260433,2.98937560030404,2.982226288498629,2.980958473758432,12.852879180908204,12.842269897460938,13.11914894580841,13.120594084262848,0.3342990876197815,0.3345180177688598,0.3353199601173401,0.3354626252174377
7009,868,6,16,0.65,0.97,False,False,True,False,6.038016812801361,6.037447094917297,6.090607249736786,6.093690733909607,8.281260805483923,8.281646069741292,8.20936204845709,8.205208006997713,1.7894591355323792,1.887980341911316,1.9736517667770384,1.995775935649872,0.1207603362560273,0.1207489418983459,0.1218121449947357,0.1218738146781921
6680,680,8,32,1.77,0.94,True,False,True,False,5.904806979894638,5.933310508728027,6.054683375358581,6.059332394599915,8.47080116128076,8.42699872246898,8.258070142538013,8.251734142750717,1.768922346830368,1.8174484968185425,1.9326117753982544,1.9356810998916625,0.1180961395978927,0.1186662101745605,0.1210936675071716,0.1211866478919982
7195,404,1,16,1.66,0.94,True,False,True,True,6.037093923091889,6.055564284324646,6.129952704906463,6.142286171913147,8.283626524146268,8.256868856915577,8.156669814019006,8.140291523423691,1.8647676599025729,1.884109139442444,1.979818689823151,2.012401957511902,0.1207418784618378,0.1211112856864929,0.1225990540981292,0.1228457234382629
4567,1597,8,32,1.59,0.88,False,True,True,False,4.662232874631882,4.598608016967773,5.604261219501495,5.634145698547363,10.80764212168156,10.872855511759834,8.92178368667394,8.874459917876854,0.7778243279457092,0.5576009750366211,2.190871334075928,2.1934278559684754,0.0932446574926375,0.0919721603393554,0.1120852243900299,0.1126829139709472
5640,741,5,16,1.77,0.87,False,True,False,False,4.863173309564591,4.673966407775879,6.582822465896606,6.630036313533783,10.415214060554872,10.697552300079828,7.595528058980902,7.541437056292516,0.7984223115444183,0.522964596748352,2.4476454734802244,2.449318788051605,0.0972634661912917,0.0934793281555175,0.1316564493179321,0.1326007262706756
5111,505,7,16,0.84,0.94,True,False,True,True,5.985368821620941,5.988232612609863,6.110366559028625,6.1364726233482365,8.355569731141664,8.349709082097615,8.182815153900844,8.14800343865598,1.5282442224025727,1.5013715028762815,1.850069391727448,1.860282986164093,0.1197073764324188,0.1197646522521972,0.1222073311805725,0.1227294524669647
5651,673,7,32,0.5,0.97,False,True,False,True,5.00033100605011,4.727846622467041,6.030024087429046,6.037559106349945,10.124213568755172,10.575639186613769,8.291840847256774,8.281492424797635,0.7045138061046601,0.4728192090988159,1.857667577266693,1.8634203720092768,0.100006620121002,0.0945569324493408,0.1206004817485809,0.1207511821269989
5373,169,8,16,1.99,1.0,True,True,True,True,5.930267767906189,5.939351320266724,5.969749248027801,5.977646107673645,8.431618887454851,8.418427758143809,8.375561183211417,8.364502346559444,1.595594506263733,1.5603536367416382,1.8129207372665408,1.8141506457328795,0.1186053553581238,0.1187870264053344,0.119394984960556,0.1195529221534729
5024,993,4,32,0.01,0.94,False,True,False,False,4.85749334692955,4.718710780143738,5.441937112808228,5.447411351203918,10.335122702118383,10.596124394451788,9.187904799143332,9.17867162923038,0.6240267705917358,0.4713486433029175,1.3027297019958497,1.306376178264618,0.097149866938591,0.0943742156028747,0.1088387422561645,0.1089482270240783
4005,1376,7,32,0.07,0.88,True,True,False,True,6.103602104187011,6.123518824577332,6.144897389411926,6.150413022041321,8.192394383038247,8.16524143477963,8.136832393549692,8.129537678475208,1.493609733581543,1.4303267002105713,1.9451491475105285,1.9527429246902464,0.1220720420837402,0.1224703764915466,0.1228979477882385,0.1230082604408264
7196,1146,3,32,0.09,0.98,True,False,True,False,5.836588084697723,5.911015748977661,5.956183838844299,5.962243895530701,8.572359925517684,8.45878307949065,8.394636793119016,8.38610443923178,1.831811081171036,1.838169813156128,1.9858851552009584,2.026270840167999,0.1167317616939545,0.1182203149795532,0.1191236767768859,0.119244877910614
4817,1362,2,16,0.26,0.89,False,False,False,False,5.851463605165481,5.955472707748413,6.052179837226868,6.061186611652374,8.559451826605418,8.395639180195113,8.261486180850952,8.249209808316957,1.5016078162193298,1.764271855354309,1.83662713766098,1.8841860580444336,0.1170292721033096,0.1191094541549682,0.1210435967445373,0.1212237322330474
6846,1797,3,16,0.98,0.93,False,False,False,False,5.995196609497071,5.973807454109192,6.102963364124298,6.112962522506714,8.34117415108752,8.369871401584724,8.192741300434026,8.17934021498409,1.8889013040065763,1.907131314277649,2.019449758529663,2.0471369361877443,0.1199039321899414,0.1194761490821838,0.1220592672824859,0.1222592504501342
5899,1203,5,8,0.33,0.9,True,False,False,False,6.1121087074279785,6.050266265869141,6.558063912391662,6.56320075750351,8.199644121494815,8.264100119281036,7.624201391139227,7.618234142894564,1.7784403789043426,1.794213891029358,2.38518830537796,2.3927846693992616,0.1222421741485595,0.1210053253173828,0.1311612782478332,0.1312640151500702
5777,299,1,16,1.85,0.91,False,False,False,True,36.572172690213215,28.23201894760132,56.39008986949921,56.40785548686981,1.4889213264373558,1.7710387660478726,0.886680627592607,0.8864013639313771,20.669963315250428,23.01709270477295,33.305483269691464,33.32819989204407,0.7314434538042639,0.5646403789520263,1.127801797389984,1.1281571097373964
5223,251,2,16,1.38,0.9,True,False,True,False,32.6147283901369,28.10127353668213,58.91708855628967,58.94029637336731,2.6835750423968388,1.7792787908609289,0.8486502195731643,0.8483160602404067,18.34002819777913,13.531493186950684,32.63287625312805,32.64666316986084,0.6522945678027382,0.5620254707336426,1.1783417711257933,1.178805927467346
6697,321,2,8,0.52,0.88,True,False,False,True,32.850664016099,28.052117824554443,58.76895046234131,58.77662372589111,2.585960826445653,1.7823966202022097,0.8507893995714609,0.8506783286442545,18.02263779249805,13.774688720703123,31.77435672283173,31.80096521377564,0.6570132803219805,0.5610423564910889,1.175379009246826,1.1755324745178224
6262,129,6,8,0.7,0.92,False,False,True,False,31.520430041940173,27.338887214660645,54.29127359390259,54.300176525115965,2.404738038802818,1.828896677739948,0.9209583177952094,0.9208073196034304,21.52142736529777,23.608119010925293,33.0189471244812,33.05117750167847,0.6304086008388036,0.5467777442932129,1.0858254718780518,1.0860035305023197
4292,681,6,16,0.1,0.9,False,True,False,True,29.663868116778,27.34798324108124,54.246013939380646,54.250955064296726,2.844449113165017,1.828288381194622,0.9217267108196956,0.9216427608968826,19.98588819282,23.857372164726257,32.03602368831635,32.07245790719986,0.5932773623355595,0.5469596648216248,1.0849202787876129,1.0850191012859345
6246,126,3,32,1.63,0.85,False,False,False,False,32.343580478679634,28.0433988571167,58.606644940376285,58.62510175704956,2.4218012223927685,1.7829507847730546,0.8531455825670086,0.8528769874046814,19.07633201947469,22.999116897583008,32.31616933345795,32.34192177772522,0.6468716095735926,0.5608679771423339,1.1721328988075257,1.1725020351409912
7296,631,2,32,1.94,0.93,True,True,False,True,7.102265830039978,7.113824963569641,7.155004703998566,7.157381627559662,7.04027625216479,7.028567665054675,6.988115602575088,6.985795201955693,2.8657540702819824,2.8953959941864014,2.9188433051109315,2.922252333164215,0.1420453166007995,0.1422764992713928,0.1431000940799713,0.1431476325511932
6256,1057,5,8,1.67,0.92,True,False,True,False,6.066904900074005,5.970365047454834,6.478454768657684,6.482462933063507,8.256367047893393,8.374697296819345,7.717889804213452,7.713117764671297,1.8027811348438263,1.783437728881836,2.4133948922157287,2.4199482941627504,0.12133809800148,0.1194073009490966,0.1295690953731537,0.1296492586612701
7014,331,2,32,0.77,0.93,False,False,False,True,6.121207616329193,6.101281762123108,6.4516355991363525,6.456683928966522,8.178072534009404,8.195802299273522,7.749972740860912,7.743913214779971,1.840800259113312,1.8425275087356567,2.085442173480988,2.120574116706848,0.1224241523265837,0.1220256352424621,0.129032711982727,0.1291336785793304
7289,1469,2,16,1.91,0.92,True,True,False,True,5.941584153175354,5.961797833442688,5.983363473415375,5.986275756359101,8.41566478884674,8.386731891724404,8.35650388034989,8.352439298012841,1.4442447757720946,1.837098836898804,1.8461785435676568,1.850917468070984,0.1188316830635071,0.1192359566688537,0.1196672694683075,0.119725515127182
7373,879,6,32,0.31,0.87,False,True,True,False,4.866041530370712,4.639868855476379,5.651883137226105,5.66096360206604,10.35552796940318,10.776166986256452,8.84660896116985,8.832418562435679,0.7040363824367524,0.5464378595352173,1.4784453868865968,1.4825242495536803,0.0973208306074142,0.0927973771095276,0.1130376627445221,0.1132192720413208
4396,1201,7,8,0.07,0.85,True,True,False,True,6.623143076896668,6.632640242576599,6.661763656139374,6.665197896957397,7.549489603054554,7.538476109210388,7.505519958531407,7.5016532288286975,2.040418019294739,1.881313681602478,2.422764134407044,2.4271311569213867,0.1324628615379333,0.1326528048515319,0.1332352731227874,0.1333039579391479
4354,192,3,8,0.76,0.97,True,False,True,False,5.988242318630219,5.9839431047439575,6.587028133869171,6.595931978225708,8.38680574264737,8.355826374319562,7.5906765550949,7.58042990323146,1.6806091618537904,1.4587538242340088,2.52170147895813,2.524910831451416,0.1197648463726043,0.1196788620948791,0.1317405626773834,0.1319186395645141
6407,1433,6,16,1.17,0.92,False,False,True,False,5.636085904836655,5.528386235237122,6.023941946029663,6.174278328418732,8.885821502621056,9.044235010543291,8.300212809665425,8.098112421211074,1.828924206495285,1.8796372413635247,1.986406326293945,2.1753730821609496,0.1127217180967331,0.1105677247047424,0.1204788389205932,0.1234855665683746
7353,1021,7,8,0.19,0.98,False,True,True,True,5.212035254240036,5.1752777099609375,6.026495325565338,6.030504004955292,9.699799706177831,9.673949409330948,8.296696056172902,8.291180965078283,0.887652735710144,0.4451501369476318,1.7957129955291748,1.8003657579421997,0.1042407050848007,0.1035055541992187,0.1205299065113067,0.1206100800991058
5633,1779,3,8,0.35,0.98,False,False,True,True,6.091123609542847,6.128879189491272,6.185432517528534,6.191624007225037,8.21008904452952,8.158098484264176,8.08350909309238,8.075425759428384,1.5896711695194243,1.679072380065918,1.8959925532341004,1.9108772683143616,0.121822472190857,0.1225775837898254,0.1237086503505706,0.1238324801445007
5315,805,6,16,0.77,0.91,True,False,True,True,5.937883247137069,5.926586389541626,6.119378793239593,6.136606810092926,8.427570994486091,8.436559719274122,8.170764127851221,8.147825265788923,1.5409525430202484,1.612555980682373,1.8779031872749328,1.8875628876686088,0.1187576649427414,0.1185317277908325,0.1223875758647918,0.1227321362018585
7404,319,6,32,0.72,0.95,True,False,True,False,5.574797141551971,5.625686049461365,5.900718462467194,5.907124886512756,8.99509870776167,8.889127843636082,8.473544420579211,8.464354651506444,1.7628132724761962,1.8025461435317995,1.9602189421653744,1.9959071612358088,0.1114959428310395,0.1125137209892273,0.1180143692493438,0.1181424977302551
4079,628,2,32,0.71,0.92,False,False,False,True,6.059993281364441,6.085397362709045,6.173743808269501,6.180367832183838,8.252869414780271,8.216390328349199,8.098813549031505,8.09013338907348,1.5042851507663726,1.4023723602294922,1.9526836276054385,1.968062195777893,0.1211998656272888,0.1217079472541809,0.12347487616539,0.1236073566436767
6143,1650,4,32,0.43,0.93,True,False,True,False,5.871644319295883,5.892288446426392,5.963265466690063,5.978491835594177,8.517623524998152,8.485667419329232,8.384668025784517,8.36331327935513,1.6944434797763823,1.7376574277877808,1.843160974979401,1.8885186314582825,0.1174328863859176,0.1178457689285278,0.1192653093338012,0.1195698367118835
5948,1479,5,8,1.99,0.94,True,True,True,True,6.5642911100387575,6.579573273658752,6.597998106479645,6.600314993858337,7.617153714741996,7.599277023059804,7.578056130525057,7.575396321037493,2.0892122316360475,2.441793203353882,2.4501110911369324,2.4571191549301146,0.1312858222007751,0.131591465473175,0.1319599621295929,0.1320062998771667
6622,1598,5,16,1.56,0.91,True,False,True,False,5.995544662475586,5.990143537521362,6.169605159759522,6.175110011100769,8.342513026131899,8.347060643710908,8.10424634478022,8.097021743439136,1.8848002934455872,1.8891609907150269,2.035425007343292,2.0378127527236938,0.1199108932495117,0.1198028707504272,0.1233921031951904,0.1235022002220153
4336,450,2,16,1.85,0.92,False,True,False,False,4.880606734752655,4.7494728565216064,6.48161062002182,6.5174813556671145,10.363598276129531,10.527484105503142,7.714132538181066,7.671675198532591,0.7591149270534515,0.5467759370803833,2.28274554014206,2.283861377239228,0.097612134695053,0.0949894571304321,0.1296322124004363,0.1303496271133422
5759,1162,8,8,0.15,0.94,True,False,False,False,6.306454318761825,6.083495855331421,7.126014328002929,7.131481130123138,7.968195537763679,8.218958511511676,7.016544972860089,7.01116627676193,1.931461797952652,1.721073031425476,2.703209161758418,2.973721714019776,0.1261290863752364,0.1216699171066284,0.1425202865600586,0.1426296226024627
4604,210,1,32,0.88,0.96,False,False,False,False,6.043414415121078,6.065988063812256,6.152763319015503,6.182720339298248,8.275580922373722,8.242681143136753,8.126429932323134,8.087055162815254,1.5259740328788758,1.49128520488739,1.943401896953583,1.949854362010956,0.1208682883024215,0.1213197612762451,0.12305526638031,0.1236544067859649
6084,577,6,32,0.97,0.89,True,True,False,True,6.029305090904236,6.042926907539368,6.074861323833465,6.077813336849212,8.293261246017629,8.274136160246961,8.230640579081946,8.226643197933676,1.671140079498291,1.9332414865493768,1.9447116136550904,1.9462304592132569,0.1205861018180847,0.1208585381507873,0.1214972264766693,0.1215562667369842
7665,1224,6,32,1.25,0.91,True,True,False,True,5.882119650840759,5.878342628479004,5.935596120357514,5.9414506125450135,8.500802881043295,8.505799108921906,8.423753758347706,8.415456644794938,1.4049379205703736,1.185044765472412,1.7567655324935914,1.7640787768363952,0.1176423930168151,0.11756685256958,0.1187119224071502,0.1188290122509002
7176,1698,1,8,1.85,0.93,False,True,True,True,5.299444650411606,5.0625739097595215,6.585336768627167,6.5956965351104735,9.611915000783508,9.910141150946489,7.59262614885279,7.580700498490508,1.0489808166027068,0.7289503812789917,2.474677288532257,2.476726725101471,0.1059888930082321,0.1012514781951904,0.1317067353725433,0.1319139307022094
5295,1663,3,16,0.97,0.93,False,True,False,True,5.098956456184387,4.876383543014526,6.077998661994934,6.085186564922333,9.91799335521403,10.259775333319473,8.226392073714178,8.216674948690702,0.8311867976188659,0.6733955144882202,1.8307886362075805,1.838448326587677,0.1019791291236877,0.0975276708602905,0.1215599732398986,0.1217037312984466
5447,1030,7,8,1.72,0.86,True,False,False,False,6.1304527390003205,6.067974805831909,6.52105838060379,6.524191360473633,8.166119224764751,8.239981537300778,7.6674670115698,7.663785017581374,1.7562113308906555,1.6758373975753784,2.4082956433296205,2.4172895407676696,0.1226090547800064,0.1213594961166381,0.1304211676120757,0.1304838272094726
5876,66,1,32,0.68,0.95,False,True,False,True,4.972312997579575,4.777559757232666,5.811843228340149,5.816918852329255,10.142974311523853,10.466619302853571,8.603122631687409,8.595615870358762,0.8240252888202667,0.6251753568649292,1.6575340986251832,1.8208942914009087,0.0994462599515914,0.0955511951446533,0.1162368645668029,0.116338377046585
5434,1021,1,8,0.97,0.88,False,False,True,False,6.127814248800278,6.125109434127808,6.2626529932022095,6.305835874080658,8.160692607449715,8.16311946974709,7.983836979885229,7.929163254619175,1.6112794637680057,1.6265629529953003,1.8649378776550287,1.965708918571472,0.1225562849760056,0.1225021886825561,0.1252530598640442,0.1261167174816131
4565,2007,5,8,0.14,0.99,True,False,False,True,6.1665719747543335,6.042163610458374,6.64734138250351,6.666094226837158,8.124131090518194,8.275189071481678,7.521804158934636,7.500644050688715,1.641346204280853,1.4729883670806885,2.353070974349976,2.506422483921051,0.1233314394950866,0.1208432722091674,0.1329468276500701,0.1333218845367431
4071,1608,2,8,0.77,0.91,True,True,True,True,6.575431127548217,6.565509557723999,6.609384405612945,6.627779474258423,7.604191281929856,7.615555162469293,7.565001055143819,7.544037150912628,2.079872808456421,1.7999523878097534,2.5075173020362853,2.516000559329987,0.1315086225509643,0.1313101911544799,0.1321876881122589,0.1325555894851684
6823,1704,7,16,1.44,0.96,True,False,False,True,6.05604867219925,6.021408915519714,6.151817786693573,6.188589475154877,8.257505453580032,8.303704646987137,8.1276789620735,8.079385531616367,1.790638608932495,1.8949090242385864,2.0149378538131715,2.0557192277908323,0.121120973443985,0.1204281783103942,0.1230363557338714,0.1237717895030975
5091,755,5,32,0.52,0.89,False,False,True,True,6.070004380941391,6.067355036735535,6.280014085769653,6.291093652248383,8.241666353270572,8.240835809230155,7.961765639895267,7.947743710984877,1.5990970456600189,1.592172384262085,1.9209719181060791,1.942743043899536,0.1214000876188278,0.1213471007347107,0.1256002817153931,0.1258218730449676
4647,371,7,8,0.93,0.97,False,True,True,True,6.049126197099685,5.532349824905396,8.414351797103881,8.422759008407592,8.748237853535805,9.184472029636709,5.942228374630677,5.93629714296853,1.6914898192882537,1.076819896697998,4.106849324703217,4.156330487728119,0.1209825239419936,0.1106469964981079,0.1682870359420776,0.1684551801681518
4808,1909,1,8,0.33,0.96,False,True,True,True,5.174327827692032,5.063729166984558,5.960996258258819,5.965867676734924,9.755340683338606,9.898806769207017,8.387859653202856,8.381010561230388,0.8573018145561219,0.5715124607086182,1.7737221479415894,1.779671573638916,0.1034865565538405,0.1012745833396911,0.1192199251651763,0.1193173535346984
5564,1610,8,16,1.72,0.88,True,False,False,False,6.922973599433899,6.06562066078186,10.328088998794556,11.8180336523056,7.689651227930287,8.243183769942828,4.841166819964483,4.230868491072626,2.214958423376084,1.3959343433380127,5.125683283805836,6.319870917797089,0.1384594719886779,0.1213124132156372,0.2065617799758911,0.236360673046112
5629,765,5,8,0.16,0.97,False,False,True,False,6.020779237747193,6.068374514579773,6.099652779102326,6.110517244338989,8.306459857754168,8.239438735405088,8.197188005108726,8.182613371770692,1.6315370523929595,1.7402130365371704,1.8435091376304624,1.8632129549980163,0.1204155847549439,0.1213674902915954,0.1219930555820465,0.1222103448867797
4014,1530,1,16,1.61,0.87,True,False,False,False,6.175638030767441,5.67461895942688,9.994398152828214,13.036286151409149,8.573062320068656,8.81116430420629,5.0028358920679885,3.835453937098703,1.5035028302669524,1.300565242767334,3.423113572597503,4.594605815410606,0.1235127606153487,0.1134923791885375,0.1998879630565642,0.260725723028183
8038,361,3,16,0.43,0.98,False,True,False,True,4.941422457695007,4.649126887321472,6.010222780704498,6.013747110366821,10.254445394820088,10.75470761930901,8.319159185235021,8.314283793977046,0.7886892890930176,0.4620256423950195,1.839915895462036,1.843308284282684,0.0988284491539,0.0929825377464294,0.1202044556140899,0.1202749422073364
6986,307,8,32,1.24,0.95,False,False,True,False,5.959253724813461,5.956273913383484,6.102254498004913,6.116010453701019,8.392387884472143,8.394509868260052,8.193693009795984,8.175263985988767,1.8093507528305053,1.8894554376602173,1.951304852962494,1.9841150736808777,0.1191850744962692,0.1191254782676696,0.1220450899600982,0.1223202090740203
7627,1198,5,8,0.18,0.86,False,True,True,True,4.77184321641922,4.547891139984131,6.045169639587402,6.049340679645538,10.815943694729071,11.116859628119352,8.271066518502,8.265363560331334,0.9350612246990204,0.7680749893188477,1.8568185329437257,1.861532337665558,0.0954368643283843,0.0909578227996826,0.120903392791748,0.1209868135929107
6218,1744,3,16,0.72,0.99,True,False,True,False,5.951763421297073,5.979267597198486,6.067630076408387,6.072499630451202,8.40358316687568,8.36222825694746,8.240449628305953,8.233841588639969,1.729875066280365,1.8150389194488523,1.939652574062348,1.945716404914856,0.1190352684259414,0.1195853519439697,0.1213526015281677,0.121449992609024
5266,472,5,32,1.28,0.86,False,False,True,False,5.982896283864975,5.956433176994324,6.1441450715065,6.156317138671875,8.359656004485922,8.3942855057711,8.137828695243991,8.121738838048072,1.6560679912567138,1.5103726387023926,2.2561270594596863,2.2601175999641416,0.1196579256772995,0.1191286635398864,0.12288290143013,0.1231263427734375
4143,277,2,8,0.09,0.91,True,True,True,True,6.605310125350952,6.605956673622131,6.657295715808869,6.674218208789825,7.569896647623453,7.568926425784361,7.510557166451974,7.491557261234759,2.032187991142273,1.7870951890945437,2.454317915439605,2.456145153045654,0.132106202507019,0.1321191334724426,0.1331459143161773,0.1334843641757965
5905,645,5,8,1.5,0.98,True,True,False,True,6.637927107810974,6.65018355846405,6.679065489768982,6.683165109157562,7.532761624227018,7.518589757333947,7.486077654749144,7.481485107862489,2.1691654682159425,2.408786177635193,2.4152336001396177,2.4200220608711245,0.1327585421562194,0.133003671169281,0.1335813097953796,0.1336633021831512
5587,981,1,16,1.25,1.0,True,True,True,True,5.713889198303223,5.729497671127319,5.748640704154968,5.751372539997101,8.75094525295072,8.726768541239064,8.697708379990623,8.69357764837517,1.4691069173812863,1.8247594833374023,1.832444536685944,1.835247356891632,0.1142777839660644,0.1145899534225463,0.1149728140830993,0.115027450799942
4686,1732,4,16,1.33,0.96,True,True,False,True,6.012226424217224,6.030358552932739,6.05258424282074,6.057938001155853,8.316826338467848,8.291381219094745,8.260934189093826,8.25363611041267,1.479916024208069,1.5225708484649658,1.8112868189811704,1.811775319576264,0.1202445284843444,0.1206071710586547,0.1210516848564147,0.121158760023117
4807,1606,2,8,1.96,0.9,False,False,False,True,6.521905329227447,6.697367787361145,6.9667821526527405,7.063589005470276,7.694535289626287,7.465619571299666,7.176914522293926,7.078554568804248,1.8583253943920133,2.091601252555847,2.2466715335845944,2.644930341243744,0.130438106584549,0.1339473557472228,0.1393356430530548,0.1412717801094055
6223,174,2,32,1.66,0.87,False,True,False,True,5.112374044656754,4.776176333427429,5.979908978939056,6.5377994680404665,9.891541688068274,10.468625231975675,8.361331380390995,7.64783324810674,0.9326725292205812,0.6580743789672852,1.588473200798035,2.738419454097748,0.1022474808931351,0.0955235266685485,0.1195981795787811,0.1307559893608093
4637,1792,6,32,1.34,0.99,False,False,True,True,5.948826472759247,5.944299817085266,6.233475565910339,6.246482973098755,8.417901921457323,8.411421909901561,8.021207646996116,8.004504337179592,1.6984107530117034,1.5213838815689087,2.298220634460449,2.3011925506591795,0.1189765294551849,0.1188859963417053,0.1246695113182067,0.1249296594619751
6204,1802,5,32,0.56,0.92,False,True,False,False,4.8651258087158205,4.7076228857040405,5.578195285797119,5.583092288970947,10.343295187423948,10.62112926018332,8.963472543099648,8.95561051491582,0.6706371164321899,0.5259246826171875,1.4065184116363525,1.4093414211273192,0.0973025161743164,0.0941524577140808,0.1115639057159424,0.1116618457794189
7041,528,6,8,0.86,0.98,True,True,True,True,6.573374161720276,6.58747136592865,6.615627098083496,6.618118498325348,7.606789344642778,7.590166276009445,7.557862797251971,7.555017343835763,2.267749371528625,2.271085500717163,2.2846830606460573,2.305582511425018,0.1314674832344055,0.131749427318573,0.1323125419616699,0.1323623699665069
5238,1325,3,32,0.62,0.89,True,False,False,True,5.881381986141204,5.929384350776672,6.038855361938476,6.069864161014557,8.507364284212809,8.432578689016314,8.279714807798458,8.23741686908321,1.5136920273303986,1.54545259475708,1.824072802066803,1.8275758624076843,0.117627639722824,0.1185876870155334,0.1207771072387695,0.1213972832202911
5076,1505,7,8,0.94,0.96,True,False,True,True,6.236352795362473,6.157283663749695,6.557847309112549,6.584768974781037,8.023990600805858,8.120463958565725,7.6244562771546365,7.593280826212647,1.708976354598999,1.5999228954315186,2.3899730920791624,2.392333836555481,0.1247270559072494,0.1231456732749939,0.1311569461822509,0.1316953794956207
7650,1569,5,32,0.69,0.89,False,False,False,False,6.45039540886879,6.337251901626587,9.137288260459895,10.257505877017977,7.941367796825294,7.889855220580791,5.472294839179778,4.8744793057159965,1.6781611502170564,1.8075841665267944,1.9214356184005736,2.741996092796325,0.1290079081773757,0.1267450380325317,0.1827457652091979,0.2051501175403595
5432,1520,6,16,0.89,0.9,True,True,False,True,6.142551021575928,6.149169325828552,6.172695600986481,6.178328323364258,8.140129429806914,8.131179592770065,8.10018884743778,8.0928053033927,1.649005846977234,1.5487159490585327,1.971055448055268,1.973250367641449,0.1228510204315185,0.122983386516571,0.1234539120197296,0.1235665664672851
5712,851,8,16,0.83,0.95,False,True,True,False,5.08658462524414,4.881238460540772,5.885213899612427,5.890315959453583,9.904854674666357,10.245664331924669,8.495867925389543,8.488508994893996,0.7599453318119049,0.4953204393386841,1.5886568784713744,1.6065257215499875,0.1017316925048827,0.0976247692108154,0.1177042779922485,0.1178063191890716
4334,994,2,8,1.55,0.91,False,True,False,True,5.463907911777496,5.191824674606323,6.92640243768692,6.929888305664062,9.374518059013488,9.65426722966312,7.218754678696421,7.215123504825049,1.0836653339862825,0.7638208866119385,2.416861855983734,2.622257468700409,0.1092781582355498,0.1038364934921264,0.1385280487537384,0.1385977661132812
5969,1416,4,16,1.17,0.89,False,True,False,False,4.773329941034317,4.580039739608765,5.456714415550232,5.463604240417481,10.536493140867092,10.916936107177245,9.16302306489622,9.151468118983614,0.6161136138439178,0.4734433889389038,1.399288868904114,1.4027173256874084,0.0954665988206862,0.0916007947921752,0.1091342883110046,0.1092720848083496
4795,939,7,8,1.36,0.93,False,False,True,True,6.176131076812744,6.184265971183777,6.682037258148194,6.700132253170013,8.141472892409043,8.085034022441324,7.482747915177017,7.462539336081074,1.4991837525367735,1.7770110368728638,1.9628412842750549,1.9938339972496035,0.1235226215362548,0.1236853194236755,0.1336407451629638,0.1340026450634002
4406,895,7,8,1.91,0.93,False,True,True,False,4.788169941902161,4.606661915779114,6.19904648065567,6.215785403251648,10.68324512075511,10.853850095458444,8.065756892430732,8.044035751629183,0.6974202942848206,0.4494838714599609,1.9061084985733032,1.9181019830703736,0.0957633988380432,0.0921332383155822,0.1239809296131134,0.1243157080650329
6163,1308,1,16,0.48,0.96,True,True,False,True,6.03215859413147,6.043100237846375,6.061311900615692,6.066551957130432,8.289112829929396,8.273898845799536,8.249039393623544,8.241914181494433,1.6093987703323365,1.943959355354309,1.951582658290863,1.9545437836647035,0.1206431718826293,0.1208620047569274,0.1212262380123138,0.1213310391426086
5006,1191,6,8,0.08,0.88,False,True,True,True,5.085881334543228,4.965636610984802,6.124237895011902,6.128857581615448,10.022180110581823,10.122281611364611,8.164281151343,8.158127273006578,0.8456038045883179,0.7504112720489502,1.7884611368179322,1.7918525171279909,0.1017176266908645,0.099312732219696,0.122484757900238,0.1225771516323089
868,943,2,16,0.6,0.93,False,False,True,True,5.978366605043411,5.985931992530823,6.077068710327149,6.084133746623993,8.36464521555021,8.352918763157422,8.22765095696887,8.218096848551736,1.8124555599689485,1.8368033170700075,1.9532932877540587,1.9724336099624635,0.1195673321008681,0.1197186398506164,0.1215413742065429,0.1216826749324798
6450,785,2,32,0.03,0.97,True,True,True,True,5.9086103439331055,5.922486782073975,5.950961017608643,5.955639517307281,8.46267273674845,8.442401738878011,8.402004309170279,8.395405888403635,1.6294794511795043,1.819007158279419,1.8281759381294247,1.830384087562561,0.118172206878662,0.1184497356414794,0.1190192203521728,0.1191127903461456
5123,1432,8,8,0.66,0.89,False,True,True,True,5.231584370136261,5.066288352012634,6.142413294315338,6.148477599620819,9.662978845714314,9.892331883385232,8.14012304402513,8.13209439292834,0.8748112034797668,0.7659379243850708,1.8602836966514589,1.8658744049072264,0.1046316874027252,0.1013257670402526,0.1228482658863067,0.1229695519924163
7419,608,8,32,0.5,0.91,False,False,True,False,5.980382115840912,5.9794111251831055,6.060339283943176,6.095694742202759,8.361090827255033,8.362027456137561,8.250363411710236,8.202511537844435,1.7526592898368836,1.8788130283355715,1.9974804759025573,2.025530741214752,0.1196076423168182,0.1195882225036621,0.1212067856788635,0.1219138948440551
7310,75,4,32,1.82,0.98,True,False,False,False,5.923402498960495,5.94161319732666,6.026381707191467,6.032448964118958,8.443322518468305,8.415222994341018,8.296852479836156,8.288507783466967,1.7541368734836578,1.7987691164016724,1.8996581435203552,1.9069925355911248,0.1184680499792098,0.1188322639465332,0.1205276341438293,0.1206489792823791
4505,882,7,8,1.91,0.88,False,True,False,True,6.258285244703293,6.269976139068604,7.174725341796875,7.547728476524353,7.6361842614116195,7.946319671034198,6.1364179412298645,0.1880013109846975,1.584816336631775,1.5988209247589111,2.491379737854004,3.196164937019348,0.3501672671802353,0.1258444213867187,0.2007649762215669,5.319112913608551
7844,1465,5,16,1.39,0.99,False,True,True,True,4.979078054428101,4.723295211791992,5.966197967529297,5.970873367786408,10.156336802015682,10.585831049278037,8.380546584801202,8.373984343827974,0.8317164194583893,0.5433838367462158,1.8104372143745424,1.8141977930068969,0.0995815610885619,0.0944659042358398,0.1193239593505859,0.1194174673557281
5971,458,5,8,1.31,0.99,True,True,True,True,10.565248017311095,10.545990467071531,10.79272085428238,10.823780255317688,4.7331813919755445,4.7411392682364735,4.632752892486826,4.6194651696031785,6.146973896026611,6.163082599639893,6.385000419616699,6.422607958316803,0.2113049603462219,0.2109198093414306,0.2158544170856475,0.2164756051063537
7639,1082,4,32,1.65,1.0,False,False,False,False,6.172886782884598,6.1375404596328735,6.640703547000885,6.661742146015167,8.10740479900605,8.146585943385674,7.5293229618525315,7.505544222137774,1.892822116613388,1.905382871627808,2.516433894634247,2.5292643427848813,0.1234577356576919,0.1227508091926574,0.1328140709400177,0.1332348429203033
5856,942,1,16,1.79,0.87,True,False,False,False,5.88671739935875,5.897373676300049,5.996022570133209,6.0137920618057255,8.495451235479326,8.478351541777576,8.338861235822556,8.314221625986331,1.5879930925369263,1.7014596462249756,1.803838813304901,1.8772648668289185,0.1177343479871749,0.1179474735260009,0.1199204514026641,0.1202758412361145
5222,923,7,32,0.04,0.97,True,False,False,True,5.762772917747498,5.884966373443604,5.932359111309052,5.942270281314849,8.690168192114967,8.496225318564758,8.428350183871405,8.414292680044877,1.5696379733085633,1.5335640907287598,1.8509655356407169,1.8620972967147824,0.1152554583549499,0.117699327468872,0.118647182226181,0.118845405626297
4645,262,7,32,0.82,0.93,True,True,True,True,6.035868492126465,6.035600781440735,6.090417754650116,6.0924928855896,8.284143209216888,8.284179456333263,8.209617917282516,8.206821239197861,1.4708103704452515,1.1358180046081543,1.874946570396424,1.8772212314605712,0.1207173698425293,0.1207120156288147,0.1218083550930023,0.1218498577117919
4062,249,6,8,0.0,0.95,True,True,False,True,6.851423602104187,6.8508076667785645,6.902580261230469,6.925611600875855,7.297979165374616,7.29840953759471,7.243668051685038,7.219648926299161,2.0463617515563963,1.8496733903884888,2.404651474952698,2.407805161476136,0.1370284720420837,0.1370161533355713,0.1380516052246093,0.1385122320175171
4931,428,7,32,1.62,0.86,False,False,True,True,6.263354442119598,6.346048712730408,6.384559249877929,6.428125147819519,7.988377785170054,7.87891840489257,7.831394260371519,7.778317776961013,1.8875663578510284,2.2724742889404297,2.4205090403556824,2.4482439827919005,0.125267088842392,0.1269209742546081,0.1276911849975585,0.1285625029563903
4134,1706,1,32,1.73,0.97,False,True,True,False,4.881732938289642,4.672283887863159,6.039579129219055,6.045479598045349,10.361580588502122,10.701404542759182,8.278722562426486,8.270642573898668,0.7448588693141938,0.5566067695617676,1.82645629644394,1.8296664571762085,0.0976346587657928,0.0934456777572631,0.1207915825843811,0.1209095919609069
5982,1086,3,32,1.51,0.99,True,False,False,False,34.1361611980073,26.7668319940567,54.27530320882797,55.05373580694196,1.8287937348858752,1.867983494163564,0.9212293077144672,0.909277088812309,25.39323405002025,23.03109633922577,34.075413775444034,36.94584341049185,0.6827232239601456,0.5353366398811341,1.0855060641765597,1.101074716138839
8080,1697,5,16,0.31,0.94,False,True,False,False,32.19184997027978,31.46800923347473,66.51821689605687,84.71800617218018,2.5513509285957423,1.5889152576837142,0.7874502649782199,0.5901933079141095,21.78617726232773,27.264904499053955,38.81891040801978,55.714995307922365,0.6438369994055956,0.6293601846694946,1.3303643379211374,1.6943601234436034
5603,945,3,32,1.58,0.92,True,True,False,True,16.35378782272339,16.365044116973877,16.390405762195588,16.39775335073471,3.0574128257199447,3.055292710920565,3.050565113048528,3.049198685408506,12.047903089523317,12.0543315410614,12.239781641960144,12.240155041217804,0.3270757564544678,0.3273008823394775,0.3278081152439117,0.3279550670146942
5827,430,8,8,0.82,0.96,True,False,True,False,33.54023129902585,26.8358416557312,53.63773834705353,54.29797015190121,1.832973859928953,1.86317987121234,0.9321794979773076,0.9219137857936086,24.60567298859202,22.989184856414795,34.10644483566284,36.29762988090503,0.6708046259805172,0.536716833114624,1.0727547669410704,1.0859594030380242
4733,82,8,16,0.69,0.92,True,False,False,False,32.56259406226022,27.38240146636963,55.43662884235382,58.805222520828245,2.1160679814894627,1.825990319417701,0.9019308074642164,0.8502646177325237,20.12241079057966,22.95297908782959,32.66729905605316,32.68678298950195,0.6512518812452045,0.5476480293273925,1.1087325768470764,1.176104450416565
7953,1157,5,8,1.8,0.89,False,True,True,True,29.970188957521284,26.623361945152283,54.08857544660568,54.10190922260284,2.7405422787742384,1.8780498359170128,0.9244096297616152,0.9241818030969527,20.437772634385645,23.0745929479599,32.53132927417755,32.554528691768645,0.5994037791504254,0.5324672389030456,1.0817715089321136,1.082038184452057
4557,336,5,8,1.73,0.9,False,True,False,False,29.21466935620164,26.546239376068115,54.036182451248166,56.17789699554434,2.529939221248617,1.883505956970909,0.9253059338801224,0.8922209549428346,20.23090861638387,23.110409259796143,32.844038009643555,41.09818671226468,0.5842933871240327,0.5309247875213623,1.0807236490249634,1.1235579399108868
7465,1822,5,16,1.6,0.92,False,False,True,True,32.482175628985125,33.16444730758667,56.01740753650665,56.02422295331955,2.061648499644276,1.5076385726295332,0.8925796854782633,0.8924711022337609,21.7198167097184,28.502591967582703,29.63987249135971,29.655010895729063,0.6496435125797029,0.6632889461517334,1.1203481507301332,1.1204844590663912
5118,1386,2,32,0.67,0.85,True,True,True,True,29.253943095207216,39.44759738445282,39.503160333633424,39.50598799943924,2.29605066542409,1.267504329083473,1.2657215166157236,1.265630924355809,8.193672523498535,8.319780468940735,8.512907767295838,8.51329740047455,0.5850788619041442,0.7889519476890564,0.7900632066726685,0.7901197599887848
7952,1521,2,8,0.88,0.89,False,False,False,True,6.094473423957825,6.011837601661682,6.406737864017487,6.418493120670317,8.217397759673116,8.316924595346338,7.804283718971796,7.790034410369572,1.85194140791893,1.8196048736572263,2.16002094745636,2.197606019973755,0.1218894684791564,0.1202367520332336,0.1281347572803497,0.1283698624134063
6346,223,7,16,0.66,0.87,False,True,False,True,4.973720272779465,4.649661064147949,6.102852725982666,6.108514266014099,10.201203846858103,10.753478089563105,8.192889825861192,8.18529642815876,0.7498449003696441,0.5086171627044678,1.8894374370574951,1.893256340026856,0.0994744054555892,0.0929932212829589,0.1220570545196533,0.1221702853202819
5461,1479,7,8,1.53,0.99,False,True,False,False,5.18875883102417,4.977940678596497,6.135145258903504,6.142948832511902,9.722415365789765,10.04431415550234,8.149766294453269,8.13941339476223,0.7889049446582794,0.5481667518615723,1.894247007369995,1.8957044506073,0.1037751766204833,0.0995588135719299,0.12270290517807,0.122858976650238
7787,1060,2,32,0.82,0.98,False,True,False,True,5.005941838026047,4.719946026802063,6.061082553863526,6.073037557601928,10.116277112526694,10.59334148559442,8.24935142928459,8.233112265096672,0.8932261168956757,0.5741732120513916,1.921569800376892,1.9262086725234984,0.1001188367605209,0.0943989205360412,0.1212216510772705,0.1214607511520385
5447,1157,3,16,0.17,0.86,False,True,True,True,4.924684964418411,4.629287004470825,5.989300322532654,5.992545042037964,10.29094459809224,10.800822837704764,8.348220545013382,8.343700323752751,0.6850225615501404,0.4721012115478515,1.8182847142219545,1.8218938302993768,0.0984936992883682,0.0925857400894165,0.119786006450653,0.1198509008407592
6386,1111,8,8,0.92,0.98,True,True,False,True,6.658090329170227,6.677080154418945,6.707689559459686,6.70995180606842,7.510017651565577,7.488303164058202,7.454131970610539,7.451618349216213,2.069057612419128,2.4187504053115845,2.432880294322968,2.4352294993400574,0.1331618065834045,0.1335416030883789,0.1341537911891937,0.1341990361213684
8085,1400,8,8,1.48,0.93,True,True,False,True,6.706950454711914,6.707162499427795,6.755480003356934,6.756823134422302,7.455189635106734,7.454717427712003,7.401398588194567,7.399927323661133,2.168090124130249,2.492931723594665,2.5029037952423097,2.5048154544830323,0.1341390090942383,0.1341432499885559,0.1351096000671386,0.135136462688446
5677,399,5,32,1.9,0.94,False,False,True,True,6.188205912113189,6.17452597618103,6.3461085796356205,6.354854173660279,8.08279798004082,8.097787637270557,7.878844081958592,7.868001159570298,1.917985464334488,2.0949515104293823,2.176073586940765,2.2218926548957825,0.1237641182422637,0.1234905195236206,0.1269221715927124,0.1270970834732055
5934,831,3,8,0.71,0.89,True,False,False,False,6.1285630333423615,6.014276623725891,6.5879266381263735,6.595610213279724,8.172146056154379,8.313551765508944,7.589641287387701,7.580799712284485,1.844685434103012,1.7525969743728638,2.4597622632980345,2.462317237854004,0.1225712606668472,0.1202855324745178,0.1317585327625274,0.1319122042655944
7590,1310,4,8,1.73,0.86,False,False,False,False,6.130563640594483,6.114142775535584,6.326985025405884,6.332566211223602,8.159281937102854,8.177761276116254,7.902658209419668,7.89569320519699,1.9320723557472228,1.9736533164978027,2.076399636268616,2.0946409273147584,0.1226112728118896,0.1222828555107116,0.1265397005081176,0.126651324224472
7192,396,3,32,0.06,0.92,True,False,True,True,6.0050163745880125,6.006685137748718,6.118572008609772,6.128287737369537,8.327991081235583,8.324058755764064,8.171841402025734,8.158885993509783,1.8686580216884607,1.8533477783203125,2.022519147396088,2.0389935994148254,0.1201003274917602,0.1201337027549743,0.1223714401721954,0.1225657547473907
7585,1906,3,32,0.66,1.0,True,False,True,True,6.036157647371292,6.064067006111145,6.144510781764984,6.158763880729675,8.28618339987832,8.245291485217212,8.1373443357099,8.11851225869466,1.7745141518115997,1.8791491985321045,1.9539199948310848,1.984607412815094,0.1207231529474258,0.1212813401222229,0.1228902156352996,0.1231752776145935
4137,1455,4,16,1.07,0.86,True,True,True,True,6.042304377555848,6.047063112258911,6.075507652759552,6.078396980762482,8.275212193036653,8.268476639193977,8.22976499522827,8.225853443418481,1.5275352859497071,1.2872930765151978,1.9458330035209657,1.9506717491149903,0.1208460875511169,0.1209412622451782,0.121510153055191,0.1215679396152496
5922,1057,5,32,1.38,1.0,False,False,True,True,6.247936152219772,6.226085901260376,6.613098347187043,6.649967589378357,8.012536802821321,8.03072761961456,7.560752675802161,7.518833638284843,1.8527468621730805,2.108677744865417,2.580205631256104,2.626842694282532,0.1249587230443954,0.1245217180252075,0.1322619669437408,0.1329993517875671
4718,1175,3,8,1.45,0.97,False,True,True,True,28.79878877268897,26.471195459365845,53.98360627889633,54.02975840330124,2.890575043771057,1.8888455724205544,0.9262071108016472,0.925415946374066,17.174885334240066,18.89268565177917,29.96130976676941,29.97887694835663,0.5759757754537792,0.529423909187317,1.0796721255779267,1.0805951680660248
6208,444,7,32,0.86,0.94,True,False,True,False,33.52252246748726,27.32792901992798,59.877898168563846,68.95186091899845,2.48706805480087,1.829630044908971,0.835032650783937,0.7418927468640597,18.04564347507069,17.64500093460083,33.93688654899597,43.42054782867403,0.6704504493497454,0.5465585803985595,1.1975579633712767,1.379037218379969
6706,1097,7,32,0.71,0.93,False,False,True,False,35.034783987317766,32.54488563537598,59.95808906555176,65.76807970523814,2.408608707540058,1.5363397051133123,0.8339158366966739,0.7748805736514798,17.70187897137233,13.468469142913818,33.54690163135528,39.52580082416514,0.7006956797463555,0.6508977127075195,1.1991617813110351,1.3153615941047627
7360,161,4,16,0.48,0.86,True,False,True,False,33.716829853713826,31.89344072341919,54.44296927452088,55.12484158515933,1.6440400404425897,1.5677204737363208,0.918392238744869,0.907853572783532,23.0397056233946,23.4155535697937,28.93176469802857,32.19343091964734,0.6743365970742763,0.6378688144683838,1.0888593854904174,1.1024968317031865
4167,1334,2,32,1.87,0.86,True,False,False,True,26.699277754624685,17.330636739730835,54.173189437389375,54.18331875801086,3.325988980925896,2.885064235377508,0.922965779186178,0.9227932353786344,15.133087730407714,13.159634470939636,23.219600427150727,23.223832738399505,0.5339855550924938,0.3466127347946167,1.0834637887477874,1.0836663751602171
7775,208,8,16,1.32,0.86,False,True,True,True,24.652795188010685,17.124107122421265,54.13038772344589,54.1568860411644,4.095534754338619,2.9198602784930543,0.9236955825036935,0.9232436470819576,13.678706066949028,12.91037619113922,21.86436140537262,21.894675374031067,0.4930559037602136,0.3424821424484253,1.082607754468918,1.083137720823288
7904,726,1,8,1.61,1.0,True,False,True,True,6.261679311990738,6.190158247947693,6.715903925895691,6.719910452365875,8.000544724363424,8.078077131574284,7.445014186801191,7.440575362228033,1.970896594524384,1.928527474403381,2.5035523533821107,2.506522946357727,0.1252335862398147,0.1238031649589538,0.1343180785179138,0.1343982090473175
7673,1641,8,16,1.79,0.97,False,False,True,False,6.007784459590912,6.049210429191589,6.134538209438324,6.148177955150604,8.32599093149145,8.265547393374948,8.150572761994214,8.132490711859557,1.8984485387802124,1.9784237146377563,2.07852041721344,2.105118012428284,0.1201556891918183,0.1209842085838317,0.1226907641887664,0.122963559103012
6208,1528,1,8,0.53,0.86,True,True,False,True,55.92413295468977,73.1838059425354,73.22732257843018,73.23293688297272,1.2837642623724037,0.6832112563161918,0.6828052471940115,0.6827528998803323,15.398528552824452,15.398675918579102,15.404775381088257,15.409220790863037,1.118482659093795,1.463676118850708,1.4645464515686035,1.4646587376594544
7593,1871,2,8,0.85,0.94,False,False,True,True,6.1195477104187015,6.116044640541077,6.198452055454254,6.22238888502121,8.171399439222757,8.175218289141698,8.066530089487383,8.03549925167539,1.886361379623413,1.902815222740173,2.006734013557434,2.0462993001937866,0.122390954208374,0.1223208928108215,0.123969041109085,0.1244477777004242
6292,1052,6,32,1.02,0.86,True,True,True,True,5.909186549186707,5.914644718170166,5.950922417640686,5.959034233093262,8.461571690089409,8.45359314210644,8.40205933168304,8.39062228838326,1.800573992729187,1.8008354902267456,1.8134864568710327,1.8236121678352355,0.1181837309837341,0.1182928943634033,0.1190184483528137,0.1191806846618652
6111,654,5,8,1.68,0.91,True,False,False,True,6.231310325860977,6.105365753173828,6.657450664043426,6.662298212051391,8.03665810971898,8.189518433900234,7.510382356368473,7.504917733877801,1.8278743779659272,1.807708740234375,2.3942928552627563,2.399610641002655,0.1246262065172195,0.1221073150634765,0.1331490132808685,0.1332459642410278
6633,363,5,16,1.47,0.96,False,True,False,True,5.217854725122452,4.982854247093201,6.047316408157348,6.059019749164581,9.657109879139188,10.034428691718905,8.268130511633263,8.252159940456604,1.0011300432682038,0.7788316011428833,1.8535138964653013,1.85934476852417,0.104357094502449,0.099657084941864,0.1209463281631469,0.1211803949832916
4514,396,1,16,0.84,0.95,False,False,True,True,6.393865915934245,6.163920283317566,7.330536222457885,7.472001016139984,7.85843342964773,8.111720771798845,6.820783430178312,6.691671111147687,1.7332540782292685,1.5008282661437988,3.01325671672821,3.190414900779724,0.1278773183186849,0.1232784056663513,0.1466107244491577,0.1494400203227996
7755,833,4,16,0.24,0.94,False,False,False,False,5.984854249954224,5.990403652191162,6.062168169021606,6.067431631088257,8.35500163611643,8.346682970757684,8.247874128623947,8.240719145293992,1.8088386487960808,1.8948320150375368,1.96023428440094,1.9886012172698968,0.1196970849990844,0.1198080730438232,0.1212433633804321,0.1213486326217651
5023,522,5,16,1.09,0.96,False,False,True,True,6.096078472137451,6.056826591491699,6.245957458019257,6.252246880531311,8.203624258218818,8.255148013642849,8.005177807138018,7.997125059374993,1.6362890779972077,1.6196235418319702,1.972884964942932,1.9857451725006103,0.1219215694427489,0.1211365318298339,0.1249191491603851,0.1250449376106262
5346,840,1,32,1.13,0.97,False,False,False,True,6.037330836057663,6.046505093574524,6.160009372234344,6.172804653644562,8.283512072184035,8.269239705809621,8.116870767436627,8.10004573375188,1.6465638780593872,1.61128830909729,1.924270725250244,2.057154557704925,0.1207466167211532,0.1209301018714904,0.1232001874446868,0.1234560930728912
7968,984,2,32,1.14,0.93,True,False,False,True,6.064325723648071,6.067673683166504,6.201571786403656,6.206226634979248,8.246496674323355,8.240391927806659,8.062472186315581,8.056425094171285,1.8214875555038448,1.8918941020965576,2.027178680896759,2.030788207054138,0.1212865144729614,0.12135347366333,0.1240314357280731,0.1241245326995849
6773,555,8,8,0.19,0.88,True,False,True,False,6.212034968137741,6.2102649211883545,6.469554495811463,6.4764213109016415,8.05447112199421,8.051186328375817,7.728507444491266,7.720313057391871,1.9934828162193297,1.978766918182373,2.2153288602828978,2.516138124465942,0.1242406993627547,0.1242052984237671,0.1293910899162292,0.1295284262180328
6475,1414,5,32,1.88,0.86,False,False,True,True,7.3102582883834835,6.929239630699158,10.598551213741302,10.645787756443024,7.122718821410395,7.215798946083604,4.717626132111491,4.696693323152767,2.4389312076568603,2.1069700717926025,5.8907759308815,5.894835748672485,0.1462051657676697,0.1385847926139831,0.211971024274826,0.2129157551288604
5933,1129,7,8,0.84,0.86,False,True,False,True,76.94565119333794,63.462600231170654,120.02424697875976,120.0318013048172,0.9293251536551176,0.7878656061659717,0.4165824927798384,0.416556274781074,43.26024602527267,54.80883145332336,60.14686467647552,60.15239334106445,1.538913023866758,1.269252004623413,2.4004849395751955,2.400636026096344
5222,1013,4,32,1.22,0.96,False,False,True,True,6.144961636066437,6.104962229728699,6.422566759586334,6.43928409576416,8.142195300380475,8.190058860423363,7.785049479061558,7.764838344237032,1.5977841341495511,1.6515783071517944,2.139703643321991,2.1417831873893736,0.1228992327213287,0.1220992445945739,0.1284513351917267,0.1287856819152832
5392,1472,4,32,1.62,0.91,True,True,False,True,5.895212516784668,5.902146577835083,5.928435754776001,5.9304360580444335,8.481714249371846,8.471494180575107,8.433927961973161,8.431083364535583,1.6056958198547364,1.5832726955413818,1.7807963848114017,1.781807038784027,0.1179042503356934,0.1180429315567016,0.11856871509552,0.1186087211608886
4412,1550,7,8,1.96,0.92,True,False,True,False,6.132549440860748,6.093716382980347,6.546336698532104,6.549939110279083,8.16766994971858,8.205173470391788,7.637859516563514,7.633658754160219,1.6250473976135251,1.493560791015625,2.3824365615844725,2.3885506176948548,0.1226509888172149,0.1218743276596069,0.130926733970642,0.1309987822055816
5331,716,7,16,0.83,0.93,True,False,True,True,5.8990118849277495,5.940712809562683,6.012269306182861,6.020582916736603,8.479242033621711,8.416498448073288,8.316327409352148,8.304843731324715,1.4658727312088011,1.56033194065094,1.7279425621032716,1.8773366117477417,0.117980237698555,0.1188142561912536,0.1202453861236572,0.120411658334732
5474,624,6,32,1.02,0.9,True,False,True,False,5.943097144365311,5.940284967422485,6.032101809978485,6.0444086861610415,8.414924460269154,8.41710548090397,8.288984764459276,8.272107762626705,1.6342956578731538,1.641581654548645,1.862661647796631,1.9187227487564087,0.1188619428873061,0.1188056993484497,0.1206420361995697,0.1208881737232208
8126,1822,2,16,1.36,0.97,False,True,False,False,4.768180450201035,4.630127906799316,5.562926530838013,5.568575675487518,10.575308290717649,10.798838224496569,8.988074862443787,8.978956724225183,0.6594541203975678,0.470218300819397,1.49184752702713,1.4975526094436646,0.0953636090040207,0.0926025581359863,0.1112585306167602,0.1113715135097503
7714,764,2,8,1.33,0.95,False,False,False,False,6.135003101825714,6.199252128601074,6.298397016525269,6.304556837081909,8.154372104004047,8.065489569768719,7.938527846784543,7.930771589397475,1.699174222946167,1.9833011627197263,2.181503653526306,2.21404908657074,0.1227000620365143,0.1239850425720214,0.1259679403305053,0.1260911367416381
4283,823,1,16,0.11,0.95,False,False,False,False,6.006889126300812,6.022449731826782,6.167925155162811,6.174524643421173,8.326466903193499,8.302269391210995,8.1064537499878,8.09778936693641,1.484855501651764,1.3779935836791992,1.85117666721344,1.939808764457703,0.1201377825260162,0.1204489946365356,0.1233585031032562,0.1234904928684234
4147,873,4,32,0.38,0.85,True,False,True,True,5.94634222984314,5.995801568031311,6.115997111797332,6.137409858703613,8.412967902035536,8.339168574029214,8.175281822634114,8.146759165204053,1.422323546409607,1.3544975519180298,1.8759501695632927,1.9882608890533449,0.1189268445968627,0.1199160313606262,0.1223199422359466,0.1227481971740722
6955,969,8,8,0.41,0.87,False,True,True,True,5.190823293924332,5.017355680465698,6.165758502483368,6.170068373680115,9.75663267924866,9.995124838899049,8.10930236410026,8.103637913753168,0.8926009476184845,0.7590519189834595,1.6777539730072022,1.80429260969162,0.1038164658784866,0.1003471136093139,0.1233151700496673,0.1234013674736023
6634,1594,4,16,0.36,0.88,True,False,True,True,6.917119475603104,5.928434610366821,10.382720363140104,11.491649069786073,7.788757338601215,8.433930162683088,4.815746086971941,4.350987722537492,2.4136477839946746,1.301171064376831,5.205886662006378,5.87992963552475,0.1383423895120621,0.1185686922073364,0.207654407262802,0.2298329813957214
5439,1739,8,32,0.76,0.97,True,False,False,False,5.687759245634079,5.550573706626892,6.031586003303528,6.0382482218742375,8.811311957820225,9.0084695854816,8.28969369946625,8.280547299191507,1.5987081336975095,1.641397476196289,1.9182925820350647,1.9232374835014343,0.1137551849126816,0.1110114741325378,0.1206317200660705,0.1207649644374847
5068,1217,6,16,1.8,0.92,False,False,False,True,21.513736284591936,12.598119378089905,67.31358152627945,67.32569485902786,5.052734096246325,5.168389687639638,0.7427921508208117,0.7426585066079507,17.813990846276283,8.275677800178528,66.86284720897675,66.88186246156693,0.4302747256918384,0.2519623875617981,1.346271630525589,1.3465138971805573
5834,1359,7,32,1.42,0.97,False,False,False,True,6.1213730478286745,6.085300326347351,6.285523176193237,6.3986352443695065,8.171117046101442,8.216521504226428,7.954787313996643,7.814166324441976,1.8235722875595093,1.7508734464645386,2.392070591449737,2.464679887294769,0.1224274609565734,0.121706006526947,0.1257104635238647,0.1279727048873901
7462,117,3,8,1.81,1.0,False,False,True,True,6.384640597105026,6.458417057991028,6.59256899356842,6.611265172958374,7.842669820700214,7.741835170292822,7.5842968118849425,7.562848970147245,2.02480296254158,2.1617356538772583,2.6317654490470885,2.6956043219566346,0.1276928119421004,0.1291683411598205,0.1318513798713684,0.1322253034591674
6806,806,5,32,1.18,0.88,True,False,False,False,5.84418869972229,5.7267467975616455,6.189040386676789,6.198350427150726,8.56660501182138,8.730960489835926,8.078796855622215,8.066662346331652,1.5145796072483062,1.6133131980895996,2.063820421695709,2.070108790397644,0.1168837739944458,0.1145349359512329,0.1237808077335357,0.1239670085430145
5533,635,1,8,0.41,0.89,True,False,True,True,6.194689371585846,6.144824028015137,6.450754225254059,6.475544786453247,8.079119319619503,8.136929686295538,7.75103162612017,7.721358071090887,1.7826182448863983,1.679610013961792,2.2048205375671386,2.444777262210846,0.1238937874317168,0.1228964805603027,0.1290150845050811,0.1295108957290649
5311,721,8,16,1.72,0.94,False,True,False,True,4.834504735469818,4.621047735214233,5.824400615692139,5.8313922619819625,10.465065796289371,10.820059068162838,8.58457433769788,8.574369676759106,0.9134925425052642,0.5667487382888794,2.143742501735688,2.149515640735624,0.0966900947093963,0.0924209547042846,0.1164880123138427,0.1166278452396392
6586,830,1,32,0.78,1.0,True,False,True,False,5.863018891811371,5.921386957168579,6.017807483673096,6.025853128433227,8.533281690187119,8.443967665815645,8.308673906373711,8.297580274547938,1.532188309431076,1.658781886100769,1.8574240922927856,1.861206967830658,0.1172603778362273,0.1184277391433715,0.1203561496734619,0.1205170625686645
7648,1422,5,16,1.85,0.89,True,False,False,False,83.70815938466215,80.9549788236618,120.03928476572035,120.05783216953276,0.6989354844161645,0.6176272386733401,0.4165303058711426,0.4164659583911686,57.74519305359827,61.80186140537262,77.23924392461777,115.99371908903122,1.6741631876932432,1.619099576473236,2.400785695314408,2.401156643390656
5483,1479,7,16,1.86,0.91,False,False,False,False,7.630403267145157,6.336056470870972,6.587886393070221,59.45550803899765,7.764755209606453,7.891343816226607,7.589687662745398,0.8409649778518874,1.9791070437431333,2.3853015899658203,2.5815664172172545,2.5887125301361085,0.1526080653429031,0.1267211294174194,0.1317577278614044,1.1891101607799528
5153,753,3,16,1.07,0.97,False,False,False,False,65.81361505744654,60.11699771881104,120.93089518547058,120.96865648269652,1.3293404318412567,0.8317115274762739,0.4134592732453329,0.4133302085861831,42.63380799162279,17.855783700942993,117.99805526733398,118.03545119285585,1.3162723011489306,1.2023399543762208,2.4186179037094115,2.419373129653931
6981,1681,3,32,0.09,0.96,True,False,False,True,6.02899936914444,5.994145393371582,6.200164926052094,6.217733223438263,8.29611731074288,8.341472677410948,8.06430164910076,8.0415158115485,1.7853967928886414,1.8832544088363647,1.9559971570968624,1.9950882625579835,0.1205799873828887,0.1198829078674316,0.1240032985210418,0.1243546644687652
5170,1441,8,8,0.86,0.97,False,True,True,True,6.10999766588211,5.435574293136597,8.865551626682281,8.879758665561676,8.74602001800528,9.33077910327626,5.639806990245705,5.630783662010257,1.7563231003284454,1.0357117652893066,4.589448046684265,4.622681398391723,0.1221999533176421,0.1087114858627319,0.1773110325336456,0.1775951733112335
8143,910,2,16,0.33,0.96,False,False,True,False,5.953754416704178,5.947531938552856,6.070760059356689,6.080602045059204,8.400074884632534,8.406848507680603,8.236200990433769,8.222870018908635,1.77514786362648,1.862013816833496,2.036819326877594,2.089463288784027,0.1190750883340835,0.1189506387710571,0.1214152011871338,0.121612040901184
4252,1406,8,8,1.72,0.9,False,True,False,True,64.1613667011261,64.1613667011261,64.1613667011261,64.1613667011261,0.7792851457311998,0.7792851457311998,0.7792851457311998,0.7792851457311998,60.25542593002319,60.25542593002319,60.25542593002319,60.25542593002319,1.283227334022522,1.283227334022522,1.283227334022522,1.283227334022522
5351,536,5,16,0.34,0.86,False,False,False,False,14.19507932868497,6.176032185554504,64.3698924779892,64.39453001022339,7.096338692364553,8.095813299182154,0.7767606580929038,0.7764634680523251,9.826378006359626,1.838571310043335,60.97240698337555,61.00158776044846,0.2839015865736994,0.12352064371109,1.287397849559784,1.287890600204468
6790,522,5,32,1.7,0.87,True,False,True,True,54.63998301823934,17.31068778038025,114.38653793334962,114.39772782087326,1.914273967446524,2.8883889931646225,0.437114374675228,0.4370716199617114,28.63047123239154,13.252493023872375,56.10373729467392,56.1102174949646,1.0927996603647867,0.346213755607605,2.287730758666992,2.287954556417465
7735,457,6,32,1.39,0.95,False,False,True,True,6.039457075595855,6.059840202331543,6.142812192440033,6.146646177768707,8.281092545495778,8.251043173777337,8.13959444632071,8.134517369324636,1.8959730195999145,1.936015248298645,2.04933180809021,2.0927447152137755,0.120789141511917,0.1211968040466308,0.1228562438488006,0.1229329235553741
7720,1388,6,8,1.11,0.85,False,True,False,False,76.45350059595975,59.99961709976196,119.92376470565796,119.92810276985168,0.7183057292049071,0.8333386514261333,0.4169315409725636,0.4169164595216251,18.493993405139808,0.342996597290039,60.27734489440918,60.29249614715576,1.529070011919195,1.1999923419952392,2.398475294113159,2.3985620553970337
7661,878,1,8,1.06,0.98,False,True,True,True,31.633827227812542,22.19451904296875,63.17524204254151,63.19695294380188,1.9172748520412908,2.25280844803168,0.7914492834247137,0.7911773880863001,27.61103496551513,17.88772177696228,60.14314570426941,60.16379084587097,0.6326765445562508,0.443890380859375,1.26350484085083,1.2639390588760375
6779,1638,5,16,1.22,0.88,False,True,True,False,23.34078854063283,4.761096358299255,84.48792160749436,84.49339478969574,7.56059167791162,10.501782888401946,0.5918005680497372,0.5917622333130206,19.916457596032515,0.4053075313568115,84.08163570165634,84.09421480178833,0.4668157708126567,0.0952219271659851,1.689758432149887,1.6898678957939148
7076,1784,2,8,1.15,0.99,False,True,False,False,4.923456256389618,4.578736424446106,6.0823054075241085,6.091473910808563,10.30798389819744,10.920043366517769,8.220567145977398,8.208194065038697,0.6861262726783752,0.4001225233078003,1.9202992558479308,1.924452838897705,0.0984691251277923,0.0915747284889221,0.1216461081504821,0.1218294782161712
4410,943,7,32,0.8,0.91,False,False,True,True,6.085303013324737,6.075568675994873,6.173520410060883,6.181822271347046,8.217271351290687,8.229682309320937,8.099106620730582,8.08822999002153,1.530617400407791,1.4827805757522583,1.9424138903617856,1.9525863289833068,0.1217060602664946,0.1215113735198974,0.1234704082012176,0.1236364454269409
5926,431,8,16,1.75,0.86,True,True,True,True,5.9691494178771975,5.971729040145874,6.011683595180512,6.014893469810485,8.376756962628175,8.372784494777585,8.317137655227018,8.312699258376359,1.6125370788574218,1.9218266010284424,1.9313541769981384,1.9341601634025567,0.1193829883575439,0.1194345808029174,0.1202336719036102,0.1202978693962097
7006,1222,5,32,0.97,0.88,False,True,True,True,4.988353096246719,4.713604807853699,6.045223414897919,6.049963314533233,10.155172457229185,10.60759272386214,8.270992911137776,8.264512928334332,0.802219214439392,0.573175311088562,1.862878668308258,1.8668962740898127,0.0997670619249344,0.0942720961570739,0.1209044682979583,0.1209992662906646
6362,1172,5,8,1.21,0.92,True,False,False,True,6.089527088403702,6.052660942077637,6.662299084663391,6.670662243366241,8.23928143305145,8.261121563354447,7.504916753302891,7.495507668636306,1.8993505549430847,1.853790521621704,2.4936137557029725,2.4972548031806947,0.121790541768074,0.1210532188415527,0.1332459816932678,0.1334132448673248
5254,618,4,32,0.23,0.96,True,False,True,True,5.542746690511703,5.417576789855957,6.005844092369079,6.014242343902588,9.03914900279489,9.229218516848114,8.325224438405817,8.313599144107869,1.567278425693512,1.5962425470352173,1.854514002799988,1.8583343887329105,0.110854933810234,0.1083515357971191,0.1201168818473815,0.1202848468780517
4061,87,4,16,1.66,0.96,True,False,False,True,6.0613688576221465,6.062458038330078,6.201281392574311,6.210053997039795,8.251387324677717,8.247479972611085,8.062849796787999,8.05145978957161,1.4840868246555328,1.3467154502868652,1.8740365743637084,1.9004214358329767,0.1212273771524428,0.1212491607666015,0.1240256278514862,0.1242010799407959
7962,491,7,8,0.44,0.86,False,True,False,False,5.1682430005073545,4.932603240013123,6.161983525753021,6.166953971385956,9.809207131560958,10.160226786248083,8.114270315465161,8.107730370450584,0.981495087146759,0.8084033727645874,1.9293301343917848,1.9341325092315675,0.103364860010147,0.0986520648002624,0.1232396705150604,0.1233390794277191
7059,263,6,32,1.86,0.94,True,False,True,False,5.818058062791824,5.810917615890503,6.013638210296631,6.018737833499909,8.597955208451832,8.604493015466272,8.314434334340294,8.307389586376994,1.5728988230228425,1.7011761665344238,1.927073800563812,1.9326856184005736,0.1163611612558364,0.11621835231781,0.1202727642059326,0.1203747566699981
5317,247,6,16,0.63,0.96,True,True,True,True,62.20544815674806,76.10224223136902,76.13111338615417,76.13369893550873,1.07462227203656,0.657010865041112,0.6567617072198167,0.6567394035667944,17.436238539524567,17.467982053756714,17.475990295410156,17.47755645275116,1.2441089631349616,1.5220448446273804,1.5226222677230836,1.5226739787101746
7091,873,2,32,1.87,0.91,False,False,False,False,50.5997861623764,65.30907452106476,65.34774087667465,65.35582730054855,2.7583864894016976,0.7655903925600553,0.7651373916426875,0.7650427264194235,40.535936916575714,61.664289236068726,61.702297115325926,61.70937297105789,1.011995723247528,1.3061814904212952,1.306954817533493,1.307116546010971
7656,1114,5,32,0.02,0.99,True,False,False,False,49.80015211946824,21.753536105155945,120.04673117399216,120.05875936746595,1.8979118301300395,2.298476889458549,0.4165044688161316,0.4164627411360449,27.076254048768213,17.649298310279846,61.82604104280472,63.99004646539688,0.9960030423893644,0.4350707221031189,2.400934623479843,2.4011751873493195
4578,1867,2,8,1.9,0.9,False,False,False,True,34.5544329811545,10.2285737991333,65.59363715648651,66.2184505391121,3.1368272962557944,4.888267093910786,0.7622690991279089,0.7551076519796588,30.44069191988777,6.293526291847229,62.23488078117371,62.25686023712158,0.69108865962309,0.204571475982666,1.31187274312973,1.324369010782242
6711,1885,4,16,0.53,0.94,False,True,True,True,5.0207970595359805,4.701738595962524,6.130986201763153,6.135485904216766,10.097123403298191,10.634364327532616,8.155294819170505,8.14931380908782,0.7616188216209412,0.5094311237335205,1.9259480118751529,1.9318621945381165,0.1004159411907195,0.0940347719192505,0.122619724035263,0.1227097180843353
7746,1342,8,16,0.9,0.9,True,False,False,False,6.005491322278976,6.028205871582031,6.11454975605011,6.125007839202881,8.327137756220916,8.294341813330142,8.17721696666245,8.16325486662729,1.8190423727035523,1.9021327495574951,1.9965571999549865,2.021719553470612,0.1201098264455795,0.1205641174316406,0.1222909951210022,0.1225001567840576
4496,1567,6,32,1.67,0.97,False,True,True,False,4.78269021987915,4.424686551094055,6.100403594970703,6.130480356216431,10.621674312144894,11.304170445114412,8.19617964739994,8.155967737674406,0.81872349858284,0.5826501846313477,2.2351104974746705,2.236767010688782,0.095653804397583,0.0884937310218811,0.122008071899414,0.1226096071243286
4369,1355,8,8,1.9,0.96,True,False,False,True,6.16829038143158,6.04675829410553,6.65910153388977,6.663289935588836,8.122446846060095,8.268928828803478,7.508520444475307,7.503800749735215,1.641018453836441,1.4110883474349976,2.48197820186615,2.4858498048782347,0.1233658076286315,0.1209351658821105,0.1331820306777954,0.1332657987117767
7095,1111,4,8,0.67,0.87,True,False,False,False,6.136221725940704,6.022636890411377,6.625899839401245,6.634746975898743,8.164651733394317,8.302122617073156,7.54614493603709,7.53608241304761,1.9191715443134307,1.8769588470458984,2.478496372699737,2.4825038528442382,0.1227244345188141,0.1204527378082275,0.1325179967880249,0.1326949395179748
6156,972,8,16,1.86,0.92,False,True,True,False,5.049919035434723,4.815299034118652,5.894318914413452,7.139810690879822,10.017369969196787,10.38357123264456,8.482744270787718,7.002986831714738,0.8453756833076477,0.5328307151794434,1.709383773803711,2.987822494506836,0.1009983807086944,0.096305980682373,0.117886378288269,0.1427962138175964
7704,864,7,8,0.17,0.86,False,False,False,False,6.043169703483581,6.032463431358337,6.125201404094696,6.137003672122956,8.2743904033223,8.288487880233188,8.162996888252321,8.147298513212505,1.8282808995246889,1.9042143821716309,2.0013203740119936,2.0335645866394043,0.1208633940696715,0.1206492686271667,0.1225040280818939,0.1227400734424591
4291,1680,5,32,1.12,0.98,False,True,True,True,5.031057727336884,4.775800943374634,6.010084557533264,6.018420729637146,10.04558367156054,10.469448079824897,8.319350598843366,8.307827294853404,0.7444856309890747,0.5162110328674316,1.764329409599304,1.854553368091584,0.1006211545467377,0.0955160188674926,0.1202016911506652,0.1203684145927429
4909,1433,1,8,1.6,0.89,False,False,True,False,6.266265802383423,6.262197256088257,6.447184944152832,6.469919517040252,7.983556755482417,7.9844179668648465,7.755322739527254,7.728127367651998,1.797079223394394,1.734513759613037,2.4128700017929074,2.4828807520866394,0.1253253160476684,0.1252439451217651,0.1289436988830566,0.129398390340805
4196,1057,1,8,0.2,0.88,False,True,False,False,4.96512684583664,4.718608021736145,5.854279601573944,5.861536223888397,10.165465633425358,10.596347027506226,8.540760503926196,8.530186984376373,0.7049342978000641,0.44045090675354,1.981276559829712,1.9847756290435792,0.0993025369167328,0.0943721604347229,0.1170855920314788,0.1172307244777679
5720,1602,8,32,0.0,0.9,True,True,True,True,5.89889630317688,5.909187436103821,5.935596883296967,5.94177216053009,8.476422839661515,8.461400430711151,8.423752712564953,8.41500387984477,1.612141366004944,1.5922735929489136,1.7657229542732238,1.7678040671348572,0.1179779260635376,0.1181837487220764,0.1187119376659393,0.1188354432106018
6375,368,3,8,1.81,0.98,False,False,False,False,6.103727778196335,6.079813122749329,6.198046660423279,8.432240154743194,8.257321265813196,8.223936995633597,8.067057879638096,5.929622433227372,1.903996469974517,1.9709089994430544,2.07693464756012,3.1109288716316223,0.1220745555639266,0.1215962624549865,0.1239609332084655,0.1686448030948638
4899,2038,2,16,1.37,0.96,True,False,True,True,6.0481973803043365,6.0299811363220215,6.169905245304108,6.18630883693695,8.268282767717368,8.291899903138479,8.103852198905807,8.082364234643801,1.598819501399994,1.529792547225952,1.9727529406547544,1.983976783752441,0.1209639476060867,0.1205996227264404,0.1233981049060821,0.123726176738739
6244,1050,2,16,0.99,0.88,False,False,True,True,6.107255547046662,6.128578424453735,6.18046247959137,6.184054870605468,8.18837982861693,8.158498848661377,8.09000947196084,8.085309908297848,1.750692276954651,1.848397135734558,1.964750862121582,1.9705158805847167,0.1221451109409332,0.1225715684890747,0.1236092495918274,0.1236810974121093
5242,392,8,8,1.74,0.88,True,False,False,False,6.236637345552444,6.179366230964661,6.624441361427307,6.631702945232392,8.028662478413446,8.09244325313799,7.547806263639021,7.539541567380199,1.767561709880829,1.746479868888855,2.432935428619385,2.4390523862838744,0.124732746911049,0.1235873246192932,0.1324888272285461,0.1326340589046478
4381,1472,5,32,1.95,0.95,True,False,True,False,5.89411574959755,5.915973663330078,6.065357494354248,6.076824731826783,8.490065639411133,8.451695918628552,8.243537180103834,8.227981329457835,1.4787370932102204,1.4599642753601074,1.9727476358413696,1.986038792133332,0.117882314991951,0.1183194732666015,0.1213071498870849,0.1215364946365356
5038,1463,2,16,1.02,0.9,True,True,True,True,6.013326764106751,6.017560839653015,6.0463088870048525,6.048946657180786,8.31508734078333,8.309014455229171,8.26950831947969,8.265902161321982,1.5603921270370484,1.451179265975952,1.881476616859436,1.8817657876014708,0.120266535282135,0.1203512167930603,0.120926177740097,0.1209789331436157
7664,1145,5,32,1.13,1.0,False,True,True,True,4.977914208173752,4.692590355873108,6.0191514730453495,6.024103181362152,10.16632516283835,10.65509584761188,8.306818699438972,8.299990639116972,0.8624176788330078,0.5609850883483887,1.856854903697968,1.8666912603378296,0.099558284163475,0.0938518071174621,0.1203830294609069,0.120482063627243
6120,1347,6,32,1.87,0.89,False,True,True,False,5.079111535549163,4.779080986976624,5.927408647537232,7.16641530752182,9.973972186794873,10.462262545639527,8.435389394404737,6.976989038601689,0.9251827931404114,0.6265760660171509,1.694729733467102,3.0157023429870606,0.1015822307109833,0.0955816197395324,0.1185481729507446,0.1433283061504364
5768,787,6,32,0.76,0.91,False,True,False,True,5.083252946138382,4.884122967720032,6.020475459098816,6.025175580978393,9.945489723151352,10.250774255524522,8.304991919162157,8.298513350857265,0.7872420465946197,0.568612813949585,1.807178235054016,1.810411098003388,0.1016650589227676,0.0976824593544006,0.1204095091819763,0.1205035116195678
7989,1986,5,8,0.53,0.96,False,True,False,True,5.057053136825561,4.8018680810928345,6.040795719623565,6.044657709598542,10.0263720636042,10.43060079485256,8.277055263073036,8.271766980268543,0.9006925928592682,0.7013845443725586,1.859206485748291,1.8636031460762024,0.1011410627365113,0.0960373616218566,0.1208159143924713,0.1208931541919708
5396,82,6,32,0.16,0.89,False,True,False,True,5.014560313224792,4.698190093040466,6.056396007537842,6.064655506610871,10.09213750975366,10.642396122278592,8.255734919207782,8.244491466763488,0.7720885300636291,0.5165194272994995,1.8369962573051453,1.8460414624214168,0.1002912062644957,0.0939638018608093,0.1211279201507568,0.1212931101322174
4398,1248,6,8,1.95,0.92,True,False,False,True,6.227661235332489,6.139961361885071,6.671299767494202,6.675153176784515,8.040809019042548,8.142504709763806,7.494791381658207,7.490464831334052,1.6504757237434386,1.4537252187728882,2.5000962138175966,2.5013228821754456,0.1245656637469116,0.1228123331069946,0.133425995349884,0.1335030635356903
4280,1101,2,32,1.69,0.85,False,True,False,True,5.124338545799255,4.819886207580566,6.6411035537719725,6.6803092098236085,9.906583624414637,10.373689203597689,7.528870296098035,7.484683484618914,0.9040298986434936,0.5933413505554199,2.6886905312538145,2.692019884586334,0.1024867709159851,0.0963977241516113,0.1328220710754394,0.1336061841964721
7516,915,4,16,0.16,0.89,True,False,True,True,5.987760150432587,5.975976467132568,6.146792149543762,6.15127167224884,8.354220243034451,8.366833514208853,8.13432417878497,8.128400553855949,1.7574289309978486,1.8284320831298828,2.005939507484436,2.0427870750427246,0.1197552030086517,0.1195195293426513,0.1229358429908752,0.1230254334449768
5153,1732,8,16,1.58,0.9,False,True,False,False,4.965583845376968,4.743718147277832,6.417645943164826,6.45199410200119,10.172799956857563,10.540255280361206,7.791019156120717,7.749542656211698,0.8005812537670135,0.560021162033081,2.266687285900116,2.269268841743469,0.0993116769075393,0.0948743629455566,0.1283529188632965,0.1290398820400238
8021,1912,2,32,1.17,0.97,False,False,False,False,5.97410078406334,5.963777542114258,6.191885828971863,6.201833987236023,8.372628012243563,8.383948768274013,8.075084301526983,8.062131316544482,1.508982948064804,1.1827372312545776,2.074399936199188,2.0827881288528443,0.1194820156812668,0.1192755508422851,0.1238377165794372,0.1240366797447204
7528,1393,7,32,1.18,1.0,False,True,True,True,5.032954196929932,4.677066087722778,6.346937942504883,6.363577034473419,10.100883125331231,10.69046506871132,7.877814550232757,7.857216112413353,0.8453825044631958,0.5289915800094604,2.3612217903137207,2.362351446151733,0.1006590839385986,0.0935413217544555,0.1269387588500976,0.1272715406894684
6658,2033,4,16,0.88,0.97,True,False,False,True,5.5632722270488735,5.463461875915527,5.817397630214691,5.876095566749573,9.001466445849484,9.152117465150605,8.594909318463083,8.50905164965807,1.6538851642608643,1.786486268043518,1.9891777038574217,1.991279911994934,0.1112654445409775,0.1092692375183105,0.1163479526042938,0.1175219113349914
5143,2001,8,32,1.52,0.97,False,True,False,True,5.0508147239685055,4.756125092506409,6.225983572006226,6.26027152299881,10.048618998143343,10.512759665642406,8.03085963432771,7.986874023606959,0.8136622560024261,0.5435851812362671,1.925423753261566,2.221918396949768,0.10101629447937,0.0951225018501281,0.1245196714401245,0.1252054304599762
6851,249,8,8,0.05,0.9,False,True,False,True,5.271390143632889,4.981317400932312,6.448415005207062,6.451224961280823,9.651161851101849,10.063924453005722,7.753843381441637,7.750466048369186,0.8944863259792328,0.6407865285873413,1.9369462251663208,1.941874947547913,0.1054278028726577,0.0996263480186462,0.1289683001041412,0.1290244992256164
5495,219,7,8,1.73,0.96,False,False,False,False,6.273366864919662,6.319061875343323,6.445410215854645,6.4597265458107,7.975114384953303,7.912566935851533,7.757458169869705,7.740265728856031,1.8533854174613955,2.280907988548279,2.352549684047699,2.369827115535736,0.1254673372983932,0.1263812375068664,0.1289082043170928,0.129194530916214
4606,1357,2,32,1.5,0.93,False,False,True,True,6.212771689891815,6.2544039487838745,6.402959132194519,6.416614398956299,8.052140313905802,7.994366914892552,7.808889447838431,7.792271288521602,1.7656598258018494,2.1798760890960693,2.24954149723053,2.2823565936088563,0.1242554337978363,0.1250880789756774,0.1280591826438903,0.128332287979126
6787,687,7,8,0.22,0.85,False,False,True,False,5.958918019533157,5.971092104911804,6.019465339183808,6.038545851707458,8.391353592181282,8.373677621231007,8.306385590192306,8.28013923032704,1.7733714950084687,1.7963889837265017,1.940174889564514,1.9777664494514464,0.119178360390663,0.119421842098236,0.1203893067836761,0.1207709170341491
7799,1758,1,16,1.1,0.98,False,True,False,False,4.933922885656357,4.693958878517151,5.839379799365997,5.872859117984771,10.233212112479665,10.65198935400394,8.562561089036485,8.513740751821832,0.7822162103652954,0.5422712564468384,1.56762303113937,1.7837070202827454,0.0986784577131271,0.093879177570343,0.1167875959873199,0.1174571823596954
5654,636,6,16,0.64,0.99,False,False,True,False,5.96520013332367,5.9625502824783325,6.119315946102143,6.136605994701386,8.3844123659805,8.385679168224048,8.170848050195623,8.14782634622008,1.6424272871017456,1.6611144542694092,1.805802798271179,1.9414758110046384,0.1193040026664733,0.1192510056495666,0.1223863189220428,0.1227321198940277
5247,193,3,32,0.36,0.91,False,True,False,True,4.972326778173446,4.648316025733948,6.0383048295974735,6.042654576301575,10.185249634134564,10.756583617942134,8.280469672916283,8.274509070636045,0.7517422485351563,0.4832533597946167,1.5671127319335938,1.8201672840118408,0.0994465355634689,0.0929663205146789,0.1207660965919494,0.1208530915260314
7419,230,1,8,1.88,0.92,False,True,False,True,5.2570368039608,5.026053190231323,6.334863686561585,6.341672255992889,9.641294918658282,9.960708645104416,7.892829691585901,7.884355735306957,1.035124305486679,0.8156919479370117,2.0627771615982056,2.072928960323334,0.105140736079216,0.1005210638046264,0.1266972737312316,0.1268334451198577
4935,829,7,8,1.87,0.92,False,True,False,True,5.114591008424759,4.870646715164185,6.556069576740265,6.5652881073951725,10.11181725842994,10.27720228654604,7.6265207620166064,7.615812008577869,1.0591125249862672,0.6289669275283813,2.336122763156891,2.3405726861953733,0.1022918201684951,0.0974129343032836,0.1311213915348053,0.1313057621479034
7623,827,1,16,1.99,0.85,False,True,False,True,4.8914138698577885,4.621835350990295,6.100197887420654,6.104905834197998,10.4096261838344,10.818213156233432,8.19645541454384,8.19013452560866,0.8262401854991913,0.4824872016906738,1.9341734886169435,1.9379686498641968,0.0978282773971557,0.0924367070198059,0.122003957748413,0.1220981166839599
4432,348,2,16,1.56,0.94,True,True,False,True,6.067845721244812,6.06752073764801,6.1078688621521,6.129107594490051,8.240440041182717,8.240598179088815,8.186161455647218,8.157870364991386,1.5440545654296876,1.341866970062256,1.9253947973251344,1.9287885856628413,0.1213569144248962,0.1213504147529602,0.1221573772430419,0.122582151889801
5519,168,1,32,0.9,0.98,False,False,False,True,6.07906201004982,6.082905054092407,6.169502830505371,6.19269585609436,8.226108924446281,8.219756770102599,8.104380753819779,8.074028042449966,1.6839046502113342,1.6844627857208252,1.909038615226744,2.017239978313446,0.1215812402009964,0.1216581010818481,0.1233900566101074,0.1238539171218872
5192,1827,3,32,1.37,0.98,False,False,False,True,6.071549732685089,6.092233180999756,6.280039775371551,6.399069194793701,8.240318187894866,8.207171088272727,7.961733131591991,7.813636464166839,1.6944208121299744,1.5988552570343018,2.1955773830413805,2.268764178752899,0.1214309946537017,0.1218446636199951,0.125600795507431,0.127981383895874
4504,1392,5,32,1.61,0.96,True,True,False,True,5.991946558952332,6.0075623989105225,6.039066994190216,6.042950718402863,8.344991935853704,8.322843230560713,8.279424953965695,8.274103823044403,1.5270411920547486,1.808240294456482,1.81884868144989,1.880710771083832,0.1198389311790466,0.1201512479782104,0.1207813398838043,0.1208590143680572
6214,787,1,32,0.67,0.89,True,False,False,True,5.700619585514069,5.763406753540039,6.132889914512634,6.135659160614014,8.813515137740014,8.693548728877087,8.15276332968273,8.149083691118772,1.705026091337204,1.8078235387802124,1.956489980220795,1.959079623222351,0.1140123917102813,0.1152681350708007,0.1226577982902527,0.1227131832122802
6108,194,1,32,1.74,0.89,True,True,True,True,5.883774709701538,5.892929911613464,5.915175604820251,5.9228853988647465,8.498167305260072,8.484743741933851,8.452837133819825,8.441831479319205,1.7004561233520508,1.7000433206558228,1.712930226325989,1.749180588722229,0.1176754941940307,0.1178585982322693,0.118303512096405,0.1184577079772949
4016,423,5,16,0.33,0.9,True,True,True,True,5.973230590820313,5.989258527755737,6.007447004318237,6.008812687397003,8.370963632266164,8.348278858900708,8.323003119139514,8.321111457718887,1.4276066732406616,1.8065872192382808,1.8162221312522888,1.8190434193611145,0.1194646118164062,0.1197851705551147,0.1201489400863647,0.12017625374794
6153,325,4,8,1.09,0.95,True,False,True,True,6.165476576089859,6.140689969062805,6.565813004970551,6.570833170413971,8.122991048733274,8.142407490566463,7.6152031686435775,7.609385103693906,1.890302826166153,1.809486627578736,2.346122658252716,2.3946712398529053,0.1233095315217971,0.1228137993812561,0.131316260099411,0.1314166634082794
7026,1438,8,8,0.84,0.98,False,True,False,True,5.170613363981247,4.95480489730835,6.174390876293183,6.179833087921143,9.792977867995084,10.104455667210363,8.097964803618046,8.090833409684983,0.8678126454353332,0.7503634691238403,1.951190221309662,1.9562152671813964,0.1034122672796249,0.099096097946167,0.1234878175258636,0.1235966617584228
4762,896,2,32,1.2,1.0,True,False,False,True,5.996365714073181,6.001618027687073,6.090352177619934,6.103784062862396,8.339560830028232,8.331086684856594,8.209705867776833,8.191639865745737,1.580546885728836,1.5642585754394531,1.933353018760681,1.949677963256836,0.1199273142814635,0.1200323605537414,0.1218070435523986,0.1220756812572479
5851,1373,6,32,0.34,0.95,True,False,True,False,5.921978825330735,5.935827612876892,6.103031742572784,6.1212274980545045,8.447608668960036,8.423425218204986,8.192649531577805,8.168296379548368,1.6525647389888762,1.7142086029052734,1.850387942790985,1.988637583255768,0.1184395765066147,0.1187165522575378,0.1220606348514556,0.12242454996109
5285,1779,1,32,0.07,0.94,True,False,False,True,5.98360125541687,5.994605660438538,6.105969452857972,6.122228577136993,8.35885374682532,8.340836970213264,8.188707864226282,8.166960677249676,1.5645402455329895,1.5822430849075315,1.9073871970176697,1.9119993710517884,0.1196720251083373,0.1198921132087707,0.1221193890571594,0.1224445715427398
4813,1232,1,8,0.87,0.86,False,False,False,False,6.057548999786377,6.081575870513916,6.18484263420105,6.194278030395508,8.257440541232867,8.221553949710371,8.084280062984888,8.071965802011816,1.5433238852024078,1.5214725732803345,1.883531892299652,1.891407120227813,0.1211509799957275,0.1216315174102783,0.123696852684021,0.1238855606079101
4433,770,6,8,0.66,0.99,False,False,True,True,6.105090928077698,6.12887167930603,6.192873799800873,6.231375567913055,8.191448458299933,8.15810847866031,8.073796052732373,8.02391107883017,1.540015425682068,1.433116793632507,1.970305621623993,1.983842191696167,0.122101818561554,0.1225774335861206,0.1238574759960174,0.1246275113582611
6517,1967,5,16,1.76,0.93,False,False,True,False,7.395984555482864,7.058761358261108,10.54867181777954,10.60656805038452,7.062072898844551,7.083396313305702,4.7399333726198245,4.714060174414097,2.794228942394257,2.3179192543029785,5.876824617385864,5.880174076557159,0.1479196911096574,0.1411752271652221,0.2109734363555908,0.2121313610076904
7563,1753,1,8,1.5,0.92,True,True,False,False,6.839307856559754,6.854433655738831,6.875971710681915,6.876569442749023,7.310903850636293,7.294548805391642,7.271699495987212,7.271067439522047,2.568339080810547,2.568082332611084,2.578797507286072,2.5802361869812014,0.136786157131195,0.1370886731147766,0.1375194342136383,0.1375313888549804
5027,484,3,8,1.15,0.86,False,False,False,True,6.084979065656662,6.0906020402908325,6.195706963539124,6.211708571910858,8.217910554749745,8.209369076791582,8.0701040754191,8.049315164267785,1.5543184304237363,1.62450110912323,2.048662614822388,2.05266722202301,0.1216995813131331,0.1218120408058166,0.1239141392707824,0.1242341714382171
7992,976,2,16,0.68,0.96,True,False,True,True,6.098951277732849,6.103626728057861,6.178335189819336,6.195027475357056,8.199080226005673,8.191850906933878,8.092794979198239,8.070989226057247,1.871142381429672,1.890387296676636,2.0065335988998414,2.0345869874954223,0.1219790255546569,0.1220725345611572,0.1235667037963867,0.1239005495071411
7699,1177,2,32,0.48,0.89,False,False,True,True,6.0994198346138,6.097211599349976,6.2505943775177,6.258564562797546,8.199400789712689,8.200469868545659,7.99923926942587,7.989052716068016,1.9060492861270903,1.9062888622283936,2.0302369117736814,2.0693391942977906,0.121988396692276,0.1219442319869995,0.125011887550354,0.1251712912559509
4787,449,1,32,0.89,0.99,False,True,False,True,5.016108105182648,4.70110297203064,6.064485561847687,6.067431709766388,10.091683585364834,10.635815240039626,8.244722408805805,8.240719043266965,0.7417671287059784,0.5060317516326904,1.8533979892730712,1.860349123477936,0.1003221621036529,0.0940220594406127,0.1212897112369537,0.1213486341953277
5283,1459,6,32,1.61,0.86,True,True,True,True,5.9103062725067135,5.914689660072327,5.949883282184601,5.951784603595733,8.460116855624369,8.453529156566411,8.403526271824314,8.400841656159946,1.5265547084808349,1.8205108642578125,1.8376044750213625,1.841405584812164,0.1182061254501342,0.1182937932014465,0.118997665643692,0.1190356920719146
6076,133,8,16,1.85,0.91,False,False,False,False,6.250140439271927,6.164767026901245,8.112624156475068,8.645442235469819,8.113617761694245,8.110606580486362,6.163233873734157,5.783394159731864,2.0724386131763457,2.059350609779358,2.9422414779663084,3.4563324522972105,0.1250028087854385,0.1232953405380249,0.1622524831295013,0.1729088447093963
7744,231,3,16,1.69,0.95,True,False,False,False,5.974697291851044,6.017170906066895,6.194700562953949,6.217114207744598,8.376990294849508,8.309554256716567,8.071415172764617,8.04231647438396,1.7566894960403443,1.8475847244262693,2.0655137062072755,2.0754371285438538,0.1194939458370208,0.1203434181213378,0.1238940112590789,0.1243422841548919
6726,1257,3,16,1.0,0.97,True,False,False,True,21.907806582450867,21.919315695762634,21.95028585195541,21.951276721954347,2.282298496180845,2.281093115889111,2.2778746639944707,2.2777718426256213,17.71922782421112,17.750908493995667,17.758562862873077,17.75936589241028,0.4381561316490171,0.4383863139152527,0.4390057170391083,0.4390255344390869
5001,717,6,16,0.03,0.91,False,True,True,True,58.303906794890615,60.0603973865509,119.99008750915527,120.00988426208497,1.4153446598892525,0.8324953243016056,0.416701087882225,0.4166323491854923,33.474446185584206,17.74758219718933,60.24562931060791,115.79054735183716,1.1660781358978125,1.201207947731018,2.399801750183105,2.4001976852417
6928,315,2,32,0.53,0.85,False,True,True,False,13.964270985126497,5.381909251213074,63.98129516839981,64.00233419656753,8.65488834537669,9.517840582734893,0.7814783972361546,0.7812215079094305,10.236793076992036,1.2849124670028689,61.97153872251511,61.98010866165161,0.27928541970253,0.1076381850242614,1.2796259033679962,1.280046683931351
6012,1250,3,8,0.1,0.9,False,True,False,True,5.226441512107849,5.06184709072113,6.184579825401306,6.190441586971283,9.68846706780221,9.910022248249078,8.084623598415016,8.076968233107074,0.91210205078125,0.5039527416229248,1.8736159324646,1.8778535890579224,0.1045288302421569,0.1012369418144226,0.1236915965080261,0.1238088317394256
7438,1444,6,8,1.52,0.89,True,False,True,False,6.211421456336975,6.141219139099121,6.573070502281189,6.584109838008881,8.057922544244644,8.141781931151378,7.606795038991087,7.594040993337503,1.8640043866634368,1.939231753349304,2.310429298877716,2.395452287197113,0.1242284291267395,0.1228243827819824,0.1314614100456237,0.1316821967601776
4723,1922,2,8,1.67,0.92,True,False,True,True,7.216687231063843,6.087498903274536,11.191564357280727,13.80390133142471,7.442719723375265,8.21355420976246,4.467671780338561,3.622190079048802,2.307989875078201,1.931862115859985,5.333750295639038,6.666896381378174,0.1443337446212768,0.1217499780654907,0.2238312871456146,0.2760780266284942
4597,1336,6,16,1.5,0.99,True,True,True,True,6.016391663551331,6.030577540397644,6.053612327575683,6.055441994667053,8.310935639820604,8.291080244212973,8.259531291701993,8.257035581926749,1.494132113456726,1.8864381313323968,1.8972882986068729,1.900718388557434,0.1203278332710266,0.1206115508079528,0.1210722465515136,0.121108839893341
5551,216,1,16,1.22,0.97,False,True,True,False,4.994104306697846,4.810915470123291,5.755214095115662,5.896050474643707,10.092385319580796,10.394730074477687,8.687774110261588,8.480253047014648,0.8475171768665314,0.570388913154602,1.562907600402832,1.8765089726448057,0.0998820861339569,0.0962183094024658,0.1151042819023132,0.1179210094928741
6485,745,2,32,0.69,0.86,False,False,True,True,6.084971604347229,6.090276837348938,6.194211602210999,6.206201300621033,8.218842879616977,8.209807675733112,8.072052300911892,8.056458014164308,1.8225969660282133,1.8714029788970947,1.95147123336792,1.986860463619232,0.1216994320869446,0.1218055367469787,0.1238842320442199,0.1241240260124206
4769,600,3,16,0.85,0.89,True,False,True,True,6.021174299716949,6.037185788154602,6.128501510620117,6.138220944404602,8.30572375981116,8.282004523666743,8.158601690510013,8.145682977815232,1.5481706476211547,1.5259220600128174,1.8906812787055969,1.922708148956299,0.120423485994339,0.120743715763092,0.1225700302124023,0.122764418888092
6273,542,3,8,0.26,0.88,False,True,False,False,5.047997601032257,4.717455148696899,6.230437409877777,6.234776463508606,10.058749399729695,10.599401879089148,8.02511874071964,8.019533706435347,0.7675364792346955,0.4518690109252929,1.767223024368286,1.783081691265101,0.1009599520206451,0.0943491029739379,0.1246087481975555,0.1246955292701721
7800,1282,6,32,1.32,0.98,False,True,True,True,5.021409168243408,4.684993743896484,6.206932079792023,6.216059436798096,10.103810452680806,10.672374045803846,8.05550944780054,8.043681130904348,0.8483523547649383,0.5735678672790527,2.0574129104614256,2.064545547962189,0.1004281833648682,0.0936998748779296,0.1241386415958404,0.1243211887359619
7960,755,2,32,1.41,0.87,False,False,True,False,6.06218381524086,6.065585374832153,6.137871277332306,6.1435360741615295,8.249076005025016,8.24322769942884,8.146146724468329,8.138635371679172,1.833686066865921,1.989386796951294,2.096295022964477,2.126125054359436,0.1212436763048172,0.121311707496643,0.1227574255466461,0.1228707214832306
8053,1177,8,16,1.9,0.88,False,True,True,True,5.063411186933518,4.701399087905884,6.358024203777314,6.364498579502106,10.04097544242025,10.63513207432755,7.864078282451861,7.856078431211345,0.8822944617271423,0.5985057353973389,2.097072148323059,2.100029718875885,0.1012682237386704,0.0940279817581176,0.1271604840755462,0.1272899715900421
4069,1592,2,32,0.25,0.96,False,True,True,True,5.065991989374161,4.76038384437561,6.073157036304474,6.077588355541229,9.989276135059203,10.504117151854544,8.232950293016794,8.226947453165565,0.7302889478206634,0.5152558088302612,1.6574015855789184,1.8400363898277283,0.1013198397874832,0.0952076768875122,0.1214631407260894,0.1215517671108245
6205,2002,4,32,1.24,0.99,True,True,True,True,5.990201935768128,6.006946086883545,6.017450642585755,6.020526192188263,8.347200614351697,8.323697805031735,8.309166700708376,8.304921940642716,1.5289520502090457,1.886225342750549,1.8932756304740903,1.898523633480072,0.1198040387153625,0.1201389217376709,0.120349012851715,0.1204105238437652
6338,134,5,8,1.25,0.9,False,True,False,True,5.277706798315048,5.129715085029602,5.966670799255371,6.137858729362488,9.570079069874575,9.760762706991308,8.379882470831395,8.146163377925829,0.9654764330387116,0.7864892482757568,1.4933554291725155,2.094010546207428,0.1055541359663009,0.102594301700592,0.1193334159851074,0.1227571745872497
6305,355,2,32,1.15,0.96,True,False,False,False,5.840018204450607,5.849245190620422,6.052859151363373,6.060543503761291,8.568095871028003,8.548111670387774,8.26055897956581,8.250085181095672,1.6089122986793518,1.790737271308899,1.8723691344261169,1.911809451580048,0.1168003640890121,0.1169849038124084,0.1210571830272674,0.1212108700752258
8097,865,7,8,0.54,0.96,False,False,False,False,5.9466751146316525,6.052212953567505,6.11422598361969,6.1258234024047855,8.420382904324699,8.261440991877802,8.177649981497714,8.162168054917032,1.7992668068408966,1.8680121898651123,2.0198920488357546,2.0592857789993286,0.118933502292633,0.1210442590713501,0.1222845196723938,0.1225164680480957
4002,621,8,32,1.71,0.97,False,False,False,True,6.315392962694168,6.361749887466431,6.5661442399024965,6.584731538295745,7.9237029655693725,7.859473544529424,7.614819108840522,7.593324038590665,1.9254233372211456,2.338878631591797,2.544516754150391,2.548952600955963,0.1263078592538833,0.1272349977493286,0.1313228847980499,0.1316946307659149
6421,626,8,8,0.94,0.98,True,False,False,False,61.31468036969503,60.00017869472504,64.41301733255386,64.4182025527954,0.8163296320403144,0.8333308519278096,0.7762406121649829,0.7761781316656496,19.09340247313181,1.128952145576477,61.03473109006882,61.03878983259201,1.226293607393901,1.2000035738945007,1.2882603466510774,1.2883640510559082
4738,760,6,32,1.96,0.96,False,False,False,True,76.10640545408855,65.70464205741882,119.8493103504181,119.85815536499024,1.0290431093926098,0.7609812402037797,0.4171905525634439,0.4171597657238963,52.11172876986422,55.408652782440186,115.0501266479492,115.06556098937988,1.5221281090817704,1.3140928411483763,2.3969862070083616,2.3971631072998045
8090,891,1,32,0.6,0.86,False,True,False,True,21.907310194969178,21.92091238498688,21.94003301858902,21.94273522853852,2.282348088397622,2.280926959330639,2.278939141137265,2.2786585215553594,17.344416613578797,17.03596782684326,17.716027915477753,17.717073094844817,0.4381462038993836,0.4384182476997376,0.4388006603717804,0.4388547045707703
6988,1478,4,16,0.92,0.96,False,True,False,True,30.43717849443829,21.84202742576599,63.577462029457095,63.59241102218628,1.980573142425208,2.289164784264367,0.7864422140570383,0.7862573696437718,26.42870250580803,17.68988537788391,60.17314829826355,60.1895789718628,0.6087435698887659,0.4368405485153198,1.271549240589142,1.2718482204437256
5150,1179,3,8,0.91,1.0,True,False,False,False,18.87439946651459,18.89255392551422,18.908913373947144,18.91640842437744,2.6491016094213595,2.6465453107683268,2.644255596317888,2.6432079602455354,14.43544512271881,14.760243535041807,14.768309581279755,14.769387819766996,0.3774879893302919,0.3778510785102844,0.3781782674789428,0.3783281684875488
6912,855,2,16,0.03,0.9,False,True,False,True,32.693697929382324,21.674794912338257,63.36088532209397,63.36958427667618,1.9065757586248988,2.306826902707106,0.7891303887528472,0.7890220625055323,29.03056101588642,17.83454120159149,60.3264258980751,60.3362265086174,0.6538739585876466,0.4334958982467651,1.2672177064418793,1.2673916855335237
5454,973,2,16,0.35,0.86,True,True,False,True,57.1896219423839,72.68236541748047,72.69547425508499,72.70252536058426,1.2655627315459943,0.6879247768470965,0.6878007264310707,0.6877340212933226,14.101634638650076,14.134060144424438,14.140211474895477,14.142741997241972,1.1437924388476783,1.4536473083496095,1.4539094851016998,1.4540505072116852
5378,1833,3,16,1.12,0.99,True,False,True,False,48.36651016553243,63.82469987869263,74.29787149429322,74.3100499200821,1.4488819780305382,0.7833957714651488,0.6729667888791642,0.672856499366503,30.209472471872967,15.908015727996826,60.63447997570038,60.65156103134155,0.9673302033106488,1.2764939975738523,1.4859574298858642,1.4862009984016418
4170,1318,5,8,0.07,0.9,False,True,False,True,25.76775847276052,18.23037326335907,63.58794515132904,63.60150025844574,2.419995771130129,2.7426756051029115,0.786312561710312,0.7861449778396599,21.22642462650935,13.420093417167664,60.133617556095125,60.13740509748459,0.5153551694552104,0.3646074652671813,1.2717589030265808,1.2720300051689146
7611,1110,2,32,1.04,0.93,True,False,True,True,27.736936527585225,18.45798397064209,63.51016550064087,63.51210207462311,2.3147500108642265,2.708854882501053,0.7872755425276831,0.7872515374523604,23.74983893500434,14.243821382522585,60.45439374446869,60.46229427814484,0.5547387305517045,0.3691596794128418,1.2702033100128174,1.2702420414924622
6436,1407,4,8,1.85,0.99,True,True,False,True,22.169027163057912,18.906060218811035,51.01801013946503,72.39906453132629,2.5267257499631604,2.6446546462520684,1.4699072026234123,0.6906166581572393,14.703960053774775,14.737048864364624,14.74574942588806,14.752544898986816,0.4433805432611581,0.3781212043762207,1.0203602027893006,1.447981290626526
7644,1536,6,32,1.11,0.95,False,True,False,False,76.3896635778202,63.93869495391846,119.91101360321044,142.19431233406098,1.0825649345258843,0.781999070141105,0.4169758765066541,0.3640619129800582,42.35276931561298,54.72476744651794,60.20684289932251,115.9934024333954,1.5277932715564042,1.2787738990783692,2.398220272064209,2.84388624668122
7689,216,3,16,0.69,0.95,False,False,True,False,18.49328468799591,18.51043665409088,18.53233996629715,18.535426242351534,2.703695616813204,2.701178850636944,2.697986335833156,2.697537151219579,14.38424897670746,14.415808200836182,14.430582332611085,14.434059212207794,0.3698656937599183,0.3702087330818177,0.370646799325943,0.3707085248470306
4762,1024,7,32,0.17,0.91,True,False,False,False,31.02206993103028,21.95207750797272,63.49109940528869,63.50362801790237,1.9533754899594604,2.277688751192068,0.7875119579121294,0.7873566031499126,26.912530686706305,17.42484712600708,60.50478228330612,60.517677001953125,0.6204413986206055,0.4390415501594543,1.269821988105774,1.2700725603580474
4292,741,5,8,1.19,0.91,False,True,False,True,30.518499243086666,18.56904578208924,63.668605756759646,63.94757545471191,2.176060477356564,2.6926531705914303,0.7853164110749714,0.7819020333571005,18.91824727127517,13.7911274433136,60.14590034484864,60.250994729995725,0.6103699848617332,0.3713809156417846,1.2733721151351929,1.2789515090942385
6240,1839,6,32,1.65,0.92,False,True,True,False,25.990038281992863,18.136757135391235,63.00101170539856,63.0234183883667,2.414949755659664,2.756832416442976,0.7936380510573675,0.793355893756283,22.01795352550975,13.951280117034912,60.10130138397217,60.1234640789032,0.5198007656398571,0.3627351427078247,1.2600202341079711,1.260468367767334
6417,118,2,16,1.22,0.99,False,True,False,False,63.04956169889755,63.81002259254456,119.98933234214785,120.0121481370926,1.460766317960014,0.7835759645357327,0.4167037105383117,0.416624490311616,38.879160410215874,60.098965644836426,60.25343804359436,116.29905601978302,1.2609912339779512,1.2762004518508911,2.3997866468429563,2.400242962741852
5637,1385,3,8,0.19,0.95,False,False,False,False,59.44083777999878,64.66015934944153,119.91143836975098,119.93137289047242,1.4923730393433312,0.7732736897505319,0.4169743994418343,0.4169050917490951,38.79265377235413,61.27009534835816,61.35383944511413,102.55978976249722,1.1888167555999751,1.2932031869888303,2.39822876739502,2.3986274578094484
6702,1402,4,16,0.65,0.99,False,True,False,False,63.93913519382477,63.40831756591797,114.25336536169053,114.2798921108246,1.526302536210046,0.788540083161144,0.4376238707877097,0.4375222891618515,37.54209025375179,54.51145648956299,60.09689539670944,60.114993386268615,1.2787827038764947,1.2681663513183592,2.2850673072338106,2.285597842216492
6356,1162,2,16,1.6,0.86,False,False,True,False,64.11306170054844,64.90571188926697,114.24385850429536,114.25235230207444,1.474669600733877,0.77034822586258,0.4376602878912632,0.4376277511374196,36.27851442141192,55.81069958209992,61.221071648597714,61.22722554922104,1.2822612340109694,1.2981142377853394,2.284877170085907,2.2850470460414884
4156,1907,6,16,1.85,0.99,True,False,True,False,25.251060978311006,16.887227535247803,63.39308190345764,63.40988154411316,2.57302344114448,2.960817570299073,0.7887295979101602,0.7885206405959471,21.030721590167182,12.17258906364441,60.44939589500427,60.462721252441405,0.5050212195662201,0.337744550704956,1.2678616380691528,1.2681976308822631
6428,1076,3,8,0.82,0.9,True,True,True,True,22.61846935749054,22.62880563735962,22.650849485397337,22.6513325381279,2.210586993158498,2.2095730903464705,2.207422729766277,2.207375655095633,18.09433049201965,18.41489851474762,18.43054826259613,18.43155259132385,0.4523693871498107,0.4525761127471924,0.4530169897079468,0.453026650762558
7628,1177,1,8,1.88,0.94,True,False,False,True,22.486283473968506,22.49787759780884,22.52147294282913,22.522308669090272,2.2235840551545643,2.2224318628945925,2.2201034599222327,2.2200210805275367,18.313187408447263,18.346192955970764,18.3548287153244,18.356719720363618,0.4497256694793701,0.4499575519561767,0.4504294588565826,0.4504461733818054
5869,536,3,16,0.46,0.95,True,True,False,True,59.78518594697464,76.15895533561707,76.19517102241517,76.19715898036957,1.1458005574894323,0.656521610356394,0.6562095645837316,0.6561924443753371,17.61890922036282,17.651435613632202,17.659041047096252,17.660154089927673,1.1957037189394926,1.5231791067123412,1.523903420448303,1.5239431796073917
4423,170,1,8,0.17,0.9,True,False,False,False,22.46268942832947,22.47187113761902,22.49442673921585,22.49667564630509,2.2259179969417584,2.225003860336603,2.2227728041226458,2.2225506033559825,17.974509506225587,17.778455018997192,18.36135890483856,18.36608299493789,0.4492537885665894,0.4494374227523804,0.449888534784317,0.4499335129261017
6615,1814,3,32,1.76,0.98,True,True,True,True,5.901409997940063,5.91827929019928,5.938840425014496,5.942884371280671,8.472856213369017,8.44840156257413,8.41915269421279,8.413423162132315,1.451647834777832,1.785187005996704,1.7996856927871705,1.811825857162476,0.1180281999588012,0.1183655858039856,0.1187768085002899,0.1188576874256134
4664,1333,5,16,0.43,0.93,False,False,True,True,6.079932413101196,6.07030189037323,6.188881874084473,6.196981778144837,8.224518770553031,8.236822649536704,8.079003773393842,8.068443929436224,1.5451623046398162,1.478474497795105,1.9210420846939087,1.9386223196983337,0.1215986482620239,0.1214060378074645,0.1237776374816894,0.1239396355628967
4773,1637,2,16,1.15,0.95,True,False,False,False,5.942225886583328,5.973053693771362,6.061568415164947,6.071481275558472,8.41760354944089,8.370927596422366,8.24869020470007,8.235222631384685,1.548417626619339,1.545237421989441,1.8792024493217467,1.9332142782211303,0.1188445177316664,0.1194610738754272,0.1212313683032989,0.1214296255111694
8008,661,4,8,0.5,0.85,True,False,False,False,6.108782538175583,6.053923606872559,6.507020401954651,6.519324321746826,8.19642701605661,8.259122180862107,7.684008488554356,7.669506460422579,1.8562225317955017,1.875898003578186,2.2831371068954467,2.2867309045791626,0.1221756507635117,0.1210784721374511,0.130140408039093,0.1303864864349365
7748,1518,8,8,0.05,0.87,False,False,False,False,7.854166632890701,8.826322436332703,10.109408235549926,10.146095607280731,6.8893052588486,5.664874864534909,4.945888016782161,4.928004042260332,3.4645924961566923,4.038704514503479,5.947391474246979,5.965996522903442,0.157083332657814,0.176526448726654,0.2021881647109985,0.2029219121456146
7553,1267,5,32,1.96,1.0,True,True,True,True,21.782577838897705,21.79647028446197,21.81572108268738,21.816466128826143,2.295418365377354,2.2939494125272493,2.2919251586346654,2.2918468881759684,17.633472161293028,17.663682222366333,17.673192179203035,17.678061184883116,0.4356515567779541,0.4359294056892395,0.4363144216537475,0.4363293225765228
6254,1349,1,8,1.75,0.91,False,False,True,False,16.637225164307488,6.239498853683472,51.47721751928329,51.49333666563034,6.874293774624785,8.013464533692282,0.9713034712537928,0.970999494927677,12.65284005469746,1.736467957496643,47.02267825603485,47.036407039165496,0.3327445032861498,0.1247899770736694,1.0295443503856658,1.0298667333126068
6772,1439,4,8,1.23,1.0,False,True,True,False,4.908800230026245,4.589661359786987,6.018210625648498,6.026223433017731,10.319578755855249,10.89405090098208,8.30811733789032,8.297070392299956,0.6888202607631684,0.4349138736724853,1.8365098595619205,1.843171401023865,0.0981760046005248,0.0917932271957397,0.1203642125129699,0.1205244686603546
4694,1386,6,32,1.92,0.88,False,True,True,False,56.72580989962039,31.965649843215942,120.0321303844452,120.0460473394394,1.358838563361435,1.564179056119251,0.4165551326956985,0.416506841501728,32.31625505530316,28.08106565475464,60.307910966873166,83.75632985591888,1.1345161979924077,0.6393129968643189,2.400642607688904,2.400920946788788
7391,1112,8,32,0.08,0.89,True,False,True,True,6.07604642033577,6.1123130321502686,6.150281822681427,6.159362092018127,8.230722301361846,8.18020933280896,8.129708777926911,8.117723761996897,1.7994685220718385,1.901123046875,1.9857645869255065,2.0072275495529173,0.1215209284067153,0.1222462606430053,0.1230056364536285,0.1231872418403625
7684,1391,8,8,0.03,0.89,True,False,True,True,6.183475390672684,6.11149537563324,6.678056061267853,6.685626049041748,8.103899029405222,8.181303744825387,7.487208784931735,7.478731181720529,1.962449015378952,1.9255629777908323,2.4816473007202147,2.48772314786911,0.1236695078134536,0.1222299075126648,0.133561121225357,0.1337125209808349
7008,1645,6,8,0.61,0.97,True,True,False,True,6.694712462425232,6.700515151023865,6.734984016418457,6.737822902202606,7.46871138365377,7.462112863444231,7.4239225932485855,7.420795449560015,2.2791463899612427,2.2595348358154297,2.4377253532409666,2.438599076271057,0.1338942492485046,0.1340103030204772,0.1346996803283691,0.1347564580440521
5853,264,8,16,1.0,0.91,False,True,False,False,4.935228848457337,4.871050477027893,5.359636795520783,5.364586873054504,10.157600441102575,10.267046184798604,9.328990370658325,9.320382201079738,0.67227432847023,0.5118331909179688,1.378249728679657,1.3838787651062012,0.0987045769691467,0.0974210095405578,0.1071927359104156,0.10729173746109
6776,1188,1,16,1.78,0.98,True,False,False,True,29.607173624745123,17.147951126098633,77.32799491882324,77.34178172111511,4.191518355801671,2.9158002394759337,0.6465963594750986,0.6464811024494325,25.425800408257377,12.907009363174438,72.62083232402802,72.639032497406,0.5921434724949024,0.3429590225219726,1.5465598983764648,1.5468356344223022
4764,1641,4,16,1.91,0.98,True,False,False,False,5.762730090618134,5.759034633636475,6.048646080493927,6.052153697013855,8.686895549808579,8.682278381058492,8.266312716043446,8.26152184877368,1.4900646030902862,1.4624598026275637,1.893457293510437,1.8968860340118407,0.1152546018123626,0.1151806926727294,0.1209729216098785,0.1210430739402771
4824,526,3,8,1.18,0.91,True,False,True,True,6.877986890077591,5.357410669326782,11.730676054954529,11.743413269519806,8.188106044172661,9.332867041154472,4.262328937118926,4.257705909503922,3.1967209041118623,1.7152423858642578,8.314656162261963,8.324693994522095,0.1375597378015518,0.1071482133865356,0.2346135210990906,0.2348682653903961
5357,397,5,8,0.1,0.86,True,False,False,True,5.7730707943439485,5.225874185562134,7.547181153297425,7.560740056037903,8.886965237664402,9.567777228693172,6.624990049915551,6.613109262250313,2.121867225170136,1.6077228784561155,4.104245340824127,4.125152308940887,0.1154614158868789,0.1045174837112426,0.1509436230659485,0.151214801120758
4033,331,8,32,1.53,0.91,True,False,False,False,6.401018489599228,5.556135296821594,9.420830464363098,9.44961681127548,8.287968970988993,9.022214073801024,5.3073877521707775,5.291219856168681,2.6989142084121704,1.8481894731521609,6.132195150852203,6.148078246116638,0.1280203697919845,0.1111227059364318,0.1884166092872619,0.1889923362255096
6111,1144,2,16,0.18,0.88,True,False,False,True,62.01813833466892,62.01728272438049,62.04292840957642,62.044551391601566,0.8062158147073201,0.8062268742442628,0.8058936178209809,0.8058725364095267,59.09311878270116,59.12146019935608,59.15138783454895,59.15834401130676,1.2403627666933783,1.24034565448761,1.2408585681915285,1.240891027832031
6805,441,1,16,0.62,0.9,False,True,True,True,72.13534579277038,72.13721978664398,72.16119825839996,72.1632512331009,0.6931415339412336,0.6931234689333982,0.6928931504751961,0.6928734384385379,69.2094903588295,69.21307444572449,69.23361175060272,69.23595536708832,1.4427069158554078,1.4427443957328796,1.4432239651679992,1.4432650246620178
7941,1868,2,8,0.16,0.98,False,False,True,False,152.09580498933792,152.23315179347992,154.00493820905686,154.82982842922212,0.3287617042587306,0.3284435711968531,0.3246650827029939,0.3229379516501947,148.55072196040834,148.56368374824524,151.17495855093003,152.1710598731041,3.0419160997867576,3.0446630358695983,3.080098764181137,3.096596568584442
7702,917,6,16,1.5,0.95,True,False,False,False,33.28085491392348,33.284624457359314,33.298150587081906,33.29871283531189,1.5023657003253958,1.502195107359518,1.5015848965296084,1.5015595423054031,30.362087938520645,30.390868544578552,30.413271689414977,30.413818697929383,0.6656170982784695,0.6656924891471863,0.6659630117416382,0.6659742567062378
4829,692,7,32,0.87,0.97,False,True,False,True,23.918175156299885,23.923161149024963,23.94362848997116,23.946096897125244,2.0904637058443587,2.0900247984246,2.088238220628368,2.088022958359666,21.0241198356335,21.05786693096161,21.077006995677948,21.082695603370667,0.4783635031259977,0.4784632229804992,0.4788725697994232,0.4789219379425049
6769,1258,6,8,1.82,0.95,False,False,False,True,72.1698027415709,71.13900017738342,74.17988811731338,74.24297284364701,0.6930639026280192,0.7028493500085886,0.674037145254119,0.6734645391887467,68.51389824260364,67.03471672534943,71.4226457953453,71.54563614606857,1.443396054831418,1.4227800035476683,1.4835977623462675,1.48485945687294
4185,1964,5,16,0.63,1.0,False,True,True,False,174.1064792752266,174.78733348846436,176.39194124937055,176.4006088614464,0.2872209407412695,0.2860621286250754,0.2834596617951003,0.2834457338604679,171.12850958108902,171.66882359981537,173.69625548124313,173.70532680273055,3.482129585504532,3.4957466697692867,3.527838824987412,3.5280121772289275
5440,726,2,8,1.2,0.94,False,True,False,True,44.7531894759128,17.487788796424866,114.799703001976,114.83322882652284,1.834300873499296,2.859138530332282,0.4355412025298268,0.435414041317408,33.74077264258736,13.592876672744753,55.05841934680939,55.06723827123642,0.8950637895182559,0.3497557759284973,2.2959940600395203,2.2966645765304565
5169,362,7,8,0.12,0.88,True,False,False,True,66.90337376117706,41.199281454086304,114.6835156083107,114.69482330560685,1.3426398049501398,1.52750735257969,0.4359824490731034,0.4359394658015063,36.35579473733902,19.13478398323059,56.3109188914299,56.32417610883713,1.3380674752235413,0.823985629081726,2.293670312166214,2.2938964661121366
6442,1553,8,16,0.22,0.94,False,True,False,True,4915.263578426838,8422.915818691254,8422.9628546834,8422.968708965778,5.06140022740052,0.005936186598119,0.0059361534489254,0.0059361493230741,4912.009422981739,8419.61205470562,8419.660842990876,8419.666760020256,98.30527156853678,168.45831637382508,168.459257093668,168.45937417931555
7671,312,8,16,1.28,0.9,True,False,False,True,59.31989005208016,59.33341276645661,59.355305683612826,59.36869246959687,0.8428879346746067,0.8426955014521862,0.8423846769792293,0.8421947486137121,55.81225637346506,55.74999725818634,56.02050594091416,56.02573469877243,1.186397801041603,1.186668255329132,1.1871061136722565,1.1873738493919372
7010,546,8,16,1.7,0.95,True,False,False,True,5.311290012598038,5.152024626731873,5.880790936946869,5.895685245990753,9.44553076514152,9.704922570838068,8.502257730783175,8.480778386192563,1.8883662390708924,1.8487470149993896,2.518874394893646,2.530396392345428,0.1062258002519607,0.1030404925346374,0.1176158187389373,0.117913704919815
4529,165,4,16,0.34,0.98,False,False,True,True,5.500765299797058,5.341199994087219,6.141870141029358,6.15950334072113,9.12448139106228,9.36119226151655,8.140842914899604,8.11753774255475,1.719871871471405,1.5072494745254517,2.3944749355316164,2.6781379771232605,0.1100153059959411,0.1068239998817443,0.1228374028205871,0.1231900668144226
6624,1320,3,8,1.8,0.92,True,False,True,True,85.55372920403114,84.58920764923096,86.78281376361846,86.79305264949798,0.5845370259358029,0.5910919535661897,0.5761509432120742,0.576082978062213,74.27044975451933,83.07934951782227,83.7896285533905,83.8010647726059,1.7110745840806227,1.6917841529846191,1.7356562752723692,1.7358610529899596
6890,476,2,32,1.82,1.0,False,False,True,True,38.54712153092409,38.53751587867737,59.7445164680481,59.75975463628769,1.8544793898826049,1.849610712841428,0.8368968896798565,0.8366835504778997,35.11739676732283,35.10418462753296,56.49636573791504,56.51162462711334,0.7709424306184817,0.7707503175735474,1.194890329360962,1.1951950927257535
7261,417,2,32,0.59,0.92,False,False,False,True,58.44277589971369,32.09583616256714,86.53029980659485,86.5310471534729,1.084293157840995,1.557834472569816,0.5778322750767334,0.5778272844895231,28.13934212019949,27.89452028274536,28.95194683074952,28.95547619819641,1.168855517994274,0.6419167232513427,1.730605996131897,1.730620943069458
5653,1380,5,16,1.11,0.99,False,False,False,True,79.51440681860997,80.03950619697571,82.77701550722122,82.80720990896225,0.6293430819626037,0.6246915117333036,0.6040325892908305,0.6038121571079718,75.2963550732686,75.10689854621887,80.13490897417068,80.17122173309326,1.5902881363721997,1.600790123939514,1.6555403101444244,1.6561441981792449
7478,831,6,16,0.19,0.89,False,True,True,True,57.745085048675534,57.74497878551483,57.76408007144928,57.76443920612335,0.8658746350179289,0.865876151631151,0.8655898256894798,0.8655844441265637,54.81767460107803,54.845141649246216,54.86856572628021,54.8721306180954,1.1549017009735107,1.1548995757102969,1.1552816014289855,1.155288784122467
6488,1124,6,16,0.64,0.99,False,False,True,True,70.98421262105306,71.31940460205078,74.1121982574463,74.12636869430543,0.7097530135783544,0.7010714725349638,0.6746527729539644,0.6745238084055581,53.07518683274587,45.83599364757538,71.44057626724243,71.4543829202652,1.419684252421061,1.4263880920410157,1.4822439651489256,1.4825273738861084
7194,1575,6,8,0.31,0.87,True,False,False,True,106.99764909166278,106.68105816841124,109.62061262130736,110.46051370620728,0.4673902152165429,0.4686867646275862,0.4561229689195415,0.4526535832686809,103.92645077271897,103.51839470863342,106.91438856124878,107.82118060112,2.139952981833256,2.133621163368225,2.192412252426148,2.2092102741241453
7788,416,4,8,1.11,0.9,True,False,False,False,5.525906524658203,5.236678957939148,6.5090935826301575,6.530402543544769,9.131245515281524,9.548036157882018,7.68156113037575,7.656495917408089,2.127012026309967,1.8778563737869265,3.155363893508911,3.170159068107605,0.110518130493164,0.1047335791587829,0.1301818716526031,0.1306080508708954
6908,557,4,32,1.39,1.0,False,False,True,False,5.751603153944015,5.6646305322647095,7.08050993680951,8.782439544200898,8.878121600472474,8.826701434745328,7.078585910230839,5.693178967062883,2.181430841684341,2.1545519828796387,2.552794384956329,4.26803453207016,0.1150320630788802,0.1132926106452942,0.1416101987361901,0.1756487908840179
6735,136,4,8,0.5,0.99,False,False,False,False,5.504875005483627,5.383542895317078,5.949305307865143,6.079084920883161,9.126293073686956,9.287565361689628,8.40434268053797,8.231440575583866,1.9959614658355715,1.9185744524002075,2.4378126502037047,2.466545188426964,0.1100975001096726,0.1076708579063415,0.1189861061573028,0.1215816984176632
4790,1022,5,32,0.44,0.87,True,False,True,False,55.04642629623413,41.2713485956192,84.59836812019348,84.60097987413407,1.0268037786052358,1.211498910447287,0.5910279498658796,0.5910097031702704,37.706629206736885,38.15205121040344,38.967826461792,38.98689284086228,1.1009285259246826,0.8254269719123841,1.6919673624038696,1.6920195974826813
4747,907,7,8,1.32,0.96,False,False,True,True,119.20306114355724,119.20433342456818,119.23838577270509,119.23972980499268,0.419452327981357,0.4194478385607328,0.4193280518190882,0.4193233252455666,116.49703576167424,116.49543678760529,116.5322035908699,116.53636167764664,2.3840612228711446,2.3840866684913635,2.3847677154541014,2.3847945960998533
4452,832,4,8,0.34,0.99,False,True,True,True,17.592240595817564,17.594236612319946,17.6123206615448,17.613270139694215,2.8421651541603654,2.8418396988372336,2.838921739661525,2.838768703492108,14.6142076253891,14.66731858253479,14.686508798599244,14.68741696357727,0.3518448119163513,0.3518847322463989,0.352246413230896,0.3522654027938843
6368,276,8,8,0.49,0.91,False,True,False,False,63.76560432496278,60.06724047660828,114.81862498521804,114.8554316020012,1.8282567673304884,0.8324004835646408,0.4354694200404629,0.4353298690784627,30.77300161123276,12.31236469745636,55.103597581386566,55.129525468349456,1.2753120864992558,1.2013448095321655,2.296372499704361,2.297108632040024
7559,1844,4,32,1.53,0.92,False,True,True,False,155.61748002736996,167.45686221122742,167.56740520000457,169.0575142621994,0.3233495301130026,0.298584359815191,0.2983873859044059,0.2957714401187251,140.7703663936028,139.8878858089447,143.0835580587387,158.22817642211908,3.112349600547399,3.3491372442245484,3.3513481040000914,3.381150285243988
5623,1842,3,8,1.54,0.99,True,False,True,False,142.73740759389153,142.66163086891174,144.78308506011962,145.56148094177246,0.3503312846712706,0.3504796608272603,0.3453477118064129,0.3434984883932486,139.75374297437995,139.55917763710022,142.04473609924315,142.9070669937134,2.854748151877831,2.853232617378235,2.8956617012023926,2.911229618835449
4479,601,2,8,1.97,0.92,False,True,False,True,60.40070470174154,60.39766955375672,60.44309359788895,60.44478536844254,0.8278050813439702,0.8278465108178072,0.8272243698086741,0.8272012168986344,56.153579182095,56.15147662162781,56.174444544315335,56.1776907658577,1.2080140940348305,1.2079533910751343,1.2088618719577788,1.2088957073688509
7603,217,1,8,1.87,0.99,False,True,True,True,74.83246217727661,47.72934246063232,115.07208552360537,115.09008474588394,0.9034266268125548,1.1039729222496175,0.434510244379119,0.434442290270204,43.79835600852967,33.53162181377411,55.24544651508332,55.26223776578903,1.4966492435455323,0.9545868492126464,2.301441710472107,2.301801694917679
4537,138,3,32,1.12,0.91,True,False,False,True,61.46082438468933,37.77726101875305,116.48534717559816,116.50888626098632,1.8747551466158645,2.037692448014244,0.4292385369715655,0.4291518149896363,33.66086747407913,12.17376470565796,58.04938161373138,58.07256103038788,1.2292164876937868,0.755545220375061,2.3297069435119626,2.3301777252197264
6008,1419,1,16,1.63,0.95,False,False,False,True,81.20688355536689,81.12612450122833,82.27096256017686,82.50917498350144,0.6157477365505455,0.6163243001827603,0.6077479912471653,0.6059959473070531,76.96440058662778,76.83097851276398,79.22583513259887,79.582679002285,1.624137671107338,1.6225224900245667,1.645419251203537,1.6501834996700286
4893,642,2,16,0.77,0.86,True,False,True,True,63.34147890329361,36.41597151756287,115.20531311035155,115.224753510952,2.200162376624861,2.386726555408784,0.4340077610150132,0.4339345364557649,32.80479266881943,32.328534960746765,56.884882831573485,56.89853003263474,1.2668295780658725,0.7283194303512573,2.304106262207031,2.30449507021904
5346,912,3,32,1.29,0.87,False,False,False,False,69.64679942131042,69.65648889541626,69.67550320625305,69.68047741889954,0.7179081636292347,0.7178082156146438,0.7176123295820307,0.717561101041936,66.73292252222697,66.74347281455994,66.76083426475525,66.76127272605896,1.3929359884262087,1.3931297779083252,1.393510064125061,1.393609548377991
7404,1231,5,8,0.68,0.87,False,False,True,False,74.35670302254813,73.90291333198547,75.98073511123657,75.98343700885772,0.6726317413123944,0.67656331456638,0.6580615459123484,0.6580381458950683,62.30169824191502,55.12642788887024,73.19198999404907,73.19379665374755,1.487134060450962,1.4780582666397095,1.5196147022247315,1.5196687401771545
4494,104,1,32,0.03,0.95,True,False,True,True,66.39453330755234,66.36966252326965,115.08528724908828,115.10603150606156,1.6260981682841875,1.6232172244310017,0.4344604005967428,0.4343821027085215,35.25278605699539,35.320494413375854,56.80381964445114,56.82108317375183,1.327890666151047,1.3273932504653931,2.3017057449817657,2.302120630121231
7842,713,2,16,0.73,0.92,True,False,False,False,16.36651240546128,16.369242906570435,16.39084129333496,16.394738235473632,3.055022743277788,3.054509013360083,3.050484120544105,3.0497589866595343,13.435669422149658,13.466343879699709,13.491331005096436,13.49744785308838,0.3273302481092255,0.3273848581314087,0.3278168258666992,0.3278947647094726
4403,1513,1,8,0.31,0.93,False,False,True,True,92.10951426154688,92.49252343177795,94.38295047283172,94.53133405208588,0.543033457874827,0.5405842347557936,0.5297569229112615,0.5289255211144985,88.9831875750893,89.17237114906311,91.64122397899628,91.85130883693697,1.8421902852309373,1.849850468635559,1.8876590094566343,1.8906266810417176
4599,1149,8,8,0.25,0.91,False,False,False,True,108.35995795726777,108.35855090618134,108.38839951753616,108.39143474817276,0.4614250789880887,0.4614310557335377,0.4613039799225906,0.4612910617978614,105.17559175491331,105.17575681209564,105.205036509037,105.20764910936356,2.167199159145355,2.167171018123627,2.167767990350724,2.167828694963456
4144,695,6,32,1.34,0.86,True,False,True,False,63.41456425189972,60.08163523674011,93.04073448181153,93.04634053707125,0.8806502076932244,0.8322010511695543,0.5373990250525692,0.5373666469360212,18.703080654144287,33.04945182800293,34.2778559923172,34.287340931892395,1.2682912850379944,1.201632704734802,1.8608146896362303,1.8609268107414243
4010,1994,5,32,1.81,0.97,True,False,False,False,168.9257377013564,168.43871593475342,172.56387877464294,172.79035044670104,0.2960367079156635,0.296844470182082,0.2897479404433845,0.2893680404809688,166.08296002447605,165.594841837883,169.87341034412384,170.1302322244644,3.3785147540271283,3.3687743186950687,3.451277575492859,3.455807008934021
5556,1956,3,8,0.44,0.94,True,False,False,True,160.17851231892902,160.24596667289734,162.1920723795891,162.4870269870758,0.3121742397427379,0.3120205828883506,0.3082765226282044,0.3077171393388482,157.14257094065348,157.07784390449524,159.44365566968918,159.80916657924652,3.2035702463785816,3.204919333457947,3.2438414475917816,3.249740539741516
7427,731,6,8,0.06,0.96,False,False,True,True,76.96370697021484,76.9613561630249,76.99018688201905,76.99052013397217,0.6496569035716154,0.6496767013056074,0.6494334151966172,0.649430604104397,74.0725257737296,74.07032322883606,74.09992203712463,74.10049092292786,1.5392741394042968,1.5392271232604982,1.5398037376403808,1.5398104026794432
7843,135,6,32,1.03,0.93,False,True,False,False,65.28148364409422,37.72928702831268,115.4815882086754,115.4980206656456,1.7284023343946042,1.926258528535788,0.4329694529228503,0.4329078534916438,34.517077011939804,34.42407429218292,55.81654555797577,55.82287068605423,1.3056296728818846,0.7545857405662536,2.309631764173508,2.309960413312912
7500,1612,1,8,1.54,0.91,False,True,False,True,104.27059228931157,104.6702275276184,105.42335919141767,105.76375148773194,0.4795654068838345,0.477691427159143,0.4742782896854434,0.4727532196348878,100.81689525502068,101.19621074199677,102.53952437639236,102.98699932336808,2.0854118457862305,2.093404550552368,2.108467183828354,2.1152750297546388
5444,655,1,32,1.54,0.85,True,False,True,True,5.321059036254883,5.21996545791626,5.82769638299942,5.83429016828537,9.421288999857168,9.578607997648072,8.579719637851403,8.570022841303464,1.749243083000183,1.6522067785263062,2.1841077804565385,2.464024848937988,0.1064211807250977,0.1043993091583252,0.1165539276599884,0.1166858033657074
8109,737,5,8,1.59,0.92,True,False,False,False,54.72196160895484,54.72491788864136,54.74357435703278,54.74709179162979,0.9137100227435416,0.9136605761553792,0.9133492032063116,0.9132905220971582,51.74982450689589,51.77944648265839,51.809048688411714,51.81140549182892,1.0944392321790968,1.0944983577728271,1.0948714871406555,1.0949418358325955
5921,1268,7,8,1.99,0.98,False,False,True,True,72.84021841684977,73.57828772068024,74.97923324108123,75.00533286571503,0.6869674538770424,0.6795490578913942,0.6668513144478192,0.6666192888936757,69.5585970322291,69.8518854379654,72.09746215343475,72.18830416679383,1.4568043683369956,1.4715657544136047,1.499584664821625,1.5001066573143005
7621,458,8,16,0.02,0.89,False,True,True,True,9.204160245656968,3.779792189598084,25.58307276964188,25.60222100973129,10.475902631896172,13.22824047854314,1.954417299803488,1.952955567158058,5.893938530683517,0.4844614267349243,22.215350806713104,22.24891163110733,0.1840832049131395,0.0755958437919616,0.5116614553928375,0.5120444201946258
5908,2005,3,32,0.23,0.99,False,False,False,True,176.6848195368244,176.76290774345398,179.0061401128769,179.01052985191345,0.2830230703240619,0.2828647742804041,0.2793200277525638,0.2793131780655501,173.22222957303447,172.98833346366882,176.1642427444458,176.23796417713166,3.533696390736488,3.53525815486908,3.580122802257538,3.580210597038269
4826,323,8,32,1.27,0.92,True,False,True,True,46.72930324542058,18.604681491851807,116.49395394325256,116.54534925460815,1.7186181754237466,2.6874956188794865,0.4292068252149178,0.4290175490224601,36.17312468491591,15.092506647109984,57.90756468772888,57.923608989715575,0.9345860649084112,0.3720936298370361,2.3298790788650514,2.330906985092163
8170,211,5,32,0.92,0.88,True,False,True,False,41.1289403221824,41.12736940383911,41.171361446380615,41.174953365325926,1.215689712326284,1.215735426913365,1.2144364019869105,1.214330459678758,37.58997598561373,37.51338076591492,37.810128164291385,37.81231050491333,0.822578806443648,0.8225473880767822,0.8234272289276123,0.8234990673065186
5248,1357,6,16,1.06,0.89,True,False,True,False,81.85850181250737,81.36487483978271,83.82229781150818,83.83393078804016,0.6109142334249394,0.6145157858161283,0.5964999923505928,0.5964172247336479,77.15216104737644,76.14895057678223,81.11987309455871,81.1299029636383,1.6371700362501471,1.6272974967956544,1.6764459562301637,1.6766786157608031
6424,790,5,8,0.8,0.94,True,False,False,True,69.18413171768188,72.79589343070984,72.82974606752396,72.8318490743637,0.8206079373343144,0.6868519319025798,0.6865326702955028,0.6865128461727947,15.62025883992513,15.6502023935318,15.68171409368515,15.688625087738036,1.3836826343536377,1.455917868614197,1.456594921350479,1.4566369814872742
4257,977,3,8,1.73,0.89,False,False,False,True,72.08599263971502,72.0863835811615,72.13000524044037,72.13289744853974,0.6936163714888537,0.6936122678939135,0.6931927976288985,0.6931650025688948,69.32838420434432,69.36600804328918,69.40663063526154,69.40705149173736,1.4417198527943005,1.44172767162323,1.4426001048088075,1.4426579489707947
7346,108,1,16,0.51,0.89,False,False,True,True,54.42728563963649,17.839072704315186,114.97932279109956,115.00467355728148,1.7208202219047335,2.802836270066058,0.4348607974585004,0.4347649485291761,34.96106913290828,14.14445424079895,56.36352055072784,56.38767275810242,1.08854571279273,0.3567814540863037,2.299586455821991,2.30009347114563
6327,1255,8,8,1.47,0.96,True,False,False,False,68.71029388277154,68.64924931526184,70.17282366752625,70.69581236839295,0.7278332410547181,0.72834008381333,0.7125333654075775,0.7072665634072772,65.86445463331123,65.80507922172546,67.48385393619537,68.06170303821564,1.374205877655431,1.3729849863052368,1.4034564733505248,1.413916247367859
6911,1971,1,8,0.91,0.91,True,False,True,False,166.76059746742249,166.62819051742554,167.36340551376344,167.7287933921814,0.2998325302148709,0.3000692730607978,0.298754433051341,0.298101301010877,164.0197445286645,163.89684391021729,164.6923363685608,165.08685708999633,3.33521194934845,3.332563810348511,3.3472681102752686,3.354575867843628
6796,320,2,8,1.99,0.96,True,False,True,True,66.63633279800415,42.40493392944336,114.57800170183182,114.58844752788544,1.2277209975994725,1.4036112311737965,0.4363839415716131,0.4363441610366282,38.35888951539993,22.02891266345977,56.16054185628891,56.16812373399735,1.332726655960083,0.8480986785888671,2.291560034036636,2.291768950557709
4071,405,4,8,0.1,0.97,False,True,True,False,4.435517176389694,3.911689281463623,6.197218322753907,6.212362456321716,11.744168962457003,12.782201354560629,8.06813601188331,8.048467994711038,0.9695636808872224,0.4261691570281982,2.69783902168274,2.7074175333976744,0.0887103435277938,0.0782337856292724,0.1239443664550781,0.1242472491264343
4400,1514,1,16,0.46,0.9,False,True,False,True,90.14712397257487,88.68938565254211,93.55948699712754,94.22156784772872,0.5550156865282602,0.5637653238985523,0.5344266737003343,0.5306721134402654,87.28234754668341,85.86791527271271,90.85974881649015,91.59105510234832,1.8029424794514968,1.7737877130508424,1.8711897399425508,1.8844313569545743
4297,1815,2,8,0.97,0.9,False,False,True,False,137.1963748269611,137.36873519420624,139.04086709022522,139.34607895612717,0.3644714681112062,0.3639838476695026,0.3596065375785007,0.3588193809936917,133.35984951257706,133.3679461479187,136.1412449479103,136.5784562349319,2.743927496539222,2.747374703884125,2.780817341804505,2.786921579122544
4237,523,7,8,1.39,0.98,False,False,True,True,36.84778344003778,36.86065435409546,36.880211758613584,36.88709143161773,1.3569347132390224,1.3564599130466786,1.3557405968614529,1.3554877480099123,33.29871645726656,33.19300389289856,33.543072080612184,33.54683730125427,0.7369556688007555,0.7372130870819091,0.7376042351722718,0.7377418286323547
6048,584,6,16,0.72,0.89,True,True,False,True,60.83275870978832,86.7567857503891,86.8629907488823,86.86544713258743,1.053065264402703,0.5763237993756571,0.5756191396329473,0.5756028623949728,28.114201456308365,28.118584275245667,28.13459643125534,28.13569235563278,1.2166551741957663,1.735135715007782,1.737259814977646,1.7373089426517483
6290,646,2,16,1.21,0.88,False,False,True,False,45.90281495800266,22.631990909576416,115.03072276115418,115.08874432563782,1.4991284038113757,2.209262110424549,0.4346664858336554,0.4344473560082186,37.44665262915871,18.966628074646,56.493901586532594,56.509319677352906,0.9180562991600534,0.4526398181915283,2.300614455223084,2.301774886512756
7715,772,5,8,0.96,0.9,False,False,False,True,27.581413961592176,27.5850887298584,27.606290102005005,27.60730938911438,1.8128167151617447,1.8125734700240228,1.8111814305815968,1.8111145607240888,24.6216402394431,24.657418489456177,24.68117904663086,24.6851453781128,0.5516282792318433,0.551701774597168,0.5521258020401001,0.5521461877822875
7751,1716,2,16,0.33,0.96,False,True,False,False,121.62093733151754,120.87420511245728,125.16985075473784,125.57846077442169,0.4112412199210015,0.4136531855864672,0.3994600590854382,0.3981590774869092,118.73746898969014,118.00834774971008,122.50405685901642,122.9607654428482,2.43241874663035,2.4174841022491456,2.503397015094757,2.511569215488434
5404,1974,5,16,0.08,0.9,False,True,False,False,168.48572777784787,168.26666343212128,170.96429401636124,170.98777997493744,0.2967803669911334,0.2971474876115308,0.2924587381408156,0.2924185577672412,165.0766606239172,164.73844814300537,168.2378100156784,168.29905939102173,3.369714555556958,3.3653332686424253,3.419285880327225,3.4197555994987487
6373,1345,3,16,1.07,0.93,False,False,False,True,92.12613296508788,101.1384391784668,103.6318027496338,103.64200428009032,0.5517162101007442,0.4943718768664309,0.4824773755786904,0.4824298833859679,82.34269957706846,76.7260332107544,100.89355692863464,100.90856287956238,1.8425226593017576,2.022768783569336,2.072636054992676,2.0728400856018063
6846,1046,4,8,0.04,0.89,True,False,False,True,58.17952971988254,58.18512177467346,58.1997510433197,58.20171015739441,0.8594089364476061,0.8593262094419599,0.8591102044131627,0.8590812861352918,55.2117207315233,55.26749920845032,55.29116060733795,55.29298515796661,1.163590594397651,1.163702435493469,1.163995020866394,1.1640342031478883
7923,592,7,8,0.29,0.91,True,False,False,False,64.41351402044296,38.01724600791931,114.5540011882782,114.58767396211624,1.7378143980846854,1.926859266343624,0.4364753700028502,0.436347106805563,34.00600046396256,13.194586873054504,56.24194722175598,56.26400546550751,1.2882702804088595,0.7603449201583862,2.291080023765564,2.291753479242325
7898,1203,4,16,1.88,0.92,True,False,False,False,60.21169638633728,54.98329854011536,78.5562252998352,78.60528554916382,0.8500235209725827,0.9093670501328766,0.6364867941294131,0.6360896029097493,54.76357985678173,52.1933708190918,75.91250848770142,75.95810861587525,1.2042339277267455,1.099665970802307,1.571124505996704,1.5721057109832763
5897,1941,1,8,0.07,0.92,True,False,False,False,159.1984324773153,159.53654658794403,162.5025701403618,162.66604791402816,0.3141347962467994,0.313407930806569,0.3076878155992212,0.3073782183965828,156.38947785695393,156.66889262199402,159.8126661300659,160.00518042325973,3.1839686495463053,3.190730931758881,3.250051402807236,3.253320958280564
8008,1639,3,16,1.11,0.97,False,False,True,False,110.29180896282196,110.90634977817535,113.42558594942092,113.48061737298966,0.4535401240493331,0.4508314936674715,0.440817676410578,0.4406039088189785,107.30231440067293,107.69189977645874,110.70509767532349,110.8112406730652,2.20583617925644,2.218126995563507,2.2685117189884187,2.2696123474597933
4976,843,8,32,0.56,0.95,False,False,True,False,65.23237917158339,68.88178205490112,68.90391035079956,68.90654339313507,0.8612095151196437,0.7258813362312302,0.7256482214941569,0.725620493535845,16.589349102090907,16.60586428642273,16.706128859519957,16.72002282142639,1.3046475834316678,1.3776356410980224,1.3780782070159912,1.3781308678627011
5616,1540,7,32,1.93,0.97,True,False,True,True,104.07238116471665,103.17598843574524,107.37027468681336,107.4170010137558,0.4806427439207384,0.4846088780737819,0.4656789062459953,0.4654756653601173,101.30066586577374,100.42568182945251,104.69021546840668,104.73974471092224,2.0814476232943333,2.063519768714905,2.147405493736267,2.148340020275116
8127,1567,6,32,0.3,0.91,False,False,False,True,102.18742544949056,102.15565884113312,104.06214796304702,104.45136072158812,0.4893680631303056,0.4894491540530495,0.4804821121114964,0.4786945001640897,98.50248529016972,98.31990814208984,101.21947544813156,101.73209965229034,2.043748508989811,2.0431131768226622,2.0812429592609405,2.0890272144317628
5880,225,6,16,1.26,0.9,False,True,True,False,64.70088211182625,50.44168972969055,105.74812376499176,105.7495208978653,0.8577161759103246,0.9912435580160478,0.4728216276565565,0.4728153808943299,47.59061114249691,47.1515007019043,48.89498388767242,48.895639300346375,1.294017642236525,1.008833794593811,2.114962475299836,2.114990417957306
5568,1598,2,32,0.77,0.86,False,True,False,False,102.51921890521872,102.53336548805235,103.9064082145691,104.12285177230837,0.4877478576686536,0.4876461409610729,0.4812023216460704,0.4802026063538456,98.97374165469202,98.98362302780151,101.05964994430542,101.36809606552124,2.0503843781043742,2.050667309761048,2.078128164291382,2.082457035446167
4781,1566,1,8,1.55,0.85,False,False,True,True,98.40925793214278,99.58343088626862,100.26544080972673,100.303159365654,0.5082840141008771,0.5020915940573302,0.4986763138604758,0.4984888012449103,95.28017983653328,96.24197268486024,97.48265269994737,97.58339251756668,1.968185158642856,1.9916686177253724,2.0053088161945345,2.00606318731308
4645,1656,1,8,1.53,0.99,True,False,True,True,108.42714126904804,108.2140930891037,110.72107985019684,111.77995126247406,0.4612084838308851,0.4620470376652544,0.4515933641533259,0.4473132842339153,105.42102510929108,105.1445826292038,108.0046080350876,109.15153725147248,2.168542825380961,2.164281861782074,2.2144215970039367,2.2355990252494813
6120,1339,3,8,1.17,0.98,False,False,True,False,69.6352091550827,68.72729647159576,72.7671721816063,73.1519802737236,0.7184499235640506,0.7275150051257037,0.6871246026739141,0.6835135570820571,66.56970300674439,65.70785200595856,70.06165206432343,70.51150720119476,1.392704183101654,1.3745459294319151,1.4553434436321258,1.463039605474472
7156,218,1,8,1.98,0.86,True,False,False,True,59.93774173736572,37.90174508094788,114.61169004440308,114.62158959627152,1.7907841698352336,1.9474424001372483,0.4362556732269926,0.4362179950329916,33.35234229326248,12.936639070510864,56.24150292873382,56.25622437238693,1.1987548347473145,0.7580349016189575,2.2922338008880616,2.2924317919254302
4286,1065,6,8,0.32,0.99,True,False,True,True,90.79076683521272,90.79076683521272,90.79161752462387,90.7916931414604,0.5507167936599813,0.5507167936599813,0.5507116335653897,0.5507111748903148,88.06443166732788,88.06443166732788,88.06600215435029,88.06614175319672,1.8158153367042544,1.8158153367042544,1.8158323504924767,1.8158338628292083
6808,1852,7,8,0.74,0.93,False,True,True,True,151.36551023381097,150.746772646904,153.87222243547438,153.9593754839897,0.3303760188095468,0.3316824456297496,0.3249449902273103,0.324761004345824,148.1381750873157,147.42534363269806,151.09780796766282,151.25189383268355,3.02731020467622,3.01493545293808,3.077444448709488,3.0791875096797945
5988,1726,1,8,0.41,0.92,True,False,True,True,121.98476818402608,122.86277794837952,124.30488209724426,124.90630627632142,0.4099913121445893,0.4069580782310438,0.4022430998466869,0.4003036301510223,119.28730568885804,120.11628293991087,121.65736210346222,122.29596483707428,2.4396953636805216,2.4572555589675904,2.4860976419448853,2.498126125526428
6435,1466,5,8,1.36,0.99,True,False,True,False,88.43477445635303,88.47860622406006,89.96552948951721,90.14185593605042,0.5655080723252471,0.5651083593403561,0.5557688909445084,0.5546815928398567,85.39438843727112,85.33251404762268,87.16641755104065,87.40232726097106,1.768695489127061,1.7695721244812013,1.7993105897903443,1.8028371187210084
5946,909,6,8,1.0,0.88,True,False,True,False,23.65949325760205,23.662856340408325,23.68263818025589,23.684845883846283,2.1133181098049647,2.1130162532239254,2.1112512754684976,2.111054483375701,20.696992963552475,20.726336002349854,20.75354011058808,20.76223849773407,0.4731898651520411,0.4732571268081665,0.4736527636051177,0.4736969176769257
7558,1856,1,8,1.56,0.89,False,False,True,True,142.1423568367958,141.5016039609909,145.01430526971816,146.0050663304329,0.3517973138949557,0.3533528866501353,0.3447948828331502,0.3424580950181193,138.94316442012786,138.30172884464264,142.31597545146943,143.3960941839218,2.8428471367359167,2.8300320792198184,2.9002861053943634,2.9201013266086577
4225,1129,1,32,0.86,0.88,False,True,False,True,45.62314114077338,45.620887756347656,45.66165990829468,45.66626663208008,1.095935270943393,1.0959891939639652,1.0950105695325298,1.0949001030639385,42.667258575044826,42.74067997932434,42.78415427207947,42.788181924819945,0.9124628228154678,0.9124177551269532,0.9132331981658935,0.9133253326416017
5937,1042,2,16,1.77,0.88,False,False,False,False,51.7238481784689,51.72588276863098,51.75833606719971,51.76052032470703,0.9666725257550568,0.9666340586906784,0.9660279648256188,0.965987198176632,48.81425895362064,48.84667372703552,48.88785490989685,48.89261803627014,1.0344769635693782,1.0345176553726196,1.035166721343994,1.0352104064941408
8119,519,5,8,0.86,0.94,False,True,True,True,60.85863676564447,39.57476043701172,95.7177402496338,95.71858293533325,0.9826981576164472,1.2634315267576004,0.5223692062763663,0.5223646074492135,36.35934666107441,35.76668310165405,37.375745964050296,37.37575410842896,1.2171727353128896,0.7914952087402344,1.914354804992676,1.914371658706665
6898,1046,7,16,1.0,0.88,True,False,False,False,68.70167120013919,90.27058100700378,90.31183683872224,90.31560720920562,0.8534389479225977,0.5538903089724541,0.5536372840492757,0.5536141708986911,37.05919280222484,37.18668484687805,37.67584832906723,37.69581681251526,1.3740334240027836,1.805411620140076,1.8062367367744443,1.8063121441841128
5071,1241,4,32,0.69,0.84,False,True,True,False,4.821493597030639,4.66152036190033,5.4790484547615055,5.492819452285767,10.427215740083533,10.726114545028556,9.125672378552052,9.102793281136524,0.6682175421714782,0.5231813192367554,1.3456137776374817,1.3525838112831114,0.0964298719406128,0.0932304072380066,0.1095809690952301,0.1098563890457153
5130,627,2,8,0.69,0.81,True,False,False,True,18.58278976060957,6.079015493392944,63.81540834903717,63.84438717365265,6.490518293467972,8.225016049776997,0.783509834189265,0.7831542008492984,14.245236016068784,1.7859294414520264,59.87177002429962,59.89851193428039,0.3716557952121915,0.1215803098678589,1.2763081669807437,1.276887743473053
7832,301,6,32,0.83,0.85,True,True,True,True,5.858938446044922,5.864743113517761,5.892647659778595,5.894808373451233,8.534210022953944,8.525522850435614,8.4851501359215,8.482040398758787,1.5481312656402588,1.486780285835266,1.7978041172027588,1.8034394574165344,0.1171787689208984,0.1172948622703552,0.1178529531955719,0.1178961674690246
5236,583,3,8,0.29,0.82,False,True,False,False,29.83890035322734,3.777339339256287,59.97621474266053,59.98319892644882,7.554401981802433,13.236837895452464,0.8336638178905659,0.8335667486386558,0.3536789332117353,0.3547532558441162,0.3923195004463196,0.3978012466430664,0.5967780070645469,0.0755467867851257,1.1995242948532103,1.1996639785289764
7725,1891,8,8,1.62,0.95,False,False,True,False,83.448537727197,65.69965136051178,119.93475234508514,119.94068992137908,0.6504172964278061,0.7610390462060106,0.4168933442932686,0.4168727066025415,58.17394237385856,61.493226289749146,61.54530084133148,61.55253098011017,1.6689707545439405,1.3139930272102356,2.398695046901703,2.398813798427582
4121,1595,3,16,0.03,0.9,True,True,True,True,21.938869185447693,21.945885062217712,21.98029645681381,22.00221915721893,2.279067899979536,2.278331446732315,2.2747645905459284,2.2724992144955207,17.47444056034088,17.2568359375,17.862958705425264,17.864570026397704,0.4387773837089538,0.4389177012443542,0.4396059291362762,0.4400443831443786
4066,409,7,8,0.09,0.99,False,True,True,False,66.78175335647785,60.07294964790344,114.28338479995728,114.29160462379456,1.0592670108071276,0.8323213741468912,0.4375089177444423,0.4374774522258045,34.52342878611742,25.65539121627808,54.57264423370361,54.59336777687073,1.3356350671295572,1.2014589929580688,2.285667695999145,2.285832092475891
5865,735,7,32,1.31,0.82,True,False,True,False,62.45178601597295,64.53453850746155,119.92114288806916,119.94319841146468,1.2545431343661602,0.7747789192667613,0.4169406563065683,0.4168639884702574,41.9663169853615,61.12238371372223,61.42833617925644,98.94740446090684,1.2490357203194586,1.290690770149231,2.398422857761384,2.398863968229294
7445,841,1,8,1.23,0.89,False,False,False,True,22.338935618400573,22.35493564605713,22.370698583126067,22.37309037208557,2.238251018923413,2.23664253817946,2.2350665454236736,2.234827606352613,17.921130294799806,17.95774507522583,17.966571545600893,17.97230001449585,0.4467787123680113,0.4470987129211425,0.4474139716625213,0.4474618074417114
7491,1476,2,8,1.4,0.89,False,True,True,True,63.02581462860108,63.0257785320282,63.03339991569519,63.03431956291199,0.7933257298754282,0.7933261780271574,0.7932302578219894,0.7932186840862567,60.23033542633057,60.22868323326111,60.23738827705383,60.23822052955627,1.2605162925720217,1.260515570640564,1.2606679983139035,1.2606863912582398
8116,913,2,16,1.35,0.92,True,False,True,True,59.843740862194856,60.07478928565979,119.97375512123108,119.99550366401672,1.592036885557984,0.8322958864199511,0.4167578146526797,0.416682279529392,35.8789018616818,14.794965505599976,61.46298146247864,61.480567932128906,1.1968748172438972,1.2014957857131958,2.399475102424621,2.3999100732803345
4921,1942,5,8,1.02,0.98,False,True,True,True,63.05952215194702,63.059908986091614,63.07122721672058,63.072235136032106,0.7929016796328296,0.792896799324384,0.7927545129971517,0.7927418443094448,60.26566171646118,60.265573263168335,60.27878639698029,60.27882856845856,1.2611904430389405,1.2611981797218323,1.2614245443344116,1.261444702720642
6077,77,4,8,1.85,0.98,False,True,True,True,79.5241209798389,63.98716628551483,119.94024651050567,119.9446786737442,0.6802050063801376,0.7814066929847349,0.4168742475816572,0.4168588433742543,60.342990689807465,60.342411041259766,60.36062043905258,60.36167181730271,1.5904824195967775,1.2797433257102966,2.398804930210113,2.398893573474884
7085,614,7,32,1.1,0.95,False,True,False,True,76.59705433352241,114.21489024162292,119.8975908756256,119.90727709770202,1.1175992616144084,0.4377712914158952,0.4170225576398155,0.4169888706828097,46.13348646163941,54.53352665901184,115.7443995475769,115.80118488311768,1.5319410866704486,2.2842978048324585,2.397951817512512,2.3981455419540407
4332,637,4,8,1.25,0.81,False,False,False,True,31.65407026949383,18.927980184555054,63.52285376787186,63.52764097690582,2.1136631313840755,2.6415919459102657,0.7871182894790033,0.7870589755721416,27.455242344311305,14.190842390060425,60.72140367031098,60.72633725166321,0.6330814053898766,0.3785596036911011,1.2704570753574371,1.2705528195381164
4054,470,4,8,0.92,0.81,True,False,True,True,49.971011164453294,18.69845151901245,119.8887036561966,119.89455929040908,1.761948003629468,2.674018217458796,0.4170534710612419,0.4170331022468548,35.522022808922664,14.660642981529236,60.96807860136032,66.97790092706677,0.999420223289066,0.373969030380249,2.397774073123932,2.3978911858081817
4259,1456,2,8,0.32,0.9,False,False,True,True,56.51205858114724,60.03402757644653,119.89278512001036,119.89680077075958,1.6154751254875093,0.8328609959798327,0.417039273472895,0.4170253057548688,36.842825541986485,13.906981945037842,114.61159446239472,114.63321171283722,1.130241171622945,1.2006805515289307,2.397855702400208,2.397936015415192
7365,614,5,32,1.44,0.79,True,False,False,False,79.54150472368512,60.136664152145386,119.97952579259872,119.98936923980712,0.6959550864390419,0.831439533691618,0.4167377700515732,0.4167035829275191,22.86483531338828,1.9729912281036377,60.5567904829979,60.56444500684738,1.5908300944737026,1.2027332830429076,2.399590515851975,2.3997873847961424
7695,94,3,16,1.62,0.9,False,True,False,True,30.537295712365044,22.008946895599365,63.43174316883087,63.44103857517243,1.967561357462973,2.271803382377981,0.7882488719714551,0.7881333796821646,26.557793416674176,17.87109351158142,60.11370685100555,60.12497905731201,0.610745914247301,0.4401789379119873,1.2686348633766171,1.2688207715034483
7154,1527,5,8,0.3,0.93,True,False,False,False,68.31054186820984,65.08905601501465,76.07079410552974,111.14205265045166,0.7475581604361824,0.7681782938819404,0.6977312483631527,0.4731301398488031,60.79320237215828,60.79528450965881,60.81515321731568,60.81896211624146,1.3662108373641968,1.301781120300293,1.521415882110595,2.222841053009033
7537,1503,7,8,1.18,0.97,True,False,True,True,22.887654004096984,22.895391702651978,22.93029861450196,22.931668667793275,2.184587804861672,2.18384558131746,2.1805211028335694,2.1803908272236416,18.515232095718385,18.55006992816925,18.558529877662657,18.5655149936676,0.4577530800819396,0.4579078340530395,0.4586059722900391,0.4586333733558654
5214,895,4,32,0.63,0.79,False,True,False,True,74.31727971657213,63.296863079071045,119.93340730667114,119.94108115434646,1.2165895283004389,0.7899285636364601,0.41689801969094,0.4168713464913869,42.88586611920093,54.73339223861694,60.193478763103485,79.70944758653609,1.4863455943314423,1.265937261581421,2.398668146133423,2.398821623086929
5197,69,2,8,0.74,0.74,False,True,True,False,27.231437259250217,17.910622358322144,63.10023767948151,63.12122621536255,2.379500091416718,2.791639452817092,0.7923900422832039,0.7921265638721517,23.53306823306613,13.930316686630247,60.61798098087311,60.63766258716584,0.5446287451850044,0.3582124471664428,1.2620047535896302,1.262424524307251
5467,433,3,8,0.02,0.73,False,True,True,False,54.250469592901375,60.05427837371826,120.0365354180336,120.045139875412,1.6033758976456112,0.8325801491299422,0.4165398461943502,0.4165099899267609,33.49538467939083,14.641933679580688,60.25018244981766,115.77486594438552,1.0850093918580277,1.2010855674743652,2.400730708360672,2.40090279750824
7532,1733,6,32,0.7,1.0,False,False,False,True,59.38624052078493,60.12487292289734,119.95642068386078,119.96487212896346,1.444877553091313,0.8316025900937097,0.4168180387090942,0.4167886741567864,34.82051678049949,14.817179679870604,61.388403463363645,61.40604830980301,1.187724810415699,1.2024974584579469,2.399128413677216,2.399297442579269
6639,1796,4,8,1.18,0.97,False,True,True,False,62.97933180445717,60.135502338409424,119.99771156311036,120.00728093147278,1.6234382766540492,0.8314555970386277,0.4166746127797224,0.416641387216114,35.905517666680474,13.52719783782959,60.39448161125184,111.54714827537536,1.2595866360891437,1.2027100467681884,2.399954231262207,2.4001456186294554
6676,711,3,8,0.94,0.79,False,False,False,True,23.17008570757779,19.01252174377441,64.90019085407258,64.90476723670959,2.4627794100122085,2.629845776054001,0.7704137594093733,0.7703594384399056,19.020024655082008,14.801738739013672,61.53298547267914,61.537583379745485,0.463401714151556,0.3802504348754882,1.2980038170814514,1.298095344734192
6377,1783,4,32,1.75,0.99,False,True,False,False,24.494858941164885,16.83334445953369,63.75587530136109,63.76230326652527,2.615539960884856,2.970295066449622,0.7842414485727393,0.7841623882677488,20.482800808819857,12.764115810394289,60.12090339660645,60.12796380519867,0.4898971788232976,0.3366668891906738,1.2751175060272215,1.275246065330505
6277,758,2,8,1.51,0.97,False,False,True,False,71.58257899284362,64.89043402671814,119.9609159708023,119.96964500904085,0.7317205340867525,0.7705295973118762,0.4168024207938126,0.4167720934563811,52.58427901268006,60.57865715026856,60.59165730476379,60.59233448982239,1.4316515798568727,1.2978086805343627,2.3992183194160464,2.3993929001808167
6394,999,7,32,0.4,0.92,False,False,False,False,64.9585868941413,64.78068828582764,119.98918612003328,120.00299003601074,1.2262846923463062,0.7718349607430572,0.4167042182450028,0.4166562848569753,41.6817063137337,61.122426986694336,61.84032053947449,97.0520062017439,1.299171737882827,1.2956137657165527,2.3997837224006653,2.4000598007202147
6026,179,1,8,1.21,0.87,True,False,False,True,56.27967508543622,17.734580755233765,119.92413185834884,119.9707327413559,1.8201081765126232,2.819350549657382,0.4169302644418894,0.4167683141934225,35.953682482242584,13.331202507019045,61.995971989631656,115.2280863571167,1.1255935017087242,0.3546916151046753,2.398482637166977,2.399414654827118
7374,572,4,16,1.3,0.98,True,False,False,False,56.37574973901113,65.71703672409058,65.7764792084694,65.7788528227806,1.8257159682944613,0.7608377142927898,0.7601501418518958,0.7601227120671018,52.52144362926483,61.6876186132431,61.73245944976807,61.73648389101029,1.127514994780223,1.3143407344818114,1.315529584169388,1.3155770564556122
7505,244,3,32,1.4,0.85,False,False,True,False,18.5027068901062,18.510819911956787,18.53668705224991,18.5374710059166,2.702316148986921,2.701122923664242,2.697353624399661,2.697239552933113,14.462935733795169,14.495469331741331,14.507279467582702,14.510948417186738,0.3700541378021239,0.3702163982391357,0.3707337410449982,0.3707494201183319
4008,957,8,16,0.66,0.97,True,True,True,True,5.836166505813599,5.841119050979614,5.868504905700684,5.869875874519348,8.56749675002727,8.560003582531621,8.520057652922087,8.518067718153981,1.4646875429153443,1.2192786931991575,1.8739645838737489,1.8778912782669068,0.1167233301162719,0.1168223810195922,0.1173700981140136,0.1173975174903869
5245,773,7,16,1.84,0.82,True,False,False,False,96.9204957672194,120.00128841400146,120.07903814315796,120.08325660228728,0.5672595228723537,0.4166621930549715,0.4163924093095599,0.4163777820897181,60.91957486377043,61.08997392654419,61.15611970424652,61.16008162498474,1.938409915344388,2.400025768280029,2.40158076286316,2.401665132045746
6711,1411,4,32,1.25,0.87,True,True,True,False,5.772539262771606,5.786151051521301,5.801638901233673,5.803815338611603,8.661954613719146,8.641323202663742,8.618254402274836,8.615023039034012,1.772348017692566,1.77277934551239,1.781476628780365,1.78513968706131,0.1154507852554321,0.115723021030426,0.1160327780246734,0.116076306772232
5218,353,4,16,0.33,0.94,False,True,True,False,4.694857007265091,4.632845759391785,5.038834810256958,5.043928062915802,10.666505683612966,10.79250321370952,9.922928997389214,9.91290902211354,0.5992210495471955,0.4758551120758056,1.1440586805343629,1.1469295597076417,0.0938971401453017,0.0926569151878357,0.1007766962051391,0.100878561258316
7545,1081,6,8,1.46,0.87,False,False,False,True,10.873058476099152,6.266227602958679,60.75812367200852,60.80329843521118,7.430858783484447,7.979282477151729,0.8229352225789912,0.8223238116157504,1.7527714255379467,2.133927345275879,2.2416171073913573,2.2716407561302185,0.2174611695219831,0.1253245520591736,1.2151624734401705,1.2160659687042237
6803,1132,8,32,1.1,0.96,True,False,False,False,64.70379602909088,64.7042201757431,64.70795273780823,64.70817112922668,0.7727521910128404,0.7727471233791698,0.7727025487155497,0.7726999407976295,60.56182646751404,60.56171226501465,60.56680208444595,60.567161571979526,1.2940759205818178,1.2940844035148622,1.2941590547561646,1.2941634225845338
7393,450,6,8,1.97,0.97,False,False,False,False,70.25726000801856,65.67471265792847,119.75434081554413,119.77169919490814,0.956833366668426,0.7613280359585073,0.4175213999099579,0.417460888815041,42.62815751548575,61.23721647262573,61.59762523174286,61.61348832130432,1.405145200160371,1.3134942531585694,2.3950868163108825,2.395433983898162
6018,1007,6,16,0.51,0.92,False,True,False,True,60.41794969289357,63.5702064037323,119.91242110729218,119.9259349346161,1.4879044092912053,0.7865319750961896,0.4169709821410174,0.4169239958608529,39.39311383152736,60.14455556869507,60.21928584575653,99.1600054979318,1.2083589938578716,1.271404128074646,2.398248422145844,2.398518698692322
6503,200,5,16,1.1,0.88,True,True,False,True,52.87204406261444,72.38667070865631,72.43473627567292,72.43805490732193,1.4342892878654792,0.6907349034087964,0.6902765522562415,0.6902449282930777,13.875134310722352,14.066962838172913,14.07671560049057,14.08072359085083,1.0574408812522889,1.4477334141731262,1.4486947255134583,1.4487610981464387
6223,1577,3,32,1.36,0.89,True,False,True,True,52.564759103457135,59.92852556705475,60.00622954368591,60.01739704847336,2.168169578056516,0.8343272184317407,0.8332468255401364,0.8330917824703614,1.2626838604609172,1.257019281387329,1.3373425483703614,1.345369794368744,1.051295182069143,1.198570511341095,1.2001245908737184,1.2003479409694673
4857,1396,3,16,1.73,0.96,False,True,True,False,37.39391051928202,21.566139340400696,62.96152811050415,62.97941552639008,1.7201848975411635,2.3184492699100527,0.7941357446040356,0.7939101973761765,19.512473730246224,17.325377941131592,60.06109060049057,60.07768969297409,0.7478782103856406,0.4313227868080139,1.259230562210083,1.2595883105278014
4933,821,2,16,1.83,0.89,True,True,True,True,18.8287299823761,18.837101340293884,18.87706583738327,18.88756040096283,2.655529216336479,2.6543362018662164,2.648716726402676,2.6472452995074347,14.373180546760558,14.326021313667296,14.6562854886055,14.662956771850586,0.376574599647522,0.3767420268058776,0.3775413167476654,0.3777512080192566
5165,349,3,32,1.54,0.99,True,False,True,True,57.86390360764095,22.09012246131897,119.96072524785995,119.97225715637208,1.6075380212591788,2.2634550843962007,0.4168030820296631,0.4167630182652998,29.672637462615967,17.514929175376892,61.13223949670792,61.13516236782074,1.1572780721528193,0.4418024492263794,2.3992145049572,2.399445143127441
5743,1025,6,32,0.44,0.9,False,False,False,False,90.85657727718352,92.66683971881866,119.91222602128984,119.9183621287346,0.6136204107501251,0.5904943960150704,0.4169716605676327,0.4169503246968368,41.48745274543762,61.30686068534851,61.33841466903687,61.343028247356415,1.817131545543671,1.8533367943763728,2.3982445204257967,2.398367242574692
6778,1222,4,32,1.45,0.92,True,True,True,True,28.81069629669189,20.17390716075897,74.27758039236069,74.28051829338074,2.1920475545232203,2.478448999531876,0.6731506295185093,0.6731240054627305,15.651236491203308,16.00675916671753,16.014338386058807,16.017693841457366,0.576213925933838,0.4034781432151794,1.4855516078472135,1.4856103658676147
6769,1410,1,32,1.24,0.92,False,False,True,True,34.28614911485891,22.086583614349365,119.9175946712494,119.92533359527587,1.9675701197397872,2.2638177489575915,0.4169529929037815,0.4169260867913882,25.575881938465304,17.959967851638794,60.36855483055115,60.37514305114746,0.6857229822971784,0.4417316722869873,2.398351893424988,2.3985066719055177
8074,239,5,8,0.91,0.87,True,False,False,True,63.45454748692336,60.02625834941864,119.88712140321732,119.8998712515831,1.3326915673804445,0.8329687946821959,0.4170589752804233,0.4170146262718671,39.21151539131447,18.30921530723572,114.2254557132721,114.24360874652862,1.269090949738467,1.2005251669883727,2.3977424280643462,2.397997425031662
4751,119,6,32,1.22,0.75,False,True,False,False,53.42869164751864,60.12103152275085,114.72265005111694,114.74505761623382,1.4993924885845324,0.8316557240219526,0.4358337257528699,0.4357486156024546,28.325218672039863,14.12899112701416,60.241492652893065,60.25393061637878,1.068573832950373,1.2024206304550171,2.294453001022339,2.2949011523246763
4707,82,8,8,0.6,0.98,True,True,True,True,18.603682308197023,18.613799810409542,18.64605162143708,18.65561747789383,2.687652118412992,2.6861790999682325,2.6815328536914493,2.6801583370308184,14.070139050483704,13.96961748600006,14.419014811515808,14.427215588092803,0.3720736461639404,0.3722759962081909,0.3729210324287415,0.3731123495578766
6738,352,8,16,0.13,0.9,True,False,False,True,76.93952958083447,64.66333627700806,119.9597578048706,119.96458161592484,1.0814038850356358,0.7735592578737234,0.4168064433873631,0.4167896834919096,41.51787009209762,56.17807126045227,61.6910501241684,61.7134837770462,1.538790591616689,1.2932667255401613,2.399195156097412,2.3992916323184965
5756,201,4,16,1.93,0.81,False,True,False,False,64.7953029019492,60.01813220977783,80.7833610773085,119.9187883090973,0.7916839354153483,0.8330815731692208,0.6718344531429699,0.4169488447558773,24.35066244942801,0.4299483299255371,60.26922385692596,60.27372109889984,1.2959060580389838,1.2003626441955566,1.6156672215461698,2.3983757661819456
6962,375,1,8,0.04,0.95,True,False,False,False,22.4374915933609,22.45112419128418,22.47015132904053,22.471048636436464,2.2284189633691835,2.227059971736651,2.2251741551656123,2.225085300687862,18.342671608924867,18.374876618385315,18.38408488035202,18.38662079811096,0.4487498318672179,0.4490224838256835,0.4494030265808105,0.4494209727287292
5278,1459,7,8,0.43,0.99,False,True,False,False,33.903962997027804,22.115195989608765,63.442957890033725,63.453110435009,1.841802735220335,2.26088886059659,0.7881095343424405,0.7879834396579468,29.860058753831044,17.780078649520874,60.14247362613678,60.15157958984375,0.678079259940556,0.4423039197921753,1.2688591578006745,1.26906220870018
4227,600,7,16,0.3,1.0,False,False,False,False,30.57355316992729,4.959270715713501,64.8750776052475,64.88113973140716,5.942236530161104,10.082127567985848,0.7707119904070814,0.7706399768697775,11.113576027654831,1.5839545726776123,60.72727799415589,60.73331999778748,0.6114710633985458,0.09918541431427,1.29750155210495,1.2976227946281431
7524,1979,6,32,0.66,0.98,False,True,True,True,54.48332792520523,21.827731013298035,114.36632817983627,114.36996338129045,1.611652168459414,2.2906641099932235,0.4371916174609103,0.4371777215104359,29.543570822477346,17.775578498840332,54.647345626354216,54.662945754528046,1.0896665585041048,0.4365546202659607,2.287326563596725,2.287399267625809
4746,555,7,8,1.45,0.97,True,False,True,False,61.46073863241408,65.69137859344482,119.96509714126589,119.97851737976076,1.3418207561840685,0.7611348880844068,0.4167878925218241,0.4167412725414583,43.60243938808088,61.19829595088959,114.68994821310044,114.7233443403244,1.2292147726482814,1.3138275718688963,2.3993019428253173,2.399570347595215
7654,1718,4,16,1.2,0.9,True,False,True,False,53.08025887765383,64.85239934921265,119.93653500080109,119.95781379938126,1.5829000742042445,0.7709814983736176,0.4168871480823549,0.4168131980440405,43.62518709270578,61.17362654209137,61.34732139110565,116.1186101436615,1.0616051775530764,1.297047986984253,2.3987307000160216,2.3991562759876253
5118,226,4,16,0.86,0.96,False,True,True,False,64.78619243144989,40.29084742069245,114.83584991693496,114.8455648303032,1.4117619741762468,1.5896795956821466,0.4354041010401215,0.4353672697448977,34.49204564571381,17.26582181453705,55.09706859588623,55.11696057319641,1.295723848628998,0.8058169484138489,2.2967169983386992,2.296911296606064
8047,81,6,8,1.35,0.82,False,True,False,False,33.64672248259835,22.15286493301392,63.969392490386966,64.04168276786804,1.852545063191545,2.257044411690793,0.7816238065439508,0.7807429458468657,29.63071361831997,18.052898645401,60.229279565811154,60.24408759117127,0.6729344496519669,0.4430572986602783,1.2793878498077391,1.2808336553573607
7000,501,8,8,0.58,0.94,False,True,False,False,30.092801164178287,18.1522216796875,63.32005047798157,63.33828184127808,2.236604109895506,2.754483854438803,0.7896392947442894,0.7894120483183931,26.277099360437955,14.031118750572205,60.41514607667923,60.43678745746613,0.6018560232835657,0.36304443359375,1.2664010095596312,1.2667656368255615
4278,730,8,16,0.64,0.84,True,False,False,True,47.08011729686291,18.43893074989319,119.96426601409912,119.97156427383425,1.957498703285262,2.7116539824463324,0.4167907799667312,0.4167654252696794,24.32521873015862,13.872236490249634,61.18242988586426,61.18726861000061,0.9416023459372584,0.3687786149978638,2.3992853202819826,2.3994312854766844
7550,1790,8,32,1.43,0.93,True,False,True,False,64.72118235442598,64.78521466255188,119.75640231370926,120.03934757471085,1.3737905511946205,0.7717810453784129,0.4175142124723385,0.4165300880566557,48.00948784512988,61.32849526405335,115.3458281159401,115.38307359218598,1.2944236470885195,1.2957042932510376,2.395128046274185,2.400786951494217
5967,170,8,32,1.58,0.79,True,False,False,False,115.33998580773672,119.92402601242064,119.93685352802277,119.93792459964752,0.446378580316299,0.4169306323950568,0.4168860407315534,0.416882317823293,60.4298742612203,60.4282351732254,60.445033121109006,60.44851761817933,2.306799716154734,2.398480520248413,2.398737070560456,2.3987584919929508
7095,814,8,8,1.41,0.93,False,True,True,False,59.89863835169575,63.52254819869995,119.97415812015534,119.98623550891875,1.278797495935346,0.7871220758272933,0.4167564147435589,0.4167144656941127,38.38888102629053,60.08366346359253,60.34168763160706,101.33166724204987,1.1979727670339149,1.270450963973999,2.3994831624031066,2.399724710178375
7387,218,8,8,0.38,0.85,True,False,False,True,25.884054398132584,18.906493186950684,64.72993774414063,64.73584443569183,2.3607375780984894,2.644594082339402,0.7724401064392485,0.772369626735502,21.7031049485934,14.666637659072876,60.98311815261841,60.99021305561066,0.5176810879626516,0.3781298637390137,1.2945987548828124,1.2947168887138367
4274,1592,5,8,1.02,0.97,False,True,False,False,77.5916370056771,64.33717226982117,120.00908517837524,120.03967876434326,0.7900986183621679,0.7771556976471851,0.4166351233027319,0.4165289388559601,52.003130251222906,60.15027189254761,60.26194179058075,115.9443658351898,1.5518327401135417,1.2867434453964233,2.400181703567505,2.400793575286865
5602,1282,8,8,0.18,0.94,True,False,False,True,29.567566757935744,19.37212491035461,63.619232988357545,63.62857432365418,2.16858998866586,2.581028164508399,0.7859258538398093,0.7858104833065385,25.41049723991981,14.670284509658812,60.60965070724488,60.62051532745361,0.591351335158715,0.3874424982070923,1.2723846597671509,1.2725714864730835
5045,685,3,8,1.49,0.98,False,False,True,True,18.46123617404216,18.47251033782959,18.50181336402893,18.506994714736937,2.7083915152313947,2.7067246998696066,2.702437822298983,2.701681250313388,13.868084140726038,13.902987718582152,13.908871746063232,13.908987941741945,0.3692247234808432,0.3694502067565918,0.3700362672805786,0.3701398942947387
5804,1621,1,8,1.72,0.91,False,True,True,False,75.25538281202316,64.09192168712616,119.9300358057022,119.94792332172392,0.7075303001526081,0.7801295186704214,0.4169097403794566,0.416847569442298,60.14734839200973,60.14722228050232,60.16891293525696,60.16906949043274,1.505107656240463,1.2818384337425233,2.398600716114044,2.398958466434479
4734,1685,2,16,1.68,0.88,False,False,False,False,65.32146218765614,22.35815978050232,119.93935339450836,119.9502971458435,1.4627524057391523,2.2363200053522765,0.4168773521291994,0.4168393181999795,38.75147625457409,17.192415475845337,61.40598621368408,61.40811015129089,1.3064292437531226,0.4471631956100463,2.398787067890168,2.39900594291687
6609,583,1,8,0.46,0.77,False,True,True,False,22.16547211170197,22.17796289920807,22.21316020488739,22.214532577991484,2.2557663265315524,2.2544902008072203,2.2509179047621823,2.250778847377436,17.966412644386292,18.002415895462036,18.013318741321562,18.01470016002655,0.4433094422340394,0.4435592579841614,0.4442632040977478,0.4442906515598297
6590,949,4,16,1.0,0.86,True,True,False,True,30.792063182714035,21.97489833831787,76.09404025077819,76.09626419067382,2.012911131077915,2.275323381715694,0.6570816826033927,0.6570624792376062,17.80419457202055,17.837711811065674,17.847527313232423,17.849275569915772,0.6158412636542807,0.4394979667663574,1.521880805015564,1.5219252838134767
4177,204,7,16,1.0,0.76,False,True,False,True,74.38764408971532,63.96635437011719,119.9378155708313,119.95106520652772,1.0623855400434778,0.7816609292862597,0.4168826967736339,0.4168366488945893,43.19547583188625,54.49850630760193,60.18949880599976,60.22294052124023,1.4877528817943069,1.2793270874023437,2.398756311416626,2.3990213041305544
6555,1269,4,8,0.85,0.9,True,False,False,True,54.35766154886728,18.46927499771118,113.6594515800476,113.66512031555176,1.823026304431556,2.707198848151662,0.4399106216414521,0.4398886823370123,28.61596752936581,14.28303289413452,55.27793123722076,55.285142707824704,1.0871532309773455,0.3693854999542236,2.2731890316009524,2.273302406311035
8173,1064,2,16,0.41,0.81,True,False,True,False,39.116466554544736,21.561501026153564,65.44305760860443,65.45077153682709,1.6918298045929807,2.3189480147672112,0.764022981652471,0.7639329366698858,35.231115510908225,17.704723596572876,61.37906649112701,61.38720677852631,0.7823293310908948,0.4312300205230713,1.3088611521720883,1.3090154307365418
5310,1228,5,16,1.61,0.89,True,False,False,True,69.98928307764459,65.62800967693329,119.86483809947968,119.87966277599337,1.330142665052357,0.7618698213050004,0.4171365080475123,0.4170849239319243,40.57397602001826,55.54913794994354,61.322291100025176,115.63320937395096,1.399785661552892,1.312560193538666,2.397296761989593,2.3975932555198667
4338,399,7,32,1.13,0.89,True,False,False,False,83.87239861784515,65.74937081336975,119.98878884315492,174.36297030448912,0.6729625808943125,0.760463550927742,0.4167055979318053,0.2867581340168276,44.21850396683497,55.47687220573425,61.73138332366944,116.114900970459,1.677447972356903,1.3149874162673951,2.3997757768630983,3.4872594060897826
5892,629,7,32,0.9,0.84,False,False,True,False,38.70535537989243,17.613754630088806,64.76644730567932,64.7817177081108,1.9035244452733608,2.8386906173004016,0.7720046735992321,0.7718226981249727,29.950773490511853,13.333872675895693,61.1020513176918,61.12160289049149,0.7741071075978487,0.3522750926017761,1.2953289461135866,1.2956343541622162
4306,1004,7,32,1.96,0.99,False,False,False,False,106.39366555213928,120.00405657291412,120.02964327335356,120.04791130542756,0.5031536690651285,0.4166525818585581,0.4165637648473119,0.4165003769314072,61.15881170034409,61.16060888767242,61.17958583831787,61.1852993774414,2.127873311042785,2.4000811314582826,2.4005928654670714,2.400958226108551
5070,425,7,8,0.35,0.71,False,True,True,True,29.413198017683182,22.03781008720398,63.02804255485535,63.03875579833984,2.004404367689704,2.268827973476002,0.7932976810517854,0.7931628777090614,25.194760224858268,17.42998480796814,60.27213740348816,60.28497037887573,0.5882639603536638,0.4407562017440796,1.260560851097107,1.2607751159667968
5830,963,7,16,1.84,0.98,True,True,False,True,47.02800101300944,72.99095845222473,73.01539433002472,73.01659705638886,1.6367255203322004,0.6850163512260161,0.684787098102114,0.6847758183449246,14.50181970388993,14.533788800239565,14.543018639087675,14.54467294216156,0.9405600202601888,1.4598191690444948,1.4603078866004944,1.460331941127777
7921,1581,1,32,0.14,0.97,False,False,True,False,74.12384781331727,60.14101529121399,119.85033518075944,119.86091384887696,0.7268107250184659,0.8313793802031119,0.4171869851268938,0.417150165246568,29.913075093067054,1.9259721040725708,61.655482172966,61.67978564500809,1.4824769562663451,1.2028203058242797,2.3970067036151885,2.397218276977539
5918,602,4,8,1.34,0.98,True,False,True,True,91.47887027046896,119.8770661354065,119.93879840373992,119.9566829395294,0.6094342808601327,0.4170939581014,0.4168792807369114,0.4168171281555542,49.02200585712086,61.535656690597534,61.57871527671814,61.58689341545105,1.82957740540938,2.39754132270813,2.398775968074798,2.3991336587905883
8168,431,2,32,1.27,0.72,False,True,False,False,58.16064313741831,61.76801121234894,114.25433329343797,114.26627935409546,1.6270758853087253,0.8100171037622583,0.4376201633565914,0.4375744120125698,34.962595760822296,34.25421524047852,60.20717922449112,60.22785952091217,1.1632128627483664,1.2353602242469788,2.285086665868759,2.285325587081909
7368,1195,8,32,0.29,0.92,False,False,False,True,77.29251249631245,114.1199151277542,119.97274751663208,119.98717915773392,1.1897783263685269,0.4381356220329767,0.4167613148464603,0.4167111882405305,48.51114053490721,55.8998521566391,114.6715686440468,114.7449972319603,1.5458502499262483,2.282398302555084,2.399454950332641,2.3997435831546783
5742,1739,6,8,1.32,1.0,False,True,True,True,61.09419576261865,63.66204261779785,119.97564848661423,119.9819343137741,1.340780797625805,0.7853973569383836,0.4167512376945295,0.4167294041888102,38.73717766316211,60.08587121963501,60.20520188808441,104.31495360851244,1.2218839152523724,1.2732408523559569,2.3995129697322843,2.399638686275482
4340,139,6,16,0.16,0.71,False,False,True,False,60.49645964050293,60.14629292488098,119.96526703834532,119.98090312004088,1.4747470622777177,0.8313064291833734,0.416787302146766,0.416732985839947,35.50120915794373,14.057825803756714,61.88851146697998,61.91094099998474,1.2099291928100584,1.2029258584976197,2.3993053407669067,2.3996180624008177
6217,1735,2,16,1.31,0.91,False,False,True,True,96.7564128353482,119.968852519989,120.0131208896637,120.01631779670716,0.563853383628584,0.416774845718134,0.4166211130028727,0.416610015427763,61.09700504938761,61.09134840965271,61.1213116645813,61.136408710479735,1.9351282567069648,2.39937705039978,2.400262417793274,2.4003263559341432
7984,497,3,32,0.83,0.74,False,False,False,False,80.75430258548622,114.33462429046632,119.90851435661315,119.92910758018492,0.9575518238073544,0.4373128464827536,0.4169845675144929,0.416912966436909,51.79792409810153,56.13465404510498,115.07066416740416,115.13552282333374,1.615086051709724,2.286692485809326,2.398170287132263,2.3985821516036987
4442,952,6,32,1.77,0.85,False,False,True,False,30.747761260138617,21.942940711975098,66.06743364334106,66.07454776763916,1.9762282071525084,2.278637155170049,0.7568025158949583,0.7567210362332834,26.39940627945794,17.41528010368347,62.48303642272949,62.49032308578492,0.6149552252027723,0.4388588142395019,1.3213486728668211,1.3214909553527832
4624,905,2,16,1.37,0.86,False,False,False,True,30.721826788095328,15.888451337814333,59.96972465515137,59.97901292800904,2.6954010538956656,3.1469398078465063,0.8337540369571264,0.8336249232067349,7.545506455348089,11.298645257949827,11.311696100234986,11.312935266494751,0.6144365357619067,0.3177690267562866,1.1993944931030274,1.1995802585601807
5750,1523,2,32,0.87,0.86,False,True,True,False,26.706941404650287,21.34824585914612,62.94489598274231,62.95066523551941,2.143359810546332,2.342112805421845,0.7943455814804719,0.7942727845552687,22.98696591008094,17.52562642097473,60.18762946128845,60.19360210895538,0.534138828093006,0.4269649171829223,1.2588979196548462,1.2590133047103882
5973,1242,8,32,0.93,0.92,False,True,False,False,21.98408446930073,18.730986833572388,62.82901191711426,62.83683953762054,2.53255374035104,2.669373506479038,0.7958107012146923,0.795711567260801,17.906493699109113,14.54225242137909,60.22888753414154,60.23618471622467,0.4396816893860145,0.3746197366714477,1.256580238342285,1.256736790752411
6954,1913,5,16,1.18,0.96,True,False,True,True,58.20619043953922,60.06610441207886,119.9411470413208,119.95916454315186,1.52876668401989,0.8324162269119181,0.416871117604745,0.4168085047364153,35.63205335774553,14.959404468536375,61.50557379722595,111.10946051597604,1.1641238087907844,1.2013220882415772,2.398822940826416,2.399183290863037
7599,148,2,16,1.28,0.96,True,True,False,True,16.654224915504457,16.66356933116913,16.69014914035797,16.690758187770843,3.002256264830069,3.000557632690972,2.995779101767642,2.995669785947266,12.526414513587952,12.557832956314089,12.56606982946396,12.56877943277359,0.333084498310089,0.3332713866233825,0.3338029828071594,0.3338151637554168
6081,838,5,8,0.46,0.98,False,False,False,True,61.99877505709035,64.91449689865112,119.94073657989502,119.9559391117096,1.2660716232682965,0.7702439730537134,0.4168725441790722,0.4168197121638766,40.58944848526356,61.16383242607117,61.4863760471344,115.40265448570251,1.239975501141807,1.2982899379730224,2.3988147315979003,2.399118782234192
7993,1485,5,32,1.82,0.89,False,False,True,True,17.07105854511261,17.07804250717163,17.098520004749297,17.099587976932526,2.928951180796362,2.927736011460273,2.9242296986033853,2.9240470632085445,12.879570055007935,12.915170669555664,12.92023936510086,12.921388747692108,0.3414211709022523,0.3415608501434326,0.3419704000949859,0.3419917595386505
6008,1096,6,16,0.45,0.94,True,False,False,False,64.65159515684302,60.142483830451965,119.9487135887146,119.96055042266846,1.3332404399914883,0.8313590806187576,0.4168448206270366,0.4168036894461201,40.29937657009472,17.861735224723816,61.89892860651016,115.22956143856048,1.293031903136861,1.2028496766090393,2.398974271774292,2.399211008453369
7189,95,5,8,0.29,0.97,False,True,True,True,25.06962029933929,17.479684472084045,63.1135801076889,63.12883597850799,2.5181017476166687,2.8604635352234986,0.792222528498954,0.7920310861777241,20.8890682220459,13.032718300819395,60.35356246232986,60.367963054180144,0.5013924059867859,0.3495936894416809,1.262271602153778,1.2625767195701598
5106,100,6,8,1.45,0.74,False,True,False,True,59.995992142221205,63.54410672187805,119.98152451515196,120.00505089759828,1.316165724809155,0.7868550299847892,0.4167308275341529,0.4166491299371969,37.0285528017127,60.126505851745605,60.20545055866241,108.00257192611691,1.1999198428444244,1.270882134437561,2.399630490303039,2.400101017951965
4045,1537,1,16,1.26,0.87,True,False,False,True,57.30510956468717,65.59707069396973,119.80110013484956,119.81443853378296,1.4824021841018222,0.7622291585742479,0.4173584380526877,0.417311975321954,41.43109773917937,14.070238828659058,115.0488986968994,115.06527094841005,1.1461021912937437,1.3119414138793946,2.396022002696991,2.396288770675659
6163,92,7,8,1.77,0.75,True,False,True,True,61.2515413068956,60.13061666488648,64.03837895393372,64.04573211669921,0.816970747354725,0.831523153648243,0.7807817888149129,0.7806921472162518,18.98833570941802,1.9804456233978271,60.7235107421875,60.7294189453125,1.225030826137912,1.2026123332977294,1.2807675790786743,1.2809146423339843
5470,1992,3,16,0.99,0.99,True,False,True,True,24.2033087138472,17.88732624053955,63.76033800840378,63.78866728305817,2.5197123837309814,2.795275231918065,0.7841865581268923,0.7838382931734674,19.98020477130495,13.408114910125732,60.9229615688324,60.952945847511295,0.4840661742769439,0.357746524810791,1.2752067601680754,1.2757733456611633
6636,1537,2,16,1.82,0.95,False,False,False,False,18.08205651283264,18.10484635829925,18.11978921890259,18.12183730125428,2.765192889575545,2.7616915050087005,2.759413997737733,2.759102135714706,14.056345643997192,14.09297263622284,14.099098455905914,14.104644904136658,0.3616411302566528,0.362096927165985,0.3623957843780517,0.3624367460250854
7739,1648,2,16,1.89,0.88,False,True,True,True,21.68530554954822,21.69786489009857,21.729226291179657,21.740421295166016,2.3057214386659286,2.304374198125335,2.30104835408724,2.29986360003174,17.78756286547734,17.85010838508606,17.856144785881042,17.861144959926605,0.4337061109909643,0.4339572978019714,0.4345845258235931,0.4348084259033203
5224,148,6,16,0.6,0.9,False,False,True,False,59.718884377866175,60.04373836517334,119.95704543590546,119.97302227020263,1.361937791761748,0.8327262985510755,0.4168158678659406,0.4167603607328632,34.9968147986644,17.801360368728638,61.58819389343262,109.16757748127011,1.194377687557323,1.2008747673034668,2.3991409087181093,2.399460445404053
5369,705,8,16,1.39,0.87,True,False,True,False,51.59624679618412,18.53589415550232,114.26915546655655,114.27486219644548,1.7611193711688202,2.697469007636622,0.4375633984154023,0.4375415475929205,32.985308554437424,14.410483598709106,61.15084507465362,61.16893485784531,1.0319249359236826,0.3707178831100464,2.2853831093311308,2.285497243928909
6557,511,6,16,1.25,0.75,False,False,True,True,56.643055514754536,60.04780673980713,120.89797217845916,120.93108165740966,1.655894468583721,0.832669879462122,0.4135718681709884,0.4134586356375218,39.93413637731677,13.422346353530884,117.96328709125518,117.99622068405152,1.1328611102950903,1.2009561347961426,2.417959443569184,2.4186216331481933
8059,642,4,8,0.46,0.86,True,True,True,True,15.927440538406373,15.94691240787506,15.966550385951995,15.967265796661376,3.13926010925531,3.1354031889873983,3.131546815027051,3.1314065065171737,11.63227132320404,11.662744402885435,11.67102620601654,11.677501952648162,0.3185488107681273,0.3189382481575012,0.3193310077190399,0.3193453159332275
5513,1208,8,16,0.1,0.99,False,False,False,True,73.55562923790572,65.83090496063232,119.9128360748291,119.92161092758178,1.113662176169155,0.7595216887670793,0.4169695391898613,0.4169390292696649,42.61608536212475,55.76165461540222,61.36838607788086,86.69401471137995,1.4711125847581146,1.3166180992126466,2.398256721496582,2.398432218551636
5336,1338,3,16,1.97,0.97,False,True,False,True,46.31995029309217,59.95996153354645,63.943353819847104,63.94479372262955,3.894857074638116,0.8338897951284628,0.7819420944420244,0.7819244865651452,18.055687273249905,0.4391138553619385,60.373828732967375,60.37668873071671,0.9263990058618434,1.1991992306709292,1.278867076396942,1.278895874452591
7640,230,1,8,0.36,0.84,False,False,False,False,39.39645451036367,22.039419174194336,64.4531580209732,64.52719968795776,1.638026680094881,2.268662327871625,0.775757178612336,0.7748670379190616,23.68811433152719,17.772584319114685,61.01140267848969,61.0903729891777,0.7879290902072733,0.4407883834838867,1.2890631604194642,1.2905439937591552
7809,636,5,8,1.93,0.81,False,True,False,True,59.10107695530443,61.948763847351074,119.98206639289856,119.99042916297913,1.468530240889298,0.8078104096890433,0.4167289454432759,0.4166999013927715,35.49460185976589,36.73235392570496,60.395603358745575,60.41321055889129,1.182021539106089,1.2389752769470217,2.399641327857971,2.3998085832595826
4226,1143,8,32,0.13,0.89,False,True,False,True,84.0841458439827,64.31931447982788,119.92391883134842,119.93509635210036,0.6562395732399674,0.7773714716072905,0.4169310051475577,0.4168921487672415,45.262839863697685,60.19883847236633,60.27323046922684,60.296020171642304,1.6816829168796543,1.2863862895965577,2.3984783766269686,2.398701927042007
5712,180,4,16,0.79,0.79,True,False,False,False,21.78312406539917,21.79995822906494,21.82062939405441,21.82367824316025,2.295361953313164,2.293582376539549,2.2914096150625136,2.2910895116551657,17.54409427165985,17.554428458213806,17.73071938753128,17.73201801776886,0.4356624813079835,0.4359991645812988,0.4364125878810883,0.4364735648632049
4104,672,1,16,1.29,0.76,False,False,False,False,24.33004422054113,21.79785466194153,57.91074547767639,57.91938591003418,5.151552154710364,2.29380371488111,0.8633976231491994,0.8632688215119521,20.080579425686988,17.27400517463684,53.14114272594452,53.15640892982483,0.4866008844108224,0.4359570932388306,1.158214909553528,1.1583877182006836
7482,878,8,16,0.25,0.88,False,False,False,True,5.986390351057053,5.993400573730469,6.065315163135528,6.070944380760193,8.353077183361684,8.342509298162238,8.243594714863534,8.235950928764103,1.809454048871994,1.901245355606079,1.9967241406440728,2.024293580055237,0.1197278070211409,0.1198680114746093,0.1213063032627105,0.1214188876152038
7957,667,3,32,1.1,0.92,False,False,True,True,5.968846440315247,5.996204257011414,6.081941056251526,6.08899610042572,8.378649672980362,8.338610273082683,8.22105962276337,8.211534245775427,1.7736062264442445,1.9162036180496216,2.0146613717079163,2.047984755039215,0.1193769288063048,0.1199240851402282,0.1216388211250305,0.1217799220085144
4255,822,4,16,1.84,0.88,False,True,True,True,5.147746857404709,4.908504366874695,6.284771728515625,6.494811818599701,9.852795773663228,10.193025903163893,7.95573859617354,7.698452619200798,0.936026772260666,0.6556754112243652,2.07270268201828,2.309380505084992,0.1029549371480941,0.0981700873374939,0.1256954345703125,0.129896236371994
4363,1438,3,8,0.62,0.91,False,False,False,False,66.45441083514362,60.10316443443298,120.01995615959169,120.02486542701722,1.095041090024868,0.831902953371871,0.4165973859944629,0.4165803462653161,37.189917129114136,24.8813738822937,61.1523820400238,61.62362762451172,1.3290882167028728,1.2020632886886595,2.400399123191834,2.400497308540344
7374,1600,8,16,0.29,0.91,True,False,True,False,87.16108005794126,64.26613450050354,120.0040120124817,120.01639011859892,0.6369483117952494,0.778014741179248,0.4166527369068439,0.4166097644622539,45.82987729471121,61.088929176330566,61.13608090877533,115.45881404399871,1.743221601158825,1.2853226900100707,2.400080240249633,2.4003278023719785
6757,354,4,32,1.54,0.8,True,False,False,False,17.40906154155731,17.41706383228302,17.4392986536026,17.440589396953584,2.872075307560441,2.870747935370884,2.8670877832758213,2.86687559097696,13.334691486358643,13.365018129348757,13.375071156024934,13.377209322452543,0.3481812308311462,0.3483412766456604,0.348785973072052,0.3488117879390716
5761,1088,7,16,0.35,0.83,False,False,False,True,21.85061248779297,21.876585006713867,21.892080986499785,21.89826190710068,2.2882734352836427,2.285548680774361,2.283930889477554,2.2832862363111834,17.514782333374022,17.529563903808594,17.665514171123505,17.669018592834473,0.4370122497558594,0.4375317001342773,0.4378416197299957,0.4379652381420135
6378,1177,4,8,1.69,0.95,True,False,True,False,30.26019049459888,22.191354990005493,63.95458573102951,63.96184580087662,1.969652953035609,2.2531296597898005,0.7818047673745623,0.7817160296796423,26.354199251820965,17.878806233406067,61.02463837862015,61.030768716335295,0.6052038098919776,0.4438270998001098,1.27909171462059,1.2792369160175323
6862,1684,1,8,1.5,0.93,False,True,False,False,18.17558970451355,18.183642029762268,18.202015137672426,18.204654114246367,2.7509481386153465,2.7497241848194323,2.7469486003421864,2.746550398010247,14.018228087425232,14.05696702003479,14.061948537826538,14.065199315547943,0.3635117940902711,0.3636728405952453,0.3640403027534485,0.3640930822849273
6917,467,7,32,1.76,0.89,True,False,True,True,22.083377890586853,22.08858966827393,22.12654830217361,22.12766657352448,2.264152677485275,2.263612153839766,2.259728870751134,2.2596146702208526,17.896615171432494,17.929946184158325,17.939431750774382,17.940064702033997,0.441667557811737,0.4417717933654785,0.4425309660434723,0.4425533314704895
6731,689,1,32,0.63,0.98,False,False,True,False,66.72930978277455,64.72499799728394,114.36342182159424,114.37250249385832,1.2909652658872033,0.7724990582788146,0.437202727972994,0.4371680160560829,39.6287559364153,56.06659436225891,61.272829270362855,61.284238648414615,1.3345861956554907,1.2944999599456788,2.2872684364318845,2.2874500498771666
6193,95,5,8,0.72,0.97,False,False,True,True,77.73954512792476,64.93050789833069,119.9034507393837,119.92335007190704,0.6989634624446862,0.7700540417445884,0.4170021771420811,0.4169329871090012,40.08489056895761,61.2177164554596,61.256679844856265,61.25933200359344,1.554790902558495,1.2986101579666136,2.3980690147876738,2.398467001438141
5536,2016,6,16,1.13,0.96,False,False,False,True,65.16004276275635,65.16017985343933,65.17712562084198,65.17814305782318,0.7673414403818914,0.7673398095656249,0.767140304605985,0.7671283294940028,61.105541593150086,61.106359243392944,61.12155530452728,61.12343654155731,1.3032008552551269,1.3032035970687863,1.3035425124168396,1.3035628611564636
4382,1142,2,16,1.26,0.87,False,True,False,True,62.95597738569433,63.57340240478516,119.9976725935936,120.01495514154436,1.253575875398543,0.7864924340869496,0.4166747480986341,0.4166147455764985,40.35824945478728,60.09710764884949,60.31819511651993,98.56161032676684,1.2591195477138863,1.271468048095703,2.399953451871872,2.400299102830887
4773,387,3,8,0.44,0.79,False,True,False,False,63.28136541416396,63.48843669891357,119.90791914463044,119.91809828042985,1.4083827088916807,0.7875449861726539,0.4169866373874793,0.4169512419832594,38.87094647137087,54.45105421543121,60.15893051624298,115.77471965551376,1.2656273082832792,1.2697687339782715,2.3981583828926087,2.398361965608597
6312,1937,6,16,0.86,0.97,False,True,False,False,64.9164837071153,60.14207422733307,114.84368333816528,114.86856976270676,1.4893733544699803,0.8313647417966818,0.4353744024093421,0.4352800780728999,32.8207453117996,13.799471616744995,60.01358095407486,60.0205655002594,1.298329674142306,1.2028414845466613,2.2968736667633056,2.297371395254136
4697,128,3,16,1.67,0.78,True,True,False,True,18.886718578338623,18.891031503677368,18.94068455696106,18.966035661697383,2.647379597534329,2.646758600102792,2.63982016592878,2.6362926743708983,14.40672592163086,14.291860938072205,14.759932613372802,14.772124297618866,0.3777343715667724,0.3778206300735474,0.3788136911392212,0.3793207132339478
5191,1431,3,8,0.28,0.93,False,False,True,True,67.15476369641044,63.12646114826202,114.18775585889816,114.21060042858124,1.3063285800694784,0.7920608744348845,0.4378753188298164,0.4377877346176201,38.2207201979377,55.501919865608215,60.35238155126572,60.37041355848312,1.3430952739282085,1.2625292229652405,2.283755117177963,2.2842120085716244
4580,1062,5,16,1.04,0.93,True,True,True,True,18.699257135391235,18.698778986930847,18.73683520555496,18.74601328372956,2.673910715668044,2.673971389877149,2.6685403178966194,2.667233954696389,14.272697896957398,14.157320261001589,14.624806201457975,14.630771148204804,0.3739851427078246,0.3739755797386169,0.3747367041110993,0.374920265674591
4150,687,3,32,0.32,0.78,True,True,True,True,21.96354841709137,21.965009808540344,22.00924570560456,22.02144611120224,2.276507730491414,2.276347720385705,2.2717725395075004,2.2705144357234626,17.41057993888855,17.23456060886383,17.82271726131439,17.827525339126588,0.4392709683418271,0.4393001961708069,0.4401849141120911,0.4404289222240448
4968,212,6,8,1.84,0.81,False,False,True,True,43.55249071890308,59.97831606864929,65.16515505313873,65.16536028385163,3.5399071691112503,0.833634607926831,0.7672812250553231,0.7672788085921007,15.741374869500437,2.993055582046509,61.32306683063507,61.32451286315918,0.8710498143780617,1.199566321372986,1.3033031010627747,1.3033072056770325
5607,129,4,32,1.68,0.87,False,False,True,False,89.08209342222948,65.86943101882935,120.03864974975586,120.05592195510864,0.6175354619695859,0.7590774540880286,0.4165325098299339,0.4164725862854094,58.42651036335872,61.42301964759827,61.51843361854553,116.19570407867432,1.7816418684445887,1.317388620376587,2.4007729949951173,2.401118439102173
5264,457,5,8,1.46,0.94,True,False,True,True,12.740593773978096,6.155527591705322,40.02860224246979,40.05735557079315,7.034479901769808,8.122780599648632,1.249106819379135,1.248210206689587,8.37923891544342,1.6454263925552368,35.154133307933805,35.19895217180252,0.2548118754795619,0.1231105518341064,0.8005720448493957,0.801147111415863
4911,816,2,32,0.78,0.96,True,True,True,True,6.135157508850098,6.149057745933533,6.184669375419617,6.186024324893952,8.150253464200476,8.131327182357364,8.084506551337507,8.082735999687479,1.545097417831421,1.6227216720581057,1.97121217250824,1.9725384545326232,0.1227031501770019,0.1229811549186706,0.1236933875083923,0.123720486497879
6629,1012,1,32,0.17,0.82,True,False,True,False,5.6859834086894985,5.895648002624512,6.030555760860443,6.03419861793518,8.844135688309217,8.48083233784196,8.291109808867441,8.286104449895435,1.5138864719867706,1.662257432937622,1.8387360215187072,1.8420091485977168,0.1137196681737899,0.1179129600524902,0.1206111152172088,0.1206839723587036
6727,1525,3,8,1.45,0.95,False,True,False,True,5.232001286745072,4.8249125480651855,6.267719209194183,6.270315525531768,9.720712888817278,10.372894965166656,7.977383532191315,7.974080378700099,1.0180065095424653,0.547104001045227,2.08782172203064,2.093008358478546,0.1046400257349012,0.0964982509613037,0.1253543841838836,0.1254063105106354
7182,137,8,32,1.01,0.85,False,False,True,True,6.058524931669235,5.960722804069519,6.998627901077271,7.005526285171509,8.32490987934559,8.388244453912979,7.144257519108681,7.137222524872272,1.954272871017456,1.873590588569641,2.8416956067085266,2.8470732712745668,0.1211704986333846,0.1192144560813903,0.1399725580215454,0.1401105257034301
5844,87,7,16,1.91,1.0,False,True,False,False,4.827240003347397,4.507272720336914,6.022986662387848,6.045477018356324,10.478851351142836,11.093182752951638,8.301529315209603,8.270645952526557,0.7595384860038757,0.4960083961486816,2.070952951908112,2.075760209560394,0.0965448000669479,0.0901454544067382,0.1204597332477569,0.1209095403671264
6787,409,4,8,1.99,0.85,True,False,True,True,6.130528005361557,6.004480957984924,6.576799726486206,6.581623420715332,8.171002811527442,8.327114493060154,7.602481766247072,7.596909883020741,1.7945638477802277,1.814913392066956,2.398408043384552,2.4010624289512634,0.1226105601072311,0.1200896191596984,0.1315359945297241,0.1316324684143066
5772,340,8,16,0.62,0.97,True,False,False,False,5.484182333946228,5.405893921852112,5.901606070995331,5.905393345355988,9.13270383684248,9.2491676873882,8.472269988896425,8.466836543679568,1.6493707239627835,1.7030282020568848,1.857138633728028,1.862005610466004,0.1096836466789245,0.1081178784370422,0.1180321214199066,0.1181078669071197
7306,1500,1,32,0.03,0.91,True,True,False,True,5.929435753822327,5.941444516181946,5.965442001819611,5.968407864570618,8.432800301073009,8.415462163970517,8.381608611330165,8.377445291595556,1.5781302452087402,1.8048985004425049,1.8157453060150144,1.8197828841209407,0.1185887150764465,0.1188288903236389,0.1193088400363922,0.1193681572914123
4575,805,6,8,0.85,0.93,True,False,True,True,6.069485497474671,6.021717667579651,6.4880756616592405,6.494915115833282,8.251379685758845,8.3032787183368,7.706445271647246,7.698330049865047,1.5734276568889618,1.5613746643066406,2.2968234062194823,2.303241903781891,0.1213897099494934,0.120434353351593,0.1297615132331848,0.1298983023166656
7600,441,7,8,0.79,0.75,True,True,True,False,6.682265100479126,6.693249464035034,6.715847659111023,6.717074282169342,7.482653310190575,7.470213178250351,7.445076566654933,7.443717067330823,2.470128827095032,2.468558430671692,2.4821982383728027,2.483079340457916,0.1336453020095825,0.1338649892807006,0.1343169531822204,0.1343414856433868
8162,499,2,8,0.24,0.95,False,False,False,False,6.031629244089126,6.0349719524383545,6.164038753509521,6.184586880207061,8.291213690794509,8.285042681370825,8.111564960179216,8.084614518398304,1.8227534890174864,1.8137599229812624,2.0419684290885924,2.094225530624389,0.1206325848817825,0.1206994390487671,0.1232807750701904,0.1236917376041412
5721,1287,8,16,0.14,0.9,False,False,False,False,6.06904612660408,6.066997766494751,6.208877086639404,6.224762275218963,8.240673273114599,8.241322496040109,8.052985959022815,8.032435793145488,1.6638707184791566,1.722510814666748,1.9213507771492004,1.9902073431015013,0.1213809225320817,0.121339955329895,0.124177541732788,0.1244952455043792
7768,895,7,8,1.17,0.99,True,True,True,True,6.58605327129364,6.599777817726135,6.618497097492218,6.619542458057404,7.591971790441122,7.576012624517338,7.554585169377725,7.55339219127859,2.1111261463165283,2.039052724838257,2.373471570014954,2.374387245178222,0.1317210654258728,0.1319955563545227,0.1323699419498443,0.132390849161148
4821,273,2,16,0.85,0.87,True,False,False,False,5.856650902032852,5.905492305755615,5.947738075256348,5.96789891242981,8.540042620481591,8.466694636515632,8.406557143064388,8.378158087537347,1.5094455480575562,1.4748398065567017,1.8444127082824704,1.85913156747818,0.1171330180406571,0.1181098461151123,0.1189547615051269,0.1193579782485961
6366,1151,2,32,1.17,0.83,True,False,True,True,6.005457634925842,5.994780778884888,6.124507427215576,6.13329000711441,8.339805559135485,8.340588579831637,8.163921849096658,8.152233151072833,1.7456314539909363,1.826528787612915,1.933358693122864,1.977173159122467,0.1201091526985168,0.1198956155776977,0.1224901485443115,0.1226658001422882
7166,1505,3,32,0.9,0.89,True,False,True,True,5.940769790410996,5.97481906414032,6.055121541023254,6.061619162559509,8.41993795143786,8.368454428325812,8.25747256524367,8.248621217856234,1.7070326685905457,1.830739974975586,1.951049280166626,1.996870856285095,0.11881539580822,0.1194963812828064,0.1211024308204651,0.1212323832511901
6695,637,6,8,1.16,0.9,False,True,True,False,5.005906641483307,4.746412396430969,6.118880391120911,6.12621533870697,10.114842708771713,10.53427232268158,8.171429543913456,8.161645851552429,0.6951390135288239,0.4485691785812378,2.009859800338745,2.0149394392967226,0.1001181328296661,0.0949282479286193,0.1223776078224182,0.1225243067741394
8037,723,5,16,1.12,0.89,False,True,True,False,4.790410153865814,4.617810249328613,5.514681625366211,5.524639489650727,10.503199047007008,10.82764290212288,9.066706775722682,9.050364302407305,0.6679319941997528,0.5038893222808838,1.4425147652626038,1.45183584690094,0.0958082030773163,0.0923562049865722,0.1102936325073242,0.1104927897930145
5770,406,3,32,1.32,0.98,False,True,False,False,4.953464412689209,4.7435561418533325,5.806438612937927,5.974089252948761,10.183714334612976,10.540617691717744,8.611130390475575,8.369476565038264,0.8228666388988495,0.5755994319915771,1.651082730293274,2.1273620200157164,0.099069288253784,0.0948711228370666,0.1161287722587585,0.1194817850589752
5123,809,3,8,0.39,0.99,False,False,False,True,5.947501795291901,5.985901832580566,6.106021845340729,6.123778324127197,8.411506276340287,8.352960615247417,8.188637663521526,8.164893900681628,1.5751037418842315,1.535603404045105,1.8665773272514343,1.8719187760353089,0.118950035905838,0.1197180366516113,0.1221204369068145,0.1224755664825439
6811,294,4,8,0.97,0.75,True,False,False,False,6.138512514829635,6.106273174285889,6.5973404288291935,6.606275820732117,8.161571224123453,8.188300714530925,7.578811597398697,7.5685607786658275,1.8543836712837216,1.845909833908081,2.411260998249054,2.415311884880066,0.1227702502965927,0.1221254634857177,0.1319468085765838,0.1321255164146423
5449,1134,7,32,0.24,0.82,False,True,True,True,5.024116054773331,4.71315860748291,6.069201731681824,6.074083535671234,10.07421512379566,10.608596978739506,8.238315716321123,8.231694498606322,0.7622738671302796,0.5261826515197754,1.9031006217002868,1.9069152164459229,0.1004823210954665,0.0942631721496582,0.1213840346336364,0.1214816707134246
4593,555,1,16,0.48,0.97,True,True,False,True,5.986101312637329,5.9783453941345215,6.015096211433411,6.018094522953033,8.352809784146043,8.363518179998376,8.312419041934403,8.308278228808119,1.452082872390747,1.1432100534439087,1.892033839225769,1.8940825605392453,0.1197220262527466,0.1195669078826904,0.1203019242286682,0.1203618904590606
7430,575,7,8,0.15,0.97,True,False,True,False,5.9756351149082185,5.9035964012146,6.613017845153808,6.616790912151337,8.399469436628618,8.46941365940879,7.56084456027459,7.556533177870588,1.6536520624160769,1.6626261472702026,2.3840857982635497,2.38842342376709,0.1195127022981643,0.1180719280242919,0.1322603569030761,0.1323358182430267
4792,390,4,32,1.57,0.72,True,False,False,False,5.826557483673096,5.715993642807007,6.625588095188121,9.143249251842494,8.750174135676186,8.747385520626896,7.5559759125220385,5.468626579252681,1.2087018263339997,1.376632571220398,1.982806432247162,1.988841369152069,0.1165311496734618,0.1143198728561401,0.1325117619037624,0.1828649850368499
7861,1986,1,8,1.32,0.96,True,True,False,True,6.610943360328674,6.6169493198394775,6.649252653121948,6.650910613536834,7.56341484075027,7.556353241544342,7.519642077718696,7.517767601702609,2.1589011049270628,2.4408499002456665,2.45261344909668,2.4548005628585816,0.1322188672065734,0.1323389863967895,0.1329850530624389,0.1330182122707367
4706,822,8,16,1.74,0.79,True,True,False,True,5.919129495620727,5.92705512046814,5.953091728687286,5.967653257846832,8.44744402220412,8.435892597819837,8.398997415008713,8.378530826005564,1.5056426429748535,1.3488551378250122,1.844502329826355,1.851732680797577,0.1183825899124145,0.1185411024093627,0.1190618345737457,0.1193530651569366
7051,561,7,8,0.59,0.94,False,True,False,False,5.17079045176506,5.090859055519104,6.015966022014618,6.021278340816497,9.786167230026903,9.856221845761958,8.311217154697745,8.30388451946678,0.695493152141571,0.4409874677658081,1.6718649983406066,1.6798422193527225,0.1034158090353012,0.101817181110382,0.1203193204402923,0.1204255668163299
7831,565,3,8,0.34,0.83,True,True,True,True,6.612625665664673,6.635612487792969,6.661438548564911,6.666750288009643,7.56171313708575,7.535099492308201,7.505886311763571,7.499908639836019,2.0724946784973146,2.3455162048339844,2.358867013454437,2.3611354565620424,0.1322525133132934,0.1327122497558593,0.1332287709712982,0.1333350057601928
6029,69,4,16,1.9,0.87,False,False,False,True,6.432880567312241,6.393208026885986,8.187086403369904,8.289434030056,7.905820422108929,7.820799793708248,6.107178825174493,6.03177490722428,2.1317805421352385,2.218422532081604,3.060546886920929,3.0703829526901245,0.1286576113462448,0.1278641605377197,0.163741728067398,0.1657886806011199
8021,375,5,16,1.63,0.88,True,False,True,True,5.711828963756561,5.846996665000916,6.031051695346832,6.040746796131134,8.785791663642893,8.55139984469779,8.290428098662353,8.277122298014527,1.6361420607566834,1.768470287322998,1.891257166862488,1.8997466993331908,0.1142365792751312,0.1169399333000183,0.1206210339069366,0.1208149359226226
4040,1216,4,32,1.67,0.96,False,False,True,True,6.213962082862854,6.07477593421936,6.678810894489288,6.6864548015594485,8.061642706895876,8.230756317778685,7.486362586115593,7.477804230275105,1.7585850703716277,1.6835181713104248,2.4919530034065245,2.4939365863800047,0.124279241657257,0.1214955186843872,0.1335762178897857,0.1337290960311889
6636,1434,7,16,0.38,0.95,False,False,False,True,6.135345338582993,6.088868618011475,6.419939279556274,6.44585741519928,8.154564591274637,8.211706197842474,7.788235659294336,7.756919958365941,1.9037514519691467,1.9147311449050903,2.2753408789634704,2.279595878124237,0.1227069067716599,0.1217773723602295,0.1283987855911255,0.1289171483039856
7710,275,8,8,1.32,0.8,False,True,False,False,4.936707550287247,4.685591459274292,6.054879295825958,6.059392738342285,10.268013206761893,10.671011429210736,8.257802936678836,8.251651966070972,0.7309604334831238,0.4570037126541137,1.960108256340027,1.9630271792411804,0.0987341510057449,0.0937118291854858,0.1210975859165191,0.1211878547668457
4685,1296,8,16,0.02,0.83,False,False,True,True,7.893028227090835,9.131186723709106,9.58737667798996,9.627973682880402,6.820647497080749,5.475739552797403,5.215190959457376,5.193200739213006,3.60690288066864,5.181843400001526,5.722716307640075,5.750296058654785,0.1578605645418166,0.1826237344741821,0.1917475335597992,0.192559473657608
5087,1617,5,32,0.21,0.94,False,True,True,True,4.99127407670021,4.730728626251221,5.937013554573059,5.942322444915772,10.120426329034816,10.56919647303124,8.421742607384006,8.414218592915516,0.7332951593399047,0.5117059946060181,1.8279306173324583,1.8338970899581908,0.0998254815340042,0.0946145725250244,0.1187402710914611,0.1188464488983154
6252,1528,6,32,1.67,0.91,True,False,True,True,5.878411424160004,5.936144232749939,5.998429751396179,6.003188436031341,8.50952621010836,8.4229759318508,8.335514813358316,8.328907307860058,1.6517752623558044,1.769326090812683,1.8844884634017944,1.8868533325195311,0.1175682284831999,0.1187228846549987,0.1199685950279235,0.1200637687206268
5033,879,8,32,1.19,0.92,True,False,False,True,5.870740090608597,5.891394734382629,5.960939347743988,5.968208422660828,8.51856380806944,8.486954986270922,8.387939733398682,8.37772350913305,1.5143566727638245,1.4861090183258057,1.8190127134323115,1.877787318229676,0.1174148018121719,0.1178278946876525,0.1192187869548797,0.1193641684532165
7828,287,8,32,0.34,0.92,True,False,False,False,5.877762743234634,5.950261354446411,6.009793484210968,6.018688631057739,8.51174584536673,8.402992261385455,8.319753462806917,8.307457498753985,1.640690988302231,1.8235297203063965,1.912318181991577,1.9474492049217225,0.1175552548646927,0.1190052270889282,0.1201958696842193,0.1203737726211547
6620,1027,5,8,1.28,0.88,True,False,False,False,6.178756031990051,6.094184517860413,6.570369529724121,6.578421967029572,8.101983608987059,8.204543190776079,7.609922110874586,7.600606993026573,1.925450360774994,1.9290287494659424,2.365841567516327,2.3718743467330934,0.123575120639801,0.1218836903572082,0.1314073905944824,0.1315684393405914
6637,1339,6,32,0.45,0.9,True,False,False,False,5.903302859067917,5.852415919303894,6.09207454919815,6.1016562557220455,8.473684300870731,8.543498053595611,8.207384827319474,8.1944963636918,1.8172240948677063,1.8390730619430544,1.9518634557724,1.988448266983032,0.1180660571813582,0.1170483183860778,0.121841490983963,0.1220331251144409
5356,276,5,32,1.23,0.93,True,True,True,True,5.890666425228119,5.899749398231506,5.918523788452148,5.920197882652283,8.488197580857262,8.47493624686011,8.448052598818037,8.445663818114728,1.535542870561282,1.7987655401229858,1.808284592628479,1.8095938444137567,0.1178133285045624,0.1179949879646301,0.1183704757690429,0.1184039576530456
4731,319,5,32,0.97,0.86,True,False,False,True,5.890089418888092,5.895159602165222,5.9451004505157465,5.995045704841614,8.489525681863148,8.481534576760854,8.410287193961958,8.340220097368164,1.5094913697242738,1.4656944274902344,1.8607346057891845,1.8744270777702328,0.1178017883777618,0.1179031920433044,0.1189020090103149,0.1199009140968322
7746,692,1,16,1.62,0.92,False,False,True,False,5.952433923482895,5.985492706298828,6.094495499134064,6.101727981567382,8.405271574388149,8.353531759292451,8.204124527175688,8.194400137891968,1.8987844228744504,1.939656019210816,2.040046405792236,2.079052851200104,0.1190486784696578,0.1197098541259765,0.1218899099826812,0.1220345596313476
5853,116,7,8,1.49,0.75,True,False,False,False,6.124019491672516,6.01569938659668,6.5949696660041806,6.601377944946289,8.179352517966755,8.285068346072624,7.581536066941909,7.57417625543445,1.7830439352989196,1.740189790725708,2.4487667322158813,2.456670997142792,0.1224925918788327,0.120700204372406,0.1318993933200836,0.1320275588989257
6996,168,7,16,1.08,0.91,False,False,True,True,5.9422329604625705,5.956443309783936,6.0334084033966064,6.042167956829071,8.41540616784809,8.394271311550547,8.28718970837202,8.275175460555317,1.768273742198944,1.8820593357086184,1.988145852088928,2.027146904468536,0.1188446592092514,0.1191288661956787,0.1206681680679321,0.1208433591365814
6520,326,2,32,1.31,0.95,False,False,True,False,5.950185000896454,5.973371982574463,6.056245756149292,6.079819238185881,8.405441414157002,8.370481735567111,8.255939741573556,8.223961352132848,1.8469584453105927,1.87301766872406,2.0224398970603943,2.160950696468351,0.1190037000179291,0.1194674396514892,0.1211249151229858,0.1215963847637176
4005,1575,7,32,0.44,0.97,False,True,False,False,4.789996531009674,4.668683648109436,5.309419703483582,5.31570412158966,10.475590118584984,10.709656900958368,9.417225014447585,9.406091622498227,0.6275806140899658,0.5114579200744629,1.1481631517410278,1.2141336607933044,0.0957999306201935,0.0933736729621887,0.1061883940696716,0.1063140824317932
7116,1892,7,32,1.74,0.93,True,True,True,True,5.917188096046448,5.923906564712524,5.95160608291626,5.9549723768234255,8.450225891822832,8.44037810771275,8.401093710741476,8.39634628296745,1.614557843208313,1.886966228485108,1.909021747112274,1.914459478855133,0.1183437619209289,0.1184781312942505,0.1190321216583251,0.1190994475364685
6751,1022,1,8,1.77,0.85,False,True,False,False,5.012657796144485,4.776082396507263,6.132408368587494,6.138229637145996,10.108360662113505,10.468832511426877,8.153403524262329,8.145671139085364,0.8186163318157196,0.5276823043823242,1.9703292965888977,1.9754128170013427,0.1002531559228897,0.0955216479301452,0.1226481673717498,0.1227645927429199
4878,227,1,32,0.78,0.78,True,True,True,True,6.026280326843262,6.039484262466431,6.066095530986786,6.070734987258911,8.297243748446194,8.278852860307072,8.242534221536626,8.23623835777075,1.5380288553237915,1.966930866241455,1.9770431160926816,1.9814910292625427,0.1205256065368652,0.1207896852493286,0.1213219106197357,0.1214146997451782
6609,119,6,16,0.95,0.85,False,False,True,False,5.890897164344787,5.920690417289734,5.980424380302429,6.006941883563996,8.489357159128739,8.444961056315545,8.360610712989455,8.323703678148648,1.761870585680008,1.87354063987732,1.9794254064559933,2.0208644986152646,0.1178179432868958,0.1184138083457946,0.1196084876060485,0.1201388376712799
5444,1696,7,32,0.3,0.93,True,True,False,True,6.132061705589295,6.14137864112854,6.185524427890778,6.189702479839325,8.154163137131782,8.141494881172196,8.083389568853901,8.077932740732116,1.6265634489059448,1.3195656538009644,2.026885139942169,2.030090243816376,0.1226412341117859,0.1228275728225708,0.1237104885578155,0.1237940495967865
5295,1102,5,32,1.11,0.97,False,True,True,False,4.657374777793884,4.44348931312561,5.398419785499573,5.402351415157318,10.807907481058251,11.25241838010204,9.261969611014038,9.255229096920484,0.6018262934684754,0.4375261068344116,1.4195005655288695,1.423731002807617,0.0931474955558777,0.0888697862625122,0.1079683957099914,0.1080470283031463
4455,1525,4,16,1.74,0.95,False,True,True,True,5.011455672979355,4.674002051353455,6.396672856807709,6.412501952648163,10.172990340569712,10.697470702189118,7.816564237651072,7.797268582274911,0.8135226404666901,0.5562142133712769,1.9628321766853327,2.333606715202332,0.100229113459587,0.093480041027069,0.1279334571361541,0.1282500390529632
6254,1014,2,32,0.26,0.79,True,False,True,True,8.159841079711914,8.42798912525177,10.793921434879302,11.995132784843442,6.486678675316988,5.932614292486787,4.632240291510525,4.168387477944726,3.940861302614212,4.478429198265076,5.419906461238861,5.550423882007597,0.1631968215942383,0.1685597825050354,0.215878428697586,0.2399026556968688
7954,416,5,32,1.79,0.75,False,False,True,False,6.048906624317169,6.061300158500671,6.11076443195343,6.129282517433166,8.266653381908105,8.249055300008806,8.182282358065672,8.157561661737052,1.970180450677872,1.9914417266845703,2.057163226604461,2.073577105998993,0.1209781324863434,0.1212260031700134,0.1222152886390686,0.1225856503486633
5262,1280,5,8,0.06,0.99,True,True,False,True,6.652816820144653,6.672598242759705,6.699965786933899,6.705095148086548,7.515965608310664,7.493333115751049,7.462724793799715,7.457016982186901,2.1095630979537963,2.4479451179504395,2.4561465620994567,2.460090477466584,0.133056336402893,0.1334519648551941,0.133999315738678,0.1341019029617309
7478,398,5,16,1.46,0.81,True,False,True,True,5.988312351703644,6.034524321556091,6.114150655269623,6.122085781097412,8.353280628465038,8.285658486944605,8.177750733010356,8.167151164894673,1.6238086831569671,1.8375416994094849,1.944247877597809,1.984000813961029,0.1197662470340729,0.1206904864311218,0.1222830131053924,0.1224417156219482
7264,1978,4,16,1.19,1.0,False,True,True,False,4.711277282238006,4.566227316856384,5.601984930038452,5.609485113620758,10.70993812707978,10.949958793636569,8.925407801777569,8.913474058384812,0.6786661660671234,0.4578560590744018,1.6841266989707946,1.6873838686943057,0.0942255456447601,0.0913245463371277,0.112039698600769,0.1121897022724151
5772,998,4,16,0.3,0.98,True,True,True,True,6.025240044593812,6.021148681640625,6.070842158794403,6.078013124465943,8.298772264744066,8.304063405204365,8.236090449087056,8.226376962905219,1.685844931602478,1.6497316360473633,1.8855005502700808,1.886344816684723,0.1205048008918762,0.1204229736328125,0.121416843175888,0.1215602624893188
4475,905,7,8,0.4,0.91,True,False,True,True,6.1454345726966855,5.814861297607422,7.030261242389679,7.038384487628937,8.191270970549539,8.598680057069732,7.11211124318567,7.103902904527108,1.7595954501628877,1.5338701009750366,2.799857831001282,2.8097988891601564,0.1229086914539337,0.1162972259521484,0.1406052248477936,0.1407676897525787
5113,385,4,16,0.98,0.82,False,True,False,True,4.951162283420563,4.668810129165649,5.928254497051239,5.932786853313446,10.213034738331546,10.709367935739724,8.434185823507505,8.42774251607567,0.7331417047977448,0.4955822229385376,1.7526402950286866,1.755711452960968,0.0990232456684113,0.093376202583313,0.1185650899410247,0.1186557370662689
7327,1136,8,16,0.49,0.96,False,False,False,True,5.941504760980606,5.941957831382752,6.000044131278992,6.005182890892029,8.415817674146465,8.414734960756078,8.333272040723305,8.326141087197554,1.7505943989753725,1.8133782148361208,1.9399856448173525,1.9792676019668576,0.1188300952196121,0.118839156627655,0.1200008826255798,0.1201036578178405
5111,468,6,16,0.62,0.76,False,True,True,True,4.958007454872131,4.6128575801849365,6.175888013839722,6.181488626003265,10.250538486927391,10.83961533597909,8.096001722835604,8.088666504992888,0.7127220046520233,0.4437030553817749,1.842892956733704,1.848802313804626,0.0991601490974425,0.0922571516036987,0.1235177602767944,0.1236297725200653
7706,425,2,16,1.77,0.76,True,False,True,True,5.822715613842011,5.742167115211487,6.019672048091889,6.036895120143891,8.592035689441413,8.707513985182437,8.306100332958598,8.282403299929047,1.4408070850372314,1.6339166164398191,1.769897985458374,1.7767431139945984,0.1164543122768402,0.1148433423042297,0.1203934409618377,0.1207379024028778
7365,301,6,16,1.03,0.74,True,False,False,False,5.797431038618088,5.798159837722778,6.035880720615387,6.040537354946136,8.631789512965932,8.623425763433826,8.283795242990989,8.27740929169767,1.72904914021492,1.8440622091293333,1.961471474170685,1.9983060073852537,0.1159486207723617,0.1159631967544555,0.1207176144123077,0.1208107470989227
6530,617,4,16,0.71,0.81,False,False,True,True,6.049754438400268,6.0268874168396,6.211460053920746,6.229878959655761,8.267366890119245,8.296156489947652,8.049637224050963,8.025838421141712,1.7469750881195067,1.8693742752075195,1.984765374660492,2.017336184978485,0.1209950887680054,0.1205377483367919,0.1242292010784149,0.1245975791931152
6065,567,6,8,1.4,0.8,False,False,False,True,6.176450889110566,6.179641008377075,6.492997920513153,6.506371104717255,8.103023693692684,8.091084900177202,7.700603114090079,7.684775317979767,1.7749456882476806,1.968045711517334,2.092894053459168,2.1409384655952453,0.1235290177822112,0.1235928201675415,0.129859958410263,0.130127422094345
4943,1106,5,32,1.54,0.84,True,False,True,False,5.921150076389313,5.925095558166504,5.982880938053131,6.010596482753754,8.445072853357665,8.438682468563577,8.357177919467894,8.318641986130677,1.5644059777259829,1.5257036685943604,1.931180715560913,1.938089187145233,0.1184230015277862,0.11850191116333,0.1196576187610626,0.120211929655075
4426,876,4,8,1.87,0.87,True,False,True,False,6.156055961847305,6.014953851699829,6.65221232175827,6.659974987506867,8.143472638554329,8.31261623675767,7.5162964723532495,7.507535703401573,1.6774554789066314,1.7050679922103882,2.270777773857117,2.470164771080017,0.123121119236946,0.1202990770339965,0.1330442464351654,0.1331994997501373
4288,1347,2,32,0.44,0.83,True,False,False,True,10.100918682813644,9.67545449733734,13.87965395450592,15.32667322874069,5.445599733225256,5.167717757562311,3.602395677252473,3.262292409591114,6.021466827392578,5.6839683055877686,8.548346221446991,8.604000678062437,0.2020183736562728,0.1935090899467468,0.2775930790901184,0.3065334645748138
5087,2001,1,16,1.99,0.99,False,False,False,True,6.449041849374771,6.518574953079224,6.669044959545135,6.684051356315613,7.762202321332896,7.670388146388692,7.497325395333756,7.4804931556909136,2.128661313056946,2.417643547058105,2.643174338340759,2.693869881629944,0.1289808369874954,0.1303714990615844,0.1333808991909027,0.1336810271263122
7566,1211,5,16,0.7,0.93,False,False,True,False,5.905928140878677,5.903849244117737,5.983091378211976,6.016626501083374,8.466725630188968,8.46905094596137,8.35688390523277,8.310304831646476,1.7023296415805818,1.8578112125396729,1.9310564398765564,1.9623969960212704,0.1181185628175735,0.1180769848823547,0.1196618275642395,0.1203325300216674
6634,366,2,32,0.74,0.98,False,False,False,False,5.913471999168396,5.906241536140442,6.0168407440185545,6.023993709087372,8.457222923747462,8.465621828396113,8.310008879002927,8.300141643065436,1.734554659128189,1.8384491205215447,1.9332777380943296,1.972222228050232,0.1182694399833679,0.1181248307228088,0.1203368148803711,0.1204798741817474
4757,829,7,16,0.74,0.92,False,True,True,False,4.690919865369796,4.529138207435608,5.31952029466629,5.323041286468506,10.717428511031514,11.039958793056638,9.399343785053604,9.393126468969948,0.5869372475147248,0.4368360042572021,1.232203984260559,1.2366682982444763,0.0938183973073959,0.0905827641487121,0.1063904058933258,0.1064608257293701
8133,226,4,32,0.13,0.81,False,False,True,False,5.91089024066925,5.891940474510193,6.013161540031433,6.025048658847809,8.459950223499405,8.48616855849698,8.315093430475905,8.298688247925707,1.8679873132705689,1.9064241647720337,2.0039241433143617,2.038393352031708,0.118217804813385,0.1178388094902038,0.1202632308006286,0.1205009731769561
7714,587,1,16,1.71,0.8,True,False,False,True,5.733956600427628,5.5856709480285645,6.214862644672394,6.220389089584351,8.737771070423388,8.951476282402638,8.04523009801771,8.038082390019701,1.5284582388401031,1.610493540763855,2.0090134859085085,2.012719519138336,0.1146791320085525,0.1117134189605712,0.1242972528934478,0.124407781791687
5533,1351,5,32,1.86,0.98,False,True,True,False,4.800624297857285,4.533121585845947,5.929565465450287,5.948113479614258,10.51883518865668,11.029926961650016,8.432321324026379,8.406026593015616,0.8221491062641144,0.5651557445526123,2.0743567824363707,2.079528136253357,0.0960124859571456,0.0906624317169189,0.1185913093090057,0.1189622695922851
5013,1034,7,8,1.4,0.83,False,False,True,True,6.351297031641007,6.356065154075623,6.685704278945923,6.701306879520416,7.884004600131252,7.866502218636418,7.478643798795576,7.461231381297552,1.7625185704231263,1.5678356885910034,2.319524335861206,2.326003532409668,0.1270259406328201,0.1271213030815124,0.1337140855789184,0.1340261375904083
4274,663,2,8,1.91,0.78,True,False,True,False,6.609951858520508,6.063624262809753,8.481643390655517,8.48950353860855,7.732898153924063,8.24589992504202,5.895083971419925,5.889625910143463,2.225764882564545,1.860318779945373,4.582420992851257,4.5882350850105285,0.1321990371704101,0.121272485256195,0.1696328678131103,0.169790070772171
5133,1814,2,16,1.52,0.9,False,True,False,True,5.198353871107101,4.930836319923401,6.348794853687286,6.524988558292389,9.754511014026228,10.140270018363736,7.875510417774627,7.662848688381257,0.9039699792861938,0.6773154735565186,1.9767918705940248,2.18874080657959,0.1039670774221419,0.098616726398468,0.1269758970737457,0.1304997711658477
7460,567,1,32,0.73,0.78,False,False,False,False,5.925171146392822,5.928950071334839,6.058573389053345,6.065215382575989,8.441140509203136,8.43320098358779,8.252767913870683,8.243730356451875,1.6611022019386292,1.8276115655899048,1.96941306591034,2.01012788772583,0.1185034229278564,0.1185790014266967,0.1211714677810669,0.1213043076515197
4236,549,2,32,1.61,0.73,False,False,False,True,7.40803983926773,6.825481772422791,10.084039390087128,10.119960780143735,7.102522208869002,7.325585241602572,4.958330593437792,4.9407306159360855,2.8221313619613646,1.9872039556503296,5.629135990142823,5.639299569129944,0.1481607967853546,0.1365096354484558,0.2016807878017425,0.2023992156028747
7524,333,5,16,1.53,0.77,True,False,True,False,5.764431027173996,5.797282338142395,5.923653554916382,5.92925963640213,8.678502171381666,8.624730880415175,8.44073670763414,8.432756038453014,1.5532924699783326,1.7137912511825562,1.884138548374176,1.8876694464683528,0.1152886205434799,0.1159456467628479,0.1184730710983276,0.1185851927280426
5338,782,4,32,1.19,0.88,False,True,True,False,4.690600328445434,4.4826823472976685,5.47521481513977,5.480720682144165,10.74381210575816,11.154035969055403,9.132061791091452,9.122887829861387,0.6433209240436554,0.4702210426330566,1.4821795701980591,1.4853877711296082,0.0938120065689086,0.0896536469459533,0.1095042963027954,0.1096144136428833
4122,1002,8,16,1.0,0.86,False,False,False,False,5.885796662569046,5.915849447250366,5.980523836612702,5.985931987762451,8.496813890863931,8.451871624413634,8.360471663118423,8.352918161980652,1.4157347226142882,1.5365805625915527,1.9356789588928225,1.9419084882736208,0.1177159332513808,0.1183169889450073,0.119610476732254,0.119718639755249
4374,1574,6,8,1.71,0.98,False,False,True,False,6.253245837688446,6.225144386291504,6.593169498443603,6.62609115600586,8.004768938860844,8.0319422172381,7.583606051916113,7.54592697612593,1.7227914655208587,1.931020975112915,2.243990266323089,2.28177806854248,0.1250649167537689,0.12450288772583,0.131863389968872,0.1325218231201172
4074,1347,4,32,1.99,0.97,True,True,True,True,6.045761671066284,6.043160915374756,6.084612953662872,6.090533604621887,8.270357561769305,8.273815823508109,8.217449563498322,8.209468007315103,1.4088295316696169,1.631245255470276,1.8603891611099244,1.8609752082824704,0.1209152334213256,0.1208632183074951,0.1216922590732574,0.1218106720924377
6898,1814,8,8,0.09,0.9,False,False,True,False,10.095457983016969,10.833389043807983,12.63794984817505,12.661083064079284,5.416072470332669,4.615377623069714,3.956337903042339,3.949109239118703,6.243003883361816,5.355391979217529,9.173896765708925,9.179637866020204,0.2019091596603394,0.2166677808761596,0.2527589969635009,0.2532216612815857
7134,583,6,16,1.13,0.88,True,False,False,False,6.358075947761535,6.119171619415283,7.613041782379151,7.618639180660248,7.968572702579743,8.180464784678247,6.567677077847491,6.562851818753663,1.9633527326583864,1.869286298751831,2.947239351272583,2.9517133164405824,0.1271615189552306,0.1223834323883056,0.152260835647583,0.1523727836132049
